Price,Adj Close,Close,High,Low,Open,Volume
Ticker,RELIANCE.NS,RELIANCE.NS,RELIANCE.NS,RELIANCE.NS,RELIANCE.NS,RELIANCE.NS
Datetime,,,,,,
2026-07-17 03:45:00+00:00,1303.5999755859375,1303.5999755859375,1303.5999755859375,1296.5999755859375,1300.5999755859375,0
2026-07-17 03:46:00+00:00,1307.0,1307.0,1307.0,1302.699951171875,1302.699951171875,82877
2026-07-17 03:47:00+00:00,1309.0999755859375,1309.0999755859375,1309.699951171875,1306.0999755859375,1307.0,175151
2026-07-17 03:48:00+00:00,1309.300048828125,1309.300048828125,1310.5,1308.300048828125,1309.5,99478
2026-07-17 03:49:00+00:00,1309.0,1309.0,1309.5,1308.5,1309.199951171875,80335
2026-07-17 03:50:00+00:00,1308.800048828125,1308.800048828125,1310.4000244140625,1308.699951171875,1309.300048828125,81377
2026-07-17 03:51:00+00:00,1310.800048828125,1310.800048828125,1311.300048828125,1309.0,1309.0,57989
2026-07-17 03:52:00+00:00,1310.800048828125,1310.800048828125,1311.5999755859375,1310.0999755859375,1310.800048828125,56838
2026-07-17 03:53:00+00:00,1309.5,1309.5,1311.0,1309.4000244140625,1310.800048828125,39341
2026-07-17 03:54:00+00:00,1310.199951171875,1310.199951171875,1310.300048828125,1309.0999755859375,1309.199951171875,37921
2026-07-17 03:55:00+00:00,1310.4000244140625,1310.4000244140625,1310.800048828125,1309.4000244140625,1310.300048828125,54277
2026-07-17 03:56:00+00:00,1309.4000244140625,1309.4000244140625,1310.800048828125,1309.4000244140625,1310.800048828125,24117
2026-07-17 03:57:00+00:00,1310.0999755859375,1310.0999755859375,1310.0999755859375,1309.0,1309.0,33419
2026-07-17 03:58:00+00:00,1311.5,1311.5,1311.5,1310.0999755859375,1310.5,42867
2026-07-17 03:59:00+00:00,1311.0,1311.0,1311.4000244140625,1310.5999755859375,1311.0,18937
2026-07-17 04:00:00+00:00,1310.199951171875,1310.199951171875,1311.5,1310.199951171875,1310.9000244140625,35770
2026-07-17 04:01:00+00:00,1309.0,1309.0,1310.199951171875,1309.0,1310.199951171875,18882
2026-07-17 04:02:00+00:00,1308.0,1308.0,1309.0999755859375,1308.0,1309.0999755859375,44024
2026-07-17 04:03:00+00:00,1307.699951171875,1307.699951171875,1308.199951171875,1307.699951171875,1308.0,31215
2026-07-17 04:04:00+00:00,1307.300048828125,1307.300048828125,1307.699951171875,1307.0999755859375,1307.300048828125,22008
2026-07-17 04:05:00+00:00,1307.800048828125,1307.800048828125,1308.199951171875,1307.0999755859375,1307.0999755859375,20085
2026-07-17 04:06:00+00:00,1308.199951171875,1308.199951171875,1308.300048828125,1307.9000244140625,1307.9000244140625,13520
2026-07-17 04:07:00+00:00,1309.699951171875,1309.699951171875,1309.9000244140625,1308.300048828125,1308.300048828125,79420
2026-07-17 04:08:00+00:00,1313.0,1313.0,1313.199951171875,1309.5,1309.800048828125,183971
2026-07-17 04:09:00+00:00,1312.5999755859375,1312.5999755859375,1313.0999755859375,1311.4000244140625,1313.0999755859375,61812
2026-07-17 04:10:00+00:00,1313.5999755859375,1313.5999755859375,1313.699951171875,1312.4000244140625,1312.5,56873
2026-07-17 04:11:00+00:00,1313.5,1313.5,1314.5,1312.699951171875,1313.5999755859375,103184
2026-07-17 04:12:00+00:00,1316.5,1316.5,1316.800048828125,1313.5,1313.5,483453
2026-07-17 04:13:00+00:00,1316.9000244140625,1316.9000244140625,1318.5,1316.4000244140625,1316.5999755859375,238964
2026-07-17 04:14:00+00:00,1317.5,1317.5,1317.9000244140625,1316.0999755859375,1316.5,58901
2026-07-17 04:15:00+00:00,1317.0,1317.0,1317.9000244140625,1316.5999755859375,1317.800048828125,56930
2026-07-17 04:16:00+00:00,1317.800048828125,1317.800048828125,1317.9000244140625,1316.5,1316.9000244140625,81353
2026-07-17 04:17:00+00:00,1319.199951171875,1319.199951171875,1319.699951171875,1318.300048828125,1318.300048828125,124445
2026-07-17 04:18:00+00:00,1321.9000244140625,1321.9000244140625,1323.0,1319.199951171875,1319.199951171875,351844
2026-07-17 04:19:00+00:00,1321.699951171875,1321.699951171875,1322.800048828125,1320.5,1321.9000244140625,138314
2026-07-17 04:20:00+00:00,1322.300048828125,1322.300048828125,1322.300048828125,1321.0,1321.4000244140625,81310
2026-07-17 04:21:00+00:00,1321.0,1321.0,1322.699951171875,1320.300048828125,1322.699951171875,144753
2026-07-17 04:22:00+00:00,1321.300048828125,1321.300048828125,1321.800048828125,1320.5,1320.699951171875,64791
2026-07-17 04:23:00+00:00,1320.9000244140625,1320.9000244140625,1321.699951171875,1320.5999755859375,1321.5999755859375,37493
2026-07-17 04:24:00+00:00,1322.4000244140625,1322.4000244140625,1322.4000244140625,1320.5999755859375,1320.5999755859375,122832
2026-07-17 04:25:00+00:00,1323.699951171875,1323.699951171875,1323.699951171875,1322.0,1322.0,180298
2026-07-17 04:26:00+00:00,1322.800048828125,1322.800048828125,1323.699951171875,1322.0,1323.699951171875,45185
2026-07-17 04:27:00+00:00,1322.0,1322.0,1322.800048828125,1321.800048828125,1322.699951171875,173830
2026-07-17 04:28:00+00:00,1323.0,1323.0,1323.0,1321.699951171875,1322.0,99607
2026-07-17 04:29:00+00:00,1322.5999755859375,1322.5999755859375,1323.0,1322.5999755859375,1323.0,14633
2026-07-17 04:30:00+00:00,1322.300048828125,1322.300048828125,1323.0,1322.300048828125,1322.800048828125,61347
2026-07-17 04:31:00+00:00,1322.199951171875,1322.199951171875,1322.4000244140625,1322.0,1322.0,48421
2026-07-17 04:32:00+00:00,1322.0,1322.0,1322.5,1322.0,1322.300048828125,22390
2026-07-17 04:33:00+00:00,1321.0999755859375,1321.0999755859375,1322.5,1320.5999755859375,1322.0,93391
2026-07-17 04:34:00+00:00,1320.800048828125,1320.800048828125,1321.5,1320.5,1321.0999755859375,77619
2026-07-17 04:35:00+00:00,1320.5,1320.5,1321.0,1320.199951171875,1321.0,87157
2026-07-17 04:36:00+00:00,1319.800048828125,1319.800048828125,1320.5,1319.800048828125,1320.300048828125,50821
2026-07-17 04:37:00+00:00,1320.0999755859375,1320.0999755859375,1320.800048828125,1320.0,1320.0999755859375,37514
2026-07-17 04:38:00+00:00,1319.4000244140625,1319.4000244140625,1320.5999755859375,1319.0,1320.300048828125,76332
2026-07-17 04:39:00+00:00,1319.300048828125,1319.300048828125,1320.0,1319.0999755859375,1319.199951171875,51476
2026-07-17 04:40:00+00:00,1319.0,1319.0,1319.4000244140625,1318.800048828125,1319.300048828125,38178
2026-07-17 04:41:00+00:00,1319.0999755859375,1319.0999755859375,1319.4000244140625,1318.9000244140625,1319.0,44390
2026-07-17 04:42:00+00:00,1319.0,1319.0,1319.5,1319.0,1319.199951171875,23915
2026-07-17 04:43:00+00:00,1319.5999755859375,1319.5999755859375,1320.0,1319.0,1319.0,31106
2026-07-17 04:44:00+00:00,1319.5,1319.5,1320.0,1319.199951171875,1319.5999755859375,32242
2026-07-17 04:45:00+00:00,1319.9000244140625,1319.9000244140625,1320.0,1319.5,1319.5999755859375,14285
2026-07-17 04:46:00+00:00,1319.9000244140625,1319.9000244140625,1320.0,1319.5,1320.0,29488
2026-07-17 04:47:00+00:00,1321.0,1321.0,1321.0,1319.5999755859375,1320.0,43408
2026-07-17 04:48:00+00:00,1321.4000244140625,1321.4000244140625,1321.5,1320.0,1321.0,54910
2026-07-17 04:49:00+00:00,1322.0,1322.0,1322.300048828125,1321.0999755859375,1321.4000244140625,37624
2026-07-17 04:50:00+00:00,1321.199951171875,1321.199951171875,1322.300048828125,1321.199951171875,1322.0,51512
2026-07-17 04:51:00+00:00,1321.5,1321.5,1321.9000244140625,1320.0,1320.699951171875,37827
2026-07-17 04:52:00+00:00,1321.4000244140625,1321.4000244140625,1321.699951171875,1321.0,1321.5,16280
2026-07-17 04:53:00+00:00,1321.0,1321.0,1321.4000244140625,1320.800048828125,1321.0,14003
2026-07-17 04:54:00+00:00,1321.5,1321.5,1321.5,1320.5,1320.699951171875,37835
2026-07-17 04:55:00+00:00,1321.699951171875,1321.699951171875,1321.699951171875,1321.0,1321.300048828125,22657
2026-07-17 04:56:00+00:00,1321.300048828125,1321.300048828125,1321.800048828125,1321.199951171875,1321.199951171875,10422
2026-07-17 04:57:00+00:00,1320.199951171875,1320.199951171875,1321.300048828125,1320.0999755859375,1321.300048828125,17314
2026-07-17 04:58:00+00:00,1320.0,1320.0,1320.699951171875,1319.5999755859375,1320.300048828125,34266
2026-07-17 04:59:00+00:00,1321.300048828125,1321.300048828125,1321.300048828125,1319.9000244140625,1320.0,34293
2026-07-17 05:00:00+00:00,1321.300048828125,1321.300048828125,1321.5,1320.800048828125,1321.0999755859375,13822
2026-07-17 05:01:00+00:00,1322.0,1322.0,1322.0999755859375,1321.199951171875,1321.199951171875,64268
2026-07-17 05:02:00+00:00,1322.0999755859375,1322.0999755859375,1322.5,1322.0,1322.0,27164
2026-07-17 05:03:00+00:00,1321.300048828125,1321.300048828125,1322.0,1320.699951171875,1322.0,15226
2026-07-17 05:04:00+00:00,1321.0,1321.0,1321.5,1320.0,1321.300048828125,15044
2026-07-17 05:05:00+00:00,1320.0,1320.0,1321.0,1320.0,1320.4000244140625,8679
2026-07-17 05:06:00+00:00,1320.0,1320.0,1320.4000244140625,1320.0,1320.199951171875,9133
2026-07-17 05:07:00+00:00,1320.4000244140625,1320.4000244140625,1320.800048828125,1320.199951171875,1320.5,13702
2026-07-17 05:08:00+00:00,1321.0,1321.0,1321.0,1320.300048828125,1320.699951171875,10172
2026-07-17 05:09:00+00:00,1320.5999755859375,1320.5999755859375,1321.0,1320.5999755859375,1320.9000244140625,11251
2026-07-17 05:10:00+00:00,1320.300048828125,1320.300048828125,1320.699951171875,1320.0,1320.5999755859375,13127
2026-07-17 05:11:00+00:00,1320.5,1320.5,1321.0,1320.0999755859375,1320.800048828125,14269
2026-07-17 05:12:00+00:00,1320.699951171875,1320.699951171875,1321.0,1320.199951171875,1320.800048828125,14327
2026-07-17 05:13:00+00:00,1320.0,1320.0,1321.0,1320.0,1320.9000244140625,22982
2026-07-17 05:14:00+00:00,1320.9000244140625,1320.9000244140625,1321.0,1320.0999755859375,1320.199951171875,24689
2026-07-17 05:15:00+00:00,1320.4000244140625,1320.4000244140625,1321.300048828125,1320.300048828125,1320.9000244140625,44949
2026-07-17 05:16:00+00:00,1321.0,1321.0,1321.0,1320.0999755859375,1320.800048828125,13402
2026-07-17 05:17:00+00:00,1321.0,1321.0,1321.199951171875,1320.5,1321.0,32141
2026-07-17 05:18:00+00:00,1320.9000244140625,1320.9000244140625,1321.300048828125,1320.800048828125,1321.0999755859375,23021
2026-07-17 05:19:00+00:00,1320.0,1320.0,1320.9000244140625,1320.0,1320.9000244140625,19584
2026-07-17 05:20:00+00:00,1320.199951171875,1320.199951171875,1320.5999755859375,1320.0,1320.199951171875,11273
2026-07-17 05:21:00+00:00,1320.5999755859375,1320.5999755859375,1320.699951171875,1320.0,1320.0999755859375,14941
2026-07-17 05:22:00+00:00,1320.5999755859375,1320.5999755859375,1320.699951171875,1320.0,1320.5,9895
2026-07-17 05:23:00+00:00,1321.199951171875,1321.199951171875,1321.199951171875,1320.699951171875,1320.699951171875,22035
2026-07-17 05:24:00+00:00,1321.300048828125,1321.300048828125,1321.5999755859375,1320.5999755859375,1321.199951171875,33960
2026-07-17 05:25:00+00:00,1321.199951171875,1321.199951171875,1321.4000244140625,1320.800048828125,1321.0,19187
2026-07-17 05:26:00+00:00,1320.9000244140625,1320.9000244140625,1321.300048828125,1320.699951171875,1321.199951171875,12602
2026-07-17 05:27:00+00:00,1320.5,1320.5,1321.0,1320.5,1320.9000244140625,5043
2026-07-17 05:28:00+00:00,1320.4000244140625,1320.4000244140625,1321.0,1320.300048828125,1320.300048828125,9105
2026-07-17 05:29:00+00:00,1320.800048828125,1320.800048828125,1320.9000244140625,1320.300048828125,1320.4000244140625,12897
2026-07-17 05:30:00+00:00,1321.0,1321.0,1321.0999755859375,1320.5,1320.5,11624
2026-07-17 05:31:00+00:00,1320.9000244140625,1320.9000244140625,1321.0,1320.800048828125,1321.0,14255
2026-07-17 05:32:00+00:00,1320.300048828125,1320.300048828125,1320.800048828125,1320.300048828125,1320.699951171875,6716
2026-07-17 05:33:00+00:00,1320.4000244140625,1320.4000244140625,1320.5,1320.0,1320.199951171875,18562
2026-07-17 05:34:00+00:00,1320.5999755859375,1320.5999755859375,1320.5999755859375,1320.0,1320.4000244140625,8524
2026-07-17 05:35:00+00:00,1320.300048828125,1320.300048828125,1321.0,1320.300048828125,1320.5,8443
2026-07-17 05:36:00+00:00,1320.5,1320.5,1320.800048828125,1320.0999755859375,1320.5999755859375,14373
2026-07-17 05:37:00+00:00,1320.0,1320.0,1320.800048828125,1320.0,1320.699951171875,26068
2026-07-17 05:38:00+00:00,1319.800048828125,1319.800048828125,1320.5,1319.800048828125,1320.0,46849
2026-07-17 05:39:00+00:00,1320.199951171875,1320.199951171875,1320.5999755859375,1319.9000244140625,1320.0,15013
2026-07-17 05:40:00+00:00,1319.300048828125,1319.300048828125,1320.5,1319.300048828125,1320.4000244140625,15975
2026-07-17 05:41:00+00:00,1318.800048828125,1318.800048828125,1319.0999755859375,1318.0999755859375,1319.0999755859375,63744
2026-07-17 05:42:00+00:00,1319.0,1319.0,1319.199951171875,1318.699951171875,1318.800048828125,11986
2026-07-17 05:43:00+00:00,1318.699951171875,1318.699951171875,1319.4000244140625,1318.699951171875,1319.0,18358
2026-07-17 05:44:00+00:00,1319.300048828125,1319.300048828125,1320.0,1318.4000244140625,1318.5999755859375,45887
2026-07-17 05:45:00+00:00,1320.4000244140625,1320.4000244140625,1320.800048828125,1319.5,1319.5,44626
2026-07-17 05:46:00+00:00,1320.300048828125,1320.300048828125,1320.800048828125,1320.0,1320.5,21632
2026-07-17 05:47:00+00:00,1320.800048828125,1320.800048828125,1320.9000244140625,1320.199951171875,1320.5,15987
2026-07-17 05:48:00+00:00,1320.9000244140625,1320.9000244140625,1320.9000244140625,1320.0999755859375,1320.300048828125,11859
2026-07-17 05:49:00+00:00,1321.9000244140625,1321.9000244140625,1321.9000244140625,1320.5,1320.9000244140625,74633
2026-07-17 05:50:00+00:00,1320.9000244140625,1320.9000244140625,1322.0,1320.800048828125,1321.9000244140625,22469
2026-07-17 05:51:00+00:00,1321.5,1321.5,1321.5,1320.9000244140625,1321.0999755859375,14640
2026-07-17 05:52:00+00:00,1321.9000244140625,1321.9000244140625,1322.0,1321.300048828125,1321.300048828125,13536
2026-07-17 05:53:00+00:00,1321.300048828125,1321.300048828125,1321.9000244140625,1321.0,1321.9000244140625,13566
2026-07-17 05:54:00+00:00,1321.300048828125,1321.300048828125,1321.5,1321.0,1321.300048828125,14685
2026-07-17 05:55:00+00:00,1321.5999755859375,1321.5999755859375,1321.5999755859375,1321.0,1321.0999755859375,8997
2026-07-17 05:56:00+00:00,1321.300048828125,1321.300048828125,1321.4000244140625,1321.0,1321.0999755859375,14600
2026-07-17 05:57:00+00:00,1321.0999755859375,1321.0999755859375,1321.4000244140625,1321.0,1321.0,5114
2026-07-17 05:58:00+00:00,1321.5,1321.5,1322.0,1321.300048828125,1321.4000244140625,29920
2026-07-17 05:59:00+00:00,1322.0,1322.0,1322.800048828125,1321.5,1322.0,79819
2026-07-17 06:00:00+00:00,1322.0,1322.0,1322.199951171875,1321.0999755859375,1321.0999755859375,14963
2026-07-17 06:01:00+00:00,1323.199951171875,1323.199951171875,1323.199951171875,1321.5999755859375,1321.5999755859375,109902
2026-07-17 06:02:00+00:00,1322.300048828125,1322.300048828125,1323.5,1322.0,1323.5,71387
2026-07-17 06:03:00+00:00,1321.4000244140625,1321.4000244140625,1322.9000244140625,1321.0999755859375,1322.4000244140625,28842
2026-07-17 06:04:00+00:00,1321.800048828125,1321.800048828125,1322.4000244140625,1321.4000244140625,1321.5,18693
2026-07-17 06:05:00+00:00,1321.800048828125,1321.800048828125,1321.800048828125,1321.5999755859375,1321.5999755859375,7074
2026-07-17 06:06:00+00:00,1321.800048828125,1321.800048828125,1321.800048828125,1321.5,1321.5999755859375,7064
2026-07-17 06:07:00+00:00,1321.699951171875,1321.699951171875,1321.800048828125,1321.199951171875,1321.800048828125,18548
2026-07-17 06:08:00+00:00,1322.4000244140625,1322.4000244140625,1322.4000244140625,1321.699951171875,1322.0,12846
2026-07-17 06:09:00+00:00,1321.4000244140625,1321.4000244140625,1322.699951171875,1321.300048828125,1322.699951171875,23973
2026-07-17 06:10:00+00:00,1321.0,1321.0,1321.300048828125,1320.699951171875,1321.300048828125,8174
2026-07-17 06:11:00+00:00,1320.9000244140625,1320.9000244140625,1321.0,1320.9000244140625,1321.0,5540
2026-07-17 06:12:00+00:00,1321.0,1321.0,1321.0,1320.699951171875,1321.0,6714
2026-07-17 06:13:00+00:00,1320.9000244140625,1320.9000244140625,1321.0,1320.5,1320.800048828125,16000
2026-07-17 06:14:00+00:00,1320.699951171875,1320.699951171875,1321.0,1320.5999755859375,1320.5999755859375,8877
2026-07-17 06:15:00+00:00,1321.5,1321.5,1321.800048828125,1321.0,1321.0,13667
2026-07-17 06:16:00+00:00,1321.300048828125,1321.300048828125,1322.0,1321.300048828125,1321.9000244140625,28687
2026-07-17 06:17:00+00:00,1321.0999755859375,1321.0999755859375,1321.699951171875,1321.0999755859375,1321.300048828125,11422
2026-07-17 06:18:00+00:00,1321.199951171875,1321.199951171875,1321.5999755859375,1321.0999755859375,1321.0999755859375,6628
2026-07-17 06:19:00+00:00,1320.699951171875,1320.699951171875,1321.300048828125,1320.5999755859375,1321.300048828125,42441
2026-07-17 06:20:00+00:00,1320.9000244140625,1320.9000244140625,1321.199951171875,1320.5999755859375,1321.0,11258
2026-07-17 06:21:00+00:00,1320.5,1320.5,1321.0,1320.5,1320.5999755859375,9363
2026-07-17 06:22:00+00:00,1320.5,1320.5,1321.0,1320.5,1320.699951171875,10885
2026-07-17 06:23:00+00:00,1321.0,1321.0,1321.0,1320.5999755859375,1320.9000244140625,9947
2026-07-17 06:24:00+00:00,1320.9000244140625,1320.9000244140625,1321.0,1320.5,1321.0,5049
2026-07-17 06:25:00+00:00,1321.0,1321.0,1321.0,1320.5,1321.0,14720
2026-07-17 06:26:00+00:00,1321.0,1321.0,1321.0,1320.5,1320.9000244140625,10083
2026-07-17 06:27:00+00:00,1320.9000244140625,1320.9000244140625,1321.0,1320.699951171875,1321.0,10110
2026-07-17 06:28:00+00:00,1320.5,1320.5,1320.9000244140625,1320.5,1320.9000244140625,12689
2026-07-17 06:29:00+00:00,1320.199951171875,1320.199951171875,1320.699951171875,1320.0999755859375,1320.699951171875,13092
2026-07-17 06:30:00+00:00,1320.199951171875,1320.199951171875,1320.699951171875,1320.199951171875,1320.300048828125,13767
2026-07-17 06:31:00+00:00,1320.699951171875,1320.699951171875,1321.300048828125,1320.5999755859375,1320.5999755859375,32785
2026-07-17 06:32:00+00:00,1320.5,1320.5,1321.0,1320.300048828125,1320.5999755859375,12055
2026-07-17 06:33:00+00:00,1320.800048828125,1320.800048828125,1320.9000244140625,1320.5,1320.5999755859375,13743
2026-07-17 06:34:00+00:00,1321.0,1321.0,1321.199951171875,1320.699951171875,1320.800048828125,17237
2026-07-17 06:35:00+00:00,1320.5999755859375,1320.5999755859375,1320.9000244140625,1320.4000244140625,1320.5999755859375,19174
2026-07-17 06:36:00+00:00,1320.699951171875,1320.699951171875,1320.800048828125,1320.300048828125,1320.800048828125,17151
2026-07-17 06:37:00+00:00,1320.4000244140625,1320.4000244140625,1320.699951171875,1320.0,1320.5,15547
2026-07-17 06:38:00+00:00,1320.300048828125,1320.300048828125,1320.699951171875,1320.0,1320.5,12016
2026-07-17 06:39:00+00:00,1321.0,1321.0,1321.0,1320.300048828125,1320.9000244140625,14066
2026-07-17 06:40:00+00:00,1320.199951171875,1320.199951171875,1321.0,1320.199951171875,1321.0,18451
2026-07-17 06:41:00+00:00,1320.0999755859375,1320.0999755859375,1320.5999755859375,1320.0,1320.300048828125,9825
2026-07-17 06:42:00+00:00,1320.5,1320.5,1320.5,1320.0,1320.0999755859375,8595
2026-07-17 06:43:00+00:00,1320.199951171875,1320.199951171875,1320.300048828125,1320.0999755859375,1320.300048828125,13077
2026-07-17 06:44:00+00:00,1320.0,1320.0,1320.5,1320.0,1320.0,9267
2026-07-17 06:45:00+00:00,1320.0,1320.0,1320.5,1319.800048828125,1320.5,29236
2026-07-17 06:46:00+00:00,1320.4000244140625,1320.4000244140625,1320.5,1319.699951171875,1320.0,72752
2026-07-17 06:47:00+00:00,1320.5,1320.5,1320.5999755859375,1319.9000244140625,1320.199951171875,35697
2026-07-17 06:48:00+00:00,1320.5999755859375,1320.5999755859375,1320.5999755859375,1320.0999755859375,1320.4000244140625,34621
2026-07-17 06:49:00+00:00,1321.0,1321.0,1321.0,1320.0999755859375,1320.0999755859375,27885
2026-07-17 06:50:00+00:00,1320.9000244140625,1320.9000244140625,1321.0,1320.199951171875,1321.0,35144
2026-07-17 06:51:00+00:00,1321.0,1321.0,1321.0,1320.199951171875,1320.9000244140625,25855
2026-07-17 06:52:00+00:00,1320.199951171875,1320.199951171875,1320.9000244140625,1320.0999755859375,1320.699951171875,14453
2026-07-17 06:53:00+00:00,1320.0999755859375,1320.0999755859375,1320.800048828125,1320.0,1320.199951171875,10741
2026-07-17 06:54:00+00:00,1320.4000244140625,1320.4000244140625,1320.5999755859375,1320.0999755859375,1320.5999755859375,7621
2026-07-17 06:55:00+00:00,1320.4000244140625,1320.4000244140625,1320.699951171875,1320.0999755859375,1320.300048828125,11123
2026-07-17 06:56:00+00:00,1321.0,1321.0,1321.0,1320.199951171875,1320.199951171875,64231
2026-07-17 06:57:00+00:00,1320.300048828125,1320.300048828125,1320.800048828125,1320.0999755859375,1320.800048828125,12048
2026-07-17 06:58:00+00:00,1320.699951171875,1320.699951171875,1320.800048828125,1320.0999755859375,1320.199951171875,8695
2026-07-17 06:59:00+00:00,1321.199951171875,1321.199951171875,1321.199951171875,1320.5,1320.5999755859375,22062
2026-07-17 07:00:00+00:00,1321.0,1321.0,1321.699951171875,1320.4000244140625,1321.5,77356
2026-07-17 07:01:00+00:00,1320.699951171875,1320.699951171875,1321.5,1320.5,1320.699951171875,41961
2026-07-17 07:02:00+00:00,1320.699951171875,1320.699951171875,1321.300048828125,1320.699951171875,1321.0,27384
2026-07-17 07:03:00+00:00,1321.0,1321.0,1321.199951171875,1320.699951171875,1321.0,12021
2026-07-17 07:04:00+00:00,1321.0,1321.0,1321.5,1320.9000244140625,1321.0,21685
2026-07-17 07:05:00+00:00,1321.0,1321.0,1321.5,1321.0,1321.0,21384
2026-07-17 07:06:00+00:00,1320.5,1320.5,1321.199951171875,1320.5,1321.0,27119
2026-07-17 07:07:00+00:00,1320.5999755859375,1320.5999755859375,1320.9000244140625,1320.0,1320.4000244140625,33961
2026-07-17 07:08:00+00:00,1320.5,1320.5,1321.4000244140625,1320.4000244140625,1320.5999755859375,54310
2026-07-17 07:09:00+00:00,1320.9000244140625,1320.9000244140625,1321.5,1320.5,1321.0999755859375,11711
2026-07-17 07:10:00+00:00,1320.9000244140625,1320.9000244140625,1321.0999755859375,1320.4000244140625,1321.0,12056
2026-07-17 07:11:00+00:00,1321.0,1321.0,1321.0,1320.4000244140625,1320.4000244140625,20214
2026-07-17 07:12:00+00:00,1321.0,1321.0,1321.0,1320.800048828125,1321.0,15297
2026-07-17 07:13:00+00:00,1320.800048828125,1320.800048828125,1321.0,1320.800048828125,1320.9000244140625,11803
2026-07-17 07:14:00+00:00,1320.9000244140625,1320.9000244140625,1321.0,1320.699951171875,1320.9000244140625,6616
2026-07-17 07:15:00+00:00,1321.5,1321.5,1321.9000244140625,1321.0,1321.0,23336
2026-07-17 07:16:00+00:00,1320.699951171875,1320.699951171875,1321.699951171875,1320.5,1321.5,16118
2026-07-17 07:17:00+00:00,1321.199951171875,1321.199951171875,1321.5,1320.5999755859375,1320.9000244140625,11492
2026-07-17 07:18:00+00:00,1321.300048828125,1321.300048828125,1321.300048828125,1321.199951171875,1321.300048828125,21349
2026-07-17 07:19:00+00:00,1321.199951171875,1321.199951171875,1321.5,1321.0,1321.300048828125,8205
2026-07-17 07:20:00+00:00,1320.199951171875,1320.199951171875,1321.300048828125,1320.199951171875,1321.300048828125,16243
2026-07-17 07:21:00+00:00,1320.199951171875,1320.199951171875,1320.5,1320.0,1320.0999755859375,15353
2026-07-17 07:22:00+00:00,1320.199951171875,1320.199951171875,1320.300048828125,1320.0999755859375,1320.0999755859375,14230
2026-07-17 07:23:00+00:00,1320.199951171875,1320.199951171875,1320.199951171875,1320.0999755859375,1320.0999755859375,9579
2026-07-17 07:24:00+00:00,1320.800048828125,1320.800048828125,1321.300048828125,1320.199951171875,1320.199951171875,61644
2026-07-17 07:25:00+00:00,1320.5999755859375,1320.5999755859375,1321.5,1320.4000244140625,1320.800048828125,31186
2026-07-17 07:26:00+00:00,1320.5999755859375,1320.5999755859375,1320.5999755859375,1320.300048828125,1320.5,24158
2026-07-17 07:27:00+00:00,1320.800048828125,1320.800048828125,1321.0,1320.300048828125,1320.5999755859375,10675
2026-07-17 07:28:00+00:00,1320.699951171875,1320.699951171875,1320.9000244140625,1320.699951171875,1320.800048828125,8696
2026-07-17 07:29:00+00:00,1320.5999755859375,1320.5999755859375,1321.0,1320.4000244140625,1320.800048828125,9337
2026-07-17 07:30:00+00:00,1320.699951171875,1320.699951171875,1320.9000244140625,1320.300048828125,1320.800048828125,8382
2026-07-17 07:31:00+00:00,1320.5,1320.5,1321.0,1320.5,1320.699951171875,7839
2026-07-17 07:32:00+00:00,1320.199951171875,1320.199951171875,1321.0,1320.199951171875,1320.5999755859375,15984
2026-07-17 07:33:00+00:00,1320.300048828125,1320.300048828125,1320.699951171875,1320.0999755859375,1320.4000244140625,10466
2026-07-17 07:34:00+00:00,1320.4000244140625,1320.4000244140625,1320.5999755859375,1320.199951171875,1320.300048828125,11164
2026-07-17 07:35:00+00:00,1320.699951171875,1320.699951171875,1320.800048828125,1320.4000244140625,1320.4000244140625,10424
2026-07-17 07:36:00+00:00,1320.5999755859375,1320.5999755859375,1320.9000244140625,1320.4000244140625,1320.699951171875,9487
2026-07-17 07:37:00+00:00,1320.5,1320.5,1320.9000244140625,1320.4000244140625,1320.699951171875,17282
2026-07-17 07:38:00+00:00,1320.800048828125,1320.800048828125,1321.0,1320.4000244140625,1320.4000244140625,8599
2026-07-17 07:39:00+00:00,1320.699951171875,1320.699951171875,1321.0,1320.4000244140625,1320.9000244140625,21539
2026-07-17 07:40:00+00:00,1320.699951171875,1320.699951171875,1320.9000244140625,1320.4000244140625,1320.699951171875,7664
2026-07-17 07:41:00+00:00,1320.9000244140625,1320.9000244140625,1321.0,1320.699951171875,1320.699951171875,21879
2026-07-17 07:42:00+00:00,1320.9000244140625,1320.9000244140625,1321.0,1320.5,1320.800048828125,9289
2026-07-17 07:43:00+00:00,1320.300048828125,1320.300048828125,1321.0,1320.199951171875,1320.800048828125,34227
2026-07-17 07:44:00+00:00,1321.0,1321.0,1321.0999755859375,1320.0999755859375,1320.0999755859375,42656
2026-07-17 07:45:00+00:00,1320.4000244140625,1320.4000244140625,1321.0,1320.0999755859375,1320.199951171875,22451
2026-07-17 07:46:00+00:00,1320.199951171875,1320.199951171875,1320.5,1320.199951171875,1320.4000244140625,9877
2026-07-17 07:47:00+00:00,1320.5,1320.5,1321.0,1320.300048828125,1320.4000244140625,67640
2026-07-17 07:48:00+00:00,1320.0999755859375,1320.0999755859375,1320.800048828125,1320.0999755859375,1320.5999755859375,32385
2026-07-17 07:49:00+00:00,1320.5,1320.5,1320.9000244140625,1320.199951171875,1320.300048828125,19960
2026-07-17 07:50:00+00:00,1320.800048828125,1320.800048828125,1321.0,1320.300048828125,1320.4000244140625,30339
2026-07-17 07:51:00+00:00,1321.0,1321.0,1321.0,1320.5,1320.5,20173
2026-07-17 07:52:00+00:00,1320.5,1320.5,1321.0,1320.199951171875,1321.0,18850
2026-07-17 07:53:00+00:00,1320.199951171875,1320.199951171875,1320.5999755859375,1320.199951171875,1320.5999755859375,13952
2026-07-17 07:54:00+00:00,1320.300048828125,1320.300048828125,1320.5,1320.199951171875,1320.300048828125,11743
2026-07-17 07:55:00+00:00,1320.199951171875,1320.199951171875,1320.5,1320.199951171875,1320.300048828125,13588
2026-07-17 07:56:00+00:00,1320.0999755859375,1320.0999755859375,1320.5999755859375,1320.0999755859375,1320.300048828125,27279
2026-07-17 07:57:00+00:00,1320.0,1320.0,1320.5999755859375,1319.5,1320.199951171875,71288
2026-07-17 07:58:00+00:00,1319.699951171875,1319.699951171875,1320.300048828125,1319.5999755859375,1320.0999755859375,28238
2026-07-17 07:59:00+00:00,1320.4000244140625,1320.4000244140625,1321.0,1319.699951171875,1320.199951171875,44570
2026-07-17 08:00:00+00:00,1320.300048828125,1320.300048828125,1320.699951171875,1320.0999755859375,1320.4000244140625,11270
2026-07-17 08:01:00+00:00,1321.0,1321.0,1321.0999755859375,1320.300048828125,1320.4000244140625,39429
2026-07-17 08:02:00+00:00,1321.0999755859375,1321.0999755859375,1321.4000244140625,1320.9000244140625,1320.9000244140625,25739
2026-07-17 08:03:00+00:00,1321.0,1321.0,1321.199951171875,1320.9000244140625,1321.0999755859375,13400
2026-07-17 08:04:00+00:00,1321.0999755859375,1321.0999755859375,1321.199951171875,1321.0,1321.0999755859375,11865
2026-07-17 08:05:00+00:00,1321.699951171875,1321.699951171875,1321.699951171875,1320.699951171875,1321.0999755859375,31889
2026-07-17 08:06:00+00:00,1322.699951171875,1322.699951171875,1322.9000244140625,1322.300048828125,1322.9000244140625,111137
2026-07-17 08:07:00+00:00,1322.800048828125,1322.800048828125,1324.4000244140625,1322.5,1322.699951171875,171196
2026-07-17 08:08:00+00:00,1322.5999755859375,1322.5999755859375,1323.0,1322.4000244140625,1322.800048828125,24057
2026-07-17 08:09:00+00:00,1322.699951171875,1322.699951171875,1323.0,1322.300048828125,1323.0,41843
2026-07-17 08:10:00+00:00,1322.5999755859375,1322.5999755859375,1323.0,1322.4000244140625,1322.5999755859375,27627
2026-07-17 08:11:00+00:00,1322.4000244140625,1322.4000244140625,1323.0,1322.199951171875,1323.0,71059
2026-07-17 08:12:00+00:00,1320.5999755859375,1320.5999755859375,1322.5999755859375,1320.0999755859375,1322.5999755859375,84035
2026-07-17 08:13:00+00:00,1320.699951171875,1320.699951171875,1321.0,1320.5,1320.5999755859375,16697
2026-07-17 08:14:00+00:00,1320.800048828125,1320.800048828125,1320.9000244140625,1320.0999755859375,1320.699951171875,26911
2026-07-17 08:15:00+00:00,1321.0,1321.0,1321.0,1319.699951171875,1320.800048828125,53373
2026-07-17 08:16:00+00:00,1320.0999755859375,1320.0999755859375,1321.4000244140625,1320.0,1320.9000244140625,19813
2026-07-17 08:17:00+00:00,1320.0999755859375,1320.0999755859375,1320.5,1320.0,1320.4000244140625,28495
2026-07-17 08:18:00+00:00,1320.199951171875,1320.199951171875,1320.300048828125,1319.699951171875,1320.0999755859375,22904
2026-07-17 08:19:00+00:00,1320.0,1320.0,1320.699951171875,1319.800048828125,1320.199951171875,23028
2026-07-17 08:20:00+00:00,1319.0999755859375,1319.0999755859375,1320.0,1318.300048828125,1320.0,67487
2026-07-17 08:21:00+00:00,1319.199951171875,1319.199951171875,1319.300048828125,1318.5,1318.5999755859375,28089
2026-07-17 08:22:00+00:00,1318.800048828125,1318.800048828125,1319.699951171875,1317.300048828125,1319.199951171875,67421
2026-07-17 08:23:00+00:00,1318.800048828125,1318.800048828125,1318.9000244140625,1318.0,1318.0,25992
2026-07-17 08:24:00+00:00,1319.199951171875,1319.199951171875,1319.199951171875,1318.199951171875,1318.699951171875,17501
2026-07-17 08:25:00+00:00,1320.0,1320.0,1320.0,1318.5999755859375,1319.199951171875,102915
2026-07-17 08:26:00+00:00,1319.0,1319.0,1320.0,1318.4000244140625,1319.9000244140625,50593
2026-07-17 08:27:00+00:00,1318.4000244140625,1318.4000244140625,1319.300048828125,1317.800048828125,1319.0,15408
2026-07-17 08:28:00+00:00,1319.0,1319.0,1319.0,1317.9000244140625,1317.9000244140625,13560
2026-07-17 08:29:00+00:00,1317.199951171875,1317.199951171875,1319.0,1316.5,1318.800048828125,53909
2026-07-17 08:30:00+00:00,1317.0,1317.0,1318.0,1317.0,1317.300048828125,21326
2026-07-17 08:31:00+00:00,1317.5,1317.5,1317.699951171875,1317.0,1317.199951171875,29124
2026-07-17 08:32:00+00:00,1317.800048828125,1317.800048828125,1318.0,1317.4000244140625,1317.5,12237
2026-07-17 08:33:00+00:00,1317.5999755859375,1317.5999755859375,1317.9000244140625,1317.5,1317.800048828125,12928
2026-07-17 08:34:00+00:00,1318.199951171875,1318.199951171875,1318.5999755859375,1317.5,1317.5999755859375,30264
2026-07-17 08:35:00+00:00,1320.199951171875,1320.199951171875,1320.5,1318.0999755859375,1318.199951171875,36982
2026-07-17 08:36:00+00:00,1318.5,1318.5,1320.5999755859375,1318.0,1320.199951171875,28380
2026-07-17 08:37:00+00:00,1319.0,1319.0,1319.199951171875,1318.0,1318.300048828125,46293
2026-07-17 08:38:00+00:00,1319.0,1319.0,1319.4000244140625,1318.5,1319.0,38399
2026-07-17 08:39:00+00:00,1319.5999755859375,1319.5999755859375,1320.0999755859375,1319.0,1319.199951171875,36104
2026-07-17 08:40:00+00:00,1319.4000244140625,1319.4000244140625,1320.0,1319.0999755859375,1319.5999755859375,14748
2026-07-17 08:41:00+00:00,1320.0,1320.0,1320.300048828125,1319.5,1319.5999755859375,18186
2026-07-17 08:42:00+00:00,1320.5,1320.5,1320.5,1319.5,1320.0999755859375,26332
2026-07-17 08:43:00+00:00,1320.300048828125,1320.300048828125,1320.5,1319.800048828125,1320.300048828125,13475
2026-07-17 08:44:00+00:00,1320.300048828125,1320.300048828125,1320.5,1319.800048828125,1320.300048828125,32136
2026-07-17 08:45:00+00:00,1321.699951171875,1321.699951171875,1321.9000244140625,1320.0,1320.4000244140625,113445
2026-07-17 08:46:00+00:00,1322.4000244140625,1322.4000244140625,1322.800048828125,1320.9000244140625,1322.0999755859375,169144
2026-07-17 08:47:00+00:00,1322.300048828125,1322.300048828125,1322.699951171875,1321.5999755859375,1322.300048828125,48883
2026-07-17 08:48:00+00:00,1322.5,1322.5,1323.0,1321.5999755859375,1322.4000244140625,96217
2026-07-17 08:49:00+00:00,1322.0,1322.0,1322.5999755859375,1321.300048828125,1322.5999755859375,36768
2026-07-17 08:50:00+00:00,1323.5,1323.5,1323.5999755859375,1322.0,1322.0,82970
2026-07-17 08:51:00+00:00,1323.0,1323.0,1323.9000244140625,1323.0,1323.5,73722
2026-07-17 08:52:00+00:00,1323.300048828125,1323.300048828125,1323.4000244140625,1322.300048828125,1323.4000244140625,106451
2026-07-17 08:53:00+00:00,1323.4000244140625,1323.4000244140625,1323.5,1322.9000244140625,1323.0,39664
2026-07-17 08:54:00+00:00,1323.5999755859375,1323.5999755859375,1324.0,1322.5,1323.5,90942
2026-07-17 08:55:00+00:00,1323.300048828125,1323.300048828125,1323.699951171875,1322.699951171875,1323.699951171875,26655
2026-07-17 08:56:00+00:00,1324.0999755859375,1324.0999755859375,1324.5,1323.0999755859375,1323.300048828125,51190
2026-07-17 08:57:00+00:00,1324.5999755859375,1324.5999755859375,1325.0,1324.0,1324.5,123658
2026-07-17 08:58:00+00:00,1325.199951171875,1325.199951171875,1326.9000244140625,1324.9000244140625,1325.300048828125,330023
2026-07-17 08:59:00+00:00,1323.699951171875,1323.699951171875,1325.300048828125,1323.699951171875,1325.0,153398
2026-07-17 09:00:00+00:00,1325.0,1325.0,1325.0999755859375,1323.699951171875,1323.9000244140625,59401
2026-07-17 09:01:00+00:00,1324.5,1324.5,1325.0999755859375,1324.0,1324.699951171875,34616
2026-07-17 09:02:00+00:00,1324.300048828125,1324.300048828125,1325.199951171875,1324.0,1324.0,59475
2026-07-17 09:03:00+00:00,1324.5,1324.5,1325.5999755859375,1324.0999755859375,1324.5,52177
2026-07-17 09:04:00+00:00,1325.199951171875,1325.199951171875,1325.5,1324.5,1324.699951171875,28958
2026-07-17 09:05:00+00:00,1325.0,1325.0,1325.5,1324.5999755859375,1325.199951171875,62525
2026-07-17 09:06:00+00:00,1323.5,1323.5,1325.0,1323.0999755859375,1325.0,129268
2026-07-17 09:07:00+00:00,1323.199951171875,1323.199951171875,1324.4000244140625,1323.199951171875,1323.4000244140625,45633
2026-07-17 09:08:00+00:00,1322.300048828125,1322.300048828125,1323.199951171875,1322.0,1323.199951171875,51839
2026-07-17 09:09:00+00:00,1321.5999755859375,1321.5999755859375,1322.5999755859375,1321.4000244140625,1322.199951171875,16148
2026-07-17 09:10:00+00:00,1323.0,1323.0,1323.5,1321.199951171875,1321.5,58122
2026-07-17 09:11:00+00:00,1322.800048828125,1322.800048828125,1323.4000244140625,1322.699951171875,1323.0,35162
2026-07-17 09:12:00+00:00,1323.0999755859375,1323.0999755859375,1323.5999755859375,1322.5,1322.9000244140625,45851
2026-07-17 09:13:00+00:00,1323.0,1323.0,1323.699951171875,1322.9000244140625,1323.0999755859375,44780
2026-07-17 09:14:00+00:00,1323.5,1323.5,1323.9000244140625,1323.0,1323.0999755859375,15992
2026-07-17 09:15:00+00:00,1323.5999755859375,1323.5999755859375,1324.199951171875,1323.0,1323.199951171875,51888
2026-07-17 09:16:00+00:00,1323.5999755859375,1323.5999755859375,1324.800048828125,1323.5999755859375,1324.0,58758
2026-07-17 09:17:00+00:00,1324.199951171875,1324.199951171875,1324.5999755859375,1323.800048828125,1323.800048828125,46585
2026-07-17 09:18:00+00:00,1324.0,1324.0,1324.699951171875,1323.800048828125,1324.5999755859375,24476
2026-07-17 09:19:00+00:00,1323.699951171875,1323.699951171875,1324.699951171875,1323.5,1324.199951171875,32613
2026-07-17 09:20:00+00:00,1323.800048828125,1323.800048828125,1324.4000244140625,1323.4000244140625,1323.5999755859375,23404
2026-07-17 09:21:00+00:00,1324.5999755859375,1324.5999755859375,1324.9000244140625,1323.9000244140625,1324.199951171875,35329
2026-07-17 09:22:00+00:00,1325.5,1325.5,1325.5,1324.5,1324.5999755859375,61013
2026-07-17 09:23:00+00:00,1324.4000244140625,1324.4000244140625,1325.699951171875,1324.300048828125,1325.300048828125,28051
2026-07-17 09:24:00+00:00,1323.5999755859375,1323.5999755859375,1324.699951171875,1323.300048828125,1324.5999755859375,107117
2026-07-17 09:25:00+00:00,1323.5,1323.5,1323.9000244140625,1323.0999755859375,1323.699951171875,48382
2026-07-17 09:26:00+00:00,1323.0,1323.0,1324.0,1323.0,1323.5999755859375,156129
2026-07-17 09:27:00+00:00,1322.0,1322.0,1323.4000244140625,1322.0,1323.0,59975
2026-07-17 09:28:00+00:00,1322.0,1322.0,1322.699951171875,1321.5,1322.199951171875,47138
2026-07-17 09:29:00+00:00,1321.9000244140625,1321.9000244140625,1322.199951171875,1320.5999755859375,1321.5,75621
2026-07-17 09:30:00+00:00,1322.5,1322.5,1322.5,1321.5,1321.9000244140625,47069
2026-07-17 09:31:00+00:00,1322.4000244140625,1322.4000244140625,1322.5,1321.800048828125,1322.199951171875,40468
2026-07-17 09:32:00+00:00,1321.9000244140625,1321.9000244140625,1322.4000244140625,1321.4000244140625,1322.4000244140625,85202
2026-07-17 09:33:00+00:00,1322.199951171875,1322.199951171875,1322.4000244140625,1321.199951171875,1322.0,85928
2026-07-17 09:34:00+00:00,1322.300048828125,1322.300048828125,1323.199951171875,1322.300048828125,1322.4000244140625,37468
2026-07-17 09:35:00+00:00,1323.199951171875,1323.199951171875,1323.199951171875,1322.300048828125,1322.699951171875,37396
2026-07-17 09:36:00+00:00,1323.5,1323.5,1323.5999755859375,1323.0,1323.199951171875,33347
2026-07-17 09:37:00+00:00,1323.9000244140625,1323.9000244140625,1324.0,1323.5,1323.5,23968
2026-07-17 09:38:00+00:00,1324.5999755859375,1324.5999755859375,1324.5999755859375,1323.699951171875,1323.699951171875,33915
2026-07-17 09:39:00+00:00,1325.5,1325.5,1325.9000244140625,1324.5,1324.5999755859375,65011
2026-07-17 09:40:00+00:00,1325.699951171875,1325.699951171875,1325.800048828125,1325.0999755859375,1325.4000244140625,51964
2026-07-17 09:41:00+00:00,1325.199951171875,1325.199951171875,1326.0,1324.800048828125,1325.699951171875,86325
2026-07-17 09:42:00+00:00,1325.199951171875,1325.199951171875,1325.9000244140625,1324.9000244140625,1325.0999755859375,151942
2026-07-17 09:43:00+00:00,1325.5,1325.5,1325.800048828125,1324.800048828125,1325.5999755859375,81637
2026-07-17 09:44:00+00:00,1325.0999755859375,1325.0999755859375,1326.0999755859375,1325.0,1325.5999755859375,97038
2026-07-17 09:45:00+00:00,1325.199951171875,1325.199951171875,1325.800048828125,1324.300048828125,1325.0,146194
2026-07-17 09:46:00+00:00,1325.199951171875,1325.199951171875,1325.699951171875,1324.800048828125,1325.199951171875,108655
2026-07-17 09:47:00+00:00,1325.699951171875,1325.699951171875,1326.5,1325.199951171875,1325.699951171875,81719
2026-07-17 09:48:00+00:00,1326.0999755859375,1326.0999755859375,1326.9000244140625,1325.9000244140625,1326.0,87514
2026-07-17 09:49:00+00:00,1326.199951171875,1326.199951171875,1326.699951171875,1325.800048828125,1326.5999755859375,72107
2026-07-17 09:50:00+00:00,1326.800048828125,1326.800048828125,1326.9000244140625,1325.5999755859375,1326.0999755859375,86725
2026-07-17 09:51:00+00:00,1326.5999755859375,1326.5999755859375,1326.9000244140625,1326.0,1326.699951171875,135957
2026-07-17 09:52:00+00:00,1327.5,1327.5,1327.5,1326.300048828125,1326.9000244140625,120113
2026-07-17 09:53:00+00:00,1328.0,1328.0,1328.0,1327.0,1327.5,268243
2026-07-17 09:54:00+00:00,1328.199951171875,1328.199951171875,1328.4000244140625,1327.5,1328.0,238563
2026-07-17 09:55:00+00:00,1328.800048828125,1328.800048828125,1329.300048828125,1327.9000244140625,1328.0,536751
2026-07-17 09:56:00+00:00,1327.4000244140625,1327.4000244140625,1329.199951171875,1327.0999755859375,1328.9000244140625,91527
2026-07-17 09:57:00+00:00,1329.0,1329.0,1329.300048828125,1327.300048828125,1327.300048828125,480079
2026-07-17 09:58:00+00:00,1329.0,1329.0,1329.0999755859375,1328.699951171875,1329.0,267815
2026-07-17 09:59:00+00:00,1329.0,1329.0,1330.300048828125,1329.0,1329.0999755859375,454129
2026-07-20 03:45:00+00:00,1339.0999755859375,1339.0999755859375,1339.5,1316.800048828125,1316.800048828125,0
2026-07-20 03:46:00+00:00,1341.4000244140625,1341.4000244140625,1341.9000244140625,1333.0,1338.5999755859375,375162
2026-07-20 03:47:00+00:00,1340.5,1340.5,1342.0,1340.0,1341.9000244140625,223488
2026-07-20 03:48:00+00:00,1332.5,1332.5,1341.0,1331.5,1340.300048828125,198971
2026-07-20 03:49:00+00:00,1332.300048828125,1332.300048828125,1333.5,1331.0999755859375,1332.0,166083
2026-07-20 03:50:00+00:00,1328.800048828125,1328.800048828125,1333.5999755859375,1328.0,1332.699951171875,128256
2026-07-20 03:51:00+00:00,1327.699951171875,1327.699951171875,1330.0999755859375,1327.199951171875,1328.4000244140625,101349
2026-07-20 03:52:00+00:00,1327.0,1327.0,1328.0,1326.0,1327.4000244140625,84796
2026-07-20 03:53:00+00:00,1330.5,1330.5,1331.0,1327.4000244140625,1327.4000244140625,140524
2026-07-20 03:54:00+00:00,1334.699951171875,1334.699951171875,1337.699951171875,1330.800048828125,1330.800048828125,164426
2026-07-20 03:55:00+00:00,1337.699951171875,1337.699951171875,1338.9000244140625,1334.300048828125,1335.199951171875,209350
2026-07-20 03:56:00+00:00,1345.699951171875,1345.699951171875,1345.800048828125,1337.0999755859375,1337.300048828125,533774
2026-07-20 03:57:00+00:00,1344.5,1344.5,1345.5,1342.0999755859375,1344.5999755859375,202911
2026-07-20 03:58:00+00:00,1340.4000244140625,1340.4000244140625,1344.199951171875,1339.0,1344.199951171875,107508
2026-07-20 03:59:00+00:00,1341.0,1341.0,1342.199951171875,1339.5,1340.5,100708
2026-07-20 04:00:00+00:00,1338.699951171875,1338.699951171875,1341.0,1338.699951171875,1340.800048828125,94995
2026-07-20 04:01:00+00:00,1339.5,1339.5,1340.5,1338.5999755859375,1338.5999755859375,61563
2026-07-20 04:02:00+00:00,1339.699951171875,1339.699951171875,1339.9000244140625,1338.300048828125,1339.5,55809
2026-07-20 04:03:00+00:00,1336.5,1336.5,1339.199951171875,1335.199951171875,1339.199951171875,78841
2026-07-20 04:04:00+00:00,1338.0,1338.0,1338.199951171875,1335.5,1336.5,86431
2026-07-20 04:05:00+00:00,1336.0,1336.0,1338.300048828125,1334.9000244140625,1338.0,89679
2026-07-20 04:06:00+00:00,1337.0,1337.0,1337.0,1335.300048828125,1335.699951171875,34302
2026-07-20 04:07:00+00:00,1336.199951171875,1336.199951171875,1337.0,1335.5999755859375,1336.5,33730
2026-07-20 04:08:00+00:00,1335.300048828125,1335.300048828125,1336.9000244140625,1335.0,1336.4000244140625,39716
2026-07-20 04:09:00+00:00,1335.300048828125,1335.300048828125,1336.0,1333.800048828125,1335.0,70974
2026-07-20 04:10:00+00:00,1337.0,1337.0,1337.199951171875,1334.699951171875,1335.300048828125,38513
2026-07-20 04:11:00+00:00,1335.9000244140625,1335.9000244140625,1337.0,1335.0999755859375,1336.5,40101
2026-07-20 04:12:00+00:00,1334.0,1334.0,1335.5,1333.800048828125,1335.5,31125
2026-07-20 04:13:00+00:00,1335.199951171875,1335.199951171875,1335.5999755859375,1333.699951171875,1334.0,33923
2026-07-20 04:14:00+00:00,1335.0,1335.0,1335.300048828125,1334.0999755859375,1335.199951171875,27970
2026-07-20 04:15:00+00:00,1333.9000244140625,1333.9000244140625,1336.199951171875,1333.9000244140625,1335.0,61076
2026-07-20 04:16:00+00:00,1334.5999755859375,1334.5999755859375,1334.800048828125,1333.9000244140625,1333.9000244140625,26143
2026-07-20 04:17:00+00:00,1332.300048828125,1332.300048828125,1335.0,1332.0999755859375,1334.300048828125,69097
2026-07-20 04:18:00+00:00,1329.5999755859375,1329.5999755859375,1333.0,1329.5,1332.9000244140625,98765
2026-07-20 04:19:00+00:00,1330.0,1330.0,1330.0,1329.4000244140625,1329.5,43706
2026-07-20 04:20:00+00:00,1330.5,1330.5,1331.4000244140625,1329.0999755859375,1330.0,85563
2026-07-20 04:21:00+00:00,1328.5,1328.5,1330.699951171875,1328.199951171875,1330.0,40765
2026-07-20 04:22:00+00:00,1329.0,1329.0,1329.800048828125,1328.199951171875,1328.5999755859375,36583
2026-07-20 04:23:00+00:00,1330.699951171875,1330.699951171875,1331.0999755859375,1328.699951171875,1329.0,25206
2026-07-20 04:24:00+00:00,1329.300048828125,1329.300048828125,1331.199951171875,1329.300048828125,1330.9000244140625,34156
2026-07-20 04:25:00+00:00,1329.199951171875,1329.199951171875,1330.0,1328.800048828125,1329.0,27353
2026-07-20 04:26:00+00:00,1330.9000244140625,1330.9000244140625,1331.9000244140625,1329.0,1329.0,36299
2026-07-20 04:27:00+00:00,1329.800048828125,1329.800048828125,1331.300048828125,1329.4000244140625,1330.9000244140625,34255
2026-07-20 04:28:00+00:00,1331.199951171875,1331.199951171875,1331.199951171875,1329.9000244140625,1330.0,10934
2026-07-20 04:29:00+00:00,1330.699951171875,1330.699951171875,1331.4000244140625,1330.199951171875,1331.199951171875,19363
2026-07-20 04:30:00+00:00,1329.699951171875,1329.699951171875,1330.800048828125,1328.699951171875,1330.699951171875,49387
2026-07-20 04:31:00+00:00,1329.9000244140625,1329.9000244140625,1330.0,1328.800048828125,1329.9000244140625,25245
2026-07-20 04:32:00+00:00,1330.4000244140625,1330.4000244140625,1331.0,1329.4000244140625,1329.800048828125,18682
2026-07-20 04:33:00+00:00,1330.199951171875,1330.199951171875,1331.0,1330.0999755859375,1330.699951171875,16188
2026-07-20 04:34:00+00:00,1329.5,1329.5,1330.0,1329.5,1329.699951171875,17639
2026-07-20 04:35:00+00:00,1330.9000244140625,1330.9000244140625,1330.9000244140625,1329.5,1329.699951171875,27691
2026-07-20 04:36:00+00:00,1330.699951171875,1330.699951171875,1331.4000244140625,1330.0,1330.9000244140625,23236
2026-07-20 04:37:00+00:00,1329.699951171875,1329.699951171875,1331.0,1329.0,1330.699951171875,37197
2026-07-20 04:38:00+00:00,1329.0,1329.0,1330.0,1329.0,1329.699951171875,25317
2026-07-20 04:39:00+00:00,1331.4000244140625,1331.4000244140625,1331.699951171875,1329.0,1329.0,24239
2026-07-20 04:40:00+00:00,1331.4000244140625,1331.4000244140625,1331.5999755859375,1331.199951171875,1331.5,29081
2026-07-20 04:41:00+00:00,1330.699951171875,1330.699951171875,1331.4000244140625,1330.0,1331.199951171875,18228
2026-07-20 04:42:00+00:00,1331.0,1331.0,1331.199951171875,1330.199951171875,1330.5,11025
2026-07-20 04:43:00+00:00,1329.4000244140625,1329.4000244140625,1331.5,1329.199951171875,1331.5,27836
2026-07-20 04:44:00+00:00,1329.300048828125,1329.300048828125,1329.800048828125,1329.0,1329.699951171875,24605
2026-07-20 04:45:00+00:00,1327.9000244140625,1327.9000244140625,1329.4000244140625,1327.0999755859375,1329.0999755859375,107281
2026-07-20 04:46:00+00:00,1327.800048828125,1327.800048828125,1328.300048828125,1327.699951171875,1328.199951171875,48943
2026-07-20 04:47:00+00:00,1329.300048828125,1329.300048828125,1329.300048828125,1327.800048828125,1328.199951171875,27796
2026-07-20 04:48:00+00:00,1328.4000244140625,1328.4000244140625,1329.800048828125,1328.199951171875,1329.300048828125,29193
2026-07-20 04:49:00+00:00,1327.699951171875,1327.699951171875,1328.699951171875,1326.9000244140625,1328.4000244140625,57861
2026-07-20 04:50:00+00:00,1325.800048828125,1325.800048828125,1327.699951171875,1325.699951171875,1327.5999755859375,53792
2026-07-20 04:51:00+00:00,1326.5999755859375,1326.5999755859375,1326.5999755859375,1325.0,1326.0,44832
2026-07-20 04:52:00+00:00,1325.699951171875,1325.699951171875,1326.800048828125,1325.5999755859375,1326.5,27080
2026-07-20 04:53:00+00:00,1323.699951171875,1323.699951171875,1325.800048828125,1323.699951171875,1325.5999755859375,91814
2026-07-20 04:54:00+00:00,1324.300048828125,1324.300048828125,1324.5999755859375,1323.5,1324.0999755859375,26199
2026-07-20 04:55:00+00:00,1323.5999755859375,1323.5999755859375,1324.300048828125,1323.0,1324.300048828125,65201
2026-07-20 04:56:00+00:00,1324.199951171875,1324.199951171875,1325.0999755859375,1323.0999755859375,1323.0999755859375,39970
2026-07-20 04:57:00+00:00,1323.5,1323.5,1324.9000244140625,1323.0999755859375,1324.0999755859375,30943
2026-07-20 04:58:00+00:00,1324.5999755859375,1324.5999755859375,1324.9000244140625,1323.300048828125,1323.5999755859375,25814
2026-07-20 04:59:00+00:00,1325.5,1325.5,1325.699951171875,1324.300048828125,1324.5999755859375,45187
2026-07-20 05:00:00+00:00,1325.800048828125,1325.800048828125,1325.800048828125,1325.199951171875,1325.5999755859375,15760
2026-07-20 05:01:00+00:00,1325.800048828125,1325.800048828125,1326.0,1325.5,1325.800048828125,25752
2026-07-20 05:02:00+00:00,1326.199951171875,1326.199951171875,1326.300048828125,1325.199951171875,1325.800048828125,23119
2026-07-20 05:03:00+00:00,1326.5,1326.5,1326.5,1325.9000244140625,1326.300048828125,16632
2026-07-20 05:04:00+00:00,1325.5,1325.5,1326.5999755859375,1325.5,1326.5,18528
2026-07-20 05:05:00+00:00,1324.800048828125,1324.800048828125,1325.4000244140625,1324.300048828125,1325.4000244140625,25623
2026-07-20 05:06:00+00:00,1325.0,1325.0,1325.0,1324.699951171875,1324.800048828125,23340
2026-07-20 05:07:00+00:00,1324.699951171875,1324.699951171875,1325.0,1324.699951171875,1325.0,9359
2026-07-20 05:08:00+00:00,1324.300048828125,1324.300048828125,1324.800048828125,1324.199951171875,1324.800048828125,9057
2026-07-20 05:09:00+00:00,1323.5,1323.5,1324.699951171875,1323.5,1324.5,43956
2026-07-20 05:10:00+00:00,1323.5,1323.5,1324.5999755859375,1323.5,1323.800048828125,34301
2026-07-20 05:11:00+00:00,1324.199951171875,1324.199951171875,1324.199951171875,1323.5,1323.5999755859375,10085
2026-07-20 05:12:00+00:00,1324.9000244140625,1324.9000244140625,1325.0999755859375,1324.199951171875,1324.300048828125,20824
2026-07-20 05:13:00+00:00,1325.199951171875,1325.199951171875,1325.199951171875,1324.0999755859375,1324.5999755859375,17734
2026-07-20 05:14:00+00:00,1325.0,1325.0,1325.4000244140625,1324.699951171875,1325.199951171875,10083
2026-07-20 05:15:00+00:00,1324.699951171875,1324.699951171875,1325.0999755859375,1324.5999755859375,1324.699951171875,18451
2026-07-20 05:16:00+00:00,1324.9000244140625,1324.9000244140625,1325.0,1324.5999755859375,1324.5999755859375,17194
2026-07-20 05:17:00+00:00,1325.699951171875,1325.699951171875,1326.0,1324.800048828125,1324.9000244140625,47685
2026-07-20 05:18:00+00:00,1325.9000244140625,1325.9000244140625,1326.0,1325.800048828125,1325.9000244140625,3808
2026-07-20 05:19:00+00:00,1326.0999755859375,1326.0999755859375,1326.0999755859375,1325.199951171875,1325.9000244140625,66852
2026-07-20 05:20:00+00:00,1326.800048828125,1326.800048828125,1326.9000244140625,1325.199951171875,1325.699951171875,72845
2026-07-20 05:21:00+00:00,1327.5999755859375,1327.5999755859375,1327.5999755859375,1326.800048828125,1326.800048828125,34430
2026-07-20 05:22:00+00:00,1329.0,1329.0,1329.199951171875,1327.0,1327.5,117653
2026-07-20 05:23:00+00:00,1329.5,1329.5,1329.5,1328.0,1329.0999755859375,72838
2026-07-20 05:24:00+00:00,1330.699951171875,1330.699951171875,1331.0,1329.300048828125,1329.4000244140625,55657
2026-07-20 05:25:00+00:00,1330.699951171875,1330.699951171875,1331.4000244140625,1330.4000244140625,1331.0,48358
2026-07-20 05:26:00+00:00,1332.9000244140625,1332.9000244140625,1333.0,1330.800048828125,1330.800048828125,85248
2026-07-20 05:27:00+00:00,1332.0999755859375,1332.0999755859375,1334.9000244140625,1332.0,1332.699951171875,76189
2026-07-20 05:28:00+00:00,1329.300048828125,1329.300048828125,1331.9000244140625,1329.0,1331.300048828125,44922
2026-07-20 05:29:00+00:00,1331.0999755859375,1331.0999755859375,1331.300048828125,1329.0,1329.0999755859375,21452
2026-07-20 05:30:00+00:00,1331.199951171875,1331.199951171875,1331.5,1330.4000244140625,1331.199951171875,18988
2026-07-20 05:31:00+00:00,1331.5,1331.5,1332.0,1331.199951171875,1331.300048828125,18480
2026-07-20 05:32:00+00:00,1331.5,1331.5,1331.699951171875,1331.300048828125,1331.5,12409
2026-07-20 05:33:00+00:00,1331.5,1331.5,1331.5999755859375,1331.5,1331.5999755859375,11992
2026-07-20 05:34:00+00:00,1332.5,1332.5,1332.5,1330.0999755859375,1331.5,111600
2026-07-20 05:35:00+00:00,1331.300048828125,1331.300048828125,1332.5,1330.0,1332.5,43787
2026-07-20 05:36:00+00:00,1331.800048828125,1331.800048828125,1332.0,1331.0999755859375,1331.199951171875,11948
2026-07-20 05:37:00+00:00,1333.0,1333.0,1333.9000244140625,1331.9000244140625,1332.0,94690
2026-07-20 05:38:00+00:00,1332.699951171875,1332.699951171875,1333.199951171875,1332.5,1333.0,22663
2026-07-20 05:39:00+00:00,1332.5999755859375,1332.5999755859375,1333.0,1332.0999755859375,1332.9000244140625,7240
2026-07-20 05:40:00+00:00,1332.4000244140625,1332.4000244140625,1333.0,1332.4000244140625,1332.800048828125,5992
2026-07-20 05:41:00+00:00,1332.0999755859375,1332.0999755859375,1332.5999755859375,1332.0,1332.5,12162
2026-07-20 05:42:00+00:00,1332.300048828125,1332.300048828125,1332.300048828125,1332.0,1332.300048828125,13127
2026-07-20 05:43:00+00:00,1331.800048828125,1331.800048828125,1332.4000244140625,1330.5,1332.4000244140625,31274
2026-07-20 05:44:00+00:00,1332.800048828125,1332.800048828125,1333.199951171875,1332.0999755859375,1332.300048828125,28641
2026-07-20 05:45:00+00:00,1332.0,1332.0,1333.199951171875,1332.0,1333.0,22755
2026-07-20 05:46:00+00:00,1332.0999755859375,1332.0999755859375,1332.800048828125,1331.699951171875,1332.0999755859375,37689
2026-07-20 05:47:00+00:00,1332.4000244140625,1332.4000244140625,1332.4000244140625,1331.5,1332.0999755859375,62267
2026-07-20 05:48:00+00:00,1332.5999755859375,1332.5999755859375,1332.9000244140625,1332.0,1332.5999755859375,26065
2026-07-20 05:49:00+00:00,1332.800048828125,1332.800048828125,1333.0,1332.800048828125,1332.800048828125,5551
2026-07-20 05:50:00+00:00,1333.0,1333.0,1333.0,1332.5,1332.9000244140625,11808
2026-07-20 05:51:00+00:00,1333.800048828125,1333.800048828125,1333.800048828125,1332.9000244140625,1333.0,18470
2026-07-20 05:52:00+00:00,1333.4000244140625,1333.4000244140625,1333.5999755859375,1332.5,1333.0999755859375,20701
2026-07-20 05:53:00+00:00,1333.199951171875,1333.199951171875,1333.5,1332.9000244140625,1332.9000244140625,13743
2026-07-20 05:54:00+00:00,1331.699951171875,1331.699951171875,1333.4000244140625,1331.699951171875,1333.4000244140625,25785
2026-07-20 05:55:00+00:00,1332.199951171875,1332.199951171875,1332.5,1331.5,1331.9000244140625,15237
2026-07-20 05:56:00+00:00,1332.0,1332.0,1332.199951171875,1332.0,1332.199951171875,2373
2026-07-20 05:57:00+00:00,1332.0999755859375,1332.0999755859375,1332.199951171875,1332.0,1332.0999755859375,6891
2026-07-20 05:58:00+00:00,1333.0999755859375,1333.0999755859375,1333.800048828125,1332.9000244140625,1332.9000244140625,88076
2026-07-20 05:59:00+00:00,1332.4000244140625,1332.4000244140625,1332.5,1332.0999755859375,1332.5,21799
2026-07-20 06:00:00+00:00,1331.5999755859375,1331.5999755859375,1332.5999755859375,1331.5,1332.199951171875,55774
2026-07-20 06:01:00+00:00,1331.699951171875,1331.699951171875,1332.199951171875,1331.5999755859375,1332.0999755859375,48646
2026-07-20 06:02:00+00:00,1332.5,1332.5,1332.800048828125,1331.699951171875,1331.800048828125,38084
2026-07-20 06:03:00+00:00,1332.4000244140625,1332.4000244140625,1332.5,1332.199951171875,1332.5,13093
2026-07-20 06:04:00+00:00,1332.0,1332.0,1332.4000244140625,1330.800048828125,1332.4000244140625,33243
2026-07-20 06:05:00+00:00,1330.800048828125,1330.800048828125,1332.0,1330.4000244140625,1331.9000244140625,28210
2026-07-20 06:06:00+00:00,1332.0,1332.0,1332.0999755859375,1330.800048828125,1331.0,30249
2026-07-20 06:07:00+00:00,1333.0,1333.0,1333.0,1332.0999755859375,1332.0999755859375,21533
2026-07-20 06:08:00+00:00,1333.0,1333.0,1333.0,1332.800048828125,1332.9000244140625,12666
2026-07-20 06:09:00+00:00,1332.5,1332.5,1332.800048828125,1332.4000244140625,1332.800048828125,9624
2026-07-20 06:10:00+00:00,1331.800048828125,1331.800048828125,1333.0999755859375,1331.5999755859375,1332.4000244140625,84136
2026-07-20 06:11:00+00:00,1331.9000244140625,1331.9000244140625,1332.5999755859375,1331.5,1331.9000244140625,28799
2026-07-20 06:12:00+00:00,1331.9000244140625,1331.9000244140625,1332.4000244140625,1331.9000244140625,1332.0,15478
2026-07-20 06:13:00+00:00,1331.5999755859375,1331.5999755859375,1332.0,1331.5,1332.0,6678
2026-07-20 06:14:00+00:00,1331.199951171875,1331.199951171875,1331.699951171875,1331.0,1331.5999755859375,24049
2026-07-20 06:15:00+00:00,1330.300048828125,1330.300048828125,1331.4000244140625,1330.199951171875,1331.4000244140625,28723
2026-07-20 06:16:00+00:00,1331.5,1331.5,1331.5999755859375,1330.300048828125,1330.4000244140625,48054
2026-07-20 06:17:00+00:00,1331.5999755859375,1331.5999755859375,1331.800048828125,1331.0,1331.5,26180
2026-07-20 06:18:00+00:00,1331.5,1331.5,1331.9000244140625,1331.300048828125,1331.5,16506
2026-07-20 06:19:00+00:00,1330.300048828125,1330.300048828125,1331.5,1330.0999755859375,1331.4000244140625,16614
2026-07-20 06:20:00+00:00,1331.0,1331.0,1331.199951171875,1330.300048828125,1330.300048828125,9667
2026-07-20 06:21:00+00:00,1330.300048828125,1330.300048828125,1331.300048828125,1330.300048828125,1331.0,17445
2026-07-20 06:22:00+00:00,1331.0999755859375,1331.0999755859375,1331.0999755859375,1330.0999755859375,1330.0999755859375,24014
2026-07-20 06:23:00+00:00,1330.699951171875,1330.699951171875,1331.0999755859375,1330.0999755859375,1331.0999755859375,19999
2026-07-20 06:24:00+00:00,1330.0999755859375,1330.0999755859375,1330.800048828125,1330.0,1330.699951171875,14206
2026-07-20 06:25:00+00:00,1331.199951171875,1331.199951171875,1331.199951171875,1329.800048828125,1330.0,26577
2026-07-20 06:26:00+00:00,1332.5,1332.5,1332.9000244140625,1331.199951171875,1331.199951171875,38143
2026-07-20 06:27:00+00:00,1331.800048828125,1331.800048828125,1332.9000244140625,1331.0,1332.5,31081
2026-07-20 06:28:00+00:00,1332.4000244140625,1332.4000244140625,1332.5999755859375,1331.5,1331.9000244140625,35470
2026-07-20 06:29:00+00:00,1332.5,1332.5,1332.800048828125,1332.4000244140625,1332.5999755859375,20040
2026-07-20 06:30:00+00:00,1332.0,1332.0,1332.699951171875,1332.0,1332.5999755859375,18286
2026-07-20 06:31:00+00:00,1332.0999755859375,1332.0999755859375,1332.0999755859375,1332.0,1332.0,37919
2026-07-20 06:32:00+00:00,1331.9000244140625,1331.9000244140625,1332.0999755859375,1331.5,1332.0999755859375,51755
2026-07-20 06:33:00+00:00,1331.0999755859375,1331.0999755859375,1331.9000244140625,1330.5999755859375,1331.9000244140625,21003
2026-07-20 06:34:00+00:00,1331.199951171875,1331.199951171875,1331.4000244140625,1330.800048828125,1330.800048828125,20136
2026-07-20 06:35:00+00:00,1331.300048828125,1331.300048828125,1331.4000244140625,1331.0999755859375,1331.199951171875,13347
2026-07-20 06:36:00+00:00,1332.800048828125,1332.800048828125,1333.199951171875,1331.300048828125,1331.300048828125,72048
2026-07-20 06:37:00+00:00,1332.199951171875,1332.199951171875,1333.199951171875,1331.199951171875,1332.800048828125,78002
2026-07-20 06:38:00+00:00,1332.9000244140625,1332.9000244140625,1333.0,1331.0,1332.199951171875,40692
2026-07-20 06:39:00+00:00,1332.0999755859375,1332.0999755859375,1332.9000244140625,1332.0999755859375,1332.9000244140625,13252
2026-07-20 06:40:00+00:00,1332.5999755859375,1332.5999755859375,1332.699951171875,1331.9000244140625,1332.0999755859375,17868
2026-07-20 06:41:00+00:00,1333.4000244140625,1333.4000244140625,1333.4000244140625,1332.5999755859375,1332.5999755859375,51571
2026-07-20 06:42:00+00:00,1333.0,1333.0,1333.5,1332.699951171875,1333.4000244140625,42730
2026-07-20 06:43:00+00:00,1332.800048828125,1332.800048828125,1333.199951171875,1332.5,1333.0999755859375,44871
2026-07-20 06:44:00+00:00,1332.0999755859375,1332.0999755859375,1333.0999755859375,1332.0999755859375,1332.800048828125,59092
2026-07-20 06:45:00+00:00,1331.9000244140625,1331.9000244140625,1332.5999755859375,1331.800048828125,1332.5,12291
2026-07-20 06:46:00+00:00,1331.5999755859375,1331.5999755859375,1331.9000244140625,1331.300048828125,1331.9000244140625,7897
2026-07-20 06:47:00+00:00,1331.699951171875,1331.699951171875,1332.0,1331.5,1331.5999755859375,15438
2026-07-20 06:48:00+00:00,1331.5,1331.5,1331.800048828125,1331.4000244140625,1331.800048828125,12123
2026-07-20 06:49:00+00:00,1331.5,1331.5,1331.699951171875,1331.4000244140625,1331.5,7417
2026-07-20 06:50:00+00:00,1331.699951171875,1331.699951171875,1331.9000244140625,1331.5,1331.699951171875,8096
2026-07-20 06:51:00+00:00,1331.5999755859375,1331.5999755859375,1331.699951171875,1331.5,1331.699951171875,12611
2026-07-20 06:52:00+00:00,1331.4000244140625,1331.4000244140625,1331.699951171875,1331.300048828125,1331.699951171875,8858
2026-07-20 06:53:00+00:00,1330.9000244140625,1330.9000244140625,1331.4000244140625,1330.5,1331.4000244140625,11102
2026-07-20 06:54:00+00:00,1330.300048828125,1330.300048828125,1330.9000244140625,1330.199951171875,1330.800048828125,11691
2026-07-20 06:55:00+00:00,1330.5999755859375,1330.5999755859375,1330.5999755859375,1330.300048828125,1330.300048828125,11106
2026-07-20 06:56:00+00:00,1330.300048828125,1330.300048828125,1330.5999755859375,1330.300048828125,1330.5,10289
2026-07-20 06:57:00+00:00,1329.199951171875,1329.199951171875,1330.4000244140625,1329.199951171875,1330.199951171875,21857
2026-07-20 06:58:00+00:00,1328.9000244140625,1328.9000244140625,1329.300048828125,1328.5,1329.300048828125,16033
2026-07-20 06:59:00+00:00,1328.800048828125,1328.800048828125,1329.0,1328.0999755859375,1328.5999755859375,12881
2026-07-20 07:00:00+00:00,1328.9000244140625,1328.9000244140625,1329.199951171875,1328.800048828125,1328.800048828125,11736
2026-07-20 07:01:00+00:00,1329.0,1329.0,1329.199951171875,1328.800048828125,1328.9000244140625,7159
2026-07-20 07:02:00+00:00,1329.0,1329.0,1329.0999755859375,1328.9000244140625,1329.0,7202
2026-07-20 07:03:00+00:00,1329.4000244140625,1329.4000244140625,1329.5,1329.0,1329.0999755859375,7125
2026-07-20 07:04:00+00:00,1329.5999755859375,1329.5999755859375,1329.800048828125,1329.5,1329.5,11728
2026-07-20 07:05:00+00:00,1329.0999755859375,1329.0999755859375,1329.5999755859375,1329.0999755859375,1329.5,7607
2026-07-20 07:06:00+00:00,1327.300048828125,1327.300048828125,1329.0,1327.300048828125,1329.0,13769
2026-07-20 07:07:00+00:00,1326.5999755859375,1326.5999755859375,1327.300048828125,1326.5,1327.300048828125,29577
2026-07-20 07:08:00+00:00,1326.5,1326.5,1327.0,1326.4000244140625,1326.5,8858
2026-07-20 07:09:00+00:00,1326.9000244140625,1326.9000244140625,1327.4000244140625,1326.4000244140625,1326.5,14247
2026-07-20 07:10:00+00:00,1327.5999755859375,1327.5999755859375,1327.699951171875,1327.0,1327.0,2874
2026-07-20 07:11:00+00:00,1328.300048828125,1328.300048828125,1328.300048828125,1327.5,1327.699951171875,10708
2026-07-20 07:12:00+00:00,1327.9000244140625,1327.9000244140625,1328.4000244140625,1327.699951171875,1328.0,6638
2026-07-20 07:13:00+00:00,1327.0,1327.0,1327.800048828125,1327.0,1327.800048828125,15236
2026-07-20 07:14:00+00:00,1327.0,1327.0,1327.199951171875,1327.0,1327.0999755859375,6228
2026-07-20 07:15:00+00:00,1326.699951171875,1326.699951171875,1327.0999755859375,1326.300048828125,1327.0999755859375,33668
2026-07-20 07:16:00+00:00,1327.699951171875,1327.699951171875,1328.300048828125,1326.5,1326.5,21694
2026-07-20 07:17:00+00:00,1327.5,1327.5,1327.800048828125,1327.199951171875,1327.5999755859375,6670
2026-07-20 07:18:00+00:00,1328.0,1328.0,1328.0,1327.0,1327.4000244140625,19205
2026-07-20 07:19:00+00:00,1328.0,1328.0,1328.0,1327.5999755859375,1328.0,4995
2026-07-20 07:20:00+00:00,1328.5,1328.5,1329.0999755859375,1328.0,1328.0,46265
2026-07-20 07:21:00+00:00,1327.0999755859375,1327.0999755859375,1328.699951171875,1327.0999755859375,1328.5,32680
2026-07-20 07:22:00+00:00,1329.199951171875,1329.199951171875,1329.5999755859375,1327.0,1327.0999755859375,81859
2026-07-20 07:23:00+00:00,1328.5,1328.5,1329.800048828125,1328.199951171875,1329.5,11627
2026-07-20 07:24:00+00:00,1328.800048828125,1328.800048828125,1329.0,1328.199951171875,1328.199951171875,6925
2026-07-20 07:25:00+00:00,1328.699951171875,1328.699951171875,1329.300048828125,1328.5999755859375,1328.800048828125,7497
2026-07-20 07:26:00+00:00,1329.0,1329.0,1329.0,1328.5999755859375,1328.5999755859375,4983
2026-07-20 07:27:00+00:00,1328.9000244140625,1328.9000244140625,1329.4000244140625,1328.800048828125,1329.0,17684
2026-07-20 07:28:00+00:00,1330.300048828125,1330.300048828125,1330.4000244140625,1329.0,1329.0,35228
2026-07-20 07:29:00+00:00,1330.199951171875,1330.199951171875,1330.800048828125,1330.0999755859375,1330.300048828125,14932
2026-07-20 07:30:00+00:00,1330.199951171875,1330.199951171875,1330.699951171875,1330.0,1330.199951171875,23361
2026-07-20 07:31:00+00:00,1329.5,1329.5,1330.300048828125,1329.300048828125,1330.199951171875,24033
2026-07-20 07:32:00+00:00,1329.199951171875,1329.199951171875,1329.4000244140625,1329.0,1329.4000244140625,7582
2026-07-20 07:33:00+00:00,1329.0999755859375,1329.0999755859375,1329.199951171875,1329.0,1329.0,4789
2026-07-20 07:34:00+00:00,1329.0,1329.0,1329.300048828125,1329.0,1329.0999755859375,11896
2026-07-20 07:35:00+00:00,1328.699951171875,1328.699951171875,1329.199951171875,1328.199951171875,1329.0,23467
2026-07-20 07:36:00+00:00,1328.9000244140625,1328.9000244140625,1329.0,1328.5,1328.699951171875,4619
2026-07-20 07:37:00+00:00,1329.0,1329.0,1329.0,1328.800048828125,1328.800048828125,7742
2026-07-20 07:38:00+00:00,1328.5,1328.5,1329.699951171875,1328.0,1329.0,32850
2026-07-20 07:39:00+00:00,1328.0,1328.0,1328.5999755859375,1328.0,1328.5,6847
2026-07-20 07:40:00+00:00,1328.4000244140625,1328.4000244140625,1328.4000244140625,1328.0,1328.0999755859375,3869
2026-07-20 07:41:00+00:00,1328.5999755859375,1328.5999755859375,1329.0,1328.4000244140625,1328.4000244140625,7592
2026-07-20 07:42:00+00:00,1328.800048828125,1328.800048828125,1329.199951171875,1328.5,1328.5999755859375,9065
2026-07-20 07:43:00+00:00,1329.699951171875,1329.699951171875,1329.800048828125,1328.800048828125,1328.9000244140625,10447
2026-07-20 07:44:00+00:00,1331.800048828125,1331.800048828125,1331.9000244140625,1329.699951171875,1329.699951171875,56134
2026-07-20 07:45:00+00:00,1331.199951171875,1331.199951171875,1332.300048828125,1330.699951171875,1331.5,38571
2026-07-20 07:46:00+00:00,1330.9000244140625,1330.9000244140625,1331.199951171875,1330.800048828125,1331.0999755859375,8228
2026-07-20 07:47:00+00:00,1330.0999755859375,1330.0999755859375,1330.9000244140625,1330.0999755859375,1330.9000244140625,10524
2026-07-20 07:48:00+00:00,1330.4000244140625,1330.4000244140625,1330.5,1330.0999755859375,1330.0999755859375,9994
2026-07-20 07:49:00+00:00,1330.0999755859375,1330.0999755859375,1330.5,1330.0,1330.300048828125,6369
2026-07-20 07:50:00+00:00,1330.300048828125,1330.300048828125,1330.5,1330.0999755859375,1330.0999755859375,5604
2026-07-20 07:51:00+00:00,1330.699951171875,1330.699951171875,1330.699951171875,1330.199951171875,1330.199951171875,3711
2026-07-20 07:52:00+00:00,1331.699951171875,1331.699951171875,1332.0,1330.699951171875,1330.699951171875,16330
2026-07-20 07:53:00+00:00,1331.5999755859375,1331.5999755859375,1331.9000244140625,1331.300048828125,1331.800048828125,10300
2026-07-20 07:54:00+00:00,1331.0999755859375,1331.0999755859375,1331.5999755859375,1330.699951171875,1331.5999755859375,3984
2026-07-20 07:55:00+00:00,1331.0,1331.0,1331.4000244140625,1330.0,1330.9000244140625,45980
2026-07-20 07:56:00+00:00,1331.699951171875,1331.699951171875,1331.9000244140625,1331.0,1331.4000244140625,11434
2026-07-20 07:57:00+00:00,1332.9000244140625,1332.9000244140625,1332.9000244140625,1331.800048828125,1331.9000244140625,30979
2026-07-20 07:58:00+00:00,1332.0999755859375,1332.0999755859375,1332.9000244140625,1332.0999755859375,1332.5999755859375,25811
2026-07-20 07:59:00+00:00,1332.0,1332.0,1332.199951171875,1332.0,1332.199951171875,10939
2026-07-20 08:00:00+00:00,1331.5,1331.5,1332.300048828125,1331.0999755859375,1332.0999755859375,27924
2026-07-20 08:01:00+00:00,1332.0999755859375,1332.0999755859375,1332.199951171875,1331.5,1331.5999755859375,20084
2026-07-20 08:02:00+00:00,1331.5,1331.5,1332.0999755859375,1331.5,1331.800048828125,13035
2026-07-20 08:03:00+00:00,1331.5,1331.5,1331.9000244140625,1331.5,1331.5999755859375,3826
2026-07-20 08:04:00+00:00,1331.0,1331.0,1331.800048828125,1331.0,1331.5999755859375,18944
2026-07-20 08:05:00+00:00,1331.300048828125,1331.300048828125,1331.4000244140625,1330.800048828125,1331.0,19694
2026-07-20 08:06:00+00:00,1331.5,1331.5,1331.9000244140625,1330.800048828125,1331.199951171875,21480
2026-07-20 08:07:00+00:00,1330.5,1330.5,1331.699951171875,1330.5,1331.5999755859375,7538
2026-07-20 08:08:00+00:00,1330.5999755859375,1330.5999755859375,1330.9000244140625,1330.300048828125,1330.5999755859375,6466
2026-07-20 08:09:00+00:00,1330.4000244140625,1330.4000244140625,1330.5999755859375,1330.0999755859375,1330.5999755859375,8852
2026-07-20 08:10:00+00:00,1330.4000244140625,1330.4000244140625,1330.5999755859375,1330.300048828125,1330.5,4863
2026-07-20 08:11:00+00:00,1330.0999755859375,1330.0999755859375,1330.5,1330.0999755859375,1330.5,8871
2026-07-20 08:12:00+00:00,1330.300048828125,1330.300048828125,1330.5,1330.0999755859375,1330.199951171875,19910
2026-07-20 08:13:00+00:00,1330.4000244140625,1330.4000244140625,1330.5,1330.300048828125,1330.5,5768
2026-07-20 08:14:00+00:00,1330.199951171875,1330.199951171875,1330.5,1330.0999755859375,1330.4000244140625,15149
2026-07-20 08:15:00+00:00,1330.0999755859375,1330.0999755859375,1330.9000244140625,1330.0,1330.0999755859375,99016
2026-07-20 08:16:00+00:00,1331.0999755859375,1331.0999755859375,1331.300048828125,1330.0,1330.0999755859375,9902
2026-07-20 08:17:00+00:00,1331.0999755859375,1331.0999755859375,1331.5,1331.0,1331.300048828125,5960
2026-07-20 08:18:00+00:00,1329.5,1329.5,1331.5,1329.0999755859375,1331.199951171875,24705
2026-07-20 08:19:00+00:00,1330.0,1330.0,1330.0,1329.199951171875,1329.199951171875,7671
2026-07-20 08:20:00+00:00,1329.0999755859375,1329.0999755859375,1330.0,1328.5,1330.0,22048
2026-07-20 08:21:00+00:00,1328.4000244140625,1328.4000244140625,1329.5999755859375,1328.0999755859375,1329.0999755859375,24499
2026-07-20 08:22:00+00:00,1328.800048828125,1328.800048828125,1328.800048828125,1328.199951171875,1328.4000244140625,10327
2026-07-20 08:23:00+00:00,1328.5,1328.5,1328.800048828125,1328.0,1328.5999755859375,13472
2026-07-20 08:24:00+00:00,1327.9000244140625,1327.9000244140625,1328.699951171875,1327.199951171875,1328.5999755859375,82924
2026-07-20 08:25:00+00:00,1328.300048828125,1328.300048828125,1329.0,1327.5999755859375,1327.9000244140625,11018
2026-07-20 08:26:00+00:00,1328.0999755859375,1328.0999755859375,1328.5999755859375,1328.0,1328.4000244140625,6845
2026-07-20 08:27:00+00:00,1328.5,1328.5,1328.800048828125,1328.0999755859375,1328.199951171875,8722
2026-07-20 08:28:00+00:00,1328.9000244140625,1328.9000244140625,1329.0,1328.5,1328.5,7463
2026-07-20 08:29:00+00:00,1328.800048828125,1328.800048828125,1328.9000244140625,1328.699951171875,1328.9000244140625,9223
2026-07-20 08:30:00+00:00,1328.0999755859375,1328.0999755859375,1328.800048828125,1327.5,1328.800048828125,52701
2026-07-20 08:31:00+00:00,1328.300048828125,1328.300048828125,1328.5999755859375,1328.0,1328.0999755859375,59636
2026-07-20 08:32:00+00:00,1327.5,1327.5,1328.300048828125,1327.4000244140625,1328.199951171875,15120
2026-07-20 08:33:00+00:00,1327.5999755859375,1327.5999755859375,1327.5999755859375,1327.4000244140625,1327.5999755859375,18272
2026-07-20 08:34:00+00:00,1327.5999755859375,1327.5999755859375,1327.5999755859375,1327.4000244140625,1327.5999755859375,16747
2026-07-20 08:35:00+00:00,1327.4000244140625,1327.4000244140625,1327.5999755859375,1327.199951171875,1327.5999755859375,11313
2026-07-20 08:36:00+00:00,1326.5999755859375,1326.5999755859375,1327.4000244140625,1326.4000244140625,1327.199951171875,34663
2026-07-20 08:37:00+00:00,1326.800048828125,1326.800048828125,1326.800048828125,1326.4000244140625,1326.4000244140625,8359
2026-07-20 08:38:00+00:00,1327.0,1327.0,1327.0,1326.800048828125,1326.800048828125,3533
2026-07-20 08:39:00+00:00,1326.199951171875,1326.199951171875,1326.699951171875,1326.0999755859375,1326.699951171875,12330
2026-07-20 08:40:00+00:00,1325.300048828125,1325.300048828125,1326.199951171875,1325.0999755859375,1326.199951171875,29660
2026-07-20 08:41:00+00:00,1325.699951171875,1325.699951171875,1325.9000244140625,1325.0999755859375,1325.0999755859375,14947
2026-07-20 08:42:00+00:00,1326.0,1326.0,1326.0999755859375,1325.0,1325.9000244140625,37992
2026-07-20 08:43:00+00:00,1325.4000244140625,1325.4000244140625,1326.0,1325.0999755859375,1326.0,37067
2026-07-20 08:44:00+00:00,1325.0999755859375,1325.0999755859375,1325.5999755859375,1325.0999755859375,1325.5,16455
2026-07-20 08:45:00+00:00,1324.5,1324.5,1325.199951171875,1324.5,1325.0,17020
2026-07-20 08:46:00+00:00,1325.0999755859375,1325.0999755859375,1325.4000244140625,1324.5,1324.5,11990
2026-07-20 08:47:00+00:00,1325.5,1325.5,1325.5,1325.0,1325.300048828125,9514
2026-07-20 08:48:00+00:00,1326.4000244140625,1326.4000244140625,1326.4000244140625,1325.5,1325.5,25479
2026-07-20 08:49:00+00:00,1326.800048828125,1326.800048828125,1327.0999755859375,1326.4000244140625,1326.5,17940
2026-07-20 08:50:00+00:00,1326.199951171875,1326.199951171875,1326.9000244140625,1326.0999755859375,1326.9000244140625,8827
2026-07-20 08:51:00+00:00,1326.0999755859375,1326.0999755859375,1326.199951171875,1326.0,1326.199951171875,6861
2026-07-20 08:52:00+00:00,1326.0,1326.0,1326.0999755859375,1326.0,1326.0999755859375,7596
2026-07-20 08:53:00+00:00,1325.800048828125,1325.800048828125,1326.199951171875,1325.5,1326.0999755859375,12348
2026-07-20 08:54:00+00:00,1325.5,1325.5,1325.9000244140625,1325.5,1325.800048828125,6478
2026-07-20 08:55:00+00:00,1325.5999755859375,1325.5999755859375,1325.699951171875,1325.5,1325.5999755859375,5234
2026-07-20 08:56:00+00:00,1325.699951171875,1325.699951171875,1325.699951171875,1325.5,1325.5,8437
2026-07-20 08:57:00+00:00,1325.5999755859375,1325.5999755859375,1325.699951171875,1325.5,1325.699951171875,5198
2026-07-20 08:58:00+00:00,1325.199951171875,1325.199951171875,1325.5999755859375,1325.0999755859375,1325.5999755859375,11986
2026-07-20 08:59:00+00:00,1325.0,1325.0,1325.300048828125,1325.0,1325.300048828125,14475
2026-07-20 09:00:00+00:00,1324.699951171875,1324.699951171875,1325.199951171875,1324.5999755859375,1325.199951171875,11818
2026-07-20 09:01:00+00:00,1323.199951171875,1323.199951171875,1325.0,1323.199951171875,1325.0,47196
2026-07-20 09:02:00+00:00,1323.0999755859375,1323.0999755859375,1323.5999755859375,1323.0999755859375,1323.300048828125,13414
2026-07-20 09:03:00+00:00,1324.199951171875,1324.199951171875,1324.300048828125,1322.800048828125,1323.4000244140625,21504
2026-07-20 09:04:00+00:00,1323.5,1323.5,1324.199951171875,1322.800048828125,1324.0999755859375,21323
2026-07-20 09:05:00+00:00,1324.0,1324.0,1324.0999755859375,1323.4000244140625,1323.4000244140625,19699
2026-07-20 09:06:00+00:00,1323.5,1323.5,1324.300048828125,1322.9000244140625,1324.0,16564
2026-07-20 09:07:00+00:00,1322.0,1322.0,1323.5,1321.5999755859375,1323.300048828125,46339
2026-07-20 09:08:00+00:00,1321.0999755859375,1321.0999755859375,1322.300048828125,1321.0999755859375,1322.0,47269
2026-07-20 09:09:00+00:00,1321.300048828125,1321.300048828125,1321.5999755859375,1321.0999755859375,1321.4000244140625,22380
2026-07-20 09:10:00+00:00,1322.5,1322.5,1322.5,1321.199951171875,1321.5,24434
2026-07-20 09:11:00+00:00,1322.300048828125,1322.300048828125,1322.800048828125,1322.199951171875,1322.699951171875,52258
2026-07-20 09:12:00+00:00,1322.0,1322.0,1322.4000244140625,1322.0,1322.300048828125,18343
2026-07-20 09:13:00+00:00,1321.199951171875,1321.199951171875,1322.0,1320.699951171875,1321.800048828125,44349
2026-07-20 09:14:00+00:00,1322.5999755859375,1322.5999755859375,1322.5999755859375,1321.199951171875,1321.199951171875,29551
2026-07-20 09:15:00+00:00,1322.0,1322.0,1322.9000244140625,1322.0,1322.5,43142
2026-07-20 09:16:00+00:00,1322.4000244140625,1322.4000244140625,1322.699951171875,1321.9000244140625,1322.199951171875,33027
2026-07-20 09:17:00+00:00,1322.800048828125,1322.800048828125,1322.9000244140625,1322.300048828125,1322.5,11173
2026-07-20 09:18:00+00:00,1322.0999755859375,1322.0999755859375,1322.800048828125,1322.0,1322.800048828125,30974
2026-07-20 09:19:00+00:00,1322.0999755859375,1322.0999755859375,1322.5999755859375,1322.0999755859375,1322.0999755859375,10158
2026-07-20 09:20:00+00:00,1322.4000244140625,1322.4000244140625,1322.4000244140625,1322.0,1322.0999755859375,13309
2026-07-20 09:21:00+00:00,1322.800048828125,1322.800048828125,1322.9000244140625,1322.199951171875,1322.5999755859375,9481
2026-07-20 09:22:00+00:00,1323.199951171875,1323.199951171875,1323.4000244140625,1322.800048828125,1323.0,12921
2026-07-20 09:23:00+00:00,1323.5999755859375,1323.5999755859375,1323.699951171875,1323.0,1323.199951171875,22424
2026-07-20 09:24:00+00:00,1323.199951171875,1323.199951171875,1323.5999755859375,1322.300048828125,1323.5,35985
2026-07-20 09:25:00+00:00,1323.800048828125,1323.800048828125,1323.800048828125,1322.9000244140625,1323.0,22807
2026-07-20 09:26:00+00:00,1323.199951171875,1323.199951171875,1323.9000244140625,1322.800048828125,1323.9000244140625,31406
2026-07-20 09:27:00+00:00,1323.0,1323.0,1323.4000244140625,1322.800048828125,1323.199951171875,18852
2026-07-20 09:28:00+00:00,1322.4000244140625,1322.4000244140625,1323.0999755859375,1322.199951171875,1323.0,16781
2026-07-20 09:29:00+00:00,1322.4000244140625,1322.4000244140625,1322.5999755859375,1322.0999755859375,1322.4000244140625,16552
2026-07-20 09:30:00+00:00,1323.5999755859375,1323.5999755859375,1323.800048828125,1322.4000244140625,1322.4000244140625,49053
2026-07-20 09:31:00+00:00,1323.5999755859375,1323.5999755859375,1323.699951171875,1323.300048828125,1323.300048828125,31754
2026-07-20 09:32:00+00:00,1323.0,1323.0,1323.800048828125,1323.0,1323.699951171875,54902
2026-07-20 09:33:00+00:00,1323.199951171875,1323.199951171875,1323.5,1323.0,1323.0999755859375,37769
2026-07-20 09:34:00+00:00,1323.300048828125,1323.300048828125,1323.5,1323.0999755859375,1323.0999755859375,42684
2026-07-20 09:35:00+00:00,1323.5,1323.5,1323.5,1323.300048828125,1323.4000244140625,39235
2026-07-20 09:36:00+00:00,1323.699951171875,1323.699951171875,1323.699951171875,1323.5,1323.5999755859375,31880
2026-07-20 09:37:00+00:00,1324.5,1324.5,1324.9000244140625,1323.699951171875,1323.699951171875,156613
2026-07-20 09:38:00+00:00,1324.300048828125,1324.300048828125,1324.5,1324.0999755859375,1324.4000244140625,44729
2026-07-20 09:39:00+00:00,1323.300048828125,1323.300048828125,1324.4000244140625,1323.199951171875,1324.300048828125,54718
2026-07-20 09:40:00+00:00,1323.699951171875,1323.699951171875,1324.0,1322.699951171875,1323.300048828125,68122
2026-07-20 09:41:00+00:00,1323.800048828125,1323.800048828125,1324.0,1323.5,1323.699951171875,24080
2026-07-20 09:42:00+00:00,1324.300048828125,1324.300048828125,1324.4000244140625,1323.5,1323.699951171875,44146
2026-07-20 09:43:00+00:00,1324.9000244140625,1324.9000244140625,1325.0999755859375,1324.199951171875,1324.300048828125,50770
2026-07-20 09:44:00+00:00,1324.4000244140625,1324.4000244140625,1325.0,1324.0999755859375,1325.0,52130
2026-07-20 09:45:00+00:00,1325.4000244140625,1325.4000244140625,1325.4000244140625,1324.4000244140625,1324.5999755859375,109160
2026-07-20 09:46:00+00:00,1325.199951171875,1325.199951171875,1325.5,1324.800048828125,1325.4000244140625,57593
2026-07-20 09:47:00+00:00,1323.0,1323.0,1324.699951171875,1323.0,1324.699951171875,75380
2026-07-20 09:48:00+00:00,1322.199951171875,1322.199951171875,1323.5,1322.199951171875,1323.5,80076
2026-07-20 09:49:00+00:00,1322.5,1322.5,1322.699951171875,1322.0999755859375,1322.5999755859375,73223
2026-07-20 09:50:00+00:00,1322.300048828125,1322.300048828125,1323.199951171875,1322.0999755859375,1322.699951171875,152134
2026-07-20 09:51:00+00:00,1322.0999755859375,1322.0999755859375,1322.0999755859375,1321.0,1322.0,89662
2026-07-20 09:52:00+00:00,1322.199951171875,1322.199951171875,1322.300048828125,1322.0,1322.0,30338
2026-07-20 09:53:00+00:00,1322.0999755859375,1322.0999755859375,1322.300048828125,1321.800048828125,1322.0999755859375,70436
2026-07-20 09:54:00+00:00,1321.800048828125,1321.800048828125,1322.0999755859375,1321.5,1322.0999755859375,58928
2026-07-20 09:55:00+00:00,1322.0,1322.0,1322.0,1321.0999755859375,1322.0,96985
2026-07-20 09:56:00+00:00,1322.4000244140625,1322.4000244140625,1322.4000244140625,1321.9000244140625,1321.9000244140625,61439
2026-07-20 09:57:00+00:00,1321.699951171875,1321.699951171875,1322.4000244140625,1321.699951171875,1322.4000244140625,94599
2026-07-20 09:58:00+00:00,1321.5,1321.5,1322.0,1321.5,1321.5999755859375,77669
2026-07-20 09:59:00+00:00,1321.9000244140625,1321.9000244140625,1322.0,1321.0,1321.5,53819
2026-07-21 03:45:00+00:00,1319.800048828125,1319.800048828125,1323.0,1319.0999755859375,1321.800048828125,0
2026-07-21 03:46:00+00:00,1319.199951171875,1319.199951171875,1319.800048828125,1317.0999755859375,1319.800048828125,105896
2026-07-21 03:47:00+00:00,1319.199951171875,1319.199951171875,1320.5,1319.0,1319.0999755859375,93749
2026-07-21 03:48:00+00:00,1318.5999755859375,1318.5999755859375,1319.4000244140625,1318.0,1319.300048828125,61051
2026-07-21 03:49:00+00:00,1317.0999755859375,1317.0999755859375,1318.699951171875,1316.699951171875,1318.300048828125,87678
2026-07-21 03:50:00+00:00,1317.0,1317.0,1317.699951171875,1316.4000244140625,1317.0999755859375,75049
2026-07-21 03:51:00+00:00,1317.5999755859375,1317.5999755859375,1317.5999755859375,1316.0999755859375,1316.5,51816
2026-07-21 03:52:00+00:00,1317.699951171875,1317.699951171875,1318.9000244140625,1317.5999755859375,1317.800048828125,57502
2026-07-21 03:53:00+00:00,1317.5999755859375,1317.5999755859375,1318.0999755859375,1317.300048828125,1317.699951171875,20607
2026-07-21 03:54:00+00:00,1317.5999755859375,1317.5999755859375,1317.800048828125,1316.5999755859375,1317.5999755859375,62602
2026-07-21 03:55:00+00:00,1316.5,1316.5,1317.5,1316.199951171875,1317.5,30522
2026-07-21 03:56:00+00:00,1317.199951171875,1317.199951171875,1317.199951171875,1316.4000244140625,1316.699951171875,25710
2026-07-21 03:57:00+00:00,1316.5999755859375,1316.5999755859375,1317.4000244140625,1316.5999755859375,1317.199951171875,27930
2026-07-21 03:58:00+00:00,1317.0,1317.0,1317.0999755859375,1316.5,1316.5,19787
2026-07-21 03:59:00+00:00,1316.5999755859375,1316.5999755859375,1318.0,1316.4000244140625,1317.0999755859375,44141
2026-07-21 04:00:00+00:00,1315.199951171875,1315.199951171875,1317.0999755859375,1315.0,1316.699951171875,83562
2026-07-21 04:01:00+00:00,1314.5999755859375,1314.5999755859375,1315.5,1314.5999755859375,1315.300048828125,63519
2026-07-21 04:02:00+00:00,1314.5,1314.5,1314.9000244140625,1313.5999755859375,1314.699951171875,63819
2026-07-21 04:03:00+00:00,1314.0,1314.0,1314.4000244140625,1313.699951171875,1314.4000244140625,16595
2026-07-21 04:04:00+00:00,1314.300048828125,1314.300048828125,1315.0,1313.5999755859375,1314.0,50882
2026-07-21 04:05:00+00:00,1315.5999755859375,1315.5999755859375,1315.5999755859375,1314.199951171875,1314.300048828125,32931
2026-07-21 04:06:00+00:00,1316.199951171875,1316.199951171875,1316.800048828125,1315.300048828125,1315.5999755859375,69268
2026-07-21 04:07:00+00:00,1317.5,1317.5,1317.800048828125,1316.0999755859375,1316.0999755859375,33171
2026-07-21 04:08:00+00:00,1318.9000244140625,1318.9000244140625,1318.9000244140625,1317.5999755859375,1317.699951171875,57808
2026-07-21 04:09:00+00:00,1318.0,1318.0,1318.9000244140625,1318.0,1318.9000244140625,17642
2026-07-21 04:10:00+00:00,1318.0,1318.0,1318.0999755859375,1317.699951171875,1318.0999755859375,17497
2026-07-21 04:11:00+00:00,1318.9000244140625,1318.9000244140625,1318.9000244140625,1317.800048828125,1318.0,29807
2026-07-21 04:12:00+00:00,1318.4000244140625,1318.4000244140625,1318.699951171875,1318.199951171875,1318.699951171875,16466
2026-07-21 04:13:00+00:00,1318.199951171875,1318.199951171875,1318.9000244140625,1318.0,1318.4000244140625,41362
2026-07-21 04:14:00+00:00,1318.699951171875,1318.699951171875,1318.9000244140625,1318.0999755859375,1318.5,15534
2026-07-21 04:15:00+00:00,1318.0999755859375,1318.0999755859375,1318.9000244140625,1318.0999755859375,1318.699951171875,23348
2026-07-21 04:16:00+00:00,1316.5999755859375,1316.5999755859375,1318.0,1316.300048828125,1318.0,40756
2026-07-21 04:17:00+00:00,1317.199951171875,1317.199951171875,1317.300048828125,1316.4000244140625,1316.699951171875,41620
2026-07-21 04:18:00+00:00,1317.199951171875,1317.199951171875,1317.4000244140625,1317.0,1317.199951171875,10624
2026-07-21 04:19:00+00:00,1317.300048828125,1317.300048828125,1317.300048828125,1317.199951171875,1317.199951171875,12172
2026-07-21 04:20:00+00:00,1318.4000244140625,1318.4000244140625,1318.4000244140625,1317.300048828125,1317.300048828125,39874
2026-07-21 04:21:00+00:00,1317.5999755859375,1317.5999755859375,1318.9000244140625,1317.5999755859375,1318.5,50946
2026-07-21 04:22:00+00:00,1317.5999755859375,1317.5999755859375,1317.699951171875,1316.800048828125,1317.699951171875,27947
2026-07-21 04:23:00+00:00,1318.0,1318.0,1318.0999755859375,1317.5,1317.699951171875,12931
2026-07-21 04:24:00+00:00,1319.5,1319.5,1319.5,1317.5,1318.0,60966
2026-07-21 04:25:00+00:00,1319.0999755859375,1319.0999755859375,1319.9000244140625,1319.0,1319.5,35091
2026-07-21 04:26:00+00:00,1318.0,1318.0,1319.5,1318.0,1319.5,13628
2026-07-21 04:27:00+00:00,1318.0,1318.0,1318.5,1318.0,1318.300048828125,29593
2026-07-21 04:28:00+00:00,1318.4000244140625,1318.4000244140625,1318.4000244140625,1317.800048828125,1318.0999755859375,26653
2026-07-21 04:29:00+00:00,1317.9000244140625,1317.9000244140625,1318.4000244140625,1317.9000244140625,1318.4000244140625,4360
2026-07-21 04:30:00+00:00,1318.300048828125,1318.300048828125,1318.300048828125,1318.300048828125,1318.300048828125,12473
2026-07-21 04:31:00+00:00,1318.199951171875,1318.199951171875,1318.4000244140625,1318.199951171875,1318.300048828125,12552
2026-07-21 04:32:00+00:00,1318.0999755859375,1318.0999755859375,1318.199951171875,1317.699951171875,1318.199951171875,20978
2026-07-21 04:33:00+00:00,1318.4000244140625,1318.4000244140625,1318.4000244140625,1318.0,1318.0999755859375,44276
2026-07-21 04:34:00+00:00,1317.5999755859375,1317.5999755859375,1318.5,1317.5,1318.4000244140625,13111
2026-07-21 04:35:00+00:00,1316.9000244140625,1316.9000244140625,1317.5999755859375,1316.5999755859375,1317.5999755859375,19821
2026-07-21 04:36:00+00:00,1316.0999755859375,1316.0999755859375,1316.9000244140625,1315.699951171875,1316.9000244140625,32970
2026-07-21 04:37:00+00:00,1316.4000244140625,1316.4000244140625,1316.5999755859375,1315.699951171875,1316.0999755859375,22004
2026-07-21 04:38:00+00:00,1316.5,1316.5,1316.5999755859375,1316.4000244140625,1316.5999755859375,4409
2026-07-21 04:39:00+00:00,1316.4000244140625,1316.4000244140625,1316.5,1316.0999755859375,1316.5,16756
2026-07-21 04:40:00+00:00,1316.199951171875,1316.199951171875,1316.4000244140625,1316.0,1316.300048828125,3985
2026-07-21 04:41:00+00:00,1316.0999755859375,1316.0999755859375,1316.199951171875,1316.0,1316.199951171875,6448
2026-07-21 04:42:00+00:00,1315.9000244140625,1315.9000244140625,1316.199951171875,1315.9000244140625,1316.199951171875,21470
2026-07-21 04:43:00+00:00,1315.0999755859375,1315.0999755859375,1315.9000244140625,1315.0999755859375,1315.800048828125,50430
2026-07-21 04:44:00+00:00,1315.199951171875,1315.199951171875,1315.5,1315.0,1315.0,38866
2026-07-21 04:45:00+00:00,1315.199951171875,1315.199951171875,1315.300048828125,1314.699951171875,1315.199951171875,41486
2026-07-21 04:46:00+00:00,1316.0,1316.0,1316.0,1315.0999755859375,1315.199951171875,46067
2026-07-21 04:47:00+00:00,1316.300048828125,1316.300048828125,1316.300048828125,1315.800048828125,1316.0,19364
2026-07-21 04:48:00+00:00,1315.800048828125,1315.800048828125,1316.300048828125,1315.800048828125,1316.300048828125,25599
2026-07-21 04:49:00+00:00,1315.9000244140625,1315.9000244140625,1316.0,1315.800048828125,1315.800048828125,3903
2026-07-21 04:50:00+00:00,1315.300048828125,1315.300048828125,1315.9000244140625,1315.300048828125,1315.9000244140625,24565
2026-07-21 04:51:00+00:00,1315.199951171875,1315.199951171875,1315.300048828125,1315.0999755859375,1315.199951171875,4829
2026-07-21 04:52:00+00:00,1315.199951171875,1315.199951171875,1315.199951171875,1315.0,1315.0999755859375,6297
2026-07-21 04:53:00+00:00,1315.0999755859375,1315.0999755859375,1315.199951171875,1315.0999755859375,1315.0999755859375,15134
2026-07-21 04:54:00+00:00,1315.0,1315.0,1315.0999755859375,1315.0,1315.0,25695
2026-07-21 04:55:00+00:00,1315.9000244140625,1315.9000244140625,1316.0,1315.0,1315.0,35061
2026-07-21 04:56:00+00:00,1315.0999755859375,1315.0999755859375,1316.0,1315.0,1316.0,6451
2026-07-21 04:57:00+00:00,1314.800048828125,1314.800048828125,1315.0999755859375,1314.800048828125,1315.0999755859375,14008
2026-07-21 04:58:00+00:00,1314.199951171875,1314.199951171875,1314.9000244140625,1314.0,1314.9000244140625,39757
2026-07-21 04:59:00+00:00,1314.5,1314.5,1314.800048828125,1314.199951171875,1314.199951171875,21176
2026-07-21 05:00:00+00:00,1314.5999755859375,1314.5999755859375,1314.699951171875,1314.300048828125,1314.699951171875,13492
2026-07-21 05:01:00+00:00,1314.300048828125,1314.300048828125,1314.800048828125,1314.300048828125,1314.699951171875,20757
2026-07-21 05:02:00+00:00,1314.5999755859375,1314.5999755859375,1314.5999755859375,1314.300048828125,1314.300048828125,11829
2026-07-21 05:03:00+00:00,1314.199951171875,1314.199951171875,1314.699951171875,1314.199951171875,1314.699951171875,13102
2026-07-21 05:04:00+00:00,1314.199951171875,1314.199951171875,1314.4000244140625,1314.0999755859375,1314.0999755859375,9433
2026-07-21 05:05:00+00:00,1314.5999755859375,1314.5999755859375,1314.5999755859375,1314.0999755859375,1314.199951171875,23723
2026-07-21 05:06:00+00:00,1314.699951171875,1314.699951171875,1314.800048828125,1314.5,1314.5999755859375,11579
2026-07-21 05:07:00+00:00,1314.5999755859375,1314.5999755859375,1314.699951171875,1314.5,1314.699951171875,8437
2026-07-21 05:08:00+00:00,1315.0,1315.0,1315.0,1314.5,1314.699951171875,32652
2026-07-21 05:09:00+00:00,1315.0,1315.0,1315.0999755859375,1314.800048828125,1315.0,20800
2026-07-21 05:10:00+00:00,1315.0999755859375,1315.0999755859375,1315.0999755859375,1314.800048828125,1315.0999755859375,18570
2026-07-21 05:11:00+00:00,1315.4000244140625,1315.4000244140625,1315.4000244140625,1315.0999755859375,1315.0999755859375,24291
2026-07-21 05:12:00+00:00,1315.5,1315.5,1315.5,1315.4000244140625,1315.5,6011
2026-07-21 05:13:00+00:00,1315.5,1315.5,1315.5999755859375,1315.199951171875,1315.5,12489
2026-07-21 05:14:00+00:00,1315.5,1315.5,1315.5999755859375,1315.4000244140625,1315.5,8852
2026-07-21 05:15:00+00:00,1315.199951171875,1315.199951171875,1315.5999755859375,1315.199951171875,1315.5,13902
2026-07-21 05:16:00+00:00,1315.4000244140625,1315.4000244140625,1315.4000244140625,1315.199951171875,1315.4000244140625,6603
2026-07-21 05:17:00+00:00,1315.300048828125,1315.300048828125,1315.4000244140625,1315.300048828125,1315.4000244140625,9668
2026-07-21 05:18:00+00:00,1315.800048828125,1315.800048828125,1315.9000244140625,1315.4000244140625,1315.5,30122
2026-07-21 05:19:00+00:00,1315.5999755859375,1315.5999755859375,1315.9000244140625,1315.300048828125,1315.9000244140625,19788
2026-07-21 05:20:00+00:00,1315.5999755859375,1315.5999755859375,1316.0,1315.300048828125,1315.5999755859375,22739
2026-07-21 05:21:00+00:00,1315.0999755859375,1315.0999755859375,1315.699951171875,1315.0999755859375,1315.5999755859375,5055
2026-07-21 05:22:00+00:00,1315.0,1315.0,1315.4000244140625,1314.800048828125,1315.0999755859375,10080
2026-07-21 05:23:00+00:00,1316.300048828125,1316.300048828125,1316.4000244140625,1314.9000244140625,1314.9000244140625,37263
2026-07-21 05:24:00+00:00,1315.699951171875,1315.699951171875,1316.4000244140625,1315.300048828125,1316.300048828125,16143
2026-07-21 05:25:00+00:00,1316.0,1316.0,1316.0,1315.699951171875,1315.699951171875,7076
2026-07-21 05:26:00+00:00,1316.5,1316.5,1316.5,1316.0,1316.0,17327
2026-07-21 05:27:00+00:00,1317.4000244140625,1317.4000244140625,1317.4000244140625,1316.5,1316.5,48164
2026-07-21 05:28:00+00:00,1316.9000244140625,1316.9000244140625,1317.199951171875,1316.699951171875,1317.0999755859375,9984
2026-07-21 05:29:00+00:00,1317.0,1317.0,1317.0,1316.800048828125,1316.9000244140625,10111
2026-07-21 05:30:00+00:00,1316.5999755859375,1316.5999755859375,1317.0,1316.5999755859375,1317.0,8346
2026-07-21 05:31:00+00:00,1316.4000244140625,1316.4000244140625,1316.5,1316.300048828125,1316.5,4510
2026-07-21 05:32:00+00:00,1315.699951171875,1315.699951171875,1316.4000244140625,1315.699951171875,1316.4000244140625,6273
2026-07-21 05:33:00+00:00,1315.9000244140625,1315.9000244140625,1315.9000244140625,1315.5,1315.5,4571
2026-07-21 05:34:00+00:00,1315.9000244140625,1315.9000244140625,1315.9000244140625,1315.800048828125,1315.9000244140625,4513
2026-07-21 05:35:00+00:00,1315.9000244140625,1315.9000244140625,1315.9000244140625,1315.800048828125,1315.9000244140625,6135
2026-07-21 05:36:00+00:00,1316.0,1316.0,1316.0,1315.9000244140625,1315.9000244140625,10728
2026-07-21 05:37:00+00:00,1315.9000244140625,1315.9000244140625,1316.0,1315.800048828125,1316.0,6317
2026-07-21 05:38:00+00:00,1315.800048828125,1315.800048828125,1315.800048828125,1315.699951171875,1315.800048828125,9738
2026-07-21 05:39:00+00:00,1315.699951171875,1315.699951171875,1315.699951171875,1315.4000244140625,1315.699951171875,14321
2026-07-21 05:40:00+00:00,1317.0,1317.0,1317.0,1315.5,1315.5,21340
2026-07-21 05:41:00+00:00,1316.5999755859375,1316.5999755859375,1317.0,1316.5999755859375,1316.9000244140625,16383
2026-07-21 05:42:00+00:00,1316.0999755859375,1316.0999755859375,1316.5999755859375,1316.0999755859375,1316.5999755859375,12330
2026-07-21 05:43:00+00:00,1316.5,1316.5,1316.5999755859375,1316.4000244140625,1316.4000244140625,18560
2026-07-21 05:44:00+00:00,1316.5,1316.5,1316.5999755859375,1316.300048828125,1316.5999755859375,4978
2026-07-21 05:45:00+00:00,1315.699951171875,1315.699951171875,1316.5,1315.699951171875,1316.5,6505
2026-07-21 05:46:00+00:00,1315.699951171875,1315.699951171875,1315.699951171875,1315.5,1315.699951171875,6751
2026-07-21 05:47:00+00:00,1314.199951171875,1314.199951171875,1315.699951171875,1314.0,1315.699951171875,122518
2026-07-21 05:48:00+00:00,1314.9000244140625,1314.9000244140625,1314.9000244140625,1313.800048828125,1314.5999755859375,21031
2026-07-21 05:49:00+00:00,1314.800048828125,1314.800048828125,1314.9000244140625,1314.5,1314.9000244140625,3495
2026-07-21 05:50:00+00:00,1315.0,1315.0,1315.0,1314.699951171875,1314.699951171875,3827
2026-07-21 05:51:00+00:00,1313.9000244140625,1313.9000244140625,1315.0,1313.9000244140625,1315.0,108132
2026-07-21 05:52:00+00:00,1314.0,1314.0,1314.0,1313.699951171875,1313.699951171875,53578
2026-07-21 05:53:00+00:00,1314.0,1314.0,1314.0,1313.9000244140625,1314.0,5950
2026-07-21 05:54:00+00:00,1314.0,1314.0,1314.0,1313.9000244140625,1314.0,51142
2026-07-21 05:55:00+00:00,1313.800048828125,1313.800048828125,1314.0999755859375,1313.5999755859375,1314.0,71948
2026-07-21 05:56:00+00:00,1313.0,1313.0,1314.0,1312.699951171875,1313.9000244140625,82742
2026-07-21 05:57:00+00:00,1312.0,1312.0,1313.0,1312.0,1313.0,27611
2026-07-21 05:58:00+00:00,1312.300048828125,1312.300048828125,1312.699951171875,1311.9000244140625,1312.300048828125,12054
2026-07-21 05:59:00+00:00,1312.4000244140625,1312.4000244140625,1312.4000244140625,1312.199951171875,1312.4000244140625,4547
2026-07-21 06:00:00+00:00,1312.800048828125,1312.800048828125,1312.9000244140625,1312.300048828125,1312.4000244140625,19811
2026-07-21 06:01:00+00:00,1313.199951171875,1313.199951171875,1313.199951171875,1312.800048828125,1312.9000244140625,11569
2026-07-21 06:02:00+00:00,1313.300048828125,1313.300048828125,1313.300048828125,1312.800048828125,1313.199951171875,11638
2026-07-21 06:03:00+00:00,1314.0,1314.0,1314.0999755859375,1313.0999755859375,1313.300048828125,13669
2026-07-21 06:04:00+00:00,1313.800048828125,1313.800048828125,1313.9000244140625,1313.5999755859375,1313.699951171875,9683
2026-07-21 06:05:00+00:00,1313.800048828125,1313.800048828125,1313.9000244140625,1313.5,1313.800048828125,10487
2026-07-21 06:06:00+00:00,1313.5,1313.5,1313.9000244140625,1313.5,1313.9000244140625,10493
2026-07-21 06:07:00+00:00,1312.0,1312.0,1313.5999755859375,1312.0,1313.5999755859375,50406
2026-07-21 06:08:00+00:00,1312.800048828125,1312.800048828125,1312.9000244140625,1311.300048828125,1311.800048828125,27815
2026-07-21 06:09:00+00:00,1313.5,1313.5,1313.5,1312.800048828125,1313.0999755859375,14658
2026-07-21 06:10:00+00:00,1312.9000244140625,1312.9000244140625,1313.5,1312.0999755859375,1313.5,44763
2026-07-21 06:11:00+00:00,1313.0,1313.0,1313.0,1312.199951171875,1312.9000244140625,8041
2026-07-21 06:12:00+00:00,1312.5,1312.5,1313.0,1312.0,1313.0,10530
2026-07-21 06:13:00+00:00,1312.300048828125,1312.300048828125,1313.0,1312.199951171875,1312.5,7149
2026-07-21 06:14:00+00:00,1312.5,1312.5,1312.5999755859375,1312.0999755859375,1312.300048828125,7789
2026-07-21 06:15:00+00:00,1312.300048828125,1312.300048828125,1312.5,1312.0999755859375,1312.5,6806
2026-07-21 06:16:00+00:00,1313.199951171875,1313.199951171875,1313.300048828125,1312.300048828125,1312.4000244140625,17946
2026-07-21 06:17:00+00:00,1313.5,1313.5,1313.5999755859375,1313.0999755859375,1313.0999755859375,16660
2026-07-21 06:18:00+00:00,1313.4000244140625,1313.4000244140625,1313.5,1313.0,1313.5,5433
2026-07-21 06:19:00+00:00,1313.0,1313.0,1313.300048828125,1312.9000244140625,1313.0999755859375,2729
2026-07-21 06:20:00+00:00,1313.0,1313.0,1313.0999755859375,1312.9000244140625,1313.0,3208
2026-07-21 06:21:00+00:00,1312.800048828125,1312.800048828125,1313.0999755859375,1312.800048828125,1313.0999755859375,9075
2026-07-21 06:22:00+00:00,1312.5999755859375,1312.5999755859375,1312.9000244140625,1312.4000244140625,1312.9000244140625,4025
2026-07-21 06:23:00+00:00,1312.5,1312.5,1312.699951171875,1312.5,1312.5999755859375,6922
2026-07-21 06:24:00+00:00,1312.5999755859375,1312.5999755859375,1312.5999755859375,1312.300048828125,1312.5,3353
2026-07-21 06:25:00+00:00,1312.199951171875,1312.199951171875,1312.5999755859375,1311.9000244140625,1312.199951171875,24592
2026-07-21 06:26:00+00:00,1311.5,1311.5,1312.199951171875,1311.5,1312.0999755859375,21920
2026-07-21 06:27:00+00:00,1311.5,1311.5,1311.5999755859375,1311.5,1311.5,10723
2026-07-21 06:28:00+00:00,1311.699951171875,1311.699951171875,1311.699951171875,1311.5999755859375,1311.5999755859375,5998
2026-07-21 06:29:00+00:00,1311.800048828125,1311.800048828125,1311.800048828125,1311.699951171875,1311.699951171875,3389
2026-07-21 06:30:00+00:00,1311.9000244140625,1311.9000244140625,1311.9000244140625,1311.800048828125,1311.800048828125,7491
2026-07-21 06:31:00+00:00,1312.0,1312.0,1312.0,1311.800048828125,1311.9000244140625,9077
2026-07-21 06:32:00+00:00,1312.4000244140625,1312.4000244140625,1312.5,1312.0,1312.0,12115
2026-07-21 06:33:00+00:00,1312.4000244140625,1312.4000244140625,1312.5,1312.0,1312.4000244140625,5684
2026-07-21 06:34:00+00:00,1312.5,1312.5,1312.5,1312.4000244140625,1312.5,8097
2026-07-21 06:35:00+00:00,1312.4000244140625,1312.4000244140625,1312.5,1312.300048828125,1312.5,7539
2026-07-21 06:36:00+00:00,1312.4000244140625,1312.4000244140625,1312.5,1312.0999755859375,1312.4000244140625,12406
2026-07-21 06:37:00+00:00,1312.0,1312.0,1312.4000244140625,1312.0,1312.4000244140625,19506
2026-07-21 06:38:00+00:00,1311.199951171875,1311.199951171875,1311.9000244140625,1311.0,1311.9000244140625,22279
2026-07-21 06:39:00+00:00,1311.5,1311.5,1311.5,1311.0,1311.199951171875,18647
2026-07-21 06:40:00+00:00,1311.800048828125,1311.800048828125,1311.800048828125,1311.300048828125,1311.5,9783
2026-07-21 06:41:00+00:00,1311.800048828125,1311.800048828125,1311.800048828125,1311.699951171875,1311.800048828125,4079
2026-07-21 06:42:00+00:00,1311.0999755859375,1311.0999755859375,1311.800048828125,1311.0,1311.800048828125,21536
2026-07-21 06:43:00+00:00,1310.4000244140625,1310.4000244140625,1311.300048828125,1310.4000244140625,1311.0,33651
2026-07-21 06:44:00+00:00,1310.5999755859375,1310.5999755859375,1310.699951171875,1310.300048828125,1310.5,22761
2026-07-21 06:45:00+00:00,1310.800048828125,1310.800048828125,1310.800048828125,1310.300048828125,1310.5999755859375,7423
2026-07-21 06:46:00+00:00,1310.9000244140625,1310.9000244140625,1311.0,1310.699951171875,1310.800048828125,7825
2026-07-21 06:47:00+00:00,1311.0999755859375,1311.0999755859375,1311.0999755859375,1310.9000244140625,1310.9000244140625,3889
2026-07-21 06:48:00+00:00,1311.300048828125,1311.300048828125,1311.300048828125,1311.0,1311.0,5925
2026-07-21 06:49:00+00:00,1311.5,1311.5,1311.5999755859375,1311.300048828125,1311.300048828125,8067
2026-07-21 06:50:00+00:00,1311.0999755859375,1311.0999755859375,1311.5,1311.0,1311.5,14287
2026-07-21 06:51:00+00:00,1311.699951171875,1311.699951171875,1311.699951171875,1311.300048828125,1311.4000244140625,7323
2026-07-21 06:52:00+00:00,1311.5,1311.5,1311.699951171875,1311.300048828125,1311.699951171875,11414
2026-07-21 06:53:00+00:00,1311.800048828125,1311.800048828125,1311.800048828125,1311.5,1311.5,30616
2026-07-21 06:54:00+00:00,1311.0,1311.0,1311.5,1310.699951171875,1311.300048828125,43053
2026-07-21 06:55:00+00:00,1311.0,1311.0,1311.4000244140625,1310.9000244140625,1311.0,15460
2026-07-21 06:56:00+00:00,1311.4000244140625,1311.4000244140625,1311.4000244140625,1311.199951171875,1311.199951171875,8946
2026-07-21 06:57:00+00:00,1311.0999755859375,1311.0999755859375,1311.5,1310.9000244140625,1311.4000244140625,6804
2026-07-21 06:58:00+00:00,1310.5,1310.5,1311.300048828125,1310.5,1311.300048828125,15074
2026-07-21 06:59:00+00:00,1309.9000244140625,1309.9000244140625,1310.5999755859375,1309.9000244140625,1310.5999755859375,73495
2026-07-21 07:00:00+00:00,1310.0,1310.0,1310.0,1309.300048828125,1309.9000244140625,16484
2026-07-21 07:01:00+00:00,1310.0,1310.0,1310.0,1309.699951171875,1310.0,3916
2026-07-21 07:02:00+00:00,1309.9000244140625,1309.9000244140625,1310.0,1309.9000244140625,1310.0,31374
2026-07-21 07:03:00+00:00,1310.800048828125,1310.800048828125,1310.800048828125,1309.9000244140625,1310.0,110646
2026-07-21 07:04:00+00:00,1311.0999755859375,1311.0999755859375,1311.199951171875,1310.5999755859375,1310.800048828125,30956
2026-07-21 07:05:00+00:00,1311.300048828125,1311.300048828125,1311.300048828125,1310.699951171875,1311.199951171875,36134
2026-07-21 07:06:00+00:00,1311.4000244140625,1311.4000244140625,1311.4000244140625,1310.699951171875,1311.0,14640
2026-07-21 07:07:00+00:00,1311.199951171875,1311.199951171875,1311.800048828125,1311.0,1311.4000244140625,21993
2026-07-21 07:08:00+00:00,1311.5,1311.5,1311.5,1311.300048828125,1311.5,4894
2026-07-21 07:09:00+00:00,1311.0,1311.0,1311.5,1310.9000244140625,1311.5,10674
2026-07-21 07:10:00+00:00,1310.800048828125,1310.800048828125,1311.0999755859375,1310.300048828125,1311.0,9671
2026-07-21 07:11:00+00:00,1310.300048828125,1310.300048828125,1310.300048828125,1310.0999755859375,1310.199951171875,16684
2026-07-21 07:12:00+00:00,1309.9000244140625,1309.9000244140625,1310.199951171875,1309.699951171875,1310.0999755859375,20308
2026-07-21 07:13:00+00:00,1310.0,1310.0,1310.0,1309.5,1309.9000244140625,14967
2026-07-21 07:14:00+00:00,1309.699951171875,1309.699951171875,1310.0,1309.4000244140625,1310.0,11435
2026-07-21 07:15:00+00:00,1310.199951171875,1310.199951171875,1310.199951171875,1309.800048828125,1309.800048828125,16847
2026-07-21 07:16:00+00:00,1310.0999755859375,1310.0999755859375,1310.199951171875,1310.0,1310.199951171875,5005
2026-07-21 07:17:00+00:00,1310.0,1310.0,1310.199951171875,1310.0,1310.0999755859375,11111
2026-07-21 07:18:00+00:00,1310.0,1310.0,1310.199951171875,1309.9000244140625,1309.9000244140625,10775
2026-07-21 07:19:00+00:00,1309.5999755859375,1309.5999755859375,1310.0,1309.0,1310.0,38084
2026-07-21 07:20:00+00:00,1308.9000244140625,1308.9000244140625,1309.5999755859375,1308.5999755859375,1309.0999755859375,21008
2026-07-21 07:21:00+00:00,1308.5999755859375,1308.5999755859375,1308.9000244140625,1308.4000244140625,1308.9000244140625,14492
2026-07-21 07:22:00+00:00,1308.5999755859375,1308.5999755859375,1308.800048828125,1308.300048828125,1308.300048828125,16590
2026-07-21 07:23:00+00:00,1308.0999755859375,1308.0999755859375,1308.5999755859375,1307.9000244140625,1308.5999755859375,22628
2026-07-21 07:24:00+00:00,1308.0999755859375,1308.0999755859375,1308.4000244140625,1308.0,1308.199951171875,9212
2026-07-21 07:25:00+00:00,1308.4000244140625,1308.4000244140625,1308.4000244140625,1308.0999755859375,1308.0999755859375,10196
2026-07-21 07:26:00+00:00,1308.300048828125,1308.300048828125,1308.4000244140625,1308.199951171875,1308.4000244140625,6318
2026-07-21 07:27:00+00:00,1308.0999755859375,1308.0999755859375,1308.300048828125,1307.9000244140625,1308.300048828125,21144
2026-07-21 07:28:00+00:00,1307.5999755859375,1307.5999755859375,1308.0999755859375,1307.300048828125,1308.0,13253
2026-07-21 07:29:00+00:00,1307.199951171875,1307.199951171875,1307.5999755859375,1307.199951171875,1307.4000244140625,9481
2026-07-21 07:30:00+00:00,1306.5,1306.5,1307.5,1306.5,1307.5,25653
2026-07-21 07:31:00+00:00,1308.199951171875,1308.199951171875,1308.4000244140625,1305.4000244140625,1306.5999755859375,136853
2026-07-21 07:32:00+00:00,1308.300048828125,1308.300048828125,1309.199951171875,1308.199951171875,1309.199951171875,61176
2026-07-21 07:33:00+00:00,1308.0,1308.0,1308.300048828125,1308.0,1308.300048828125,13957
2026-07-21 07:34:00+00:00,1306.9000244140625,1306.9000244140625,1308.0999755859375,1306.800048828125,1308.0,54961
2026-07-21 07:35:00+00:00,1307.4000244140625,1307.4000244140625,1307.5,1306.800048828125,1307.0999755859375,12997
2026-07-21 07:36:00+00:00,1307.5999755859375,1307.5999755859375,1307.5999755859375,1307.0999755859375,1307.4000244140625,10621
2026-07-21 07:37:00+00:00,1306.9000244140625,1306.9000244140625,1307.5,1306.9000244140625,1307.300048828125,10582
2026-07-21 07:38:00+00:00,1307.199951171875,1307.199951171875,1307.300048828125,1306.5999755859375,1307.0,9298
2026-07-21 07:39:00+00:00,1307.800048828125,1307.800048828125,1307.800048828125,1307.0,1307.199951171875,13950
2026-07-21 07:40:00+00:00,1306.9000244140625,1306.9000244140625,1307.699951171875,1306.9000244140625,1307.699951171875,14541
2026-07-21 07:41:00+00:00,1307.0,1307.0,1307.0,1305.800048828125,1306.9000244140625,131994
2026-07-21 07:42:00+00:00,1306.4000244140625,1306.4000244140625,1307.199951171875,1306.199951171875,1307.199951171875,39834
2026-07-21 07:43:00+00:00,1306.0999755859375,1306.0999755859375,1306.4000244140625,1306.0,1306.4000244140625,12876
2026-07-21 07:44:00+00:00,1305.9000244140625,1305.9000244140625,1306.300048828125,1305.800048828125,1306.300048828125,11822
2026-07-21 07:45:00+00:00,1305.0999755859375,1305.0999755859375,1305.800048828125,1305.0,1305.699951171875,28945
2026-07-21 07:46:00+00:00,1305.0,1305.0,1305.300048828125,1304.5999755859375,1305.300048828125,66197
2026-07-21 07:47:00+00:00,1305.300048828125,1305.300048828125,1305.300048828125,1304.5999755859375,1305.0,19590
2026-07-21 07:48:00+00:00,1305.5999755859375,1305.5999755859375,1305.800048828125,1305.199951171875,1305.300048828125,17040
2026-07-21 07:49:00+00:00,1305.5999755859375,1305.5999755859375,1305.5999755859375,1305.4000244140625,1305.5999755859375,12330
2026-07-21 07:50:00+00:00,1305.5999755859375,1305.5999755859375,1305.800048828125,1305.0999755859375,1305.5999755859375,19061
2026-07-21 07:51:00+00:00,1305.300048828125,1305.300048828125,1305.5999755859375,1305.199951171875,1305.5999755859375,17412
2026-07-21 07:52:00+00:00,1305.4000244140625,1305.4000244140625,1305.4000244140625,1305.0,1305.300048828125,22173
2026-07-21 07:53:00+00:00,1306.0999755859375,1306.0999755859375,1306.0999755859375,1305.300048828125,1305.4000244140625,40347
2026-07-21 07:54:00+00:00,1306.199951171875,1306.199951171875,1306.300048828125,1306.0,1306.0999755859375,16432
2026-07-21 07:55:00+00:00,1307.199951171875,1307.199951171875,1307.199951171875,1306.0,1306.199951171875,33739
2026-07-21 07:56:00+00:00,1307.9000244140625,1307.9000244140625,1308.4000244140625,1307.0,1307.199951171875,58278
2026-07-21 07:57:00+00:00,1308.0999755859375,1308.0999755859375,1308.0999755859375,1307.300048828125,1307.9000244140625,25308
2026-07-21 07:58:00+00:00,1308.0999755859375,1308.0999755859375,1308.0999755859375,1307.5999755859375,1308.0,32664
2026-07-21 07:59:00+00:00,1308.0,1308.0,1308.0999755859375,1307.5,1308.0999755859375,42539
2026-07-21 08:00:00+00:00,1307.5999755859375,1307.5999755859375,1308.0,1307.5,1307.9000244140625,23173
2026-07-21 08:01:00+00:00,1307.5,1307.5,1307.5999755859375,1307.0999755859375,1307.5999755859375,11854
2026-07-21 08:02:00+00:00,1307.300048828125,1307.300048828125,1307.5,1306.9000244140625,1307.5,44808
2026-07-21 08:03:00+00:00,1306.4000244140625,1306.4000244140625,1307.4000244140625,1306.199951171875,1307.300048828125,72027
2026-07-21 08:04:00+00:00,1307.0,1307.0,1307.699951171875,1306.199951171875,1307.0999755859375,111638
2026-07-21 08:05:00+00:00,1307.300048828125,1307.300048828125,1307.5999755859375,1307.0,1307.0999755859375,22998
2026-07-21 08:06:00+00:00,1308.0999755859375,1308.0999755859375,1308.0999755859375,1307.300048828125,1307.300048828125,64035
2026-07-21 08:07:00+00:00,1308.4000244140625,1308.4000244140625,1308.800048828125,1308.0,1308.0,49010
2026-07-21 08:08:00+00:00,1308.4000244140625,1308.4000244140625,1309.0999755859375,1308.199951171875,1308.4000244140625,38775
2026-07-21 08:09:00+00:00,1309.0,1309.0,1309.0999755859375,1308.199951171875,1308.800048828125,29481
2026-07-21 08:10:00+00:00,1309.9000244140625,1309.9000244140625,1309.9000244140625,1309.0,1309.0999755859375,62498
2026-07-21 08:11:00+00:00,1309.4000244140625,1309.4000244140625,1309.9000244140625,1309.199951171875,1309.9000244140625,50849
2026-07-21 08:12:00+00:00,1308.9000244140625,1308.9000244140625,1309.5999755859375,1308.9000244140625,1309.4000244140625,18306
2026-07-21 08:13:00+00:00,1308.9000244140625,1308.9000244140625,1309.0999755859375,1308.0999755859375,1308.9000244140625,93866
2026-07-21 08:14:00+00:00,1309.5999755859375,1309.5999755859375,1309.800048828125,1308.800048828125,1308.9000244140625,12828
2026-07-21 08:15:00+00:00,1309.5,1309.5,1309.800048828125,1309.4000244140625,1309.5999755859375,30924
2026-07-21 08:16:00+00:00,1309.0,1309.0,1309.5,1309.0,1309.4000244140625,17646
2026-07-21 08:17:00+00:00,1308.5,1308.5,1309.0999755859375,1308.300048828125,1309.0999755859375,31497
2026-07-21 08:18:00+00:00,1308.4000244140625,1308.4000244140625,1309.5999755859375,1308.4000244140625,1308.9000244140625,54770
2026-07-21 08:19:00+00:00,1308.800048828125,1308.800048828125,1309.0999755859375,1308.0,1308.800048828125,57507
2026-07-21 08:20:00+00:00,1308.300048828125,1308.300048828125,1309.199951171875,1308.300048828125,1309.0,52065
2026-07-21 08:21:00+00:00,1307.699951171875,1307.699951171875,1308.4000244140625,1307.300048828125,1308.300048828125,43704
2026-07-21 08:22:00+00:00,1307.699951171875,1307.699951171875,1307.800048828125,1307.699951171875,1307.800048828125,10531
2026-07-21 08:23:00+00:00,1308.0,1308.0,1308.300048828125,1307.699951171875,1307.699951171875,27612
2026-07-21 08:24:00+00:00,1308.4000244140625,1308.4000244140625,1308.4000244140625,1308.0,1308.0,9702
2026-07-21 08:25:00+00:00,1307.0,1307.0,1308.4000244140625,1306.9000244140625,1308.4000244140625,54104
2026-07-21 08:26:00+00:00,1306.4000244140625,1306.4000244140625,1307.199951171875,1306.4000244140625,1307.199951171875,29326
2026-07-21 08:27:00+00:00,1306.4000244140625,1306.4000244140625,1306.5999755859375,1306.0999755859375,1306.5999755859375,53847
2026-07-21 08:28:00+00:00,1306.300048828125,1306.300048828125,1306.5,1306.300048828125,1306.300048828125,21290
2026-07-21 08:29:00+00:00,1306.0999755859375,1306.0999755859375,1306.0999755859375,1305.9000244140625,1306.0999755859375,58541
2026-07-21 08:30:00+00:00,1306.300048828125,1306.300048828125,1306.4000244140625,1305.9000244140625,1306.0999755859375,10627
2026-07-21 08:31:00+00:00,1305.9000244140625,1305.9000244140625,1306.4000244140625,1305.9000244140625,1306.4000244140625,29498
2026-07-21 08:32:00+00:00,1306.300048828125,1306.300048828125,1306.4000244140625,1305.800048828125,1306.300048828125,14179
2026-07-21 08:33:00+00:00,1305.699951171875,1305.699951171875,1306.4000244140625,1305.699951171875,1306.4000244140625,33813
2026-07-21 08:34:00+00:00,1306.0,1306.0,1306.300048828125,1305.699951171875,1306.300048828125,33050
2026-07-21 08:35:00+00:00,1306.4000244140625,1306.4000244140625,1306.4000244140625,1305.800048828125,1306.0,37781
2026-07-21 08:36:00+00:00,1306.5,1306.5,1306.5,1306.0999755859375,1306.4000244140625,13585
2026-07-21 08:37:00+00:00,1306.0,1306.0,1306.5999755859375,1306.0,1306.5,26078
2026-07-21 08:38:00+00:00,1305.0999755859375,1305.0999755859375,1306.199951171875,1305.0,1305.9000244140625,44610
2026-07-21 08:39:00+00:00,1304.800048828125,1304.800048828125,1305.0999755859375,1304.5999755859375,1305.0999755859375,31856
2026-07-21 08:40:00+00:00,1304.800048828125,1304.800048828125,1305.0,1304.5999755859375,1304.9000244140625,31677
2026-07-21 08:41:00+00:00,1304.5,1304.5,1305.0,1304.300048828125,1305.0,21901
2026-07-21 08:42:00+00:00,1305.0,1305.0,1305.800048828125,1304.4000244140625,1304.5,45705
2026-07-21 08:43:00+00:00,1304.800048828125,1304.800048828125,1305.0,1304.699951171875,1305.0,14971
2026-07-21 08:44:00+00:00,1305.0,1305.0,1305.0999755859375,1304.800048828125,1304.9000244140625,33361
2026-07-21 08:45:00+00:00,1305.699951171875,1305.699951171875,1305.699951171875,1305.0,1305.0999755859375,26539
2026-07-21 08:46:00+00:00,1304.5,1304.5,1305.800048828125,1304.5,1305.699951171875,50450
2026-07-21 08:47:00+00:00,1304.4000244140625,1304.4000244140625,1304.5999755859375,1303.5,1304.0999755859375,128261
2026-07-21 08:48:00+00:00,1304.4000244140625,1304.4000244140625,1304.800048828125,1303.5999755859375,1304.5999755859375,138413
2026-07-21 08:49:00+00:00,1306.9000244140625,1306.9000244140625,1306.9000244140625,1304.0,1304.4000244140625,191334
2026-07-21 08:50:00+00:00,1305.0,1305.0,1307.4000244140625,1304.4000244140625,1307.0,115671
2026-07-21 08:51:00+00:00,1305.199951171875,1305.199951171875,1305.199951171875,1304.300048828125,1304.300048828125,37502
2026-07-21 08:52:00+00:00,1305.800048828125,1305.800048828125,1305.9000244140625,1305.0999755859375,1305.199951171875,50783
2026-07-21 08:53:00+00:00,1306.199951171875,1306.199951171875,1306.5,1305.5999755859375,1305.800048828125,28526
2026-07-21 08:54:00+00:00,1306.199951171875,1306.199951171875,1306.5,1305.699951171875,1306.199951171875,46938
2026-07-21 08:55:00+00:00,1305.5,1305.5,1306.199951171875,1305.4000244140625,1306.199951171875,14163
2026-07-21 08:56:00+00:00,1305.9000244140625,1305.9000244140625,1306.199951171875,1305.4000244140625,1305.5,37124
2026-07-21 08:57:00+00:00,1306.0,1306.0,1306.0999755859375,1305.800048828125,1305.9000244140625,24693
2026-07-21 08:58:00+00:00,1305.5,1305.5,1306.4000244140625,1305.4000244140625,1305.800048828125,38474
2026-07-21 08:59:00+00:00,1305.5,1305.5,1305.5,1305.0,1305.5,41550
2026-07-21 09:00:00+00:00,1305.5,1305.5,1305.699951171875,1305.0,1305.5,43774
2026-07-21 09:01:00+00:00,1305.699951171875,1305.699951171875,1305.699951171875,1304.9000244140625,1305.5999755859375,37187
2026-07-21 09:02:00+00:00,1305.199951171875,1305.199951171875,1305.800048828125,1305.199951171875,1305.800048828125,60413
2026-07-21 09:03:00+00:00,1305.300048828125,1305.300048828125,1305.800048828125,1305.0999755859375,1305.699951171875,68064
2026-07-21 09:04:00+00:00,1305.199951171875,1305.199951171875,1305.5,1305.0,1305.199951171875,59801
2026-07-21 09:05:00+00:00,1305.4000244140625,1305.4000244140625,1305.699951171875,1305.0999755859375,1305.300048828125,72350
2026-07-21 09:06:00+00:00,1304.199951171875,1304.199951171875,1305.5999755859375,1304.199951171875,1305.5999755859375,53117
2026-07-21 09:07:00+00:00,1304.5999755859375,1304.5999755859375,1304.800048828125,1304.0,1304.5999755859375,48769
2026-07-21 09:08:00+00:00,1304.199951171875,1304.199951171875,1304.9000244140625,1304.199951171875,1304.199951171875,50756
2026-07-21 09:09:00+00:00,1304.0,1304.0,1304.5999755859375,1303.800048828125,1304.5999755859375,43042
2026-07-21 09:10:00+00:00,1305.5,1305.5,1305.699951171875,1304.300048828125,1304.300048828125,52020
2026-07-21 09:11:00+00:00,1305.4000244140625,1305.4000244140625,1305.5999755859375,1305.0999755859375,1305.5999755859375,31640
2026-07-21 09:12:00+00:00,1305.199951171875,1305.199951171875,1305.4000244140625,1305.0999755859375,1305.4000244140625,10221
2026-07-21 09:13:00+00:00,1305.199951171875,1305.199951171875,1305.4000244140625,1305.0999755859375,1305.4000244140625,27092
2026-07-21 09:14:00+00:00,1305.199951171875,1305.199951171875,1305.199951171875,1305.0999755859375,1305.199951171875,16929
2026-07-21 09:15:00+00:00,1305.300048828125,1305.300048828125,1305.300048828125,1305.199951171875,1305.199951171875,10990
2026-07-21 09:16:00+00:00,1304.800048828125,1304.800048828125,1305.300048828125,1304.800048828125,1305.199951171875,29990
2026-07-21 09:17:00+00:00,1303.5999755859375,1303.5999755859375,1304.699951171875,1303.5999755859375,1304.699951171875,65605
2026-07-21 09:18:00+00:00,1304.699951171875,1304.699951171875,1304.800048828125,1303.5999755859375,1303.699951171875,56469
2026-07-21 09:19:00+00:00,1304.5,1304.5,1304.699951171875,1304.199951171875,1304.699951171875,22361
2026-07-21 09:20:00+00:00,1303.9000244140625,1303.9000244140625,1304.699951171875,1303.699951171875,1304.5999755859375,84031
2026-07-21 09:21:00+00:00,1303.9000244140625,1303.9000244140625,1303.9000244140625,1303.5,1303.800048828125,78693
2026-07-21 09:22:00+00:00,1303.300048828125,1303.300048828125,1303.9000244140625,1303.199951171875,1303.800048828125,67365
2026-07-21 09:23:00+00:00,1303.9000244140625,1303.9000244140625,1304.0,1303.0999755859375,1303.300048828125,34719
2026-07-21 09:24:00+00:00,1304.0,1304.0,1304.0999755859375,1303.800048828125,1304.0,32102
2026-07-21 09:25:00+00:00,1304.0,1304.0,1304.0999755859375,1303.5999755859375,1304.0999755859375,46800
2026-07-21 09:26:00+00:00,1304.699951171875,1304.699951171875,1304.699951171875,1304.0,1304.0999755859375,38995
2026-07-21 09:27:00+00:00,1304.5,1304.5,1304.699951171875,1304.199951171875,1304.5999755859375,21436
2026-07-21 09:28:00+00:00,1304.300048828125,1304.300048828125,1304.5,1304.0,1304.5,32019
2026-07-21 09:29:00+00:00,1303.5,1303.5,1304.9000244140625,1303.5,1304.300048828125,55281
2026-07-21 09:30:00+00:00,1304.0999755859375,1304.0999755859375,1304.0999755859375,1303.5,1303.5,49717
2026-07-21 09:31:00+00:00,1304.199951171875,1304.199951171875,1304.199951171875,1303.800048828125,1304.0999755859375,53246
2026-07-21 09:32:00+00:00,1304.0999755859375,1304.0999755859375,1304.5,1304.0999755859375,1304.0999755859375,60650
2026-07-21 09:33:00+00:00,1303.4000244140625,1303.4000244140625,1304.300048828125,1303.199951171875,1304.0999755859375,68455
2026-07-21 09:34:00+00:00,1303.4000244140625,1303.4000244140625,1303.699951171875,1303.300048828125,1303.4000244140625,84939
2026-07-21 09:35:00+00:00,1304.0,1304.0,1304.4000244140625,1303.199951171875,1303.199951171875,199549
2026-07-21 09:36:00+00:00,1304.199951171875,1304.199951171875,1304.300048828125,1304.0,1304.300048828125,86668
2026-07-21 09:37:00+00:00,1304.0999755859375,1304.0999755859375,1304.300048828125,1303.300048828125,1304.199951171875,156655
2026-07-21 09:38:00+00:00,1304.0,1304.0,1304.4000244140625,1303.9000244140625,1304.0999755859375,101268
2026-07-21 09:39:00+00:00,1303.800048828125,1303.800048828125,1304.0999755859375,1303.800048828125,1304.0999755859375,45705
2026-07-21 09:40:00+00:00,1303.5999755859375,1303.5999755859375,1303.9000244140625,1303.5999755859375,1303.800048828125,42802
2026-07-21 09:41:00+00:00,1304.0999755859375,1304.0999755859375,1304.0999755859375,1303.5999755859375,1303.699951171875,80379
2026-07-21 09:42:00+00:00,1304.4000244140625,1304.4000244140625,1304.4000244140625,1304.0999755859375,1304.0999755859375,72678
2026-07-21 09:43:00+00:00,1303.800048828125,1303.800048828125,1304.4000244140625,1303.699951171875,1304.4000244140625,50661
2026-07-21 09:44:00+00:00,1303.5999755859375,1303.5999755859375,1303.9000244140625,1303.0999755859375,1303.9000244140625,84090
2026-07-21 09:45:00+00:00,1304.0,1304.0,1304.0,1303.5999755859375,1303.5999755859375,51998
2026-07-21 09:46:00+00:00,1303.699951171875,1303.699951171875,1304.0,1303.5999755859375,1303.9000244140625,54287
2026-07-21 09:47:00+00:00,1303.5999755859375,1303.5999755859375,1303.699951171875,1303.5999755859375,1303.699951171875,44959
2026-07-21 09:48:00+00:00,1303.800048828125,1303.800048828125,1303.9000244140625,1303.199951171875,1303.699951171875,68174
2026-07-21 09:49:00+00:00,1303.5,1303.5,1303.9000244140625,1303.5,1303.9000244140625,61485
2026-07-21 09:50:00+00:00,1303.199951171875,1303.199951171875,1303.300048828125,1303.0,1303.199951171875,103737
2026-07-21 09:51:00+00:00,1303.199951171875,1303.199951171875,1303.4000244140625,1303.0,1303.300048828125,80569
2026-07-21 09:52:00+00:00,1303.0,1303.0,1303.199951171875,1302.9000244140625,1303.199951171875,70521
2026-07-21 09:53:00+00:00,1302.800048828125,1302.800048828125,1303.0999755859375,1302.800048828125,1303.0999755859375,67919
2026-07-21 09:54:00+00:00,1303.199951171875,1303.199951171875,1303.199951171875,1303.0,1303.0,90753
2026-07-21 09:55:00+00:00,1303.199951171875,1303.199951171875,1303.300048828125,1302.9000244140625,1303.0999755859375,102850
2026-07-21 09:56:00+00:00,1303.5,1303.5,1303.5,1303.300048828125,1303.300048828125,55986
2026-07-21 09:57:00+00:00,1303.5999755859375,1303.5999755859375,1304.0,1303.4000244140625,1303.4000244140625,68292
2026-07-21 09:58:00+00:00,1304.0,1304.0,1304.199951171875,1303.5999755859375,1304.199951171875,73979
2026-07-21 09:59:00+00:00,1304.4000244140625,1304.4000244140625,1304.5,1303.5,1303.9000244140625,36764
2026-07-22 03:45:00+00:00,1299.199951171875,1299.199951171875,1303.699951171875,1298.5,1302.0,0
2026-07-22 03:46:00+00:00,1299.699951171875,1299.699951171875,1301.800048828125,1298.300048828125,1299.300048828125,95247
2026-07-22 03:47:00+00:00,1300.800048828125,1300.800048828125,1301.5999755859375,1299.5999755859375,1300.199951171875,78880
2026-07-22 03:48:00+00:00,1300.800048828125,1300.800048828125,1301.0999755859375,1299.0,1301.0999755859375,66955
2026-07-22 03:49:00+00:00,1300.5999755859375,1300.5999755859375,1300.9000244140625,1299.699951171875,1300.9000244140625,38788
2026-07-22 03:50:00+00:00,1301.4000244140625,1301.4000244140625,1301.4000244140625,1300.800048828125,1300.800048828125,53476
2026-07-22 03:51:00+00:00,1300.199951171875,1300.199951171875,1301.800048828125,1300.0,1301.4000244140625,40828
2026-07-22 03:52:00+00:00,1299.0,1299.0,1300.199951171875,1299.0,1300.199951171875,41340
2026-07-22 03:53:00+00:00,1299.800048828125,1299.800048828125,1299.800048828125,1299.300048828125,1299.5,19274
2026-07-22 03:54:00+00:00,1300.9000244140625,1300.9000244140625,1300.9000244140625,1299.699951171875,1299.800048828125,31067
2026-07-22 03:55:00+00:00,1301.5,1301.5,1301.699951171875,1300.800048828125,1300.800048828125,24033
2026-07-22 03:56:00+00:00,1300.699951171875,1300.699951171875,1301.5,1300.199951171875,1301.5,40992
2026-07-22 03:57:00+00:00,1300.0999755859375,1300.0999755859375,1300.5999755859375,1300.0,1300.5999755859375,17109
2026-07-22 03:58:00+00:00,1299.4000244140625,1299.4000244140625,1300.0999755859375,1299.0999755859375,1300.0999755859375,31101
2026-07-22 03:59:00+00:00,1299.0999755859375,1299.0999755859375,1299.699951171875,1299.0999755859375,1299.5,21042
2026-07-22 04:00:00+00:00,1299.800048828125,1299.800048828125,1300.300048828125,1299.300048828125,1299.4000244140625,37319
2026-07-22 04:01:00+00:00,1296.0999755859375,1296.0999755859375,1299.5999755859375,1296.0999755859375,1299.5999755859375,68226
2026-07-22 04:02:00+00:00,1295.699951171875,1295.699951171875,1296.300048828125,1294.199951171875,1295.9000244140625,165965
2026-07-22 04:03:00+00:00,1295.0,1295.0,1295.4000244140625,1293.5,1295.4000244140625,73913
2026-07-22 04:04:00+00:00,1294.5,1294.5,1295.300048828125,1294.5,1295.0999755859375,23771
2026-07-22 04:05:00+00:00,1294.5,1294.5,1294.9000244140625,1294.199951171875,1294.5,19466
2026-07-22 04:06:00+00:00,1294.0,1294.0,1294.9000244140625,1293.199951171875,1294.9000244140625,36417
2026-07-22 04:07:00+00:00,1294.4000244140625,1294.4000244140625,1294.4000244140625,1293.800048828125,1294.0,22520
2026-07-22 04:08:00+00:00,1295.9000244140625,1295.9000244140625,1296.0,1294.300048828125,1294.300048828125,19320
2026-07-22 04:09:00+00:00,1297.199951171875,1297.199951171875,1297.5,1295.699951171875,1295.800048828125,45413
2026-07-22 04:10:00+00:00,1297.0,1297.0,1297.5,1297.0,1297.4000244140625,26912
2026-07-22 04:11:00+00:00,1296.5999755859375,1296.5999755859375,1297.0999755859375,1296.4000244140625,1297.0,17215
2026-07-22 04:12:00+00:00,1295.0999755859375,1295.0999755859375,1296.5,1295.0999755859375,1296.5,24345
2026-07-22 04:13:00+00:00,1294.5999755859375,1294.5999755859375,1295.0999755859375,1294.5,1295.0999755859375,19359
2026-07-22 04:14:00+00:00,1294.5,1294.5,1294.699951171875,1294.300048828125,1294.4000244140625,15062
2026-07-22 04:15:00+00:00,1295.199951171875,1295.199951171875,1295.4000244140625,1294.5999755859375,1294.5999755859375,18886
2026-07-22 04:16:00+00:00,1295.0999755859375,1295.0999755859375,1295.5,1294.9000244140625,1295.4000244140625,26904
2026-07-22 04:17:00+00:00,1295.0,1295.0,1295.300048828125,1294.9000244140625,1295.199951171875,15079
2026-07-22 04:18:00+00:00,1295.0,1295.0,1295.300048828125,1295.0,1295.0,24822
2026-07-22 04:19:00+00:00,1295.5,1295.5,1295.5,1295.0999755859375,1295.300048828125,12891
2026-07-22 04:20:00+00:00,1296.0,1296.0,1296.0,1295.199951171875,1295.4000244140625,12980
2026-07-22 04:21:00+00:00,1297.0,1297.0,1297.0,1296.0,1296.0,13171
2026-07-22 04:22:00+00:00,1297.0999755859375,1297.0999755859375,1297.300048828125,1296.800048828125,1297.0,13599
2026-07-22 04:23:00+00:00,1296.4000244140625,1296.4000244140625,1297.199951171875,1296.300048828125,1297.0999755859375,22314
2026-07-22 04:24:00+00:00,1296.0999755859375,1296.0999755859375,1296.699951171875,1296.0,1296.4000244140625,12235
2026-07-22 04:25:00+00:00,1295.0999755859375,1295.0999755859375,1296.0999755859375,1295.0999755859375,1296.0,17261
2026-07-22 04:26:00+00:00,1295.5,1295.5,1296.0,1295.0999755859375,1295.0999755859375,14030
2026-07-22 04:27:00+00:00,1295.9000244140625,1295.9000244140625,1295.9000244140625,1295.199951171875,1295.199951171875,14131
2026-07-22 04:28:00+00:00,1296.0999755859375,1296.0999755859375,1296.199951171875,1295.5999755859375,1295.9000244140625,10810
2026-07-22 04:29:00+00:00,1296.0,1296.0,1296.5,1296.0,1296.0999755859375,18643
2026-07-22 04:30:00+00:00,1295.199951171875,1295.199951171875,1296.0,1295.0999755859375,1296.0,13735
2026-07-22 04:31:00+00:00,1295.0,1295.0,1295.4000244140625,1295.0,1295.4000244140625,16590
2026-07-22 04:32:00+00:00,1295.199951171875,1295.199951171875,1295.199951171875,1294.800048828125,1295.0999755859375,16822
2026-07-22 04:33:00+00:00,1294.0999755859375,1294.0999755859375,1295.199951171875,1294.0999755859375,1295.0999755859375,32090
2026-07-22 04:34:00+00:00,1293.0999755859375,1293.0999755859375,1294.5,1293.0999755859375,1294.0999755859375,53092
2026-07-22 04:35:00+00:00,1293.800048828125,1293.800048828125,1293.9000244140625,1292.300048828125,1293.0999755859375,54465
2026-07-22 04:36:00+00:00,1294.800048828125,1294.800048828125,1294.9000244140625,1293.800048828125,1293.800048828125,25865
2026-07-22 04:37:00+00:00,1294.300048828125,1294.300048828125,1294.800048828125,1293.5,1294.800048828125,29884
2026-07-22 04:38:00+00:00,1295.0,1295.0,1295.0,1294.0,1294.300048828125,14531
2026-07-22 04:39:00+00:00,1294.800048828125,1294.800048828125,1295.0,1294.0999755859375,1295.0,13894
2026-07-22 04:40:00+00:00,1294.5999755859375,1294.5999755859375,1294.800048828125,1294.199951171875,1294.800048828125,9496
2026-07-22 04:41:00+00:00,1294.5999755859375,1294.5999755859375,1294.699951171875,1294.5,1294.699951171875,9420
2026-07-22 04:42:00+00:00,1294.199951171875,1294.199951171875,1294.5999755859375,1294.199951171875,1294.5,11493
2026-07-22 04:43:00+00:00,1294.5,1294.5,1294.5,1294.199951171875,1294.199951171875,10052
2026-07-22 04:44:00+00:00,1293.0999755859375,1293.0999755859375,1294.5999755859375,1293.0999755859375,1294.5999755859375,30584
2026-07-22 04:45:00+00:00,1292.4000244140625,1292.4000244140625,1293.0,1292.0999755859375,1293.0,31349
2026-07-22 04:46:00+00:00,1291.199951171875,1291.199951171875,1292.4000244140625,1291.199951171875,1292.4000244140625,53350
2026-07-22 04:47:00+00:00,1291.5,1291.5,1291.9000244140625,1291.4000244140625,1291.4000244140625,25310
2026-07-22 04:48:00+00:00,1291.4000244140625,1291.4000244140625,1291.699951171875,1291.199951171875,1291.5999755859375,34351
2026-07-22 04:49:00+00:00,1289.5,1289.5,1291.0999755859375,1289.300048828125,1291.0,165595
2026-07-22 04:50:00+00:00,1289.800048828125,1289.800048828125,1290.0,1289.300048828125,1289.5,33370
2026-07-22 04:51:00+00:00,1288.0999755859375,1288.0999755859375,1289.800048828125,1288.0999755859375,1289.800048828125,55450
2026-07-22 04:52:00+00:00,1288.0999755859375,1288.0999755859375,1289.0999755859375,1288.0999755859375,1288.699951171875,50393
2026-07-22 04:53:00+00:00,1288.199951171875,1288.199951171875,1288.5999755859375,1288.0,1288.0999755859375,55601
2026-07-22 04:54:00+00:00,1288.4000244140625,1288.4000244140625,1288.4000244140625,1288.0,1288.199951171875,33947
2026-07-22 04:55:00+00:00,1288.300048828125,1288.300048828125,1288.4000244140625,1287.699951171875,1288.4000244140625,52076
2026-07-22 04:56:00+00:00,1288.5,1288.5,1289.0,1288.0,1288.300048828125,32205
2026-07-22 04:57:00+00:00,1289.0999755859375,1289.0999755859375,1289.5,1288.300048828125,1288.5,46400
2026-07-22 04:58:00+00:00,1290.300048828125,1290.300048828125,1290.300048828125,1289.0999755859375,1289.300048828125,40348
2026-07-22 04:59:00+00:00,1291.0,1291.0,1291.300048828125,1290.0999755859375,1290.5,106252
2026-07-22 05:00:00+00:00,1290.5,1290.5,1291.199951171875,1290.300048828125,1291.0999755859375,22629
2026-07-22 05:01:00+00:00,1290.4000244140625,1290.4000244140625,1290.699951171875,1290.0999755859375,1290.699951171875,13237
2026-07-22 05:02:00+00:00,1289.5,1289.5,1290.5,1289.5,1290.4000244140625,24731
2026-07-22 05:03:00+00:00,1290.199951171875,1290.199951171875,1290.300048828125,1289.0999755859375,1289.199951171875,87479
2026-07-22 05:04:00+00:00,1289.800048828125,1289.800048828125,1290.0999755859375,1289.5,1290.0,19025
2026-07-22 05:05:00+00:00,1289.4000244140625,1289.4000244140625,1289.800048828125,1289.199951171875,1289.800048828125,8502
2026-07-22 05:06:00+00:00,1289.5,1289.5,1289.800048828125,1289.300048828125,1289.4000244140625,7325
2026-07-22 05:07:00+00:00,1289.699951171875,1289.699951171875,1289.800048828125,1289.5,1289.5,9708
2026-07-22 05:08:00+00:00,1288.5,1288.5,1289.699951171875,1288.5,1289.699951171875,22698
2026-07-22 05:09:00+00:00,1288.5999755859375,1288.5999755859375,1289.5,1288.4000244140625,1288.4000244140625,20233
2026-07-22 05:10:00+00:00,1288.699951171875,1288.699951171875,1289.0999755859375,1288.5,1289.0,17689
2026-07-22 05:11:00+00:00,1288.5999755859375,1288.5999755859375,1289.199951171875,1288.4000244140625,1289.0999755859375,18028
2026-07-22 05:12:00+00:00,1288.699951171875,1288.699951171875,1288.9000244140625,1288.5,1288.699951171875,16270
2026-07-22 05:13:00+00:00,1289.5,1289.5,1289.5,1288.5,1288.699951171875,13396
2026-07-22 05:14:00+00:00,1288.0999755859375,1288.0999755859375,1289.5,1288.0999755859375,1289.5,65749
2026-07-22 05:15:00+00:00,1289.0999755859375,1289.0999755859375,1289.0999755859375,1288.0999755859375,1288.4000244140625,37497
2026-07-22 05:16:00+00:00,1289.800048828125,1289.800048828125,1289.9000244140625,1289.0,1289.0999755859375,13191
2026-07-22 05:17:00+00:00,1290.5999755859375,1290.5999755859375,1290.5999755859375,1289.800048828125,1289.9000244140625,12961
2026-07-22 05:18:00+00:00,1290.0999755859375,1290.0999755859375,1290.5999755859375,1290.0999755859375,1290.5999755859375,13075
2026-07-22 05:19:00+00:00,1288.9000244140625,1288.9000244140625,1290.4000244140625,1288.800048828125,1290.300048828125,76017
2026-07-22 05:20:00+00:00,1288.199951171875,1288.199951171875,1289.0999755859375,1288.0999755859375,1289.0999755859375,28687
2026-07-22 05:21:00+00:00,1288.4000244140625,1288.4000244140625,1288.4000244140625,1288.0999755859375,1288.199951171875,24918
2026-07-22 05:22:00+00:00,1288.9000244140625,1288.9000244140625,1288.9000244140625,1288.300048828125,1288.4000244140625,15407
2026-07-22 05:23:00+00:00,1289.199951171875,1289.199951171875,1289.199951171875,1288.5999755859375,1288.9000244140625,28082
2026-07-22 05:24:00+00:00,1289.5,1289.5,1289.5999755859375,1289.0999755859375,1289.0999755859375,11183
2026-07-22 05:25:00+00:00,1287.199951171875,1287.199951171875,1289.5,1287.0999755859375,1289.5,72805
2026-07-22 05:26:00+00:00,1290.199951171875,1290.199951171875,1290.300048828125,1287.0999755859375,1287.199951171875,24894
2026-07-22 05:27:00+00:00,1290.9000244140625,1290.9000244140625,1290.9000244140625,1290.0999755859375,1290.199951171875,23378
2026-07-22 05:28:00+00:00,1290.5999755859375,1290.5999755859375,1291.199951171875,1290.5999755859375,1290.9000244140625,34218
2026-07-22 05:29:00+00:00,1291.199951171875,1291.199951171875,1291.199951171875,1290.5,1290.699951171875,38494
2026-07-22 05:30:00+00:00,1291.0,1291.0,1291.199951171875,1291.0,1291.0999755859375,10729
2026-07-22 05:31:00+00:00,1290.0,1290.0,1291.199951171875,1290.0,1291.199951171875,25669
2026-07-22 05:32:00+00:00,1289.5,1289.5,1289.9000244140625,1289.300048828125,1289.9000244140625,48135
2026-07-22 05:33:00+00:00,1290.0,1290.0,1290.199951171875,1289.5,1289.5,8333
2026-07-22 05:34:00+00:00,1289.9000244140625,1289.9000244140625,1290.300048828125,1289.9000244140625,1290.0,8650
2026-07-22 05:35:00+00:00,1289.699951171875,1289.699951171875,1289.699951171875,1289.4000244140625,1289.5999755859375,13886
2026-07-22 05:36:00+00:00,1290.4000244140625,1290.4000244140625,1290.4000244140625,1289.5,1289.5999755859375,14955
2026-07-22 05:37:00+00:00,1291.0,1291.0,1291.199951171875,1290.300048828125,1290.5999755859375,13523
2026-07-22 05:38:00+00:00,1291.300048828125,1291.300048828125,1291.5,1290.9000244140625,1291.0999755859375,11007
2026-07-22 05:39:00+00:00,1291.300048828125,1291.300048828125,1291.5,1291.0999755859375,1291.4000244140625,8106
2026-07-22 05:40:00+00:00,1291.0999755859375,1291.0999755859375,1291.4000244140625,1291.0999755859375,1291.199951171875,16811
2026-07-22 05:41:00+00:00,1290.5999755859375,1290.5999755859375,1291.0999755859375,1290.5,1291.0,12961
2026-07-22 05:42:00+00:00,1290.4000244140625,1290.4000244140625,1290.5999755859375,1290.4000244140625,1290.5999755859375,18812
2026-07-22 05:43:00+00:00,1290.5,1290.5,1291.0,1290.5,1290.5999755859375,9219
2026-07-22 05:44:00+00:00,1290.0,1290.0,1290.5999755859375,1290.0,1290.5,8550
2026-07-22 05:45:00+00:00,1290.5,1290.5,1290.5,1290.0,1290.0999755859375,11086
2026-07-22 05:46:00+00:00,1291.0,1291.0,1291.0,1290.4000244140625,1290.4000244140625,10480
2026-07-22 05:47:00+00:00,1291.300048828125,1291.300048828125,1291.300048828125,1290.699951171875,1290.9000244140625,9598
2026-07-22 05:48:00+00:00,1290.9000244140625,1290.9000244140625,1291.300048828125,1290.9000244140625,1291.300048828125,10345
2026-07-22 05:49:00+00:00,1290.4000244140625,1290.4000244140625,1291.0,1290.300048828125,1291.0,11980
2026-07-22 05:50:00+00:00,1290.699951171875,1290.699951171875,1290.699951171875,1290.4000244140625,1290.5,8227
2026-07-22 05:51:00+00:00,1291.0,1291.0,1291.0999755859375,1290.699951171875,1290.699951171875,9858
2026-07-22 05:52:00+00:00,1291.0,1291.0,1291.199951171875,1291.0,1291.0,7655
2026-07-22 05:53:00+00:00,1291.4000244140625,1291.4000244140625,1291.4000244140625,1291.0999755859375,1291.199951171875,7824
2026-07-22 05:54:00+00:00,1290.0999755859375,1290.0999755859375,1290.5,1290.0,1290.5,40642
2026-07-22 05:55:00+00:00,1289.5999755859375,1289.5999755859375,1290.300048828125,1289.5,1290.199951171875,28653
2026-07-22 05:56:00+00:00,1289.800048828125,1289.800048828125,1289.800048828125,1289.5,1289.800048828125,10632
2026-07-22 05:57:00+00:00,1289.300048828125,1289.300048828125,1289.800048828125,1289.0,1289.800048828125,22086
2026-07-22 05:58:00+00:00,1289.0,1289.0,1289.199951171875,1289.0,1289.0,10284
2026-07-22 05:59:00+00:00,1289.0999755859375,1289.0999755859375,1289.199951171875,1289.0,1289.0,8944
2026-07-22 06:00:00+00:00,1289.0999755859375,1289.0999755859375,1289.4000244140625,1289.0,1289.0999755859375,16255
2026-07-22 06:01:00+00:00,1288.9000244140625,1288.9000244140625,1289.0999755859375,1288.9000244140625,1289.0,34320
2026-07-22 06:02:00+00:00,1289.300048828125,1289.300048828125,1289.300048828125,1288.9000244140625,1288.9000244140625,34670
2026-07-22 06:03:00+00:00,1289.199951171875,1289.199951171875,1289.300048828125,1289.0999755859375,1289.0999755859375,9297
2026-07-22 06:04:00+00:00,1289.300048828125,1289.300048828125,1289.5,1289.0,1289.0,40197
2026-07-22 06:05:00+00:00,1289.0999755859375,1289.0999755859375,1289.5999755859375,1289.0999755859375,1289.4000244140625,14466
2026-07-22 06:06:00+00:00,1289.0,1289.0,1289.199951171875,1289.0,1289.199951171875,15213
2026-07-22 06:07:00+00:00,1288.5999755859375,1288.5999755859375,1289.199951171875,1288.5999755859375,1289.0999755859375,30114
2026-07-22 06:08:00+00:00,1288.5,1288.5,1288.699951171875,1288.4000244140625,1288.699951171875,10712
2026-07-22 06:09:00+00:00,1289.5,1289.5,1289.5,1288.4000244140625,1288.4000244140625,23712
2026-07-22 06:10:00+00:00,1289.300048828125,1289.300048828125,1289.5999755859375,1289.0,1289.5999755859375,84052
2026-07-22 06:11:00+00:00,1289.0,1289.0,1289.4000244140625,1288.9000244140625,1289.300048828125,10050
2026-07-22 06:12:00+00:00,1289.0,1289.0,1289.0,1288.800048828125,1288.800048828125,11052
2026-07-22 06:13:00+00:00,1289.0,1289.0,1289.300048828125,1289.0,1289.0,9032
2026-07-22 06:14:00+00:00,1289.699951171875,1289.699951171875,1289.699951171875,1289.0,1289.300048828125,12188
2026-07-22 06:15:00+00:00,1290.0999755859375,1290.0999755859375,1290.4000244140625,1289.5,1289.5,21842
2026-07-22 06:16:00+00:00,1290.4000244140625,1290.4000244140625,1290.4000244140625,1290.0,1290.199951171875,15767
2026-07-22 06:17:00+00:00,1290.4000244140625,1290.4000244140625,1290.4000244140625,1290.0,1290.300048828125,16567
2026-07-22 06:18:00+00:00,1290.0,1290.0,1290.4000244140625,1290.0,1290.4000244140625,9578
2026-07-22 06:19:00+00:00,1289.5,1289.5,1290.199951171875,1289.5,1290.199951171875,16980
2026-07-22 06:20:00+00:00,1289.300048828125,1289.300048828125,1289.699951171875,1289.0999755859375,1289.699951171875,11023
2026-07-22 06:21:00+00:00,1289.0999755859375,1289.0999755859375,1289.5,1289.0,1289.5,9400
2026-07-22 06:22:00+00:00,1289.300048828125,1289.300048828125,1289.4000244140625,1289.0,1289.4000244140625,10095
2026-07-22 06:23:00+00:00,1289.0,1289.0,1289.300048828125,1289.0,1289.0,20228
2026-07-22 06:24:00+00:00,1289.0,1289.0,1289.199951171875,1289.0,1289.0,22066
2026-07-22 06:25:00+00:00,1289.0,1289.0,1289.199951171875,1288.300048828125,1289.0,83331
2026-07-22 06:26:00+00:00,1289.0,1289.0,1289.300048828125,1289.0,1289.199951171875,18425
2026-07-22 06:27:00+00:00,1289.0,1289.0,1289.4000244140625,1289.0,1289.0,28409
2026-07-22 06:28:00+00:00,1289.4000244140625,1289.4000244140625,1289.800048828125,1289.0,1289.0,17489
2026-07-22 06:29:00+00:00,1289.800048828125,1289.800048828125,1290.4000244140625,1289.4000244140625,1289.4000244140625,18558
2026-07-22 06:30:00+00:00,1289.5999755859375,1289.5999755859375,1290.0999755859375,1289.300048828125,1289.800048828125,12085
2026-07-22 06:31:00+00:00,1289.4000244140625,1289.4000244140625,1289.5999755859375,1289.0999755859375,1289.5999755859375,7986
2026-07-22 06:32:00+00:00,1289.0,1289.0,1289.5,1289.0,1289.4000244140625,24068
2026-07-22 06:33:00+00:00,1288.800048828125,1288.800048828125,1289.0999755859375,1288.800048828125,1289.0999755859375,21776
2026-07-22 06:34:00+00:00,1289.300048828125,1289.300048828125,1289.300048828125,1289.0,1289.0999755859375,21896
2026-07-22 06:35:00+00:00,1289.4000244140625,1289.4000244140625,1289.699951171875,1289.0999755859375,1289.0999755859375,13588
2026-07-22 06:36:00+00:00,1290.5,1290.5,1290.5,1289.4000244140625,1289.699951171875,11415
2026-07-22 06:37:00+00:00,1290.300048828125,1290.300048828125,1290.5,1290.0,1290.5,9220
2026-07-22 06:38:00+00:00,1289.5,1289.5,1290.300048828125,1289.5,1290.300048828125,12660
2026-07-22 06:39:00+00:00,1289.0,1289.0,1289.5999755859375,1289.0,1289.5999755859375,21311
2026-07-22 06:40:00+00:00,1289.199951171875,1289.199951171875,1289.300048828125,1289.0,1289.0999755859375,22024
2026-07-22 06:41:00+00:00,1289.300048828125,1289.300048828125,1289.699951171875,1289.0,1289.199951171875,12735
2026-07-22 06:42:00+00:00,1289.0999755859375,1289.0999755859375,1289.300048828125,1289.0,1289.0,29942
2026-07-22 06:43:00+00:00,1289.0,1289.0,1289.199951171875,1289.0,1289.0,15330
2026-07-22 06:44:00+00:00,1289.0,1289.0,1289.199951171875,1289.0,1289.199951171875,24144
2026-07-22 06:45:00+00:00,1289.300048828125,1289.300048828125,1289.300048828125,1289.0,1289.0999755859375,12063
2026-07-22 06:46:00+00:00,1289.0999755859375,1289.0999755859375,1289.300048828125,1289.0,1289.300048828125,12055
2026-07-22 06:47:00+00:00,1289.300048828125,1289.300048828125,1289.300048828125,1289.0,1289.0999755859375,10406
2026-07-22 06:48:00+00:00,1289.0,1289.0,1289.300048828125,1289.0,1289.300048828125,12887
2026-07-22 06:49:00+00:00,1288.5999755859375,1288.5999755859375,1289.300048828125,1288.199951171875,1289.300048828125,56636
2026-07-22 06:50:00+00:00,1287.699951171875,1287.699951171875,1288.5999755859375,1287.5,1288.5,45548
2026-07-22 06:51:00+00:00,1287.9000244140625,1287.9000244140625,1288.0,1287.0999755859375,1287.699951171875,27157
2026-07-22 06:52:00+00:00,1287.5999755859375,1287.5999755859375,1288.0,1287.300048828125,1288.0,15849
2026-07-22 06:53:00+00:00,1288.300048828125,1288.300048828125,1288.699951171875,1287.4000244140625,1287.4000244140625,25271
2026-07-22 06:54:00+00:00,1289.0,1289.0,1289.0,1288.300048828125,1288.300048828125,13621
2026-07-22 06:55:00+00:00,1289.5,1289.5,1289.5,1288.5999755859375,1288.5999755859375,12126
2026-07-22 06:56:00+00:00,1289.4000244140625,1289.4000244140625,1289.5,1289.0,1289.5,7395
2026-07-22 06:57:00+00:00,1289.0,1289.0,1289.4000244140625,1289.0,1289.4000244140625,13516
2026-07-22 06:58:00+00:00,1289.5,1289.5,1289.5,1289.0,1289.0999755859375,16021
2026-07-22 06:59:00+00:00,1289.5,1289.5,1289.5,1289.0999755859375,1289.4000244140625,9331
2026-07-22 07:00:00+00:00,1289.0,1289.0,1289.5,1289.0,1289.0999755859375,12842
2026-07-22 07:01:00+00:00,1289.0,1289.0,1289.0999755859375,1288.9000244140625,1289.0999755859375,17423
2026-07-22 07:02:00+00:00,1289.5,1289.5,1289.699951171875,1288.9000244140625,1289.0,46954
2026-07-22 07:03:00+00:00,1289.800048828125,1289.800048828125,1289.800048828125,1289.300048828125,1289.5999755859375,11539
2026-07-22 07:04:00+00:00,1289.4000244140625,1289.4000244140625,1289.9000244140625,1289.4000244140625,1289.699951171875,12920
2026-07-22 07:05:00+00:00,1289.199951171875,1289.199951171875,1289.699951171875,1289.199951171875,1289.5999755859375,10121
2026-07-22 07:06:00+00:00,1289.0,1289.0,1289.5,1289.0,1289.4000244140625,9347
2026-07-22 07:07:00+00:00,1289.300048828125,1289.300048828125,1289.4000244140625,1289.0,1289.300048828125,20177
2026-07-22 07:08:00+00:00,1289.199951171875,1289.199951171875,1289.300048828125,1288.9000244140625,1289.300048828125,13078
2026-07-22 07:09:00+00:00,1289.0,1289.0,1289.199951171875,1288.9000244140625,1288.9000244140625,16827
2026-07-22 07:10:00+00:00,1288.9000244140625,1288.9000244140625,1289.0999755859375,1288.9000244140625,1289.0,30978
2026-07-22 07:11:00+00:00,1288.5,1288.5,1288.9000244140625,1288.5,1288.9000244140625,14064
2026-07-22 07:12:00+00:00,1289.5,1289.5,1290.0,1288.699951171875,1288.800048828125,19425
2026-07-22 07:13:00+00:00,1289.9000244140625,1289.9000244140625,1290.199951171875,1289.5,1290.0,18545
2026-07-22 07:14:00+00:00,1289.9000244140625,1289.9000244140625,1290.0,1289.5999755859375,1289.9000244140625,8953
2026-07-22 07:15:00+00:00,1289.9000244140625,1289.9000244140625,1290.0,1289.699951171875,1289.9000244140625,10759
2026-07-22 07:16:00+00:00,1289.5,1289.5,1289.9000244140625,1289.5,1289.699951171875,11360
2026-07-22 07:17:00+00:00,1289.800048828125,1289.800048828125,1289.9000244140625,1289.4000244140625,1289.9000244140625,7309
2026-07-22 07:18:00+00:00,1290.699951171875,1290.699951171875,1291.0,1290.300048828125,1291.0,25429
2026-07-22 07:19:00+00:00,1290.9000244140625,1290.9000244140625,1291.0999755859375,1290.699951171875,1290.699951171875,25601
2026-07-22 07:20:00+00:00,1291.0,1291.0,1291.300048828125,1290.5999755859375,1290.9000244140625,9254
2026-07-22 07:21:00+00:00,1291.0,1291.0,1291.300048828125,1291.0,1291.0,36769
2026-07-22 07:22:00+00:00,1291.800048828125,1291.800048828125,1291.800048828125,1291.300048828125,1291.300048828125,41269
2026-07-22 07:23:00+00:00,1292.0999755859375,1292.0999755859375,1292.5,1291.5,1291.5,19551
2026-07-22 07:24:00+00:00,1291.800048828125,1291.800048828125,1292.199951171875,1291.800048828125,1292.0999755859375,16485
2026-07-22 07:25:00+00:00,1291.699951171875,1291.699951171875,1292.0,1291.4000244140625,1291.9000244140625,14677
2026-07-22 07:26:00+00:00,1291.5,1291.5,1291.9000244140625,1291.4000244140625,1291.5,10363
2026-07-22 07:27:00+00:00,1291.5,1291.5,1291.9000244140625,1291.5,1291.699951171875,11355
2026-07-22 07:28:00+00:00,1291.5999755859375,1291.5999755859375,1291.9000244140625,1291.5,1291.5999755859375,11518
2026-07-22 07:29:00+00:00,1291.199951171875,1291.199951171875,1291.699951171875,1291.199951171875,1291.699951171875,14829
2026-07-22 07:30:00+00:00,1290.9000244140625,1290.9000244140625,1291.300048828125,1290.9000244140625,1291.0999755859375,18799
2026-07-22 07:31:00+00:00,1290.5999755859375,1290.5999755859375,1290.9000244140625,1290.300048828125,1290.800048828125,17728
2026-07-22 07:32:00+00:00,1291.0,1291.0,1291.4000244140625,1290.4000244140625,1290.699951171875,17154
2026-07-22 07:33:00+00:00,1291.199951171875,1291.199951171875,1291.300048828125,1291.0,1291.0,10133
2026-07-22 07:34:00+00:00,1290.5,1290.5,1291.0999755859375,1290.4000244140625,1291.0,25329
2026-07-22 07:35:00+00:00,1290.5999755859375,1290.5999755859375,1290.800048828125,1290.5,1290.5,13133
2026-07-22 07:36:00+00:00,1290.699951171875,1290.699951171875,1290.9000244140625,1290.5,1290.800048828125,11806
2026-07-22 07:37:00+00:00,1290.9000244140625,1290.9000244140625,1290.9000244140625,1290.5999755859375,1290.9000244140625,9544
2026-07-22 07:38:00+00:00,1291.5,1291.5,1291.5999755859375,1290.9000244140625,1291.0,8833
2026-07-22 07:39:00+00:00,1291.4000244140625,1291.4000244140625,1291.699951171875,1291.300048828125,1291.300048828125,12071
2026-07-22 07:40:00+00:00,1291.199951171875,1291.199951171875,1291.5999755859375,1291.199951171875,1291.300048828125,11531
2026-07-22 07:41:00+00:00,1290.5999755859375,1290.5999755859375,1291.5999755859375,1290.5,1291.5999755859375,10489
2026-07-22 07:42:00+00:00,1290.199951171875,1290.199951171875,1290.699951171875,1290.0999755859375,1290.5999755859375,12383
2026-07-22 07:43:00+00:00,1290.699951171875,1290.699951171875,1290.699951171875,1290.0,1290.300048828125,31439
2026-07-22 07:44:00+00:00,1290.5,1290.5,1290.800048828125,1290.0999755859375,1290.699951171875,11764
2026-07-22 07:45:00+00:00,1290.199951171875,1290.199951171875,1290.5,1290.199951171875,1290.5,6890
2026-07-22 07:46:00+00:00,1289.9000244140625,1289.9000244140625,1290.4000244140625,1289.300048828125,1290.199951171875,22359
2026-07-22 07:47:00+00:00,1289.800048828125,1289.800048828125,1290.0,1289.5,1289.699951171875,14138
2026-07-22 07:48:00+00:00,1289.800048828125,1289.800048828125,1289.9000244140625,1289.0999755859375,1289.9000244140625,9219
2026-07-22 07:49:00+00:00,1289.5,1289.5,1289.9000244140625,1289.5,1289.800048828125,12981
2026-07-22 07:50:00+00:00,1289.5,1289.5,1289.9000244140625,1289.5,1289.5,8778
2026-07-22 07:51:00+00:00,1289.5,1289.5,1289.699951171875,1289.300048828125,1289.5,10205
2026-07-22 07:52:00+00:00,1289.0999755859375,1289.0999755859375,1289.5,1289.0999755859375,1289.300048828125,10520
2026-07-22 07:53:00+00:00,1289.4000244140625,1289.4000244140625,1289.5,1289.0,1289.4000244140625,8389
2026-07-22 07:54:00+00:00,1289.300048828125,1289.300048828125,1289.4000244140625,1289.0999755859375,1289.0999755859375,10467
2026-07-22 07:55:00+00:00,1289.5,1289.5,1289.5,1289.0999755859375,1289.199951171875,209607
2026-07-22 07:56:00+00:00,1289.4000244140625,1289.4000244140625,1289.5,1289.0999755859375,1289.0999755859375,9952
2026-07-22 07:57:00+00:00,1289.800048828125,1289.800048828125,1289.800048828125,1289.300048828125,1289.4000244140625,15885
2026-07-22 07:58:00+00:00,1289.300048828125,1289.300048828125,1289.800048828125,1289.300048828125,1289.699951171875,9469
2026-07-22 07:59:00+00:00,1289.300048828125,1289.300048828125,1289.5,1289.0999755859375,1289.4000244140625,10336
2026-07-22 08:00:00+00:00,1289.4000244140625,1289.4000244140625,1289.4000244140625,1289.0999755859375,1289.300048828125,9546
2026-07-22 08:01:00+00:00,1290.199951171875,1290.199951171875,1290.199951171875,1289.300048828125,1289.5,19523
2026-07-22 08:02:00+00:00,1290.0999755859375,1290.0999755859375,1290.4000244140625,1289.800048828125,1290.0999755859375,9122
2026-07-22 08:03:00+00:00,1290.4000244140625,1290.4000244140625,1290.5,1290.0,1290.300048828125,7248
2026-07-22 08:04:00+00:00,1291.199951171875,1291.199951171875,1291.199951171875,1290.4000244140625,1290.5,14288
2026-07-22 08:05:00+00:00,1291.9000244140625,1291.9000244140625,1292.300048828125,1290.9000244140625,1290.9000244140625,43522
2026-07-22 08:06:00+00:00,1292.0,1292.0,1292.300048828125,1291.800048828125,1292.0,14337
2026-07-22 08:07:00+00:00,1291.9000244140625,1291.9000244140625,1292.0,1291.0999755859375,1292.0,19251
2026-07-22 08:08:00+00:00,1291.300048828125,1291.300048828125,1291.9000244140625,1291.300048828125,1291.800048828125,13420
2026-07-22 08:09:00+00:00,1291.199951171875,1291.199951171875,1291.699951171875,1291.0,1291.699951171875,8552
2026-07-22 08:10:00+00:00,1291.0999755859375,1291.0999755859375,1291.300048828125,1291.0,1291.199951171875,10789
2026-07-22 08:11:00+00:00,1291.0,1291.0,1291.5,1291.0,1291.0999755859375,7916
2026-07-22 08:12:00+00:00,1290.699951171875,1290.699951171875,1291.0,1290.199951171875,1290.5,25201
2026-07-22 08:13:00+00:00,1290.699951171875,1290.699951171875,1291.0,1290.4000244140625,1290.5,12735
2026-07-22 08:14:00+00:00,1290.5999755859375,1290.5999755859375,1291.0,1290.5999755859375,1290.699951171875,6175
2026-07-22 08:15:00+00:00,1290.5999755859375,1290.5999755859375,1290.9000244140625,1290.5,1290.5999755859375,8798
2026-07-22 08:16:00+00:00,1290.4000244140625,1290.4000244140625,1290.800048828125,1290.0,1290.5999755859375,13668
2026-07-22 08:17:00+00:00,1290.699951171875,1290.699951171875,1290.9000244140625,1290.300048828125,1290.300048828125,11076
2026-07-22 08:18:00+00:00,1290.5999755859375,1290.5999755859375,1290.9000244140625,1290.5,1290.699951171875,7717
2026-07-22 08:19:00+00:00,1290.800048828125,1290.800048828125,1290.800048828125,1290.199951171875,1290.5,7771
2026-07-22 08:20:00+00:00,1290.4000244140625,1290.4000244140625,1290.699951171875,1290.199951171875,1290.5999755859375,8940
2026-07-22 08:21:00+00:00,1291.5,1291.5,1291.5,1290.4000244140625,1290.699951171875,16576
2026-07-22 08:22:00+00:00,1291.699951171875,1291.699951171875,1291.800048828125,1291.300048828125,1291.4000244140625,14409
2026-07-22 08:23:00+00:00,1291.5999755859375,1291.5999755859375,1291.800048828125,1291.199951171875,1291.5,10932
2026-07-22 08:24:00+00:00,1291.4000244140625,1291.4000244140625,1291.800048828125,1291.300048828125,1291.5999755859375,9825
2026-07-22 08:25:00+00:00,1291.199951171875,1291.199951171875,1291.5999755859375,1291.199951171875,1291.4000244140625,10671
2026-07-22 08:26:00+00:00,1291.5,1291.5,1291.5,1291.199951171875,1291.199951171875,12405
2026-07-22 08:27:00+00:00,1291.0999755859375,1291.0999755859375,1291.699951171875,1291.0999755859375,1291.4000244140625,14799
2026-07-22 08:28:00+00:00,1291.4000244140625,1291.4000244140625,1291.5,1291.0,1291.300048828125,10515
2026-07-22 08:29:00+00:00,1291.5,1291.5,1291.5,1291.300048828125,1291.5,10509
2026-07-22 08:30:00+00:00,1291.0999755859375,1291.0999755859375,1291.5,1291.0999755859375,1291.300048828125,17888
2026-07-22 08:31:00+00:00,1291.0,1291.0,1291.5,1291.0,1291.300048828125,9787
2026-07-22 08:32:00+00:00,1291.0,1291.0,1291.4000244140625,1291.0,1291.0,12088
2026-07-22 08:33:00+00:00,1290.300048828125,1290.300048828125,1291.300048828125,1290.300048828125,1291.0,44718
2026-07-22 08:34:00+00:00,1290.5,1290.5,1290.699951171875,1290.0,1290.5,16025
2026-07-22 08:35:00+00:00,1290.5,1290.5,1290.699951171875,1290.4000244140625,1290.699951171875,10048
2026-07-22 08:36:00+00:00,1290.4000244140625,1290.4000244140625,1290.699951171875,1290.300048828125,1290.5999755859375,11102
2026-07-22 08:37:00+00:00,1290.5999755859375,1290.5999755859375,1290.699951171875,1290.300048828125,1290.5999755859375,15277
2026-07-22 08:38:00+00:00,1290.4000244140625,1290.4000244140625,1290.699951171875,1290.199951171875,1290.199951171875,10870
2026-07-22 08:39:00+00:00,1290.5999755859375,1290.5999755859375,1291.0,1290.4000244140625,1290.5999755859375,12577
2026-07-22 08:40:00+00:00,1290.199951171875,1290.199951171875,1290.800048828125,1290.0,1290.699951171875,10095
2026-07-22 08:41:00+00:00,1290.5,1290.5,1290.5999755859375,1290.199951171875,1290.4000244140625,13427
2026-07-22 08:42:00+00:00,1290.0999755859375,1290.0999755859375,1290.699951171875,1290.0,1290.5,13656
2026-07-22 08:43:00+00:00,1290.0999755859375,1290.0999755859375,1290.5999755859375,1290.0,1290.5999755859375,13804
2026-07-22 08:44:00+00:00,1290.300048828125,1290.300048828125,1290.4000244140625,1290.0,1290.0999755859375,14189
2026-07-22 08:45:00+00:00,1290.0999755859375,1290.0999755859375,1290.4000244140625,1290.0,1290.4000244140625,11571
2026-07-22 08:46:00+00:00,1291.0,1291.0,1291.0,1290.0999755859375,1290.0999755859375,16421
2026-07-22 08:47:00+00:00,1291.0,1291.0,1291.0,1290.5999755859375,1291.0,14185
2026-07-22 08:48:00+00:00,1290.300048828125,1290.300048828125,1291.0,1290.300048828125,1291.0,12329
2026-07-22 08:49:00+00:00,1290.5999755859375,1290.5999755859375,1290.9000244140625,1290.300048828125,1290.5,15363
2026-07-22 08:50:00+00:00,1290.300048828125,1290.300048828125,1290.699951171875,1290.0,1290.699951171875,13205
2026-07-22 08:51:00+00:00,1290.0,1290.0,1290.4000244140625,1290.0,1290.4000244140625,12866
2026-07-22 08:52:00+00:00,1290.0999755859375,1290.0999755859375,1290.4000244140625,1290.0,1290.300048828125,16827
2026-07-22 08:53:00+00:00,1290.300048828125,1290.300048828125,1290.5,1290.0999755859375,1290.0999755859375,12259
2026-07-22 08:54:00+00:00,1290.9000244140625,1290.9000244140625,1291.0,1290.0999755859375,1290.5,22236
2026-07-22 08:55:00+00:00,1291.0,1291.0,1291.0,1290.699951171875,1290.9000244140625,11307
2026-07-22 08:56:00+00:00,1290.800048828125,1290.800048828125,1291.0,1290.5999755859375,1290.699951171875,18136
2026-07-22 08:57:00+00:00,1290.699951171875,1290.699951171875,1290.9000244140625,1290.0999755859375,1290.699951171875,23595
2026-07-22 08:58:00+00:00,1290.9000244140625,1290.9000244140625,1291.0,1290.5,1290.9000244140625,16539
2026-07-22 08:59:00+00:00,1290.300048828125,1290.300048828125,1290.9000244140625,1290.300048828125,1290.9000244140625,11837
2026-07-22 09:00:00+00:00,1290.5,1290.5,1290.800048828125,1290.199951171875,1290.800048828125,15548
2026-07-22 09:01:00+00:00,1290.699951171875,1290.699951171875,1290.699951171875,1290.4000244140625,1290.5,12184
2026-07-22 09:02:00+00:00,1290.5,1290.5,1290.699951171875,1290.5,1290.5999755859375,11939
2026-07-22 09:03:00+00:00,1290.699951171875,1290.699951171875,1290.9000244140625,1290.4000244140625,1290.4000244140625,24681
2026-07-22 09:04:00+00:00,1291.0999755859375,1291.0999755859375,1291.300048828125,1290.699951171875,1290.699951171875,16986
2026-07-22 09:05:00+00:00,1291.5,1291.5,1291.5,1291.0,1291.0999755859375,14130
2026-07-22 09:06:00+00:00,1291.199951171875,1291.199951171875,1291.5,1291.199951171875,1291.4000244140625,11334
2026-07-22 09:07:00+00:00,1291.4000244140625,1291.4000244140625,1291.5999755859375,1291.300048828125,1291.5,15093
2026-07-22 09:08:00+00:00,1291.0999755859375,1291.0999755859375,1291.699951171875,1291.0999755859375,1291.5,31012
2026-07-22 09:09:00+00:00,1290.699951171875,1290.699951171875,1291.199951171875,1290.4000244140625,1291.0999755859375,24995
2026-07-22 09:10:00+00:00,1291.0999755859375,1291.0999755859375,1291.199951171875,1290.5,1290.800048828125,17097
2026-07-22 09:11:00+00:00,1291.0,1291.0,1291.300048828125,1290.800048828125,1291.0999755859375,12432
2026-07-22 09:12:00+00:00,1290.800048828125,1290.800048828125,1291.0999755859375,1290.0,1291.0,20070
2026-07-22 09:13:00+00:00,1290.5,1290.5,1290.9000244140625,1290.199951171875,1290.5999755859375,23486
2026-07-22 09:14:00+00:00,1290.5999755859375,1290.5999755859375,1291.0,1290.4000244140625,1290.5,16887
2026-07-22 09:15:00+00:00,1291.300048828125,1291.300048828125,1291.300048828125,1290.800048828125,1291.0999755859375,12845
2026-07-22 09:16:00+00:00,1290.699951171875,1290.699951171875,1291.300048828125,1290.5999755859375,1291.300048828125,10206
2026-07-22 09:17:00+00:00,1290.9000244140625,1290.9000244140625,1291.199951171875,1290.5,1291.0999755859375,17788
2026-07-22 09:18:00+00:00,1291.0999755859375,1291.0999755859375,1291.300048828125,1290.800048828125,1291.0,13659
2026-07-22 09:19:00+00:00,1291.300048828125,1291.300048828125,1291.4000244140625,1291.0,1291.199951171875,22518
2026-07-22 09:20:00+00:00,1291.4000244140625,1291.4000244140625,1291.4000244140625,1291.0,1291.300048828125,17089
2026-07-22 09:21:00+00:00,1291.300048828125,1291.300048828125,1291.4000244140625,1291.199951171875,1291.4000244140625,10927
2026-07-22 09:22:00+00:00,1291.199951171875,1291.199951171875,1291.4000244140625,1291.0999755859375,1291.300048828125,13822
2026-07-22 09:23:00+00:00,1291.300048828125,1291.300048828125,1291.300048828125,1291.0999755859375,1291.300048828125,15836
2026-07-22 09:24:00+00:00,1291.0999755859375,1291.0999755859375,1291.300048828125,1291.0999755859375,1291.199951171875,9677
2026-07-22 09:25:00+00:00,1291.0999755859375,1291.0999755859375,1291.300048828125,1291.0,1291.300048828125,22173
2026-07-22 09:26:00+00:00,1291.0,1291.0,1291.0999755859375,1291.0,1291.0,21886
2026-07-22 09:27:00+00:00,1290.4000244140625,1290.4000244140625,1291.0999755859375,1290.300048828125,1291.0,48605
2026-07-22 09:28:00+00:00,1290.300048828125,1290.300048828125,1290.699951171875,1290.0999755859375,1290.699951171875,23759
2026-07-22 09:29:00+00:00,1291.0,1291.0,1291.0,1290.0999755859375,1290.5,71492
2026-07-22 09:30:00+00:00,1291.199951171875,1291.199951171875,1291.300048828125,1290.9000244140625,1291.0,46889
2026-07-22 09:31:00+00:00,1290.9000244140625,1290.9000244140625,1291.5,1290.9000244140625,1291.4000244140625,57122
2026-07-22 09:32:00+00:00,1291.0,1291.0,1291.0,1290.9000244140625,1290.9000244140625,30907
2026-07-22 09:33:00+00:00,1290.9000244140625,1290.9000244140625,1291.0,1290.9000244140625,1290.9000244140625,33932
2026-07-22 09:34:00+00:00,1290.800048828125,1290.800048828125,1291.0,1290.800048828125,1290.9000244140625,67843
2026-07-22 09:35:00+00:00,1291.0999755859375,1291.0999755859375,1291.199951171875,1290.699951171875,1290.699951171875,78215
2026-07-22 09:36:00+00:00,1291.300048828125,1291.300048828125,1291.699951171875,1291.199951171875,1291.199951171875,74902
2026-07-22 09:37:00+00:00,1291.199951171875,1291.199951171875,1291.300048828125,1290.699951171875,1291.300048828125,71953
2026-07-22 09:38:00+00:00,1291.4000244140625,1291.4000244140625,1291.5,1291.0999755859375,1291.0999755859375,42760
2026-07-22 09:39:00+00:00,1291.4000244140625,1291.4000244140625,1291.5999755859375,1291.300048828125,1291.4000244140625,76851
2026-07-22 09:40:00+00:00,1291.4000244140625,1291.4000244140625,1291.5,1291.199951171875,1291.4000244140625,55258
2026-07-22 09:41:00+00:00,1291.4000244140625,1291.4000244140625,1291.5,1291.300048828125,1291.4000244140625,36025
2026-07-22 09:42:00+00:00,1291.4000244140625,1291.4000244140625,1291.5,1291.300048828125,1291.4000244140625,43071
2026-07-22 09:43:00+00:00,1291.5999755859375,1291.5999755859375,1291.5999755859375,1291.300048828125,1291.300048828125,64800
2026-07-22 09:44:00+00:00,1291.300048828125,1291.300048828125,1291.699951171875,1291.300048828125,1291.699951171875,91537
2026-07-22 09:45:00+00:00,1291.0,1291.0,1291.4000244140625,1290.800048828125,1291.300048828125,80947
2026-07-22 09:46:00+00:00,1290.9000244140625,1290.9000244140625,1291.0999755859375,1290.800048828125,1290.9000244140625,79137
2026-07-22 09:47:00+00:00,1291.0,1291.0,1291.0999755859375,1290.800048828125,1291.0,44471
2026-07-22 09:48:00+00:00,1291.0,1291.0,1291.0999755859375,1290.800048828125,1291.0999755859375,53581
2026-07-22 09:49:00+00:00,1291.0,1291.0,1291.0,1290.9000244140625,1291.0,44735
2026-07-22 09:50:00+00:00,1290.5999755859375,1290.5999755859375,1291.0999755859375,1290.5999755859375,1291.0,125282
2026-07-22 09:51:00+00:00,1287.0,1287.0,1290.199951171875,1287.0,1290.199951171875,227711
2026-07-22 09:52:00+00:00,1286.5999755859375,1286.5999755859375,1287.5,1286.5,1287.0,163147
2026-07-22 09:53:00+00:00,1286.300048828125,1286.300048828125,1287.0,1286.199951171875,1286.5999755859375,127862
2026-07-22 09:54:00+00:00,1286.5999755859375,1286.5999755859375,1286.699951171875,1286.0999755859375,1286.4000244140625,144192
2026-07-22 09:55:00+00:00,1286.0,1286.0,1287.199951171875,1286.0,1286.5999755859375,285804
2026-07-22 09:56:00+00:00,1288.800048828125,1288.800048828125,1288.800048828125,1285.5999755859375,1286.0,83482
2026-07-22 09:57:00+00:00,1288.5,1288.5,1289.199951171875,1288.300048828125,1288.800048828125,92541
2026-07-22 09:58:00+00:00,1288.199951171875,1288.199951171875,1289.0,1287.199951171875,1288.4000244140625,71455
2026-07-22 09:59:00+00:00,1284.0,1284.0,1288.800048828125,1281.5999755859375,1288.800048828125,397587
2026-07-23 03:45:00+00:00,1279.199951171875,1279.199951171875,1283.0,1278.4000244140625,1283.0,0
2026-07-23 03:46:00+00:00,1281.699951171875,1281.699951171875,1281.699951171875,1279.4000244140625,1279.5999755859375,46203
2026-07-23 03:47:00+00:00,1281.0,1281.0,1281.0,1280.5,1281.0,37243
2026-07-23 03:48:00+00:00,1281.5999755859375,1281.5999755859375,1281.5999755859375,1280.800048828125,1281.0999755859375,35685
2026-07-23 03:49:00+00:00,1281.5999755859375,1281.5999755859375,1282.0,1280.699951171875,1282.0,46376
2026-07-23 03:50:00+00:00,1281.5999755859375,1281.5999755859375,1281.5999755859375,1280.5,1280.9000244140625,26405
2026-07-23 03:51:00+00:00,1281.5,1281.5,1282.0,1281.300048828125,1282.0,26723
2026-07-23 03:52:00+00:00,1282.0,1282.0,1282.4000244140625,1281.4000244140625,1281.4000244140625,24358
2026-07-23 03:53:00+00:00,1282.699951171875,1282.699951171875,1282.800048828125,1282.199951171875,1282.4000244140625,14101
2026-07-23 03:54:00+00:00,1283.199951171875,1283.199951171875,1283.300048828125,1283.0,1283.0,18371
2026-07-23 03:55:00+00:00,1283.4000244140625,1283.4000244140625,1283.4000244140625,1282.9000244140625,1283.4000244140625,43922
2026-07-23 03:56:00+00:00,1283.0,1283.0,1283.699951171875,1282.5999755859375,1283.300048828125,26326
2026-07-23 03:57:00+00:00,1281.4000244140625,1281.4000244140625,1282.4000244140625,1281.300048828125,1282.4000244140625,25699
2026-07-23 03:58:00+00:00,1281.5,1281.5,1281.5,1281.0,1281.4000244140625,26071
2026-07-23 03:59:00+00:00,1281.4000244140625,1281.4000244140625,1282.0,1281.4000244140625,1281.9000244140625,18214
2026-07-23 04:00:00+00:00,1280.9000244140625,1280.9000244140625,1281.0,1280.800048828125,1281.0,19564
2026-07-23 04:01:00+00:00,1280.9000244140625,1280.9000244140625,1281.199951171875,1280.800048828125,1280.9000244140625,22359
2026-07-23 04:02:00+00:00,1280.300048828125,1280.300048828125,1281.0,1280.199951171875,1281.0,16157
2026-07-23 04:03:00+00:00,1281.0999755859375,1281.0999755859375,1281.0999755859375,1280.5,1280.5,12475
2026-07-23 04:04:00+00:00,1281.300048828125,1281.300048828125,1281.300048828125,1280.9000244140625,1281.0999755859375,17102
2026-07-23 04:05:00+00:00,1280.800048828125,1280.800048828125,1281.300048828125,1280.699951171875,1281.300048828125,16060
2026-07-23 04:06:00+00:00,1280.199951171875,1280.199951171875,1280.5,1279.5999755859375,1280.199951171875,81901
2026-07-23 04:07:00+00:00,1280.800048828125,1280.800048828125,1281.0,1280.300048828125,1280.300048828125,16503
2026-07-23 04:08:00+00:00,1281.0,1281.0,1281.0,1280.699951171875,1281.0,9142
2026-07-23 04:09:00+00:00,1281.9000244140625,1281.9000244140625,1281.9000244140625,1280.9000244140625,1281.0,14053
2026-07-23 04:10:00+00:00,1281.5999755859375,1281.5999755859375,1282.5,1281.199951171875,1281.199951171875,34987
2026-07-23 04:11:00+00:00,1282.300048828125,1282.300048828125,1282.300048828125,1281.699951171875,1281.800048828125,23487
2026-07-23 04:12:00+00:00,1281.4000244140625,1281.4000244140625,1282.300048828125,1281.4000244140625,1282.300048828125,8969
2026-07-23 04:13:00+00:00,1281.300048828125,1281.300048828125,1281.300048828125,1280.699951171875,1280.9000244140625,13853
2026-07-23 04:14:00+00:00,1281.5999755859375,1281.5999755859375,1281.5999755859375,1281.5,1281.5,4666
2026-07-23 04:15:00+00:00,1282.0,1282.0,1282.0999755859375,1281.5999755859375,1281.5999755859375,20096
2026-07-23 04:16:00+00:00,1281.4000244140625,1281.4000244140625,1281.699951171875,1281.4000244140625,1281.5,11397
2026-07-23 04:17:00+00:00,1280.9000244140625,1280.9000244140625,1281.4000244140625,1280.9000244140625,1281.4000244140625,21190
2026-07-23 04:18:00+00:00,1280.699951171875,1280.699951171875,1280.699951171875,1280.300048828125,1280.4000244140625,19519
2026-07-23 04:19:00+00:00,1281.0,1281.0,1281.0,1280.699951171875,1280.9000244140625,6863
2026-07-23 04:20:00+00:00,1281.0,1281.0,1281.199951171875,1281.0,1281.0,10210
2026-07-23 04:21:00+00:00,1281.5999755859375,1281.5999755859375,1281.699951171875,1281.0999755859375,1281.0999755859375,12895
2026-07-23 04:22:00+00:00,1281.699951171875,1281.699951171875,1281.800048828125,1281.5999755859375,1281.699951171875,8409
2026-07-23 04:23:00+00:00,1282.0,1282.0,1282.0,1281.5,1281.800048828125,15931
2026-07-23 04:24:00+00:00,1281.9000244140625,1281.9000244140625,1282.0999755859375,1281.699951171875,1282.0999755859375,16906
2026-07-23 04:25:00+00:00,1282.9000244140625,1282.9000244140625,1283.4000244140625,1282.0,1282.0,25638
2026-07-23 04:26:00+00:00,1283.699951171875,1283.699951171875,1283.9000244140625,1283.0999755859375,1283.300048828125,21642
2026-07-23 04:27:00+00:00,1283.199951171875,1283.199951171875,1283.800048828125,1283.0999755859375,1283.800048828125,20511
2026-07-23 04:28:00+00:00,1283.300048828125,1283.300048828125,1283.4000244140625,1283.0999755859375,1283.199951171875,13395
2026-07-23 04:29:00+00:00,1283.5999755859375,1283.5999755859375,1283.5999755859375,1283.4000244140625,1283.4000244140625,13006
2026-07-23 04:30:00+00:00,1284.0,1284.0,1284.5,1283.5999755859375,1283.5999755859375,17735
2026-07-23 04:31:00+00:00,1284.0,1284.0,1284.199951171875,1284.0,1284.199951171875,15069
2026-07-23 04:32:00+00:00,1283.5999755859375,1283.5999755859375,1284.0,1283.5999755859375,1284.0,19288
2026-07-23 04:33:00+00:00,1284.0,1284.0,1284.199951171875,1283.5999755859375,1283.699951171875,10961
2026-07-23 04:34:00+00:00,1284.699951171875,1284.699951171875,1284.699951171875,1284.0,1284.0,24073
2026-07-23 04:35:00+00:00,1284.5,1284.5,1284.699951171875,1284.0,1284.699951171875,11247
2026-07-23 04:36:00+00:00,1283.800048828125,1283.800048828125,1284.4000244140625,1283.699951171875,1284.4000244140625,20378
2026-07-23 04:37:00+00:00,1284.0999755859375,1284.0999755859375,1284.199951171875,1283.699951171875,1284.199951171875,24419
2026-07-23 04:38:00+00:00,1283.199951171875,1283.199951171875,1283.5999755859375,1283.0,1283.5,62508
2026-07-23 04:39:00+00:00,1283.4000244140625,1283.4000244140625,1283.5,1282.800048828125,1283.0,17636
2026-07-23 04:40:00+00:00,1283.199951171875,1283.199951171875,1283.5999755859375,1283.0,1283.4000244140625,11699
2026-07-23 04:41:00+00:00,1283.0,1283.0,1283.4000244140625,1283.0,1283.199951171875,11126
2026-07-23 04:42:00+00:00,1282.800048828125,1282.800048828125,1283.4000244140625,1282.699951171875,1283.300048828125,9904
2026-07-23 04:43:00+00:00,1282.800048828125,1282.800048828125,1282.800048828125,1282.4000244140625,1282.699951171875,9454
2026-07-23 04:44:00+00:00,1282.800048828125,1282.800048828125,1282.9000244140625,1282.5,1282.699951171875,9382
2026-07-23 04:45:00+00:00,1282.9000244140625,1282.9000244140625,1282.9000244140625,1282.800048828125,1282.800048828125,5751
2026-07-23 04:46:00+00:00,1283.300048828125,1283.300048828125,1283.4000244140625,1282.9000244140625,1282.9000244140625,7944
2026-07-23 04:47:00+00:00,1283.300048828125,1283.300048828125,1283.4000244140625,1283.0999755859375,1283.199951171875,7239
2026-07-23 04:48:00+00:00,1283.5999755859375,1283.5999755859375,1283.5999755859375,1283.300048828125,1283.4000244140625,13608
2026-07-23 04:49:00+00:00,1283.5,1283.5,1283.699951171875,1283.4000244140625,1283.5999755859375,4406
2026-07-23 04:50:00+00:00,1283.4000244140625,1283.4000244140625,1283.5,1283.300048828125,1283.5,5319
2026-07-23 04:51:00+00:00,1283.199951171875,1283.199951171875,1283.4000244140625,1282.699951171875,1283.300048828125,13586
2026-07-23 04:52:00+00:00,1283.0999755859375,1283.0999755859375,1283.199951171875,1283.0,1283.0999755859375,10209
2026-07-23 04:53:00+00:00,1283.0,1283.0,1283.199951171875,1283.0,1283.199951171875,7400
2026-07-23 04:54:00+00:00,1284.5,1284.5,1284.5,1283.0999755859375,1283.0999755859375,17804
2026-07-23 04:55:00+00:00,1285.9000244140625,1285.9000244140625,1285.9000244140625,1284.4000244140625,1284.5,32896
2026-07-23 04:56:00+00:00,1285.300048828125,1285.300048828125,1286.5,1285.0,1285.9000244140625,30940
2026-07-23 04:57:00+00:00,1285.5,1285.5,1286.0999755859375,1285.300048828125,1285.4000244140625,14741
2026-07-23 04:58:00+00:00,1286.0,1286.0,1286.0999755859375,1285.5999755859375,1285.5999755859375,8769
2026-07-23 04:59:00+00:00,1285.5999755859375,1285.5999755859375,1286.0999755859375,1285.5999755859375,1286.0999755859375,6388
2026-07-23 05:00:00+00:00,1285.4000244140625,1285.4000244140625,1285.800048828125,1285.4000244140625,1285.699951171875,15764
2026-07-23 05:01:00+00:00,1284.9000244140625,1284.9000244140625,1285.199951171875,1284.9000244140625,1285.199951171875,8780
2026-07-23 05:02:00+00:00,1284.699951171875,1284.699951171875,1285.0,1284.5,1284.800048828125,12742
2026-07-23 05:03:00+00:00,1285.0,1285.0,1285.0,1284.5,1284.699951171875,4812
2026-07-23 05:04:00+00:00,1285.0,1285.0,1285.0,1284.5999755859375,1284.9000244140625,7592
2026-07-23 05:05:00+00:00,1285.199951171875,1285.199951171875,1285.199951171875,1284.9000244140625,1285.0,13702
2026-07-23 05:06:00+00:00,1285.0999755859375,1285.0999755859375,1285.199951171875,1285.0999755859375,1285.199951171875,7052
2026-07-23 05:07:00+00:00,1285.0999755859375,1285.0999755859375,1285.0999755859375,1285.0,1285.0,4748
2026-07-23 05:08:00+00:00,1285.5,1285.5,1285.5,1285.0999755859375,1285.0999755859375,11595
2026-07-23 05:09:00+00:00,1285.800048828125,1285.800048828125,1285.800048828125,1285.5,1285.5,8776
2026-07-23 05:10:00+00:00,1286.300048828125,1286.300048828125,1286.4000244140625,1285.9000244140625,1285.9000244140625,16066
2026-07-23 05:11:00+00:00,1286.5,1286.5,1286.800048828125,1286.199951171875,1286.199951171875,15561
2026-07-23 05:12:00+00:00,1286.5,1286.5,1286.5999755859375,1286.0,1286.5,13307
2026-07-23 05:13:00+00:00,1286.4000244140625,1286.4000244140625,1286.5,1286.300048828125,1286.5,8846
2026-07-23 05:14:00+00:00,1287.0,1287.0,1287.0,1286.4000244140625,1286.4000244140625,13709
2026-07-23 05:15:00+00:00,1286.5999755859375,1286.5999755859375,1287.300048828125,1286.5,1287.0,13521
2026-07-23 05:16:00+00:00,1286.300048828125,1286.300048828125,1286.5999755859375,1286.199951171875,1286.5999755859375,18309
2026-07-23 05:17:00+00:00,1286.0999755859375,1286.0999755859375,1286.300048828125,1286.0,1286.199951171875,5903
2026-07-23 05:18:00+00:00,1286.0999755859375,1286.0999755859375,1286.4000244140625,1286.0,1286.0,13316
2026-07-23 05:19:00+00:00,1286.0999755859375,1286.0999755859375,1286.699951171875,1286.0999755859375,1286.300048828125,10980
2026-07-23 05:20:00+00:00,1285.800048828125,1285.800048828125,1286.300048828125,1285.699951171875,1286.0999755859375,14681
2026-07-23 05:21:00+00:00,1285.800048828125,1285.800048828125,1286.0,1285.5999755859375,1285.800048828125,11128
2026-07-23 05:22:00+00:00,1285.800048828125,1285.800048828125,1285.9000244140625,1285.4000244140625,1285.9000244140625,6928
2026-07-23 05:23:00+00:00,1285.199951171875,1285.199951171875,1285.800048828125,1285.0,1285.800048828125,28528
2026-07-23 05:24:00+00:00,1284.9000244140625,1284.9000244140625,1285.199951171875,1284.5999755859375,1285.199951171875,6781
2026-07-23 05:25:00+00:00,1284.199951171875,1284.199951171875,1284.800048828125,1284.0,1284.800048828125,12578
2026-07-23 05:26:00+00:00,1284.5,1284.5,1284.5,1284.0,1284.300048828125,6085
2026-07-23 05:27:00+00:00,1284.5,1284.5,1284.5999755859375,1284.4000244140625,1284.5,8501
2026-07-23 05:28:00+00:00,1284.5,1284.5,1284.800048828125,1284.5,1284.5,12003
2026-07-23 05:29:00+00:00,1284.9000244140625,1284.9000244140625,1285.0,1284.5999755859375,1284.5999755859375,6126
2026-07-23 05:30:00+00:00,1285.0,1285.0,1285.0,1284.800048828125,1284.800048828125,6021
2026-07-23 05:31:00+00:00,1284.9000244140625,1284.9000244140625,1285.0,1284.9000244140625,1285.0,5661
2026-07-23 05:32:00+00:00,1284.9000244140625,1284.9000244140625,1285.0,1284.5999755859375,1284.9000244140625,8162
2026-07-23 05:33:00+00:00,1285.0,1285.0,1285.0,1284.800048828125,1285.0,7306
2026-07-23 05:34:00+00:00,1284.9000244140625,1284.9000244140625,1285.0,1284.800048828125,1284.9000244140625,9792
2026-07-23 05:35:00+00:00,1284.9000244140625,1284.9000244140625,1285.0,1284.9000244140625,1284.9000244140625,4851
2026-07-23 05:36:00+00:00,1284.9000244140625,1284.9000244140625,1285.0,1284.9000244140625,1284.9000244140625,10901
2026-07-23 05:37:00+00:00,1284.9000244140625,1284.9000244140625,1285.0,1284.800048828125,1284.9000244140625,9535
2026-07-23 05:38:00+00:00,1284.5,1284.5,1284.800048828125,1284.5,1284.800048828125,12413
2026-07-23 05:39:00+00:00,1284.9000244140625,1284.9000244140625,1284.9000244140625,1284.5,1284.5999755859375,9868
2026-07-23 05:40:00+00:00,1284.699951171875,1284.699951171875,1284.800048828125,1284.5,1284.699951171875,7261
2026-07-23 05:41:00+00:00,1284.699951171875,1284.699951171875,1284.9000244140625,1284.699951171875,1284.800048828125,6982
2026-07-23 05:42:00+00:00,1284.4000244140625,1284.4000244140625,1284.9000244140625,1284.300048828125,1284.800048828125,5550
2026-07-23 05:43:00+00:00,1284.4000244140625,1284.4000244140625,1284.5,1283.5999755859375,1284.4000244140625,34730
2026-07-23 05:44:00+00:00,1284.800048828125,1284.800048828125,1285.0999755859375,1284.0,1284.699951171875,92785
2026-07-23 05:45:00+00:00,1285.4000244140625,1285.4000244140625,1285.800048828125,1284.800048828125,1285.0,25246
2026-07-23 05:46:00+00:00,1285.5,1285.5,1286.699951171875,1284.9000244140625,1285.4000244140625,57378
2026-07-23 05:47:00+00:00,1285.4000244140625,1285.4000244140625,1286.0,1285.0999755859375,1285.4000244140625,50141
2026-07-23 05:48:00+00:00,1284.0,1284.0,1285.5,1284.0,1285.5,30720
2026-07-23 05:49:00+00:00,1285.199951171875,1285.199951171875,1285.4000244140625,1284.199951171875,1284.199951171875,109321
2026-07-23 05:50:00+00:00,1284.9000244140625,1284.9000244140625,1285.699951171875,1284.0999755859375,1285.199951171875,129368
2026-07-23 05:51:00+00:00,1284.0,1284.0,1285.0,1284.0,1284.9000244140625,26761
2026-07-23 05:52:00+00:00,1283.5,1283.5,1284.199951171875,1283.199951171875,1284.0,23878
2026-07-23 05:53:00+00:00,1283.0999755859375,1283.0999755859375,1283.699951171875,1283.0999755859375,1283.4000244140625,10146
2026-07-23 05:54:00+00:00,1282.800048828125,1282.800048828125,1283.5,1282.800048828125,1283.300048828125,12250
2026-07-23 05:55:00+00:00,1283.0,1283.0,1283.0,1282.699951171875,1282.9000244140625,7584
2026-07-23 05:56:00+00:00,1282.699951171875,1282.699951171875,1283.0999755859375,1282.5,1282.5999755859375,9686
2026-07-23 05:57:00+00:00,1282.4000244140625,1282.4000244140625,1283.0999755859375,1282.0,1283.0999755859375,33543
2026-07-23 05:58:00+00:00,1282.0999755859375,1282.0999755859375,1282.5,1281.5999755859375,1282.5,39722
2026-07-23 05:59:00+00:00,1282.199951171875,1282.199951171875,1282.300048828125,1282.0999755859375,1282.0999755859375,14179
2026-07-23 06:00:00+00:00,1282.300048828125,1282.300048828125,1282.300048828125,1282.199951171875,1282.199951171875,9888
2026-07-23 06:01:00+00:00,1283.199951171875,1283.199951171875,1283.199951171875,1282.199951171875,1282.300048828125,80860
2026-07-23 06:02:00+00:00,1283.199951171875,1283.199951171875,1283.5999755859375,1282.699951171875,1283.0,79648
2026-07-23 06:03:00+00:00,1283.4000244140625,1283.4000244140625,1283.5999755859375,1282.5,1283.300048828125,75503
2026-07-23 06:04:00+00:00,1284.5,1284.5,1284.5,1283.300048828125,1283.4000244140625,15163
2026-07-23 06:05:00+00:00,1283.800048828125,1283.800048828125,1284.300048828125,1283.5,1284.300048828125,10314
2026-07-23 06:06:00+00:00,1283.5999755859375,1283.5999755859375,1284.199951171875,1283.5999755859375,1283.9000244140625,4384
2026-07-23 06:07:00+00:00,1281.9000244140625,1281.9000244140625,1283.800048828125,1281.5,1283.800048828125,21053
2026-07-23 06:08:00+00:00,1281.800048828125,1281.800048828125,1281.9000244140625,1281.5,1281.800048828125,7047
2026-07-23 06:09:00+00:00,1281.699951171875,1281.699951171875,1281.800048828125,1281.5,1281.800048828125,4888
2026-07-23 06:10:00+00:00,1281.699951171875,1281.699951171875,1281.699951171875,1281.300048828125,1281.5,11624
2026-07-23 06:11:00+00:00,1282.0999755859375,1282.0999755859375,1282.0999755859375,1281.4000244140625,1281.699951171875,29069
2026-07-23 06:12:00+00:00,1282.0999755859375,1282.0999755859375,1282.0999755859375,1281.699951171875,1281.800048828125,14368
2026-07-23 06:13:00+00:00,1282.199951171875,1282.199951171875,1282.5999755859375,1282.0,1282.199951171875,6624
2026-07-23 06:14:00+00:00,1282.199951171875,1282.199951171875,1282.300048828125,1282.0,1282.199951171875,5715
2026-07-23 06:15:00+00:00,1282.0,1282.0,1282.199951171875,1282.0,1282.0999755859375,6488
2026-07-23 06:16:00+00:00,1281.9000244140625,1281.9000244140625,1282.199951171875,1281.5,1282.0,13028
2026-07-23 06:17:00+00:00,1281.800048828125,1281.800048828125,1281.9000244140625,1281.800048828125,1281.9000244140625,8528
2026-07-23 06:18:00+00:00,1282.0,1282.0,1282.0,1281.800048828125,1281.800048828125,16749
2026-07-23 06:19:00+00:00,1282.0999755859375,1282.0999755859375,1283.0999755859375,1282.0,1282.0999755859375,100893
2026-07-23 06:20:00+00:00,1281.9000244140625,1281.9000244140625,1282.199951171875,1281.5999755859375,1282.0999755859375,21563
2026-07-23 06:21:00+00:00,1281.800048828125,1281.800048828125,1281.9000244140625,1281.5999755859375,1281.800048828125,7818
2026-07-23 06:22:00+00:00,1281.5999755859375,1281.5999755859375,1281.9000244140625,1281.5,1281.800048828125,8345
2026-07-23 06:23:00+00:00,1280.300048828125,1280.300048828125,1281.5999755859375,1280.300048828125,1281.5999755859375,44609
2026-07-23 06:24:00+00:00,1280.5999755859375,1280.5999755859375,1280.699951171875,1280.4000244140625,1280.4000244140625,10560
2026-07-23 06:25:00+00:00,1281.0,1281.0,1281.0,1280.5,1280.5,8881
2026-07-23 06:26:00+00:00,1280.5999755859375,1280.5999755859375,1281.0,1280.5999755859375,1280.9000244140625,16302
2026-07-23 06:27:00+00:00,1280.5999755859375,1280.5999755859375,1280.699951171875,1280.5,1280.699951171875,12119
2026-07-23 06:28:00+00:00,1280.800048828125,1280.800048828125,1280.9000244140625,1280.4000244140625,1280.5999755859375,24049
2026-07-23 06:29:00+00:00,1280.5,1280.5,1280.9000244140625,1280.5,1280.5999755859375,13842
2026-07-23 06:30:00+00:00,1281.4000244140625,1281.4000244140625,1281.5,1280.5,1280.5,21704
2026-07-23 06:31:00+00:00,1280.300048828125,1280.300048828125,1281.4000244140625,1280.300048828125,1281.300048828125,20085
2026-07-23 06:32:00+00:00,1281.0,1281.0,1281.199951171875,1279.9000244140625,1280.300048828125,101488
2026-07-23 06:33:00+00:00,1281.300048828125,1281.300048828125,1281.4000244140625,1281.0,1281.0999755859375,8358
2026-07-23 06:34:00+00:00,1280.9000244140625,1280.9000244140625,1281.5,1280.9000244140625,1281.4000244140625,8260
2026-07-23 06:35:00+00:00,1280.699951171875,1280.699951171875,1281.0999755859375,1280.5,1281.0999755859375,6152
2026-07-23 06:36:00+00:00,1280.699951171875,1280.699951171875,1280.800048828125,1280.4000244140625,1280.800048828125,6432
2026-07-23 06:37:00+00:00,1280.699951171875,1280.699951171875,1280.699951171875,1280.5999755859375,1280.5999755859375,9121
2026-07-23 06:38:00+00:00,1281.0,1281.0,1281.0,1280.4000244140625,1280.699951171875,17091
2026-07-23 06:39:00+00:00,1281.4000244140625,1281.4000244140625,1281.4000244140625,1280.9000244140625,1280.9000244140625,10673
2026-07-23 06:40:00+00:00,1280.300048828125,1280.300048828125,1281.5999755859375,1280.300048828125,1281.5,14671
2026-07-23 06:41:00+00:00,1280.300048828125,1280.300048828125,1280.5999755859375,1280.0,1280.5999755859375,33201
2026-07-23 06:42:00+00:00,1279.800048828125,1279.800048828125,1280.5999755859375,1279.5999755859375,1280.300048828125,34594
2026-07-23 06:43:00+00:00,1279.5,1279.5,1280.4000244140625,1279.5,1279.800048828125,13464
2026-07-23 06:44:00+00:00,1279.4000244140625,1279.4000244140625,1279.5999755859375,1279.0999755859375,1279.5999755859375,38958
2026-07-23 06:45:00+00:00,1279.5999755859375,1279.5999755859375,1279.5999755859375,1279.0999755859375,1279.300048828125,14975
2026-07-23 06:46:00+00:00,1280.300048828125,1280.300048828125,1280.4000244140625,1279.5,1279.5999755859375,27076
2026-07-23 06:47:00+00:00,1280.0,1280.0,1280.300048828125,1279.5999755859375,1279.5999755859375,53451
2026-07-23 06:48:00+00:00,1279.800048828125,1279.800048828125,1280.300048828125,1279.699951171875,1280.0,9823
2026-07-23 06:49:00+00:00,1279.9000244140625,1279.9000244140625,1280.0999755859375,1279.800048828125,1279.9000244140625,9000
2026-07-23 06:50:00+00:00,1280.0,1280.0,1280.0999755859375,1279.800048828125,1279.800048828125,9283
2026-07-23 06:51:00+00:00,1279.800048828125,1279.800048828125,1280.0999755859375,1279.800048828125,1280.0,11209
2026-07-23 06:52:00+00:00,1279.9000244140625,1279.9000244140625,1280.0999755859375,1279.800048828125,1280.0,12068
2026-07-23 06:53:00+00:00,1280.0,1280.0,1280.0,1279.800048828125,1280.0,7771
2026-07-23 06:54:00+00:00,1279.5,1279.5,1280.0,1279.5,1279.800048828125,12712
2026-07-23 06:55:00+00:00,1279.4000244140625,1279.4000244140625,1279.5,1279.199951171875,1279.4000244140625,5046
2026-07-23 06:56:00+00:00,1279.300048828125,1279.300048828125,1279.4000244140625,1279.0999755859375,1279.0999755859375,10719
2026-07-23 06:57:00+00:00,1279.0999755859375,1279.0999755859375,1279.199951171875,1279.0999755859375,1279.0999755859375,7194
2026-07-23 06:58:00+00:00,1279.0999755859375,1279.0999755859375,1279.199951171875,1279.0999755859375,1279.199951171875,9673
2026-07-23 06:59:00+00:00,1279.0999755859375,1279.0999755859375,1279.0999755859375,1279.0,1279.0999755859375,11791
2026-07-23 07:00:00+00:00,1278.0999755859375,1278.0999755859375,1279.0999755859375,1278.0999755859375,1279.0999755859375,25516
2026-07-23 07:01:00+00:00,1277.9000244140625,1277.9000244140625,1278.0999755859375,1277.0999755859375,1278.0,61567
2026-07-23 07:02:00+00:00,1277.4000244140625,1277.4000244140625,1278.0,1277.0,1278.0,55768
2026-07-23 07:03:00+00:00,1277.9000244140625,1277.9000244140625,1278.0,1277.4000244140625,1277.4000244140625,41994
2026-07-23 07:04:00+00:00,1277.9000244140625,1277.9000244140625,1278.4000244140625,1277.9000244140625,1277.9000244140625,30389
2026-07-23 07:05:00+00:00,1277.5,1277.5,1278.199951171875,1277.0999755859375,1278.0999755859375,19340
2026-07-23 07:06:00+00:00,1277.0,1277.0,1277.5,1276.199951171875,1277.5,46914
2026-07-23 07:07:00+00:00,1277.0999755859375,1277.0999755859375,1277.0999755859375,1276.800048828125,1277.0999755859375,9496
2026-07-23 07:08:00+00:00,1277.4000244140625,1277.4000244140625,1277.5,1277.0999755859375,1277.199951171875,17076
2026-07-23 07:09:00+00:00,1276.9000244140625,1276.9000244140625,1277.4000244140625,1276.5999755859375,1277.4000244140625,19482
2026-07-23 07:10:00+00:00,1276.0,1276.0,1276.9000244140625,1276.0,1276.9000244140625,26849
2026-07-23 07:11:00+00:00,1276.0,1276.0,1276.0,1275.5,1275.800048828125,20421
2026-07-23 07:12:00+00:00,1275.4000244140625,1275.4000244140625,1276.0,1275.199951171875,1276.0,19802
2026-07-23 07:13:00+00:00,1275.300048828125,1275.300048828125,1275.699951171875,1275.0,1275.300048828125,70316
2026-07-23 07:14:00+00:00,1275.699951171875,1275.699951171875,1276.0,1275.0,1275.0,25977
2026-07-23 07:15:00+00:00,1275.800048828125,1275.800048828125,1276.0,1275.5999755859375,1275.699951171875,17519
2026-07-23 07:16:00+00:00,1275.699951171875,1275.699951171875,1275.9000244140625,1275.5,1275.800048828125,34067
2026-07-23 07:17:00+00:00,1275.9000244140625,1275.9000244140625,1276.300048828125,1275.5999755859375,1275.699951171875,89550
2026-07-23 07:18:00+00:00,1275.699951171875,1275.699951171875,1276.0,1275.4000244140625,1275.9000244140625,19403
2026-07-23 07:19:00+00:00,1275.300048828125,1275.300048828125,1275.699951171875,1275.0,1275.5999755859375,17787
2026-07-23 07:20:00+00:00,1275.0999755859375,1275.0999755859375,1275.300048828125,1275.0,1275.300048828125,28999
2026-07-23 07:21:00+00:00,1275.199951171875,1275.199951171875,1275.4000244140625,1275.0,1275.0999755859375,25976
2026-07-23 07:22:00+00:00,1275.199951171875,1275.199951171875,1275.300048828125,1274.9000244140625,1275.300048828125,24839
2026-07-23 07:23:00+00:00,1275.300048828125,1275.300048828125,1275.4000244140625,1275.0,1275.199951171875,15615
2026-07-23 07:24:00+00:00,1276.4000244140625,1276.4000244140625,1276.4000244140625,1275.300048828125,1275.300048828125,25109
2026-07-23 07:25:00+00:00,1276.699951171875,1276.699951171875,1276.800048828125,1276.0,1276.300048828125,16021
2026-07-23 07:26:00+00:00,1276.0,1276.0,1276.699951171875,1275.5999755859375,1276.699951171875,32613
2026-07-23 07:27:00+00:00,1276.5,1276.5,1276.5,1275.5999755859375,1275.5999755859375,52040
2026-07-23 07:28:00+00:00,1276.800048828125,1276.800048828125,1276.800048828125,1276.4000244140625,1276.699951171875,12022
2026-07-23 07:29:00+00:00,1276.699951171875,1276.699951171875,1276.800048828125,1276.4000244140625,1276.800048828125,11118
2026-07-23 07:30:00+00:00,1276.4000244140625,1276.4000244140625,1276.699951171875,1275.699951171875,1276.699951171875,46445
2026-07-23 07:31:00+00:00,1276.0999755859375,1276.0999755859375,1276.4000244140625,1275.699951171875,1276.4000244140625,8776
2026-07-23 07:32:00+00:00,1276.0,1276.0,1276.0999755859375,1275.5,1276.0999755859375,11308
2026-07-23 07:33:00+00:00,1276.199951171875,1276.199951171875,1276.4000244140625,1275.9000244140625,1276.0,23210
2026-07-23 07:34:00+00:00,1276.0,1276.0,1276.5,1275.800048828125,1276.199951171875,13301
2026-07-23 07:35:00+00:00,1275.699951171875,1275.699951171875,1275.9000244140625,1275.300048828125,1275.9000244140625,16214
2026-07-23 07:36:00+00:00,1275.699951171875,1275.699951171875,1275.800048828125,1275.199951171875,1275.5999755859375,16348
2026-07-23 07:37:00+00:00,1275.800048828125,1275.800048828125,1275.9000244140625,1275.4000244140625,1275.800048828125,11463
2026-07-23 07:38:00+00:00,1275.5,1275.5,1275.9000244140625,1275.300048828125,1275.800048828125,11464
2026-07-23 07:39:00+00:00,1275.5,1275.5,1275.699951171875,1274.800048828125,1275.300048828125,37397
2026-07-23 07:40:00+00:00,1275.0,1275.0,1275.5,1274.800048828125,1275.4000244140625,9526
2026-07-23 07:41:00+00:00,1275.300048828125,1275.300048828125,1275.4000244140625,1274.9000244140625,1275.199951171875,15831
2026-07-23 07:42:00+00:00,1274.9000244140625,1274.9000244140625,1275.300048828125,1274.5,1275.300048828125,24482
2026-07-23 07:43:00+00:00,1275.0999755859375,1275.0999755859375,1275.199951171875,1274.5999755859375,1275.0,17333
2026-07-23 07:44:00+00:00,1275.300048828125,1275.300048828125,1275.300048828125,1274.699951171875,1275.0999755859375,20961
2026-07-23 07:45:00+00:00,1274.9000244140625,1274.9000244140625,1275.300048828125,1274.5999755859375,1275.300048828125,14314
2026-07-23 07:46:00+00:00,1273.4000244140625,1273.4000244140625,1274.9000244140625,1273.0,1274.9000244140625,80433
2026-07-23 07:47:00+00:00,1274.5999755859375,1274.5999755859375,1274.5999755859375,1273.0,1273.4000244140625,26759
2026-07-23 07:48:00+00:00,1274.5999755859375,1274.5999755859375,1274.699951171875,1273.9000244140625,1274.5999755859375,21925
2026-07-23 07:49:00+00:00,1274.300048828125,1274.300048828125,1274.800048828125,1273.699951171875,1274.800048828125,14797
2026-07-23 07:50:00+00:00,1274.699951171875,1274.699951171875,1274.699951171875,1274.0,1274.199951171875,29407
2026-07-23 07:51:00+00:00,1274.5999755859375,1274.5999755859375,1275.0,1274.300048828125,1274.699951171875,17887
2026-07-23 07:52:00+00:00,1274.0999755859375,1274.0999755859375,1274.699951171875,1273.199951171875,1274.699951171875,51587
2026-07-23 07:53:00+00:00,1273.800048828125,1273.800048828125,1274.300048828125,1273.5999755859375,1273.699951171875,15016
2026-07-23 07:54:00+00:00,1274.0999755859375,1274.0999755859375,1274.0999755859375,1273.300048828125,1273.699951171875,42787
2026-07-23 07:55:00+00:00,1274.4000244140625,1274.4000244140625,1274.800048828125,1273.4000244140625,1274.0999755859375,46002
2026-07-23 07:56:00+00:00,1274.0999755859375,1274.0999755859375,1274.5,1273.699951171875,1274.5,19129
2026-07-23 07:57:00+00:00,1273.800048828125,1273.800048828125,1274.0,1273.5999755859375,1274.0,10679
2026-07-23 07:58:00+00:00,1272.699951171875,1272.699951171875,1273.800048828125,1272.0999755859375,1273.800048828125,41071
2026-07-23 07:59:00+00:00,1272.9000244140625,1272.9000244140625,1272.9000244140625,1272.5,1272.5999755859375,14233
2026-07-23 08:00:00+00:00,1272.9000244140625,1272.9000244140625,1273.199951171875,1272.5999755859375,1272.9000244140625,20814
2026-07-23 08:01:00+00:00,1272.699951171875,1272.699951171875,1273.0,1272.5999755859375,1272.9000244140625,8654
2026-07-23 08:02:00+00:00,1272.9000244140625,1272.9000244140625,1272.9000244140625,1272.5,1272.800048828125,10870
2026-07-23 08:03:00+00:00,1272.9000244140625,1272.9000244140625,1273.0,1272.800048828125,1272.9000244140625,13352
2026-07-23 08:04:00+00:00,1272.5999755859375,1272.5999755859375,1272.9000244140625,1272.0999755859375,1272.9000244140625,10309
2026-07-23 08:05:00+00:00,1272.5,1272.5,1272.5999755859375,1272.199951171875,1272.5999755859375,9316
2026-07-23 08:06:00+00:00,1272.0,1272.0,1272.5,1272.0,1272.4000244140625,16178
2026-07-23 08:07:00+00:00,1273.0,1273.0,1273.199951171875,1272.0,1272.300048828125,25418
2026-07-23 08:08:00+00:00,1273.4000244140625,1273.4000244140625,1273.699951171875,1272.800048828125,1273.199951171875,31026
2026-07-23 08:09:00+00:00,1273.300048828125,1273.300048828125,1273.300048828125,1273.0999755859375,1273.199951171875,58514
2026-07-23 08:10:00+00:00,1273.300048828125,1273.300048828125,1273.300048828125,1273.0999755859375,1273.300048828125,33527
2026-07-23 08:11:00+00:00,1273.4000244140625,1273.4000244140625,1273.5,1273.199951171875,1273.300048828125,30468
2026-07-23 08:12:00+00:00,1272.5,1272.5,1273.5999755859375,1272.0999755859375,1273.5,67661
2026-07-23 08:13:00+00:00,1271.800048828125,1271.800048828125,1272.4000244140625,1271.800048828125,1272.0,57158
2026-07-23 08:14:00+00:00,1272.5,1272.5,1272.5,1271.800048828125,1272.4000244140625,19782
2026-07-23 08:15:00+00:00,1273.199951171875,1273.199951171875,1273.199951171875,1272.5,1272.800048828125,41575
2026-07-23 08:16:00+00:00,1273.9000244140625,1273.9000244140625,1273.9000244140625,1272.699951171875,1273.0999755859375,79045
2026-07-23 08:17:00+00:00,1274.0,1274.0,1274.199951171875,1273.800048828125,1273.9000244140625,22199
2026-07-23 08:18:00+00:00,1273.9000244140625,1273.9000244140625,1274.0,1273.800048828125,1274.0,9362
2026-07-23 08:19:00+00:00,1273.5,1273.5,1273.699951171875,1273.0,1273.699951171875,13097
2026-07-23 08:20:00+00:00,1274.0,1274.0,1274.0,1273.5999755859375,1273.699951171875,19062
2026-07-23 08:21:00+00:00,1274.0999755859375,1274.0999755859375,1274.199951171875,1273.699951171875,1273.9000244140625,22750
2026-07-23 08:22:00+00:00,1273.5,1273.5,1273.9000244140625,1273.5,1273.800048828125,12227
2026-07-23 08:23:00+00:00,1273.5,1273.5,1273.699951171875,1273.5,1273.5,14358
2026-07-23 08:24:00+00:00,1273.199951171875,1273.199951171875,1273.5999755859375,1273.199951171875,1273.5,12317
2026-07-23 08:25:00+00:00,1273.199951171875,1273.199951171875,1273.199951171875,1273.0,1273.0999755859375,8677
2026-07-23 08:26:00+00:00,1273.199951171875,1273.199951171875,1273.199951171875,1272.5,1273.199951171875,27226
2026-07-23 08:27:00+00:00,1273.5,1273.5,1273.5999755859375,1273.0999755859375,1273.199951171875,8955
2026-07-23 08:28:00+00:00,1273.0,1273.0,1273.5,1273.0,1273.5,8175
2026-07-23 08:29:00+00:00,1273.0999755859375,1273.0999755859375,1273.4000244140625,1273.0,1273.0,8952
2026-07-23 08:30:00+00:00,1273.0,1273.0,1273.199951171875,1273.0,1273.199951171875,8583
2026-07-23 08:31:00+00:00,1272.9000244140625,1272.9000244140625,1273.199951171875,1272.699951171875,1273.199951171875,14266
2026-07-23 08:32:00+00:00,1272.699951171875,1272.699951171875,1273.0,1272.5,1273.0,7664
2026-07-23 08:33:00+00:00,1272.5,1272.5,1272.800048828125,1272.5,1272.800048828125,9970
2026-07-23 08:34:00+00:00,1272.9000244140625,1272.9000244140625,1272.9000244140625,1272.4000244140625,1272.5,31025
2026-07-23 08:35:00+00:00,1272.800048828125,1272.800048828125,1273.0,1272.699951171875,1272.800048828125,9443
2026-07-23 08:36:00+00:00,1272.9000244140625,1272.9000244140625,1273.0,1272.800048828125,1272.800048828125,12508
2026-07-23 08:37:00+00:00,1272.5,1272.5,1273.0,1272.5,1273.0,11872
2026-07-23 08:38:00+00:00,1272.199951171875,1272.199951171875,1272.800048828125,1272.0999755859375,1272.5,27084
2026-07-23 08:39:00+00:00,1271.699951171875,1271.699951171875,1272.199951171875,1271.4000244140625,1272.199951171875,44501
2026-07-23 08:40:00+00:00,1271.699951171875,1271.699951171875,1271.9000244140625,1271.300048828125,1271.699951171875,33797
2026-07-23 08:41:00+00:00,1272.199951171875,1272.199951171875,1272.199951171875,1271.699951171875,1271.699951171875,41914
2026-07-23 08:42:00+00:00,1272.0999755859375,1272.0999755859375,1272.5,1272.0999755859375,1272.199951171875,17430
2026-07-23 08:43:00+00:00,1271.9000244140625,1271.9000244140625,1272.4000244140625,1271.699951171875,1272.0999755859375,22022
2026-07-23 08:44:00+00:00,1272.199951171875,1272.199951171875,1272.4000244140625,1271.800048828125,1272.0,21997
2026-07-23 08:45:00+00:00,1271.9000244140625,1271.9000244140625,1272.199951171875,1271.5,1272.0999755859375,18666
2026-07-23 08:46:00+00:00,1272.800048828125,1272.800048828125,1272.800048828125,1271.800048828125,1271.9000244140625,21598
2026-07-23 08:47:00+00:00,1273.0999755859375,1273.0999755859375,1273.5,1272.800048828125,1272.9000244140625,31733
2026-07-23 08:48:00+00:00,1273.4000244140625,1273.4000244140625,1273.4000244140625,1272.800048828125,1273.0,17022
2026-07-23 08:49:00+00:00,1272.5999755859375,1272.5999755859375,1273.5,1272.5999755859375,1273.4000244140625,14301
2026-07-23 08:50:00+00:00,1273.199951171875,1273.199951171875,1273.199951171875,1272.5999755859375,1273.0,26294
2026-07-23 08:51:00+00:00,1273.199951171875,1273.199951171875,1273.4000244140625,1273.0,1273.199951171875,36642
2026-07-23 08:52:00+00:00,1272.800048828125,1272.800048828125,1273.300048828125,1272.800048828125,1273.199951171875,31434
2026-07-23 08:53:00+00:00,1274.0999755859375,1274.0999755859375,1274.0999755859375,1273.0,1273.0,39824
2026-07-23 08:54:00+00:00,1274.199951171875,1274.199951171875,1274.199951171875,1274.0,1274.0999755859375,22928
2026-07-23 08:55:00+00:00,1273.800048828125,1273.800048828125,1274.199951171875,1273.800048828125,1274.199951171875,28480
2026-07-23 08:56:00+00:00,1273.9000244140625,1273.9000244140625,1273.9000244140625,1273.300048828125,1273.800048828125,26617
2026-07-23 08:57:00+00:00,1273.9000244140625,1273.9000244140625,1273.9000244140625,1273.5999755859375,1273.800048828125,10579
2026-07-23 08:58:00+00:00,1273.5,1273.5,1273.699951171875,1273.5,1273.699951171875,11579
2026-07-23 08:59:00+00:00,1273.5999755859375,1273.5999755859375,1273.699951171875,1273.5,1273.5999755859375,14647
2026-07-23 09:00:00+00:00,1272.5,1272.5,1273.9000244140625,1272.5,1273.699951171875,47392
2026-07-23 09:01:00+00:00,1273.199951171875,1273.199951171875,1273.199951171875,1272.4000244140625,1272.4000244140625,33845
2026-07-23 09:02:00+00:00,1273.5999755859375,1273.5999755859375,1273.5999755859375,1273.0999755859375,1273.199951171875,13895
2026-07-23 09:03:00+00:00,1274.4000244140625,1274.4000244140625,1274.9000244140625,1273.5999755859375,1273.5999755859375,45061
2026-07-23 09:04:00+00:00,1274.699951171875,1274.699951171875,1274.699951171875,1274.199951171875,1274.4000244140625,19807
2026-07-23 09:05:00+00:00,1274.699951171875,1274.699951171875,1274.800048828125,1274.0999755859375,1274.5999755859375,21136
2026-07-23 09:06:00+00:00,1274.0999755859375,1274.0999755859375,1274.9000244140625,1274.0,1274.4000244140625,31340
2026-07-23 09:07:00+00:00,1273.800048828125,1273.800048828125,1274.5999755859375,1273.5999755859375,1274.300048828125,32729
2026-07-23 09:08:00+00:00,1273.9000244140625,1273.9000244140625,1274.5,1273.5999755859375,1274.199951171875,40314
2026-07-23 09:09:00+00:00,1273.4000244140625,1273.4000244140625,1274.0999755859375,1273.300048828125,1273.5999755859375,17279
2026-07-23 09:10:00+00:00,1273.5,1273.5,1273.9000244140625,1273.4000244140625,1273.4000244140625,27074
2026-07-23 09:11:00+00:00,1273.800048828125,1273.800048828125,1273.800048828125,1273.5,1273.5,12941
2026-07-23 09:12:00+00:00,1272.9000244140625,1272.9000244140625,1273.5,1272.9000244140625,1273.5,31207
2026-07-23 09:13:00+00:00,1272.800048828125,1272.800048828125,1273.300048828125,1272.699951171875,1272.9000244140625,54087
2026-07-23 09:14:00+00:00,1272.800048828125,1272.800048828125,1272.9000244140625,1272.5999755859375,1272.800048828125,41495
2026-07-23 09:15:00+00:00,1272.800048828125,1272.800048828125,1272.9000244140625,1272.800048828125,1272.9000244140625,19329
2026-07-23 09:16:00+00:00,1271.5,1271.5,1272.800048828125,1271.4000244140625,1272.800048828125,38516
2026-07-23 09:17:00+00:00,1271.0999755859375,1271.0999755859375,1271.5,1271.0,1271.5,48533
2026-07-23 09:18:00+00:00,1270.300048828125,1270.300048828125,1271.0999755859375,1270.199951171875,1271.0999755859375,78247
2026-07-23 09:19:00+00:00,1270.300048828125,1270.300048828125,1270.4000244140625,1270.0999755859375,1270.4000244140625,69322
2026-07-23 09:20:00+00:00,1270.0,1270.0,1270.300048828125,1270.0,1270.199951171875,72633
2026-07-23 09:21:00+00:00,1269.699951171875,1269.699951171875,1270.199951171875,1269.0999755859375,1270.0999755859375,135179
2026-07-23 09:22:00+00:00,1269.699951171875,1269.699951171875,1269.9000244140625,1269.5,1269.699951171875,34455
2026-07-23 09:23:00+00:00,1269.199951171875,1269.199951171875,1269.699951171875,1268.5,1269.699951171875,55510
2026-07-23 09:24:00+00:00,1269.0999755859375,1269.0999755859375,1269.5999755859375,1268.699951171875,1269.199951171875,80630
2026-07-23 09:25:00+00:00,1269.0,1269.0,1269.4000244140625,1268.699951171875,1269.199951171875,54705
2026-07-23 09:26:00+00:00,1268.699951171875,1268.699951171875,1269.199951171875,1268.4000244140625,1269.0,38396
2026-07-23 09:27:00+00:00,1268.800048828125,1268.800048828125,1268.800048828125,1268.300048828125,1268.5999755859375,43901
2026-07-23 09:28:00+00:00,1269.199951171875,1269.199951171875,1269.300048828125,1268.699951171875,1268.800048828125,28368
2026-07-23 09:29:00+00:00,1269.0999755859375,1269.0999755859375,1269.300048828125,1268.800048828125,1269.199951171875,25885
2026-07-23 09:30:00+00:00,1269.5,1269.5,1269.800048828125,1269.0999755859375,1269.0999755859375,78152
2026-07-23 09:31:00+00:00,1269.699951171875,1269.699951171875,1270.0,1269.4000244140625,1269.5,78345
2026-07-23 09:32:00+00:00,1271.800048828125,1271.800048828125,1271.800048828125,1269.699951171875,1269.800048828125,171520
2026-07-23 09:33:00+00:00,1268.4000244140625,1268.4000244140625,1272.0,1268.4000244140625,1271.699951171875,438662
2026-07-23 09:34:00+00:00,1268.800048828125,1268.800048828125,1269.9000244140625,1268.0,1268.0999755859375,199152
2026-07-23 09:35:00+00:00,1270.5999755859375,1270.5999755859375,1270.9000244140625,1268.800048828125,1268.800048828125,183354
2026-07-23 09:36:00+00:00,1271.300048828125,1271.300048828125,1271.4000244140625,1270.5999755859375,1270.5999755859375,75694
2026-07-23 09:37:00+00:00,1271.199951171875,1271.199951171875,1271.199951171875,1270.5,1271.199951171875,76686
2026-07-23 09:38:00+00:00,1271.800048828125,1271.800048828125,1271.9000244140625,1271.0999755859375,1271.199951171875,86110
2026-07-23 09:39:00+00:00,1271.0,1271.0,1272.5,1270.9000244140625,1271.9000244140625,278227
2026-07-23 09:40:00+00:00,1270.9000244140625,1270.9000244140625,1271.300048828125,1270.699951171875,1271.300048828125,76979
2026-07-23 09:41:00+00:00,1271.0,1271.0,1271.0,1270.5999755859375,1270.9000244140625,77544
2026-07-23 09:42:00+00:00,1271.0999755859375,1271.0999755859375,1271.199951171875,1270.9000244140625,1270.9000244140625,71392
2026-07-23 09:43:00+00:00,1271.4000244140625,1271.4000244140625,1271.5999755859375,1270.699951171875,1271.0999755859375,71779
2026-07-23 09:44:00+00:00,1271.4000244140625,1271.4000244140625,1271.5,1271.0999755859375,1271.4000244140625,76622
2026-07-23 09:45:00+00:00,1271.699951171875,1271.699951171875,1271.800048828125,1271.5999755859375,1271.5999755859375,56953
2026-07-23 09:46:00+00:00,1271.5,1271.5,1271.800048828125,1271.4000244140625,1271.800048828125,70920
2026-07-23 09:47:00+00:00,1271.5999755859375,1271.5999755859375,1271.699951171875,1271.4000244140625,1271.4000244140625,56966
2026-07-23 09:48:00+00:00,1272.0,1272.0,1272.0,1271.5999755859375,1271.5999755859375,111308
2026-07-23 09:49:00+00:00,1272.4000244140625,1272.4000244140625,1272.5,1271.9000244140625,1272.0,51284
2026-07-23 09:50:00+00:00,1272.699951171875,1272.699951171875,1272.9000244140625,1272.4000244140625,1272.4000244140625,71912
2026-07-23 09:51:00+00:00,1273.0999755859375,1273.0999755859375,1273.300048828125,1272.800048828125,1272.800048828125,60163
2026-07-23 09:52:00+00:00,1272.0999755859375,1272.0999755859375,1273.4000244140625,1271.699951171875,1273.300048828125,155422
2026-07-23 09:53:00+00:00,1273.0,1273.0,1273.0,1272.0,1272.0999755859375,88948
2026-07-23 09:54:00+00:00,1275.5999755859375,1275.5999755859375,1275.800048828125,1273.0999755859375,1273.4000244140625,302219
2026-07-23 09:55:00+00:00,1276.0999755859375,1276.0999755859375,1276.9000244140625,1275.0999755859375,1275.699951171875,266820
2026-07-23 09:56:00+00:00,1277.0,1277.0,1277.800048828125,1276.0,1276.5999755859375,134273
2026-07-23 09:57:00+00:00,1276.9000244140625,1276.9000244140625,1278.199951171875,1276.199951171875,1277.0,140864
2026-07-23 09:58:00+00:00,1274.699951171875,1274.699951171875,1276.9000244140625,1273.0,1276.9000244140625,279520
2026-07-23 09:59:00+00:00,1272.5,1272.5,1274.9000244140625,1272.4000244140625,1274.9000244140625,335056
2026-07-24 03:45:00+00:00,1267.0,1267.0,1267.5,1249.800048828125,1265.5999755859375,0
2026-07-24 03:46:00+00:00,1267.800048828125,1267.800048828125,1268.5,1265.5999755859375,1267.199951171875,92412
2026-07-24 03:47:00+00:00,1268.800048828125,1268.800048828125,1268.800048828125,1267.4000244140625,1267.9000244140625,48892
2026-07-24 03:48:00+00:00,1268.5,1268.5,1268.800048828125,1268.300048828125,1268.800048828125,56494
2026-07-24 03:49:00+00:00,1268.699951171875,1268.699951171875,1269.0999755859375,1268.5,1268.5,37491
2026-07-24 03:50:00+00:00,1269.5999755859375,1269.5999755859375,1269.5999755859375,1267.300048828125,1268.4000244140625,71233
2026-07-24 03:51:00+00:00,1269.300048828125,1269.300048828125,1269.699951171875,1269.0999755859375,1269.0999755859375,29012
2026-07-24 03:52:00+00:00,1270.0,1270.0,1270.800048828125,1269.5999755859375,1269.5999755859375,69790
2026-07-24 03:53:00+00:00,1268.800048828125,1268.800048828125,1270.300048828125,1268.800048828125,1270.300048828125,50575
2026-07-24 03:54:00+00:00,1267.199951171875,1267.199951171875,1268.800048828125,1267.199951171875,1268.800048828125,29440
2026-07-24 03:55:00+00:00,1267.4000244140625,1267.4000244140625,1268.0,1267.199951171875,1267.199951171875,42939
2026-07-24 03:56:00+00:00,1265.0,1265.0,1267.5,1264.9000244140625,1267.4000244140625,208337
2026-07-24 03:57:00+00:00,1264.9000244140625,1264.9000244140625,1265.9000244140625,1264.0999755859375,1264.9000244140625,63461
2026-07-24 03:58:00+00:00,1265.0,1265.0,1265.0,1264.5,1264.9000244140625,31417
2026-07-24 03:59:00+00:00,1264.800048828125,1264.800048828125,1264.800048828125,1264.0,1264.800048828125,43414
2026-07-24 04:00:00+00:00,1264.9000244140625,1264.9000244140625,1265.0,1264.800048828125,1264.800048828125,28828
2026-07-24 04:01:00+00:00,1264.4000244140625,1264.4000244140625,1264.9000244140625,1264.0,1264.5,60914
2026-07-24 04:02:00+00:00,1264.0,1264.0,1264.5,1263.800048828125,1264.0999755859375,36112
2026-07-24 04:03:00+00:00,1265.0,1265.0,1265.0,1264.199951171875,1264.199951171875,43529
2026-07-24 04:04:00+00:00,1263.9000244140625,1263.9000244140625,1265.0,1263.9000244140625,1265.0,29911
2026-07-24 04:05:00+00:00,1265.0,1265.0,1265.0,1263.9000244140625,1263.9000244140625,17674
2026-07-24 04:06:00+00:00,1264.4000244140625,1264.4000244140625,1265.0,1264.0,1265.0,27297
2026-07-24 04:07:00+00:00,1264.5,1264.5,1264.800048828125,1264.0999755859375,1264.300048828125,23835
2026-07-24 04:08:00+00:00,1264.5,1264.5,1265.0,1264.300048828125,1264.5999755859375,15559
2026-07-24 04:09:00+00:00,1264.9000244140625,1264.9000244140625,1265.0,1264.5,1264.699951171875,22560
2026-07-24 04:10:00+00:00,1265.0,1265.0,1265.300048828125,1264.800048828125,1264.9000244140625,77600
2026-07-24 04:11:00+00:00,1266.0,1266.0,1266.0,1265.0999755859375,1265.4000244140625,55124
2026-07-24 04:12:00+00:00,1265.199951171875,1265.199951171875,1266.0999755859375,1265.0,1266.0,31960
2026-07-24 04:13:00+00:00,1265.699951171875,1265.699951171875,1266.0,1265.0999755859375,1265.300048828125,10335
2026-07-24 04:14:00+00:00,1266.800048828125,1266.800048828125,1266.9000244140625,1265.5999755859375,1265.699951171875,15511
2026-07-24 04:15:00+00:00,1266.5999755859375,1266.5999755859375,1267.0,1266.5,1266.5999755859375,15955
2026-07-24 04:16:00+00:00,1265.5999755859375,1265.5999755859375,1267.0,1265.5999755859375,1266.800048828125,30351
2026-07-24 04:17:00+00:00,1265.9000244140625,1265.9000244140625,1265.9000244140625,1265.4000244140625,1265.5999755859375,22134
2026-07-24 04:18:00+00:00,1265.699951171875,1265.699951171875,1266.0,1265.699951171875,1265.9000244140625,10058
2026-07-24 04:19:00+00:00,1266.300048828125,1266.300048828125,1266.300048828125,1265.5999755859375,1265.800048828125,17106
2026-07-24 04:20:00+00:00,1266.0,1266.0,1266.5,1265.9000244140625,1266.5,12188
2026-07-24 04:21:00+00:00,1266.0999755859375,1266.0999755859375,1266.300048828125,1266.0,1266.0,12963
2026-07-24 04:22:00+00:00,1266.300048828125,1266.300048828125,1266.300048828125,1265.9000244140625,1266.300048828125,20599
2026-07-24 04:23:00+00:00,1268.699951171875,1268.699951171875,1268.9000244140625,1266.300048828125,1266.300048828125,40977
2026-07-24 04:24:00+00:00,1268.199951171875,1268.199951171875,1268.9000244140625,1268.0,1268.5,16712
2026-07-24 04:25:00+00:00,1268.5,1268.5,1268.5,1268.0999755859375,1268.0999755859375,12302
2026-07-24 04:26:00+00:00,1267.5999755859375,1267.5999755859375,1268.5999755859375,1267.300048828125,1268.5,30778
2026-07-24 04:27:00+00:00,1267.699951171875,1267.699951171875,1268.0,1267.4000244140625,1267.5999755859375,12656
2026-07-24 04:28:00+00:00,1266.9000244140625,1266.9000244140625,1267.699951171875,1266.699951171875,1267.699951171875,18763
2026-07-24 04:29:00+00:00,1267.199951171875,1267.199951171875,1267.199951171875,1266.699951171875,1266.699951171875,12536
2026-07-24 04:30:00+00:00,1267.300048828125,1267.300048828125,1267.4000244140625,1266.800048828125,1267.199951171875,36613
2026-07-24 04:31:00+00:00,1266.9000244140625,1266.9000244140625,1267.199951171875,1266.5,1267.199951171875,19976
2026-07-24 04:32:00+00:00,1266.5,1266.5,1267.0,1266.5,1266.9000244140625,14551
2026-07-24 04:33:00+00:00,1266.0,1266.0,1266.5999755859375,1265.9000244140625,1266.5999755859375,30061
2026-07-24 04:34:00+00:00,1266.300048828125,1266.300048828125,1266.4000244140625,1266.0,1266.0,6686
2026-07-24 04:35:00+00:00,1266.5,1266.5,1266.699951171875,1266.199951171875,1266.300048828125,12837
2026-07-24 04:36:00+00:00,1266.5,1266.5,1266.699951171875,1266.5,1266.5,12152
2026-07-24 04:37:00+00:00,1267.5,1267.5,1267.5999755859375,1266.5,1266.5999755859375,17628
2026-07-24 04:38:00+00:00,1267.9000244140625,1267.9000244140625,1268.0,1267.5,1267.5,9853
2026-07-24 04:39:00+00:00,1267.5999755859375,1267.5999755859375,1267.9000244140625,1267.5,1267.9000244140625,9434
2026-07-24 04:40:00+00:00,1267.4000244140625,1267.4000244140625,1267.699951171875,1267.4000244140625,1267.5,13619
2026-07-24 04:41:00+00:00,1267.699951171875,1267.699951171875,1267.699951171875,1267.5,1267.5999755859375,14250
2026-07-24 04:42:00+00:00,1268.5,1268.5,1268.5,1267.5999755859375,1267.699951171875,51721
2026-07-24 04:43:00+00:00,1268.699951171875,1268.699951171875,1268.699951171875,1268.4000244140625,1268.5,12496
2026-07-24 04:44:00+00:00,1268.699951171875,1268.699951171875,1268.699951171875,1268.300048828125,1268.699951171875,12109
2026-07-24 04:45:00+00:00,1268.4000244140625,1268.4000244140625,1268.800048828125,1267.9000244140625,1268.5999755859375,27031
2026-07-24 04:46:00+00:00,1269.5,1269.5,1269.5,1268.300048828125,1268.4000244140625,22076
2026-07-24 04:47:00+00:00,1269.9000244140625,1269.9000244140625,1269.9000244140625,1269.4000244140625,1269.4000244140625,10765
2026-07-24 04:48:00+00:00,1269.300048828125,1269.300048828125,1269.9000244140625,1269.0999755859375,1269.800048828125,19997
2026-07-24 04:49:00+00:00,1269.300048828125,1269.300048828125,1269.300048828125,1269.199951171875,1269.300048828125,11588
2026-07-24 04:50:00+00:00,1269.0999755859375,1269.0999755859375,1269.300048828125,1268.9000244140625,1269.300048828125,42993
2026-07-24 04:51:00+00:00,1269.0,1269.0,1269.300048828125,1268.800048828125,1269.300048828125,13423
2026-07-24 04:52:00+00:00,1269.699951171875,1269.699951171875,1270.0,1268.699951171875,1268.800048828125,20017
2026-07-24 04:53:00+00:00,1269.5999755859375,1269.5999755859375,1269.699951171875,1269.199951171875,1269.699951171875,8629
2026-07-24 04:54:00+00:00,1270.0999755859375,1270.0999755859375,1270.5,1269.5999755859375,1269.5999755859375,25767
2026-07-24 04:55:00+00:00,1270.4000244140625,1270.4000244140625,1270.5999755859375,1270.0999755859375,1270.199951171875,15745
2026-07-24 04:56:00+00:00,1271.0,1271.0,1271.0,1270.4000244140625,1270.5,18916
2026-07-24 04:57:00+00:00,1271.5999755859375,1271.5999755859375,1272.0,1270.9000244140625,1271.0,55024
2026-07-24 04:58:00+00:00,1271.5999755859375,1271.5999755859375,1271.800048828125,1271.0999755859375,1271.800048828125,19426
2026-07-24 04:59:00+00:00,1271.4000244140625,1271.4000244140625,1271.699951171875,1271.300048828125,1271.5,15011
2026-07-24 05:00:00+00:00,1271.5999755859375,1271.5999755859375,1271.9000244140625,1271.300048828125,1271.4000244140625,18418
2026-07-24 05:01:00+00:00,1271.0999755859375,1271.0999755859375,1271.699951171875,1271.0999755859375,1271.5999755859375,15028
2026-07-24 05:02:00+00:00,1270.800048828125,1270.800048828125,1271.0999755859375,1270.699951171875,1271.0,27615
2026-07-24 05:03:00+00:00,1271.0999755859375,1271.0999755859375,1271.300048828125,1270.5999755859375,1270.800048828125,16621
2026-07-24 05:04:00+00:00,1270.5,1270.5,1271.0999755859375,1270.4000244140625,1271.0999755859375,14217
2026-07-24 05:05:00+00:00,1270.9000244140625,1270.9000244140625,1271.0,1270.199951171875,1270.5,13696
2026-07-24 05:06:00+00:00,1271.0,1271.0,1271.0,1270.5999755859375,1270.9000244140625,13642
2026-07-24 05:07:00+00:00,1271.0999755859375,1271.0999755859375,1271.4000244140625,1271.0,1271.0,18464
2026-07-24 05:08:00+00:00,1271.300048828125,1271.300048828125,1271.300048828125,1271.0999755859375,1271.0999755859375,7124
2026-07-24 05:09:00+00:00,1271.800048828125,1271.800048828125,1271.800048828125,1271.300048828125,1271.300048828125,18354
2026-07-24 05:10:00+00:00,1271.4000244140625,1271.4000244140625,1271.800048828125,1271.0999755859375,1271.800048828125,11758
2026-07-24 05:11:00+00:00,1271.5,1271.5,1271.5999755859375,1271.300048828125,1271.300048828125,5942
2026-07-24 05:12:00+00:00,1271.300048828125,1271.300048828125,1271.5999755859375,1271.300048828125,1271.5,10065
2026-07-24 05:13:00+00:00,1270.9000244140625,1270.9000244140625,1271.4000244140625,1270.300048828125,1271.4000244140625,28500
2026-07-24 05:14:00+00:00,1270.5999755859375,1270.5999755859375,1270.9000244140625,1270.5,1270.800048828125,10142
2026-07-24 05:15:00+00:00,1271.4000244140625,1271.4000244140625,1271.800048828125,1270.5999755859375,1270.5999755859375,24687
2026-07-24 05:16:00+00:00,1272.699951171875,1272.699951171875,1273.0,1271.699951171875,1271.699951171875,81829
2026-07-24 05:17:00+00:00,1272.800048828125,1272.800048828125,1273.199951171875,1272.300048828125,1272.699951171875,20285
2026-07-24 05:18:00+00:00,1272.800048828125,1272.800048828125,1273.0,1272.300048828125,1272.699951171875,18579
2026-07-24 05:19:00+00:00,1272.9000244140625,1272.9000244140625,1273.0,1272.699951171875,1272.800048828125,11177
2026-07-24 05:20:00+00:00,1273.699951171875,1273.699951171875,1273.699951171875,1272.9000244140625,1272.9000244140625,15885
2026-07-24 05:21:00+00:00,1274.0999755859375,1274.0999755859375,1274.4000244140625,1273.699951171875,1273.699951171875,48056
2026-07-24 05:22:00+00:00,1273.800048828125,1273.800048828125,1274.199951171875,1273.800048828125,1274.0999755859375,55583
2026-07-24 05:23:00+00:00,1273.4000244140625,1273.4000244140625,1273.800048828125,1273.199951171875,1273.800048828125,15502
2026-07-24 05:24:00+00:00,1273.199951171875,1273.199951171875,1273.4000244140625,1273.0,1273.4000244140625,13739
2026-07-24 05:25:00+00:00,1273.5999755859375,1273.5999755859375,1273.5999755859375,1273.0,1273.199951171875,14981
2026-07-24 05:26:00+00:00,1273.5999755859375,1273.5999755859375,1273.5999755859375,1272.9000244140625,1273.5999755859375,20900
2026-07-24 05:27:00+00:00,1273.0,1273.0,1273.5999755859375,1272.9000244140625,1273.5999755859375,13087
2026-07-24 05:28:00+00:00,1273.0,1273.0,1273.0,1272.699951171875,1273.0,16423
2026-07-24 05:29:00+00:00,1273.0999755859375,1273.0999755859375,1273.0999755859375,1272.9000244140625,1273.0,9273
2026-07-24 05:30:00+00:00,1273.300048828125,1273.300048828125,1273.5,1273.0999755859375,1273.0999755859375,16573
2026-07-24 05:31:00+00:00,1273.4000244140625,1273.4000244140625,1273.4000244140625,1273.300048828125,1273.4000244140625,5942
2026-07-24 05:32:00+00:00,1273.199951171875,1273.199951171875,1273.4000244140625,1273.0,1273.4000244140625,13735
2026-07-24 05:33:00+00:00,1273.0,1273.0,1273.199951171875,1272.9000244140625,1273.199951171875,17030
2026-07-24 05:34:00+00:00,1273.5,1273.5,1273.5,1272.9000244140625,1273.0,35933
2026-07-24 05:35:00+00:00,1273.5,1273.5,1273.5999755859375,1273.5,1273.5,7840
2026-07-24 05:36:00+00:00,1273.699951171875,1273.699951171875,1273.800048828125,1273.300048828125,1273.5,8424
2026-07-24 05:37:00+00:00,1273.4000244140625,1273.4000244140625,1273.699951171875,1273.4000244140625,1273.699951171875,6072
2026-07-24 05:38:00+00:00,1273.5,1273.5,1273.699951171875,1273.300048828125,1273.5999755859375,14505
2026-07-24 05:39:00+00:00,1273.4000244140625,1273.4000244140625,1273.5,1273.300048828125,1273.4000244140625,5409
2026-07-24 05:40:00+00:00,1273.4000244140625,1273.4000244140625,1273.4000244140625,1273.300048828125,1273.300048828125,6547
2026-07-24 05:41:00+00:00,1273.699951171875,1273.699951171875,1273.699951171875,1273.4000244140625,1273.4000244140625,14746
2026-07-24 05:42:00+00:00,1274.300048828125,1274.300048828125,1274.5,1272.5999755859375,1273.699951171875,121729
2026-07-24 05:43:00+00:00,1274.4000244140625,1274.4000244140625,1274.4000244140625,1274.0,1274.4000244140625,11595
2026-07-24 05:44:00+00:00,1274.5999755859375,1274.5999755859375,1275.0,1274.199951171875,1274.4000244140625,18539
2026-07-24 05:45:00+00:00,1274.5999755859375,1274.5999755859375,1274.800048828125,1274.5,1274.699951171875,9660
2026-07-24 05:46:00+00:00,1276.199951171875,1276.199951171875,1276.5,1275.5,1275.5999755859375,43321
2026-07-24 05:47:00+00:00,1277.5,1277.5,1277.5,1276.300048828125,1276.5,30302
2026-07-24 05:48:00+00:00,1278.5,1278.5,1278.699951171875,1277.4000244140625,1277.5,61488
2026-07-24 05:49:00+00:00,1278.4000244140625,1278.4000244140625,1278.5999755859375,1278.0,1278.4000244140625,30212
2026-07-24 05:50:00+00:00,1280.300048828125,1280.300048828125,1280.800048828125,1278.0999755859375,1278.300048828125,67481
2026-07-24 05:51:00+00:00,1280.300048828125,1280.300048828125,1280.800048828125,1279.9000244140625,1280.300048828125,51662
2026-07-24 05:52:00+00:00,1281.5,1281.5,1281.5,1280.0999755859375,1280.300048828125,39098
2026-07-24 05:53:00+00:00,1281.5,1281.5,1281.5,1281.199951171875,1281.5,25912
2026-07-24 05:54:00+00:00,1280.9000244140625,1280.9000244140625,1281.5,1280.199951171875,1281.4000244140625,37010
2026-07-24 05:55:00+00:00,1281.4000244140625,1281.4000244140625,1282.699951171875,1280.199951171875,1280.5999755859375,105504
2026-07-24 05:56:00+00:00,1281.4000244140625,1281.4000244140625,1281.4000244140625,1280.5999755859375,1281.0,22349
2026-07-24 05:57:00+00:00,1280.5,1280.5,1281.4000244140625,1280.0999755859375,1281.300048828125,33845
2026-07-24 05:58:00+00:00,1279.699951171875,1279.699951171875,1280.5,1279.300048828125,1280.5,56005
2026-07-24 05:59:00+00:00,1279.4000244140625,1279.4000244140625,1280.0999755859375,1279.199951171875,1279.5999755859375,27970
2026-07-24 06:00:00+00:00,1279.0,1279.0,1279.4000244140625,1278.300048828125,1279.4000244140625,44773
2026-07-24 06:01:00+00:00,1278.5,1278.5,1279.800048828125,1278.0,1279.0,58179
2026-07-24 06:02:00+00:00,1277.300048828125,1277.300048828125,1278.5,1277.300048828125,1278.5,33583
2026-07-24 06:03:00+00:00,1277.5,1277.5,1278.0,1277.0,1277.4000244140625,24155
2026-07-24 06:04:00+00:00,1277.0,1277.0,1277.5999755859375,1277.0,1277.5,19161
2026-07-24 06:05:00+00:00,1278.300048828125,1278.300048828125,1278.300048828125,1277.0,1277.0,21353
2026-07-24 06:06:00+00:00,1278.0,1278.0,1278.4000244140625,1278.0,1278.300048828125,9652
2026-07-24 06:07:00+00:00,1279.5999755859375,1279.5999755859375,1279.800048828125,1277.5999755859375,1277.5999755859375,89015
2026-07-24 06:08:00+00:00,1279.5,1279.5,1279.699951171875,1278.9000244140625,1279.5999755859375,19272
2026-07-24 06:09:00+00:00,1279.199951171875,1279.199951171875,1279.5999755859375,1278.9000244140625,1279.5,8722
2026-07-24 06:10:00+00:00,1279.800048828125,1279.800048828125,1279.800048828125,1278.800048828125,1279.199951171875,16994
2026-07-24 06:11:00+00:00,1280.0999755859375,1280.0999755859375,1280.199951171875,1279.5,1280.0,9222
2026-07-24 06:12:00+00:00,1280.4000244140625,1280.4000244140625,1280.4000244140625,1280.0,1280.199951171875,20180
2026-07-24 06:13:00+00:00,1281.0999755859375,1281.0999755859375,1281.5,1280.300048828125,1280.300048828125,25854
2026-07-24 06:14:00+00:00,1281.199951171875,1281.199951171875,1281.4000244140625,1280.800048828125,1281.4000244140625,16064
2026-07-24 06:15:00+00:00,1281.0999755859375,1281.0999755859375,1281.5,1280.9000244140625,1281.199951171875,28037
2026-07-24 06:16:00+00:00,1281.5999755859375,1281.5999755859375,1281.699951171875,1281.0,1281.0999755859375,16021
2026-07-24 06:17:00+00:00,1281.5999755859375,1281.5999755859375,1281.699951171875,1281.300048828125,1281.699951171875,10094
2026-07-24 06:18:00+00:00,1281.5999755859375,1281.5999755859375,1281.5999755859375,1281.4000244140625,1281.5999755859375,13761
2026-07-24 06:19:00+00:00,1281.5999755859375,1281.5999755859375,1281.5999755859375,1281.300048828125,1281.300048828125,11293
2026-07-24 06:20:00+00:00,1281.9000244140625,1281.9000244140625,1281.9000244140625,1281.5,1281.5999755859375,16929
2026-07-24 06:21:00+00:00,1281.9000244140625,1281.9000244140625,1282.0,1281.9000244140625,1282.0,22249
2026-07-24 06:22:00+00:00,1281.9000244140625,1281.9000244140625,1281.9000244140625,1281.699951171875,1281.9000244140625,13692
2026-07-24 06:23:00+00:00,1281.5999755859375,1281.5999755859375,1281.699951171875,1281.5999755859375,1281.699951171875,6180
2026-07-24 06:24:00+00:00,1281.4000244140625,1281.4000244140625,1281.5999755859375,1281.4000244140625,1281.5999755859375,10652
2026-07-24 06:25:00+00:00,1280.800048828125,1280.800048828125,1281.4000244140625,1280.5,1281.0,67783
2026-07-24 06:26:00+00:00,1280.0999755859375,1280.0999755859375,1280.800048828125,1280.0999755859375,1280.800048828125,11458
2026-07-24 06:27:00+00:00,1280.4000244140625,1280.4000244140625,1280.5999755859375,1280.0,1280.4000244140625,61866
2026-07-24 06:28:00+00:00,1280.300048828125,1280.300048828125,1280.5999755859375,1280.0,1280.5,8208
2026-07-24 06:29:00+00:00,1280.0999755859375,1280.0999755859375,1280.199951171875,1279.5,1280.199951171875,24701
2026-07-24 06:30:00+00:00,1279.5999755859375,1279.5999755859375,1280.0999755859375,1279.5999755859375,1280.0,11760
2026-07-24 06:31:00+00:00,1279.800048828125,1279.800048828125,1279.800048828125,1279.5999755859375,1279.800048828125,10020
2026-07-24 06:32:00+00:00,1279.4000244140625,1279.4000244140625,1279.800048828125,1279.0,1279.800048828125,20189
2026-07-24 06:33:00+00:00,1279.4000244140625,1279.4000244140625,1279.4000244140625,1279.199951171875,1279.4000244140625,6645
2026-07-24 06:34:00+00:00,1280.0999755859375,1280.0999755859375,1280.0999755859375,1279.4000244140625,1279.4000244140625,17480
2026-07-24 06:35:00+00:00,1280.300048828125,1280.300048828125,1280.5,1280.0999755859375,1280.0999755859375,12885
2026-07-24 06:36:00+00:00,1280.300048828125,1280.300048828125,1280.5,1280.199951171875,1280.300048828125,15961
2026-07-24 06:37:00+00:00,1280.300048828125,1280.300048828125,1280.300048828125,1280.0999755859375,1280.300048828125,9702
2026-07-24 06:38:00+00:00,1279.9000244140625,1279.9000244140625,1280.300048828125,1279.800048828125,1280.300048828125,13042
2026-07-24 06:39:00+00:00,1280.0999755859375,1280.0999755859375,1280.5,1279.5999755859375,1279.800048828125,23075
2026-07-24 06:40:00+00:00,1280.199951171875,1280.199951171875,1280.4000244140625,1279.9000244140625,1280.199951171875,27694
2026-07-24 06:41:00+00:00,1279.9000244140625,1279.9000244140625,1280.199951171875,1279.800048828125,1280.0999755859375,7869
2026-07-24 06:42:00+00:00,1279.199951171875,1279.199951171875,1279.9000244140625,1279.199951171875,1279.9000244140625,11532
2026-07-24 06:43:00+00:00,1278.5,1278.5,1279.199951171875,1278.199951171875,1279.199951171875,15453
2026-07-24 06:44:00+00:00,1278.699951171875,1278.699951171875,1278.699951171875,1278.199951171875,1278.5,11934
2026-07-24 06:45:00+00:00,1279.5999755859375,1279.5999755859375,1279.5999755859375,1278.5,1278.5,29573
2026-07-24 06:46:00+00:00,1280.0999755859375,1280.0999755859375,1280.300048828125,1279.9000244140625,1279.9000244140625,30014
2026-07-24 06:47:00+00:00,1280.199951171875,1280.199951171875,1280.199951171875,1279.199951171875,1280.0999755859375,42825
2026-07-24 06:48:00+00:00,1279.5999755859375,1279.5999755859375,1280.199951171875,1279.5999755859375,1280.199951171875,14391
2026-07-24 06:49:00+00:00,1279.9000244140625,1279.9000244140625,1280.4000244140625,1279.5999755859375,1279.9000244140625,55260
2026-07-24 06:50:00+00:00,1280.699951171875,1280.699951171875,1280.699951171875,1279.699951171875,1280.0,14989
2026-07-24 06:51:00+00:00,1280.5,1280.5,1280.699951171875,1280.0999755859375,1280.699951171875,8849
2026-07-24 06:52:00+00:00,1280.5,1280.5,1280.5,1280.0999755859375,1280.5,17125
2026-07-24 06:53:00+00:00,1281.199951171875,1281.199951171875,1281.199951171875,1280.699951171875,1280.699951171875,13981
2026-07-24 06:54:00+00:00,1281.699951171875,1281.699951171875,1281.800048828125,1281.0,1281.199951171875,26042
2026-07-24 06:55:00+00:00,1282.0,1282.0,1282.4000244140625,1281.4000244140625,1281.699951171875,37040
2026-07-24 06:56:00+00:00,1282.699951171875,1282.699951171875,1282.800048828125,1282.0,1282.300048828125,16251
2026-07-24 06:57:00+00:00,1282.5999755859375,1282.5999755859375,1282.699951171875,1282.4000244140625,1282.699951171875,6356
2026-07-24 06:58:00+00:00,1283.300048828125,1283.300048828125,1283.4000244140625,1282.300048828125,1282.4000244140625,32243
2026-07-24 06:59:00+00:00,1282.800048828125,1282.800048828125,1283.199951171875,1282.5,1283.199951171875,18763
2026-07-24 07:00:00+00:00,1282.800048828125,1282.800048828125,1283.0,1282.5,1282.800048828125,19036
2026-07-24 07:01:00+00:00,1282.800048828125,1282.800048828125,1282.9000244140625,1282.0,1282.800048828125,17808
2026-07-24 07:02:00+00:00,1282.9000244140625,1282.9000244140625,1282.9000244140625,1282.4000244140625,1282.800048828125,6785
2026-07-24 07:03:00+00:00,1281.800048828125,1281.800048828125,1282.9000244140625,1281.699951171875,1282.9000244140625,14452
2026-07-24 07:04:00+00:00,1282.0,1282.0,1282.0999755859375,1281.5,1282.0999755859375,22689
2026-07-24 07:05:00+00:00,1281.5,1281.5,1282.0,1281.5,1282.0,14334
2026-07-24 07:06:00+00:00,1282.300048828125,1282.300048828125,1282.5999755859375,1281.5,1281.5,40465
2026-07-24 07:07:00+00:00,1282.0999755859375,1282.0999755859375,1282.800048828125,1282.0,1282.0999755859375,29466
2026-07-24 07:08:00+00:00,1281.5,1281.5,1282.0999755859375,1281.199951171875,1281.699951171875,13707
2026-07-24 07:09:00+00:00,1282.199951171875,1282.199951171875,1282.199951171875,1281.300048828125,1281.699951171875,20554
2026-07-24 07:10:00+00:00,1281.699951171875,1281.699951171875,1282.0999755859375,1281.5,1282.0999755859375,9064
2026-07-24 07:11:00+00:00,1281.699951171875,1281.699951171875,1281.800048828125,1281.5999755859375,1281.699951171875,10872
2026-07-24 07:12:00+00:00,1281.5,1281.5,1281.699951171875,1281.4000244140625,1281.5999755859375,7727
2026-07-24 07:13:00+00:00,1281.9000244140625,1281.9000244140625,1281.9000244140625,1281.5,1281.5,12088
2026-07-24 07:14:00+00:00,1282.800048828125,1282.800048828125,1282.800048828125,1282.0,1282.0,10462
2026-07-24 07:15:00+00:00,1282.5,1282.5,1282.800048828125,1282.300048828125,1282.800048828125,10327
2026-07-24 07:16:00+00:00,1282.0,1282.0,1282.5999755859375,1281.699951171875,1282.5,24960
2026-07-24 07:17:00+00:00,1282.0,1282.0,1282.0,1281.5,1282.0,12678
2026-07-24 07:18:00+00:00,1281.9000244140625,1281.9000244140625,1281.9000244140625,1281.5999755859375,1281.9000244140625,5747
2026-07-24 07:19:00+00:00,1282.0999755859375,1282.0999755859375,1282.0999755859375,1281.800048828125,1281.9000244140625,12954
2026-07-24 07:20:00+00:00,1282.199951171875,1282.199951171875,1282.199951171875,1281.9000244140625,1282.0999755859375,12165
2026-07-24 07:21:00+00:00,1282.0999755859375,1282.0999755859375,1282.199951171875,1281.9000244140625,1282.199951171875,5576
2026-07-24 07:22:00+00:00,1281.800048828125,1281.800048828125,1282.0999755859375,1281.5999755859375,1282.0999755859375,14995
2026-07-24 07:23:00+00:00,1281.5999755859375,1281.5999755859375,1281.800048828125,1281.4000244140625,1281.699951171875,7819
2026-07-24 07:24:00+00:00,1281.699951171875,1281.699951171875,1281.699951171875,1281.5,1281.5,11058
2026-07-24 07:25:00+00:00,1281.9000244140625,1281.9000244140625,1281.9000244140625,1281.5,1281.699951171875,13210
2026-07-24 07:26:00+00:00,1282.4000244140625,1282.4000244140625,1282.699951171875,1282.0,1282.0,19772
2026-07-24 07:27:00+00:00,1282.5,1282.5,1282.5,1282.0999755859375,1282.4000244140625,15386
2026-07-24 07:28:00+00:00,1282.5,1282.5,1282.800048828125,1282.4000244140625,1282.5999755859375,9687
2026-07-24 07:29:00+00:00,1282.5999755859375,1282.5999755859375,1282.5999755859375,1282.300048828125,1282.5,13093
2026-07-24 07:30:00+00:00,1282.5,1282.5,1282.5999755859375,1282.199951171875,1282.5,9607
2026-07-24 07:31:00+00:00,1282.4000244140625,1282.4000244140625,1282.5999755859375,1281.9000244140625,1282.5,20799
2026-07-24 07:32:00+00:00,1281.9000244140625,1281.9000244140625,1282.4000244140625,1281.800048828125,1282.4000244140625,10331
2026-07-24 07:33:00+00:00,1281.699951171875,1281.699951171875,1281.9000244140625,1281.699951171875,1281.9000244140625,7551
2026-07-24 07:34:00+00:00,1281.5,1281.5,1281.699951171875,1281.5,1281.699951171875,11504
2026-07-24 07:35:00+00:00,1281.0999755859375,1281.0999755859375,1281.5,1281.0,1281.5,9843
2026-07-24 07:36:00+00:00,1280.699951171875,1280.699951171875,1281.0999755859375,1280.699951171875,1281.0999755859375,13548
2026-07-24 07:37:00+00:00,1280.5,1280.5,1280.5999755859375,1280.4000244140625,1280.5999755859375,9326
2026-07-24 07:38:00+00:00,1281.300048828125,1281.300048828125,1281.4000244140625,1280.5,1280.5,23627
2026-07-24 07:39:00+00:00,1282.0,1282.0,1282.0999755859375,1281.199951171875,1281.300048828125,11888
2026-07-24 07:40:00+00:00,1281.4000244140625,1281.4000244140625,1282.0,1281.300048828125,1282.0,10466
2026-07-24 07:41:00+00:00,1281.5,1281.5,1281.5999755859375,1281.4000244140625,1281.4000244140625,8528
2026-07-24 07:42:00+00:00,1281.0999755859375,1281.0999755859375,1281.5,1281.0999755859375,1281.5,11670
2026-07-24 07:43:00+00:00,1280.9000244140625,1280.9000244140625,1281.199951171875,1280.9000244140625,1281.199951171875,8249
2026-07-24 07:44:00+00:00,1281.0999755859375,1281.0999755859375,1281.0999755859375,1280.9000244140625,1281.0,37989
2026-07-24 07:45:00+00:00,1280.699951171875,1280.699951171875,1281.199951171875,1280.699951171875,1281.199951171875,9319
2026-07-24 07:46:00+00:00,1280.4000244140625,1280.4000244140625,1280.699951171875,1280.4000244140625,1280.699951171875,7326
2026-07-24 07:47:00+00:00,1280.699951171875,1280.699951171875,1280.800048828125,1280.5999755859375,1280.5999755859375,8035
2026-07-24 07:48:00+00:00,1280.9000244140625,1280.9000244140625,1280.9000244140625,1280.800048828125,1280.800048828125,8883
2026-07-24 07:49:00+00:00,1281.5,1281.5,1281.800048828125,1280.9000244140625,1280.9000244140625,17162
2026-07-24 07:50:00+00:00,1281.4000244140625,1281.4000244140625,1281.5,1281.300048828125,1281.300048828125,8121
2026-07-24 07:51:00+00:00,1281.199951171875,1281.199951171875,1281.4000244140625,1281.0,1281.4000244140625,15994
2026-07-24 07:52:00+00:00,1281.300048828125,1281.300048828125,1281.300048828125,1281.199951171875,1281.199951171875,7508
2026-07-24 07:53:00+00:00,1280.9000244140625,1280.9000244140625,1281.199951171875,1280.9000244140625,1281.199951171875,6220
2026-07-24 07:54:00+00:00,1281.199951171875,1281.199951171875,1281.300048828125,1280.9000244140625,1280.9000244140625,10238
2026-07-24 07:55:00+00:00,1281.0,1281.0,1281.199951171875,1281.0,1281.199951171875,5763
2026-07-24 07:56:00+00:00,1280.800048828125,1280.800048828125,1281.0,1280.699951171875,1281.0,6370
2026-07-24 07:57:00+00:00,1281.0,1281.0,1281.300048828125,1280.699951171875,1280.699951171875,20796
2026-07-24 07:58:00+00:00,1281.199951171875,1281.199951171875,1281.300048828125,1280.9000244140625,1281.0999755859375,10252
2026-07-24 07:59:00+00:00,1280.800048828125,1280.800048828125,1281.300048828125,1280.800048828125,1281.300048828125,8614
2026-07-24 08:00:00+00:00,1280.4000244140625,1280.4000244140625,1280.5,1280.300048828125,1280.5,17038
2026-07-24 08:01:00+00:00,1279.699951171875,1279.699951171875,1280.300048828125,1279.300048828125,1280.300048828125,27286
2026-07-24 08:02:00+00:00,1279.0999755859375,1279.0999755859375,1279.699951171875,1279.0999755859375,1279.699951171875,11322
2026-07-24 08:03:00+00:00,1279.0,1279.0,1279.0999755859375,1278.699951171875,1279.0999755859375,13170
2026-07-24 08:04:00+00:00,1279.0999755859375,1279.0999755859375,1279.0999755859375,1278.9000244140625,1279.0,10380
2026-07-24 08:05:00+00:00,1278.5999755859375,1278.5999755859375,1279.0999755859375,1278.199951171875,1279.0999755859375,40388
2026-07-24 08:06:00+00:00,1279.0999755859375,1279.0999755859375,1279.300048828125,1278.0999755859375,1278.5999755859375,15520
2026-07-24 08:07:00+00:00,1279.300048828125,1279.300048828125,1279.300048828125,1279.0,1279.0999755859375,7738
2026-07-24 08:08:00+00:00,1279.0999755859375,1279.0999755859375,1279.300048828125,1279.0,1279.300048828125,6767
2026-07-24 08:09:00+00:00,1278.800048828125,1278.800048828125,1279.199951171875,1278.800048828125,1279.0999755859375,6528
2026-07-24 08:10:00+00:00,1278.800048828125,1278.800048828125,1279.0,1278.800048828125,1279.0,9603
2026-07-24 08:11:00+00:00,1277.5,1277.5,1278.800048828125,1277.0999755859375,1278.800048828125,38184
2026-07-24 08:12:00+00:00,1277.699951171875,1277.699951171875,1277.9000244140625,1277.4000244140625,1277.9000244140625,11653
2026-07-24 08:13:00+00:00,1277.4000244140625,1277.4000244140625,1277.699951171875,1277.199951171875,1277.699951171875,10763
2026-07-24 08:14:00+00:00,1278.300048828125,1278.300048828125,1278.300048828125,1277.300048828125,1277.300048828125,23041
2026-07-24 08:15:00+00:00,1278.0999755859375,1278.0999755859375,1278.300048828125,1277.5,1278.199951171875,17262
2026-07-24 08:16:00+00:00,1278.5,1278.5,1278.5,1278.0,1278.0999755859375,15177
2026-07-24 08:17:00+00:00,1278.300048828125,1278.300048828125,1278.5,1278.199951171875,1278.5,12042
2026-07-24 08:18:00+00:00,1278.0999755859375,1278.0999755859375,1278.199951171875,1278.0999755859375,1278.199951171875,8840
2026-07-24 08:19:00+00:00,1278.0,1278.0,1278.4000244140625,1277.5,1278.0,27797
2026-07-24 08:20:00+00:00,1278.4000244140625,1278.4000244140625,1278.5,1277.699951171875,1278.4000244140625,18225
2026-07-24 08:21:00+00:00,1278.4000244140625,1278.4000244140625,1278.5999755859375,1278.300048828125,1278.4000244140625,11622
2026-07-24 08:22:00+00:00,1278.800048828125,1278.800048828125,1278.9000244140625,1278.5,1278.5,10252
2026-07-24 08:23:00+00:00,1278.5999755859375,1278.5999755859375,1278.9000244140625,1278.5,1278.800048828125,11952
2026-07-24 08:24:00+00:00,1279.300048828125,1279.300048828125,1279.5,1278.5,1278.5,26190
2026-07-24 08:25:00+00:00,1279.9000244140625,1279.9000244140625,1279.9000244140625,1279.300048828125,1279.4000244140625,22062
2026-07-24 08:26:00+00:00,1279.9000244140625,1279.9000244140625,1280.0999755859375,1279.5999755859375,1279.9000244140625,13958
2026-07-24 08:27:00+00:00,1280.0,1280.0,1280.0999755859375,1279.699951171875,1279.9000244140625,11250
2026-07-24 08:28:00+00:00,1280.300048828125,1280.300048828125,1280.4000244140625,1279.9000244140625,1280.0,12551
2026-07-24 08:29:00+00:00,1281.0999755859375,1281.0999755859375,1281.0999755859375,1280.300048828125,1280.300048828125,14210
2026-07-24 08:30:00+00:00,1280.699951171875,1280.699951171875,1281.199951171875,1280.5999755859375,1281.0999755859375,20756
2026-07-24 08:31:00+00:00,1280.5999755859375,1280.5999755859375,1280.699951171875,1279.5999755859375,1280.699951171875,26477
2026-07-24 08:32:00+00:00,1281.0,1281.0,1281.0,1280.4000244140625,1280.5999755859375,8892
2026-07-24 08:33:00+00:00,1280.800048828125,1280.800048828125,1281.0,1280.699951171875,1281.0,6087
2026-07-24 08:34:00+00:00,1281.0,1281.0,1281.0,1280.800048828125,1280.800048828125,7439
2026-07-24 08:35:00+00:00,1280.300048828125,1280.300048828125,1281.0,1280.300048828125,1281.0,20137
2026-07-24 08:36:00+00:00,1279.5,1279.5,1280.5999755859375,1279.5,1280.5999755859375,20093
2026-07-24 08:37:00+00:00,1279.9000244140625,1279.9000244140625,1280.0,1279.4000244140625,1279.800048828125,13602
2026-07-24 08:38:00+00:00,1279.800048828125,1279.800048828125,1279.9000244140625,1279.699951171875,1279.800048828125,8896
2026-07-24 08:39:00+00:00,1279.0,1279.0,1279.5999755859375,1279.0,1279.5999755859375,16531
2026-07-24 08:40:00+00:00,1278.699951171875,1278.699951171875,1278.9000244140625,1278.300048828125,1278.9000244140625,13714
2026-07-24 08:41:00+00:00,1278.5999755859375,1278.5999755859375,1278.800048828125,1278.300048828125,1278.800048828125,29558
2026-07-24 08:42:00+00:00,1278.5,1278.5,1279.0,1278.199951171875,1278.300048828125,29805
2026-07-24 08:43:00+00:00,1278.5999755859375,1278.5999755859375,1278.5999755859375,1278.4000244140625,1278.5,4804
2026-07-24 08:44:00+00:00,1278.699951171875,1278.699951171875,1279.0,1278.5999755859375,1278.5999755859375,13088
2026-07-24 08:45:00+00:00,1278.800048828125,1278.800048828125,1278.800048828125,1278.699951171875,1278.800048828125,11081
2026-07-24 08:46:00+00:00,1279.0,1279.0,1279.0,1278.5999755859375,1278.800048828125,20854
2026-07-24 08:47:00+00:00,1279.0,1279.0,1279.0,1278.5999755859375,1279.0,30596
2026-07-24 08:48:00+00:00,1278.5,1278.5,1279.0,1278.5,1278.9000244140625,30531
2026-07-24 08:49:00+00:00,1278.5,1278.5,1278.9000244140625,1278.199951171875,1278.5,12377
2026-07-24 08:50:00+00:00,1278.300048828125,1278.300048828125,1278.5,1278.300048828125,1278.4000244140625,10054
2026-07-24 08:51:00+00:00,1277.699951171875,1277.699951171875,1278.300048828125,1277.5999755859375,1278.300048828125,13336
2026-07-24 08:52:00+00:00,1277.9000244140625,1277.9000244140625,1278.0,1277.5999755859375,1277.699951171875,8930
2026-07-24 08:53:00+00:00,1278.800048828125,1278.800048828125,1278.9000244140625,1277.5999755859375,1277.5999755859375,16941
2026-07-24 08:54:00+00:00,1278.199951171875,1278.199951171875,1278.9000244140625,1277.5,1278.800048828125,19683
2026-07-24 08:55:00+00:00,1279.199951171875,1279.199951171875,1279.199951171875,1278.0,1278.300048828125,48762
2026-07-24 08:56:00+00:00,1278.199951171875,1278.199951171875,1279.4000244140625,1278.199951171875,1279.0999755859375,45764
2026-07-24 08:57:00+00:00,1277.5999755859375,1277.5999755859375,1278.4000244140625,1277.5999755859375,1278.4000244140625,14229
2026-07-24 08:58:00+00:00,1278.300048828125,1278.300048828125,1278.699951171875,1277.5,1277.5999755859375,55772
2026-07-24 08:59:00+00:00,1278.5999755859375,1278.5999755859375,1278.699951171875,1278.199951171875,1278.5999755859375,5249
2026-07-24 09:00:00+00:00,1278.5,1278.5,1278.699951171875,1278.5,1278.5,7218
2026-07-24 09:01:00+00:00,1278.5999755859375,1278.5999755859375,1278.5999755859375,1278.4000244140625,1278.5,8528
2026-07-24 09:02:00+00:00,1278.699951171875,1278.699951171875,1278.699951171875,1278.5999755859375,1278.5999755859375,8747
2026-07-24 09:03:00+00:00,1277.699951171875,1277.699951171875,1278.699951171875,1277.699951171875,1278.699951171875,18849
2026-07-24 09:04:00+00:00,1277.0999755859375,1277.0999755859375,1277.800048828125,1277.0999755859375,1277.699951171875,37953
2026-07-24 09:05:00+00:00,1277.0999755859375,1277.0999755859375,1277.5999755859375,1276.5999755859375,1277.0999755859375,17814
2026-07-24 09:06:00+00:00,1277.300048828125,1277.300048828125,1277.5999755859375,1277.199951171875,1277.5,5447
2026-07-24 09:07:00+00:00,1277.5,1277.5,1277.5999755859375,1277.300048828125,1277.300048828125,9214
2026-07-24 09:08:00+00:00,1277.5999755859375,1277.5999755859375,1277.699951171875,1277.5,1277.5999755859375,12953
2026-07-24 09:09:00+00:00,1278.0,1278.0,1278.0,1277.5,1277.5,23353
2026-07-24 09:10:00+00:00,1277.5,1277.5,1277.5999755859375,1277.300048828125,1277.5999755859375,17075
2026-07-24 09:11:00+00:00,1278.0,1278.0,1278.0999755859375,1277.300048828125,1277.5999755859375,58790
2026-07-24 09:12:00+00:00,1276.5999755859375,1276.5999755859375,1278.0,1276.199951171875,1277.9000244140625,25023
2026-07-24 09:13:00+00:00,1276.5999755859375,1276.5999755859375,1276.800048828125,1275.699951171875,1276.5,77525
2026-07-24 09:14:00+00:00,1276.699951171875,1276.699951171875,1276.800048828125,1276.300048828125,1276.300048828125,6089
2026-07-24 09:15:00+00:00,1276.9000244140625,1276.9000244140625,1276.9000244140625,1276.699951171875,1276.699951171875,15637
2026-07-24 09:16:00+00:00,1277.0,1277.0,1277.0999755859375,1276.699951171875,1276.699951171875,9190
2026-07-24 09:17:00+00:00,1277.300048828125,1277.300048828125,1277.5,1277.0,1277.199951171875,18933
2026-07-24 09:18:00+00:00,1277.300048828125,1277.300048828125,1277.4000244140625,1277.0,1277.4000244140625,14499
2026-07-24 09:19:00+00:00,1277.4000244140625,1277.4000244140625,1277.4000244140625,1277.0,1277.0,7798
2026-07-24 09:20:00+00:00,1277.5,1277.5,1277.5999755859375,1277.199951171875,1277.5,13741
2026-07-24 09:21:00+00:00,1277.800048828125,1277.800048828125,1278.0,1277.5999755859375,1277.5999755859375,12617
2026-07-24 09:22:00+00:00,1277.800048828125,1277.800048828125,1278.0,1277.699951171875,1277.699951171875,27490
2026-07-24 09:23:00+00:00,1278.9000244140625,1278.9000244140625,1278.9000244140625,1277.800048828125,1277.800048828125,50391
2026-07-24 09:24:00+00:00,1279.9000244140625,1279.9000244140625,1279.9000244140625,1279.4000244140625,1279.4000244140625,32454
2026-07-24 09:25:00+00:00,1279.0999755859375,1279.0999755859375,1280.300048828125,1279.0999755859375,1279.5999755859375,52566
2026-07-24 09:26:00+00:00,1279.5,1279.5,1279.5999755859375,1279.199951171875,1279.199951171875,9866
2026-07-24 09:27:00+00:00,1279.5999755859375,1279.5999755859375,1279.5999755859375,1278.9000244140625,1279.5,12322
2026-07-24 09:28:00+00:00,1279.5999755859375,1279.5999755859375,1279.5999755859375,1279.199951171875,1279.199951171875,7399
2026-07-24 09:29:00+00:00,1279.4000244140625,1279.4000244140625,1279.5,1279.0,1279.300048828125,15344
2026-07-24 09:30:00+00:00,1278.4000244140625,1278.4000244140625,1279.4000244140625,1278.4000244140625,1279.4000244140625,76161
2026-07-24 09:31:00+00:00,1277.9000244140625,1277.9000244140625,1278.9000244140625,1277.800048828125,1278.4000244140625,66368
2026-07-24 09:32:00+00:00,1278.0999755859375,1278.0999755859375,1278.300048828125,1277.5999755859375,1277.800048828125,35088
2026-07-24 09:33:00+00:00,1277.300048828125,1277.300048828125,1278.0999755859375,1277.199951171875,1278.0999755859375,36337
2026-07-24 09:34:00+00:00,1277.300048828125,1277.300048828125,1277.5999755859375,1277.0999755859375,1277.300048828125,42819
2026-07-24 09:35:00+00:00,1276.9000244140625,1276.9000244140625,1277.300048828125,1276.800048828125,1277.0999755859375,59671
2026-07-24 09:36:00+00:00,1277.199951171875,1277.199951171875,1277.300048828125,1276.5999755859375,1276.9000244140625,58333
2026-07-24 09:37:00+00:00,1277.4000244140625,1277.4000244140625,1277.4000244140625,1277.199951171875,1277.199951171875,33232
2026-07-24 09:38:00+00:00,1277.199951171875,1277.199951171875,1277.4000244140625,1277.0999755859375,1277.4000244140625,29275
2026-07-24 09:39:00+00:00,1276.9000244140625,1276.9000244140625,1277.199951171875,1276.800048828125,1277.199951171875,56566
2026-07-24 09:40:00+00:00,1276.5999755859375,1276.5999755859375,1276.9000244140625,1276.5999755859375,1276.9000244140625,27374
2026-07-24 09:41:00+00:00,1277.0,1277.0,1277.300048828125,1277.0,1277.300048828125,45902
2026-07-24 09:42:00+00:00,1276.9000244140625,1276.9000244140625,1277.0999755859375,1276.699951171875,1277.0999755859375,46336
2026-07-24 09:43:00+00:00,1277.699951171875,1277.699951171875,1277.699951171875,1276.9000244140625,1276.9000244140625,63025
2026-07-24 09:44:00+00:00,1278.300048828125,1278.300048828125,1278.4000244140625,1277.5999755859375,1277.5999755859375,40520
2026-07-24 09:45:00+00:00,1278.5999755859375,1278.5999755859375,1278.5999755859375,1278.0999755859375,1278.300048828125,46730
2026-07-24 09:46:00+00:00,1278.699951171875,1278.699951171875,1278.699951171875,1278.5,1278.5999755859375,45635
2026-07-24 09:47:00+00:00,1278.4000244140625,1278.4000244140625,1278.699951171875,1278.300048828125,1278.5999755859375,29438
2026-07-24 09:48:00+00:00,1278.0999755859375,1278.0999755859375,1278.199951171875,1278.0,1278.199951171875,47518
2026-07-24 09:49:00+00:00,1278.0999755859375,1278.0999755859375,1278.0999755859375,1277.9000244140625,1278.0,58092
2026-07-24 09:50:00+00:00,1278.199951171875,1278.199951171875,1278.300048828125,1278.0999755859375,1278.0999755859375,47276
2026-07-24 09:51:00+00:00,1278.199951171875,1278.199951171875,1278.300048828125,1278.199951171875,1278.300048828125,36681
2026-07-24 09:52:00+00:00,1278.300048828125,1278.300048828125,1278.4000244140625,1278.199951171875,1278.300048828125,62073
2026-07-24 09:53:00+00:00,1278.300048828125,1278.300048828125,1278.4000244140625,1278.300048828125,1278.300048828125,50288
2026-07-24 09:54:00+00:00,1278.0,1278.0,1278.300048828125,1278.0,1278.300048828125,57094
2026-07-24 09:55:00+00:00,1279.300048828125,1279.300048828125,1279.800048828125,1278.300048828125,1278.300048828125,95795
2026-07-24 09:56:00+00:00,1278.9000244140625,1278.9000244140625,1279.300048828125,1278.5,1279.300048828125,52048
2026-07-24 09:57:00+00:00,1279.0,1279.0,1279.4000244140625,1278.5,1278.9000244140625,65909
2026-07-24 09:58:00+00:00,1280.0,1280.0,1280.0,1278.199951171875,1279.0,33885
2026-07-24 09:59:00+00:00,1280.300048828125,1280.300048828125,1280.9000244140625,1279.300048828125,1279.9000244140625,25911
2026-07-27 03:45:00+00:00,1286.4000244140625,1286.4000244140625,1288.5,1285.5,1288.0999755859375,0
2026-07-27 03:46:00+00:00,1284.5,1284.5,1286.4000244140625,1283.5,1286.4000244140625,73890
2026-07-27 03:47:00+00:00,1284.9000244140625,1284.9000244140625,1285.199951171875,1283.9000244140625,1285.0,51410
2026-07-27 03:48:00+00:00,1284.300048828125,1284.300048828125,1285.300048828125,1284.300048828125,1285.300048828125,36506
2026-07-27 03:49:00+00:00,1283.699951171875,1283.699951171875,1284.699951171875,1283.300048828125,1284.4000244140625,61542
2026-07-27 03:50:00+00:00,1284.800048828125,1284.800048828125,1284.800048828125,1283.5,1283.9000244140625,24630
2026-07-27 03:51:00+00:00,1286.199951171875,1286.199951171875,1286.5,1285.5999755859375,1285.5999755859375,31065
2026-07-27 03:52:00+00:00,1285.5,1285.5,1286.199951171875,1285.0999755859375,1286.0,20572
2026-07-27 03:53:00+00:00,1284.800048828125,1284.800048828125,1285.5,1284.300048828125,1285.5,32917
2026-07-27 03:54:00+00:00,1284.300048828125,1284.300048828125,1284.699951171875,1284.300048828125,1284.300048828125,19666
2026-07-27 03:55:00+00:00,1282.9000244140625,1282.9000244140625,1284.300048828125,1282.800048828125,1284.300048828125,37418
2026-07-27 03:56:00+00:00,1284.0,1284.0,1284.5,1283.199951171875,1284.0,24158
2026-07-27 03:57:00+00:00,1283.5,1283.5,1284.0,1283.5,1284.0,12986
2026-07-27 03:58:00+00:00,1283.699951171875,1283.699951171875,1283.800048828125,1283.0999755859375,1283.199951171875,20795
2026-07-27 03:59:00+00:00,1283.4000244140625,1283.4000244140625,1283.699951171875,1283.300048828125,1283.699951171875,13202
2026-07-27 04:00:00+00:00,1283.9000244140625,1283.9000244140625,1284.0,1283.5,1283.5,35181
2026-07-27 04:01:00+00:00,1283.800048828125,1283.800048828125,1283.9000244140625,1283.5999755859375,1283.9000244140625,18228
2026-07-27 04:02:00+00:00,1283.9000244140625,1283.9000244140625,1284.0,1283.699951171875,1283.699951171875,25671
2026-07-27 04:03:00+00:00,1283.699951171875,1283.699951171875,1284.0,1283.699951171875,1283.9000244140625,12044
2026-07-27 04:04:00+00:00,1284.0,1284.0,1284.0,1283.5999755859375,1283.800048828125,11169
2026-07-27 04:05:00+00:00,1283.5,1283.5,1283.9000244140625,1283.5,1283.699951171875,15549
2026-07-27 04:06:00+00:00,1284.0999755859375,1284.0999755859375,1284.0999755859375,1283.699951171875,1283.699951171875,44031
2026-07-27 04:07:00+00:00,1285.199951171875,1285.199951171875,1285.5,1283.9000244140625,1283.9000244140625,46115
2026-07-27 04:08:00+00:00,1286.5999755859375,1286.5999755859375,1286.9000244140625,1285.300048828125,1285.4000244140625,73060
2026-07-27 04:09:00+00:00,1285.699951171875,1285.699951171875,1286.5,1285.300048828125,1286.5,33426
2026-07-27 04:10:00+00:00,1284.9000244140625,1284.9000244140625,1285.699951171875,1284.699951171875,1285.5999755859375,17368
2026-07-27 04:11:00+00:00,1284.800048828125,1284.800048828125,1284.800048828125,1284.699951171875,1284.800048828125,6540
2026-07-27 04:12:00+00:00,1284.5,1284.5,1285.0999755859375,1284.300048828125,1285.0999755859375,14897
2026-07-27 04:13:00+00:00,1284.5999755859375,1284.5999755859375,1284.800048828125,1284.300048828125,1284.300048828125,10300
2026-07-27 04:14:00+00:00,1284.199951171875,1284.199951171875,1284.4000244140625,1284.199951171875,1284.300048828125,10098
2026-07-27 04:15:00+00:00,1283.800048828125,1283.800048828125,1284.5999755859375,1283.5999755859375,1284.4000244140625,31595
2026-07-27 04:16:00+00:00,1283.699951171875,1283.699951171875,1284.0,1283.5999755859375,1284.0,6042
2026-07-27 04:17:00+00:00,1283.800048828125,1283.800048828125,1283.9000244140625,1283.699951171875,1283.800048828125,5339
2026-07-27 04:18:00+00:00,1283.9000244140625,1283.9000244140625,1284.0,1283.5,1283.5999755859375,9084
2026-07-27 04:19:00+00:00,1283.5999755859375,1283.5999755859375,1284.0,1283.5999755859375,1283.9000244140625,14129
2026-07-27 04:20:00+00:00,1283.5999755859375,1283.5999755859375,1283.699951171875,1283.5999755859375,1283.699951171875,11795
2026-07-27 04:21:00+00:00,1283.300048828125,1283.300048828125,1283.5,1283.199951171875,1283.5,15387
2026-07-27 04:22:00+00:00,1283.5,1283.5,1283.5,1283.0999755859375,1283.300048828125,5269
2026-07-27 04:23:00+00:00,1282.800048828125,1282.800048828125,1283.5,1282.5,1283.5,40212
2026-07-27 04:24:00+00:00,1282.4000244140625,1282.4000244140625,1282.800048828125,1282.300048828125,1282.800048828125,11395
2026-07-27 04:25:00+00:00,1282.0999755859375,1282.0999755859375,1282.5,1281.5999755859375,1282.300048828125,51000
2026-07-27 04:26:00+00:00,1281.699951171875,1281.699951171875,1281.699951171875,1281.4000244140625,1281.699951171875,17213
2026-07-27 04:27:00+00:00,1281.699951171875,1281.699951171875,1282.0,1281.5999755859375,1281.699951171875,23689
2026-07-27 04:28:00+00:00,1282.0999755859375,1282.0999755859375,1282.0999755859375,1281.800048828125,1282.0,13862
2026-07-27 04:29:00+00:00,1283.5,1283.5,1283.699951171875,1282.0,1282.0999755859375,31302
2026-07-27 04:30:00+00:00,1282.9000244140625,1282.9000244140625,1283.5,1282.800048828125,1283.5,7753
2026-07-27 04:31:00+00:00,1283.0999755859375,1283.0999755859375,1283.199951171875,1282.9000244140625,1282.9000244140625,3763
2026-07-27 04:32:00+00:00,1282.5,1282.5,1283.0999755859375,1282.199951171875,1283.0999755859375,20951
2026-07-27 04:33:00+00:00,1283.0,1283.0,1283.0,1282.4000244140625,1282.5,11742
2026-07-27 04:34:00+00:00,1282.800048828125,1282.800048828125,1283.4000244140625,1282.699951171875,1283.0999755859375,4132
2026-07-27 04:35:00+00:00,1282.5999755859375,1282.5999755859375,1282.800048828125,1282.5,1282.800048828125,9563
2026-07-27 04:36:00+00:00,1282.800048828125,1282.800048828125,1282.800048828125,1282.300048828125,1282.800048828125,14055
2026-07-27 04:37:00+00:00,1282.9000244140625,1282.9000244140625,1283.0,1282.9000244140625,1282.9000244140625,13551
2026-07-27 04:38:00+00:00,1282.699951171875,1282.699951171875,1283.0,1282.5,1282.800048828125,10156
2026-07-27 04:39:00+00:00,1282.5,1282.5,1282.5,1282.0999755859375,1282.4000244140625,25298
2026-07-27 04:40:00+00:00,1282.5,1282.5,1282.699951171875,1282.0,1282.5,13874
2026-07-27 04:41:00+00:00,1282.9000244140625,1282.9000244140625,1282.9000244140625,1282.199951171875,1282.5,10692
2026-07-27 04:42:00+00:00,1282.800048828125,1282.800048828125,1282.9000244140625,1282.5999755859375,1282.9000244140625,6384
2026-07-27 04:43:00+00:00,1283.5,1283.5,1283.5999755859375,1282.9000244140625,1282.9000244140625,10014
2026-07-27 04:44:00+00:00,1283.800048828125,1283.800048828125,1283.800048828125,1283.5,1283.5,6198
2026-07-27 04:45:00+00:00,1283.0999755859375,1283.0999755859375,1283.800048828125,1283.0999755859375,1283.5999755859375,18403
2026-07-27 04:46:00+00:00,1283.300048828125,1283.300048828125,1284.0,1283.199951171875,1283.199951171875,3540
2026-07-27 04:47:00+00:00,1282.800048828125,1282.800048828125,1283.5,1282.800048828125,1283.5,9107
2026-07-27 04:48:00+00:00,1282.4000244140625,1282.4000244140625,1282.5999755859375,1282.0,1282.5999755859375,20660
2026-07-27 04:49:00+00:00,1282.300048828125,1282.300048828125,1283.0,1282.300048828125,1282.5,5400
2026-07-27 04:50:00+00:00,1282.5,1282.5,1282.5999755859375,1282.300048828125,1282.5999755859375,7561
2026-07-27 04:51:00+00:00,1282.0999755859375,1282.0999755859375,1282.5999755859375,1281.800048828125,1282.5999755859375,10978
2026-07-27 04:52:00+00:00,1282.0999755859375,1282.0999755859375,1282.300048828125,1281.9000244140625,1282.0999755859375,12319
2026-07-27 04:53:00+00:00,1282.0,1282.0,1282.5,1281.9000244140625,1282.0,12641
2026-07-27 04:54:00+00:00,1280.9000244140625,1280.9000244140625,1282.0,1280.699951171875,1282.0,36319
2026-07-27 04:55:00+00:00,1281.0999755859375,1281.0999755859375,1281.300048828125,1280.800048828125,1280.9000244140625,5679
2026-07-27 04:56:00+00:00,1281.699951171875,1281.699951171875,1281.9000244140625,1281.0999755859375,1281.199951171875,7462
2026-07-27 04:57:00+00:00,1281.5,1281.5,1281.699951171875,1281.5,1281.699951171875,4878
2026-07-27 04:58:00+00:00,1281.800048828125,1281.800048828125,1282.0,1281.4000244140625,1281.699951171875,12046
2026-07-27 04:59:00+00:00,1282.300048828125,1282.300048828125,1282.4000244140625,1282.0,1282.0,4118
2026-07-27 05:00:00+00:00,1282.5,1282.5,1282.5,1282.300048828125,1282.4000244140625,7436
2026-07-27 05:01:00+00:00,1281.699951171875,1281.699951171875,1282.5,1281.699951171875,1282.5,17724
2026-07-27 05:02:00+00:00,1281.4000244140625,1281.4000244140625,1281.699951171875,1281.300048828125,1281.699951171875,5112
2026-07-27 05:03:00+00:00,1281.5,1281.5,1281.5,1281.199951171875,1281.5,9182
2026-07-27 05:04:00+00:00,1282.5,1282.5,1282.5,1281.5,1281.5,11412
2026-07-27 05:05:00+00:00,1281.199951171875,1281.199951171875,1282.5,1281.0999755859375,1282.5,12476
2026-07-27 05:06:00+00:00,1281.0999755859375,1281.0999755859375,1281.5,1281.0999755859375,1281.5,5176
2026-07-27 05:07:00+00:00,1281.300048828125,1281.300048828125,1281.300048828125,1281.0,1281.199951171875,5517
2026-07-27 05:08:00+00:00,1280.699951171875,1280.699951171875,1281.300048828125,1280.699951171875,1281.199951171875,21690
2026-07-27 05:09:00+00:00,1280.9000244140625,1280.9000244140625,1280.9000244140625,1280.5999755859375,1280.699951171875,6999
2026-07-27 05:10:00+00:00,1281.9000244140625,1281.9000244140625,1282.0,1280.5999755859375,1280.9000244140625,21732
2026-07-27 05:11:00+00:00,1282.5,1282.5,1282.5,1282.0,1282.0,13132
2026-07-27 05:12:00+00:00,1282.5,1282.5,1282.800048828125,1282.300048828125,1282.5,30140
2026-07-27 05:13:00+00:00,1282.800048828125,1282.800048828125,1283.0,1282.4000244140625,1282.699951171875,5710
2026-07-27 05:14:00+00:00,1282.800048828125,1282.800048828125,1283.199951171875,1282.699951171875,1283.0,11272
2026-07-27 05:15:00+00:00,1282.9000244140625,1282.9000244140625,1282.9000244140625,1282.5,1282.9000244140625,8472
2026-07-27 05:16:00+00:00,1282.4000244140625,1282.4000244140625,1282.800048828125,1282.199951171875,1282.800048828125,10105
2026-07-27 05:17:00+00:00,1282.0999755859375,1282.0999755859375,1282.5,1282.0,1282.5,6348
2026-07-27 05:18:00+00:00,1281.5999755859375,1281.5999755859375,1282.0999755859375,1281.5999755859375,1282.0999755859375,9570
2026-07-27 05:19:00+00:00,1281.4000244140625,1281.4000244140625,1281.800048828125,1281.4000244140625,1281.4000244140625,16381
2026-07-27 05:20:00+00:00,1280.5,1280.5,1281.300048828125,1280.4000244140625,1281.300048828125,27388
2026-07-27 05:21:00+00:00,1280.699951171875,1280.699951171875,1280.800048828125,1280.0999755859375,1280.800048828125,38122
2026-07-27 05:22:00+00:00,1281.0,1281.0,1281.4000244140625,1280.4000244140625,1280.800048828125,16027
2026-07-27 05:23:00+00:00,1281.199951171875,1281.199951171875,1281.699951171875,1281.0,1281.0999755859375,60756
2026-07-27 05:24:00+00:00,1281.0999755859375,1281.0999755859375,1281.199951171875,1280.800048828125,1280.9000244140625,10108
2026-07-27 05:25:00+00:00,1280.9000244140625,1280.9000244140625,1281.0999755859375,1280.699951171875,1281.0999755859375,7212
2026-07-27 05:26:00+00:00,1281.4000244140625,1281.4000244140625,1281.5,1280.800048828125,1280.9000244140625,8379
2026-07-27 05:27:00+00:00,1281.699951171875,1281.699951171875,1281.699951171875,1281.4000244140625,1281.5,4476
2026-07-27 05:28:00+00:00,1281.9000244140625,1281.9000244140625,1282.0,1281.5,1281.5999755859375,4699
2026-07-27 05:29:00+00:00,1281.0999755859375,1281.0999755859375,1282.199951171875,1281.0999755859375,1282.0,49897
2026-07-27 05:30:00+00:00,1281.5999755859375,1281.5999755859375,1281.5999755859375,1281.300048828125,1281.5999755859375,27682
2026-07-27 05:31:00+00:00,1282.0,1282.0,1282.0,1281.199951171875,1281.5,29338
2026-07-27 05:32:00+00:00,1281.5,1281.5,1282.199951171875,1281.0999755859375,1282.0999755859375,24461
2026-07-27 05:33:00+00:00,1281.4000244140625,1281.4000244140625,1281.5999755859375,1281.0999755859375,1281.4000244140625,7632
2026-07-27 05:34:00+00:00,1281.5999755859375,1281.5999755859375,1281.699951171875,1281.0999755859375,1281.4000244140625,12824
2026-07-27 05:35:00+00:00,1281.800048828125,1281.800048828125,1281.800048828125,1281.5,1281.5999755859375,9620
2026-07-27 05:36:00+00:00,1281.800048828125,1281.800048828125,1282.0999755859375,1281.699951171875,1281.800048828125,4097
2026-07-27 05:37:00+00:00,1281.5999755859375,1281.5999755859375,1281.699951171875,1281.0999755859375,1281.699951171875,9471
2026-07-27 05:38:00+00:00,1281.800048828125,1281.800048828125,1281.9000244140625,1281.4000244140625,1281.5999755859375,8482
2026-07-27 05:39:00+00:00,1281.800048828125,1281.800048828125,1281.9000244140625,1281.5999755859375,1281.800048828125,6140
2026-07-27 05:40:00+00:00,1281.699951171875,1281.699951171875,1282.0999755859375,1281.699951171875,1281.800048828125,19919
2026-07-27 05:41:00+00:00,1281.800048828125,1281.800048828125,1281.9000244140625,1281.5999755859375,1281.699951171875,9542
2026-07-27 05:42:00+00:00,1281.699951171875,1281.699951171875,1282.0,1281.5999755859375,1281.800048828125,7846
2026-07-27 05:43:00+00:00,1281.5,1281.5,1281.5999755859375,1281.4000244140625,1281.5,6026
2026-07-27 05:44:00+00:00,1281.300048828125,1281.300048828125,1281.5,1281.199951171875,1281.5,7949
2026-07-27 05:45:00+00:00,1282.0,1282.0,1282.0,1281.4000244140625,1281.4000244140625,8308
2026-07-27 05:46:00+00:00,1281.5,1281.5,1281.800048828125,1281.199951171875,1281.800048828125,12723
2026-07-27 05:47:00+00:00,1281.699951171875,1281.699951171875,1281.699951171875,1281.199951171875,1281.5,7696
2026-07-27 05:48:00+00:00,1282.199951171875,1282.199951171875,1282.4000244140625,1281.5,1281.699951171875,16059
2026-07-27 05:49:00+00:00,1282.9000244140625,1282.9000244140625,1282.9000244140625,1282.0,1282.199951171875,26264
2026-07-27 05:50:00+00:00,1283.0999755859375,1283.0999755859375,1283.300048828125,1282.699951171875,1282.699951171875,13539
2026-07-27 05:51:00+00:00,1283.0999755859375,1283.0999755859375,1283.0999755859375,1283.0,1283.0999755859375,6800
2026-07-27 05:52:00+00:00,1282.800048828125,1282.800048828125,1283.0999755859375,1282.800048828125,1283.0999755859375,14995
2026-07-27 05:53:00+00:00,1283.0,1283.0,1283.0999755859375,1282.699951171875,1282.800048828125,9723
2026-07-27 05:54:00+00:00,1283.4000244140625,1283.4000244140625,1283.4000244140625,1283.0,1283.199951171875,9862
2026-07-27 05:55:00+00:00,1283.4000244140625,1283.4000244140625,1283.5,1283.300048828125,1283.5,8475
2026-07-27 05:56:00+00:00,1283.5,1283.5,1283.5,1283.199951171875,1283.4000244140625,7596
2026-07-27 05:57:00+00:00,1283.800048828125,1283.800048828125,1283.800048828125,1283.5999755859375,1283.800048828125,7354
2026-07-27 05:58:00+00:00,1283.699951171875,1283.699951171875,1283.9000244140625,1283.5999755859375,1283.699951171875,7068
2026-07-27 05:59:00+00:00,1282.699951171875,1282.699951171875,1283.699951171875,1282.699951171875,1283.5999755859375,30951
2026-07-27 06:00:00+00:00,1282.9000244140625,1282.9000244140625,1282.9000244140625,1282.699951171875,1282.699951171875,15337
2026-07-27 06:01:00+00:00,1282.699951171875,1282.699951171875,1283.0,1282.300048828125,1283.0,11453
2026-07-27 06:02:00+00:00,1282.300048828125,1282.300048828125,1282.699951171875,1282.199951171875,1282.699951171875,14389
2026-07-27 06:03:00+00:00,1282.0999755859375,1282.0999755859375,1282.5,1282.0999755859375,1282.0999755859375,18718
2026-07-27 06:04:00+00:00,1282.300048828125,1282.300048828125,1282.800048828125,1282.0999755859375,1282.800048828125,16028
2026-07-27 06:05:00+00:00,1282.5,1282.5,1282.800048828125,1282.300048828125,1282.5999755859375,7796
2026-07-27 06:06:00+00:00,1281.800048828125,1281.800048828125,1282.5,1281.800048828125,1282.199951171875,18069
2026-07-27 06:07:00+00:00,1282.4000244140625,1282.4000244140625,1282.5,1281.800048828125,1281.9000244140625,6663
2026-07-27 06:08:00+00:00,1282.4000244140625,1282.4000244140625,1282.4000244140625,1282.199951171875,1282.4000244140625,5185
2026-07-27 06:09:00+00:00,1281.9000244140625,1281.9000244140625,1282.4000244140625,1281.800048828125,1282.4000244140625,12238
2026-07-27 06:10:00+00:00,1281.800048828125,1281.800048828125,1282.0999755859375,1281.800048828125,1281.9000244140625,7956
2026-07-27 06:11:00+00:00,1282.199951171875,1282.199951171875,1282.199951171875,1282.0,1282.0,4166
2026-07-27 06:12:00+00:00,1283.0,1283.0,1283.0999755859375,1282.300048828125,1282.300048828125,9392
2026-07-27 06:13:00+00:00,1282.699951171875,1282.699951171875,1283.199951171875,1282.699951171875,1283.0999755859375,8393
2026-07-27 06:14:00+00:00,1282.199951171875,1282.199951171875,1282.9000244140625,1282.199951171875,1282.699951171875,8081
2026-07-27 06:15:00+00:00,1282.5999755859375,1282.5999755859375,1283.0,1282.0,1282.0,38344
2026-07-27 06:16:00+00:00,1283.199951171875,1283.199951171875,1283.4000244140625,1282.4000244140625,1282.5999755859375,16207
2026-07-27 06:17:00+00:00,1283.300048828125,1283.300048828125,1283.300048828125,1283.0,1283.300048828125,8016
2026-07-27 06:18:00+00:00,1282.699951171875,1282.699951171875,1283.300048828125,1282.5999755859375,1283.300048828125,14560
2026-07-27 06:19:00+00:00,1281.800048828125,1281.800048828125,1282.800048828125,1281.800048828125,1282.699951171875,16376
2026-07-27 06:20:00+00:00,1282.0,1282.0,1282.0999755859375,1281.9000244140625,1282.0,7049
2026-07-27 06:21:00+00:00,1282.4000244140625,1282.4000244140625,1282.5999755859375,1281.9000244140625,1281.9000244140625,7773
2026-07-27 06:22:00+00:00,1282.4000244140625,1282.4000244140625,1282.699951171875,1282.300048828125,1282.5999755859375,6266
2026-07-27 06:23:00+00:00,1281.699951171875,1281.699951171875,1282.5,1281.699951171875,1282.4000244140625,9433
2026-07-27 06:24:00+00:00,1282.300048828125,1282.300048828125,1282.300048828125,1281.699951171875,1281.800048828125,10152
2026-07-27 06:25:00+00:00,1282.0,1282.0,1282.4000244140625,1282.0,1282.0,10552
2026-07-27 06:26:00+00:00,1282.4000244140625,1282.4000244140625,1282.699951171875,1282.199951171875,1282.199951171875,8565
2026-07-27 06:27:00+00:00,1282.300048828125,1282.300048828125,1282.800048828125,1282.199951171875,1282.5999755859375,14520
2026-07-27 06:28:00+00:00,1282.199951171875,1282.199951171875,1282.5,1282.0999755859375,1282.300048828125,4841
2026-07-27 06:29:00+00:00,1282.199951171875,1282.199951171875,1282.5,1282.0999755859375,1282.300048828125,8657
2026-07-27 06:30:00+00:00,1282.0999755859375,1282.0999755859375,1282.5,1282.0,1282.5,14395
2026-07-27 06:31:00+00:00,1281.699951171875,1281.699951171875,1282.0999755859375,1281.5999755859375,1282.0999755859375,13057
2026-07-27 06:32:00+00:00,1281.800048828125,1281.800048828125,1281.800048828125,1281.4000244140625,1281.699951171875,5931
2026-07-27 06:33:00+00:00,1281.4000244140625,1281.4000244140625,1281.800048828125,1281.4000244140625,1281.800048828125,7675
2026-07-27 06:34:00+00:00,1281.4000244140625,1281.4000244140625,1281.5999755859375,1281.4000244140625,1281.5,6980
2026-07-27 06:35:00+00:00,1281.0999755859375,1281.0999755859375,1281.5,1281.0,1281.5,12288
2026-07-27 06:36:00+00:00,1280.300048828125,1280.300048828125,1280.9000244140625,1280.0,1280.9000244140625,38431
2026-07-27 06:37:00+00:00,1280.199951171875,1280.199951171875,1280.5,1280.0,1280.5,12984
2026-07-27 06:38:00+00:00,1280.699951171875,1280.699951171875,1280.9000244140625,1280.0999755859375,1280.199951171875,13324
2026-07-27 06:39:00+00:00,1280.699951171875,1280.699951171875,1281.0,1280.5999755859375,1280.5999755859375,5917
2026-07-27 06:40:00+00:00,1279.5999755859375,1279.5999755859375,1280.800048828125,1279.4000244140625,1280.800048828125,42678
2026-07-27 06:41:00+00:00,1280.199951171875,1280.199951171875,1280.199951171875,1279.4000244140625,1279.4000244140625,14786
2026-07-27 06:42:00+00:00,1280.699951171875,1280.699951171875,1280.800048828125,1280.199951171875,1280.199951171875,9690
2026-07-27 06:43:00+00:00,1280.699951171875,1280.699951171875,1280.699951171875,1280.199951171875,1280.699951171875,11167
2026-07-27 06:44:00+00:00,1280.199951171875,1280.199951171875,1280.5999755859375,1280.0999755859375,1280.5999755859375,14186
2026-07-27 06:45:00+00:00,1280.5,1280.5,1280.699951171875,1280.199951171875,1280.4000244140625,9220
2026-07-27 06:46:00+00:00,1280.699951171875,1280.699951171875,1280.9000244140625,1280.5999755859375,1280.5999755859375,14894
2026-07-27 06:47:00+00:00,1280.4000244140625,1280.4000244140625,1280.699951171875,1280.300048828125,1280.699951171875,10369
2026-07-27 06:48:00+00:00,1280.0,1280.0,1280.4000244140625,1279.9000244140625,1280.4000244140625,19923
2026-07-27 06:49:00+00:00,1280.0,1280.0,1280.199951171875,1279.9000244140625,1280.0,10518
2026-07-27 06:50:00+00:00,1279.4000244140625,1279.4000244140625,1280.0,1279.4000244140625,1280.0,10452
2026-07-27 06:51:00+00:00,1279.4000244140625,1279.4000244140625,1279.5,1279.0,1279.5,24059
2026-07-27 06:52:00+00:00,1280.0,1280.0,1280.0999755859375,1279.0999755859375,1279.4000244140625,17527
2026-07-27 06:53:00+00:00,1279.9000244140625,1279.9000244140625,1280.0999755859375,1279.699951171875,1280.0,4969
2026-07-27 06:54:00+00:00,1279.800048828125,1279.800048828125,1279.800048828125,1279.5999755859375,1279.699951171875,12509
2026-07-27 06:55:00+00:00,1279.9000244140625,1279.9000244140625,1279.9000244140625,1279.800048828125,1279.800048828125,6331
2026-07-27 06:56:00+00:00,1280.0,1280.0,1280.0,1279.699951171875,1279.9000244140625,6138
2026-07-27 06:57:00+00:00,1280.0,1280.0,1280.4000244140625,1279.800048828125,1280.0,10234
2026-07-27 06:58:00+00:00,1279.800048828125,1279.800048828125,1280.5,1279.800048828125,1279.9000244140625,8687
2026-07-27 06:59:00+00:00,1279.4000244140625,1279.4000244140625,1279.800048828125,1279.4000244140625,1279.699951171875,9321
2026-07-27 07:00:00+00:00,1279.699951171875,1279.699951171875,1280.0,1279.0999755859375,1279.4000244140625,12890
2026-07-27 07:01:00+00:00,1279.800048828125,1279.800048828125,1280.0,1279.699951171875,1279.699951171875,12180
2026-07-27 07:02:00+00:00,1279.9000244140625,1279.9000244140625,1280.0,1279.5,1279.800048828125,5925
2026-07-27 07:03:00+00:00,1279.4000244140625,1279.4000244140625,1280.0,1279.4000244140625,1279.800048828125,12161
2026-07-27 07:04:00+00:00,1279.4000244140625,1279.4000244140625,1279.5999755859375,1279.300048828125,1279.5999755859375,7326
2026-07-27 07:05:00+00:00,1279.0,1279.0,1279.5,1279.0,1279.5,11540
2026-07-27 07:06:00+00:00,1279.5999755859375,1279.5999755859375,1279.5999755859375,1279.0,1279.0999755859375,11048
2026-07-27 07:07:00+00:00,1279.800048828125,1279.800048828125,1279.9000244140625,1279.5999755859375,1279.5999755859375,32002
2026-07-27 07:08:00+00:00,1279.5999755859375,1279.5999755859375,1279.800048828125,1279.5999755859375,1279.800048828125,23338
2026-07-27 07:09:00+00:00,1279.4000244140625,1279.4000244140625,1279.5,1279.199951171875,1279.5,9985
2026-07-27 07:10:00+00:00,1278.800048828125,1278.800048828125,1279.300048828125,1278.800048828125,1279.300048828125,19106
2026-07-27 07:11:00+00:00,1278.9000244140625,1278.9000244140625,1279.199951171875,1278.699951171875,1278.9000244140625,15070
2026-07-27 07:12:00+00:00,1279.0999755859375,1279.0999755859375,1279.199951171875,1278.9000244140625,1278.9000244140625,5905
2026-07-27 07:13:00+00:00,1279.300048828125,1279.300048828125,1279.4000244140625,1279.0,1279.0,11214
2026-07-27 07:14:00+00:00,1278.800048828125,1278.800048828125,1279.5,1278.699951171875,1279.4000244140625,18892
2026-07-27 07:15:00+00:00,1278.5,1278.5,1278.800048828125,1278.0,1278.699951171875,31164
2026-07-27 07:16:00+00:00,1278.800048828125,1278.800048828125,1278.800048828125,1278.0999755859375,1278.800048828125,12674
2026-07-27 07:17:00+00:00,1278.199951171875,1278.199951171875,1278.800048828125,1278.199951171875,1278.800048828125,13027
2026-07-27 07:18:00+00:00,1278.4000244140625,1278.4000244140625,1278.5,1278.0999755859375,1278.4000244140625,10292
2026-07-27 07:19:00+00:00,1278.0999755859375,1278.0999755859375,1278.5,1278.0,1278.300048828125,18766
2026-07-27 07:20:00+00:00,1278.9000244140625,1278.9000244140625,1278.9000244140625,1278.0,1278.0999755859375,26484
2026-07-27 07:21:00+00:00,1279.199951171875,1279.199951171875,1279.4000244140625,1278.699951171875,1278.9000244140625,33665
2026-07-27 07:22:00+00:00,1279.699951171875,1279.699951171875,1279.9000244140625,1279.199951171875,1279.300048828125,9795
2026-07-27 07:23:00+00:00,1278.9000244140625,1278.9000244140625,1279.699951171875,1278.800048828125,1279.699951171875,23258
2026-07-27 07:24:00+00:00,1278.800048828125,1278.800048828125,1279.0,1278.800048828125,1278.9000244140625,7573
2026-07-27 07:25:00+00:00,1278.9000244140625,1278.9000244140625,1279.0999755859375,1278.800048828125,1278.800048828125,7212
2026-07-27 07:26:00+00:00,1278.9000244140625,1278.9000244140625,1279.199951171875,1278.800048828125,1278.800048828125,9389
2026-07-27 07:27:00+00:00,1278.800048828125,1278.800048828125,1279.0,1278.800048828125,1278.9000244140625,6511
2026-07-27 07:28:00+00:00,1278.9000244140625,1278.9000244140625,1279.0,1278.699951171875,1278.800048828125,7051
2026-07-27 07:29:00+00:00,1279.4000244140625,1279.4000244140625,1279.4000244140625,1278.800048828125,1278.800048828125,11059
2026-07-27 07:30:00+00:00,1279.199951171875,1279.199951171875,1279.4000244140625,1279.0,1279.199951171875,5934
2026-07-27 07:31:00+00:00,1279.4000244140625,1279.4000244140625,1279.4000244140625,1279.0999755859375,1279.199951171875,10011
2026-07-27 07:32:00+00:00,1279.5,1279.5,1279.5999755859375,1279.199951171875,1279.300048828125,6888
2026-07-27 07:33:00+00:00,1279.699951171875,1279.699951171875,1279.699951171875,1279.4000244140625,1279.5999755859375,11605
2026-07-27 07:34:00+00:00,1280.300048828125,1280.300048828125,1280.4000244140625,1279.699951171875,1279.9000244140625,20802
2026-07-27 07:35:00+00:00,1280.5,1280.5,1280.699951171875,1279.9000244140625,1279.9000244140625,10347
2026-07-27 07:36:00+00:00,1280.699951171875,1280.699951171875,1280.699951171875,1280.4000244140625,1280.699951171875,7603
2026-07-27 07:37:00+00:00,1280.9000244140625,1280.9000244140625,1281.4000244140625,1280.300048828125,1280.699951171875,65782
2026-07-27 07:38:00+00:00,1280.4000244140625,1280.4000244140625,1280.9000244140625,1280.300048828125,1280.800048828125,14213
2026-07-27 07:39:00+00:00,1280.0,1280.0,1280.5,1280.0,1280.4000244140625,13899
2026-07-27 07:40:00+00:00,1280.300048828125,1280.300048828125,1280.5,1279.4000244140625,1280.199951171875,14539
2026-07-27 07:41:00+00:00,1280.0,1280.0,1280.5,1279.800048828125,1280.300048828125,10166
2026-07-27 07:42:00+00:00,1280.199951171875,1280.199951171875,1280.699951171875,1279.800048828125,1280.0,7677
2026-07-27 07:43:00+00:00,1280.199951171875,1280.199951171875,1280.4000244140625,1280.0,1280.199951171875,4670
2026-07-27 07:44:00+00:00,1280.699951171875,1280.699951171875,1280.800048828125,1280.199951171875,1280.199951171875,12207
2026-07-27 07:45:00+00:00,1281.0999755859375,1281.0999755859375,1281.0999755859375,1280.5999755859375,1280.9000244140625,10490
2026-07-27 07:46:00+00:00,1281.300048828125,1281.300048828125,1281.4000244140625,1280.9000244140625,1281.0999755859375,13341
2026-07-27 07:47:00+00:00,1281.300048828125,1281.300048828125,1281.800048828125,1281.199951171875,1281.199951171875,10840
2026-07-27 07:48:00+00:00,1281.300048828125,1281.300048828125,1281.5999755859375,1281.199951171875,1281.300048828125,8803
2026-07-27 07:49:00+00:00,1281.199951171875,1281.199951171875,1281.199951171875,1281.0999755859375,1281.199951171875,5652
2026-07-27 07:50:00+00:00,1280.5999755859375,1280.5999755859375,1281.300048828125,1280.5999755859375,1281.0999755859375,9736
2026-07-27 07:51:00+00:00,1280.699951171875,1280.699951171875,1281.199951171875,1280.5999755859375,1280.5999755859375,9508
2026-07-27 07:52:00+00:00,1281.300048828125,1281.300048828125,1281.300048828125,1280.699951171875,1280.800048828125,12356
2026-07-27 07:53:00+00:00,1281.0999755859375,1281.0999755859375,1281.300048828125,1281.0,1281.0999755859375,5998
2026-07-27 07:54:00+00:00,1281.0999755859375,1281.0999755859375,1281.4000244140625,1281.0,1281.0999755859375,9156
2026-07-27 07:55:00+00:00,1281.0999755859375,1281.0999755859375,1281.0999755859375,1280.800048828125,1280.800048828125,11760
2026-07-27 07:56:00+00:00,1281.0999755859375,1281.0999755859375,1281.0999755859375,1280.800048828125,1281.0999755859375,6756
2026-07-27 07:57:00+00:00,1280.4000244140625,1280.4000244140625,1280.9000244140625,1280.4000244140625,1280.800048828125,6705
2026-07-27 07:58:00+00:00,1279.800048828125,1279.800048828125,1280.4000244140625,1279.800048828125,1280.4000244140625,9821
2026-07-27 07:59:00+00:00,1279.5999755859375,1279.5999755859375,1279.9000244140625,1279.5,1279.800048828125,12309
2026-07-27 08:00:00+00:00,1279.800048828125,1279.800048828125,1279.9000244140625,1279.4000244140625,1279.5,9842
2026-07-27 08:01:00+00:00,1279.5999755859375,1279.5999755859375,1279.800048828125,1279.5,1279.699951171875,6855
2026-07-27 08:02:00+00:00,1279.199951171875,1279.199951171875,1279.5999755859375,1279.0999755859375,1279.5999755859375,14495
2026-07-27 08:03:00+00:00,1279.300048828125,1279.300048828125,1279.300048828125,1279.0,1279.0999755859375,67322
2026-07-27 08:04:00+00:00,1279.0,1279.0,1279.5,1279.0,1279.5,11014
2026-07-27 08:05:00+00:00,1278.5,1278.5,1279.0,1278.0999755859375,1279.0,24747
2026-07-27 08:06:00+00:00,1279.300048828125,1279.300048828125,1279.4000244140625,1278.5999755859375,1278.9000244140625,30371
2026-07-27 08:07:00+00:00,1279.199951171875,1279.199951171875,1279.4000244140625,1279.199951171875,1279.300048828125,8291
2026-07-27 08:08:00+00:00,1279.4000244140625,1279.4000244140625,1279.5,1279.199951171875,1279.4000244140625,7568
2026-07-27 08:09:00+00:00,1279.5,1279.5,1279.5,1279.199951171875,1279.4000244140625,5791
2026-07-27 08:10:00+00:00,1279.199951171875,1279.199951171875,1279.5999755859375,1279.199951171875,1279.4000244140625,10557
2026-07-27 08:11:00+00:00,1278.800048828125,1278.800048828125,1279.300048828125,1278.699951171875,1279.199951171875,12758
2026-07-27 08:12:00+00:00,1278.699951171875,1278.699951171875,1278.9000244140625,1278.5999755859375,1278.800048828125,18167
2026-07-27 08:13:00+00:00,1279.199951171875,1279.199951171875,1279.199951171875,1278.5,1278.699951171875,11460
2026-07-27 08:14:00+00:00,1279.4000244140625,1279.4000244140625,1279.699951171875,1279.0999755859375,1279.0999755859375,5607
2026-07-27 08:15:00+00:00,1279.199951171875,1279.199951171875,1279.300048828125,1279.0,1279.300048828125,9976
2026-07-27 08:16:00+00:00,1279.300048828125,1279.300048828125,1279.300048828125,1279.0999755859375,1279.0999755859375,5419
2026-07-27 08:17:00+00:00,1279.5999755859375,1279.5999755859375,1279.699951171875,1279.300048828125,1279.300048828125,7961
2026-07-27 08:18:00+00:00,1279.4000244140625,1279.4000244140625,1279.800048828125,1279.4000244140625,1279.699951171875,34680
2026-07-27 08:19:00+00:00,1279.300048828125,1279.300048828125,1279.4000244140625,1279.0999755859375,1279.4000244140625,12271
2026-07-27 08:20:00+00:00,1279.5999755859375,1279.5999755859375,1279.5999755859375,1279.0,1279.199951171875,31151
2026-07-27 08:21:00+00:00,1279.4000244140625,1279.4000244140625,1279.5999755859375,1279.0999755859375,1279.199951171875,4776
2026-07-27 08:22:00+00:00,1279.800048828125,1279.800048828125,1279.800048828125,1279.300048828125,1279.300048828125,11345
2026-07-27 08:23:00+00:00,1279.9000244140625,1279.9000244140625,1279.9000244140625,1279.5,1279.5,5258
2026-07-27 08:24:00+00:00,1279.300048828125,1279.300048828125,1279.9000244140625,1279.300048828125,1279.800048828125,10249
2026-07-27 08:25:00+00:00,1279.5999755859375,1279.5999755859375,1279.5999755859375,1279.0999755859375,1279.0999755859375,7174
2026-07-27 08:26:00+00:00,1279.4000244140625,1279.4000244140625,1279.699951171875,1279.4000244140625,1279.699951171875,17463
2026-07-27 08:27:00+00:00,1279.0,1279.0,1279.5,1279.0,1279.5,19867
2026-07-27 08:28:00+00:00,1279.5999755859375,1279.5999755859375,1279.800048828125,1279.0,1279.0,26529
2026-07-27 08:29:00+00:00,1279.5999755859375,1279.5999755859375,1279.699951171875,1279.300048828125,1279.5999755859375,6867
2026-07-27 08:30:00+00:00,1279.5,1279.5,1279.699951171875,1279.5,1279.5,5148
2026-07-27 08:31:00+00:00,1279.699951171875,1279.699951171875,1279.800048828125,1279.4000244140625,1279.5999755859375,6812
2026-07-27 08:32:00+00:00,1279.5999755859375,1279.5999755859375,1279.800048828125,1279.4000244140625,1279.5999755859375,6529
2026-07-27 08:33:00+00:00,1279.800048828125,1279.800048828125,1279.800048828125,1279.4000244140625,1279.5999755859375,9690
2026-07-27 08:34:00+00:00,1279.4000244140625,1279.4000244140625,1279.800048828125,1279.300048828125,1279.699951171875,9186
2026-07-27 08:35:00+00:00,1278.9000244140625,1278.9000244140625,1279.300048828125,1278.9000244140625,1279.199951171875,9300
2026-07-27 08:36:00+00:00,1279.300048828125,1279.300048828125,1279.4000244140625,1279.0,1279.199951171875,13593
2026-07-27 08:37:00+00:00,1279.199951171875,1279.199951171875,1279.5,1279.0999755859375,1279.5,6529
2026-07-27 08:38:00+00:00,1279.9000244140625,1279.9000244140625,1279.9000244140625,1279.0999755859375,1279.199951171875,9728
2026-07-27 08:39:00+00:00,1280.0,1280.0,1280.0,1279.199951171875,1279.5,39066
2026-07-27 08:40:00+00:00,1279.5,1279.5,1280.0,1279.300048828125,1280.0,9651
2026-07-27 08:41:00+00:00,1279.5,1279.5,1279.699951171875,1279.0999755859375,1279.5,10184
2026-07-27 08:42:00+00:00,1279.800048828125,1279.800048828125,1279.9000244140625,1279.199951171875,1279.5999755859375,10743
2026-07-27 08:43:00+00:00,1279.699951171875,1279.699951171875,1279.9000244140625,1279.5,1279.9000244140625,6962
2026-07-27 08:44:00+00:00,1279.5999755859375,1279.5999755859375,1279.800048828125,1279.4000244140625,1279.800048828125,9190
2026-07-27 08:45:00+00:00,1279.5999755859375,1279.5999755859375,1279.699951171875,1279.300048828125,1279.5999755859375,6058
2026-07-27 08:46:00+00:00,1279.5999755859375,1279.5999755859375,1279.800048828125,1279.5999755859375,1279.699951171875,19646
2026-07-27 08:47:00+00:00,1278.0999755859375,1278.0999755859375,1279.5999755859375,1278.0,1279.5999755859375,58157
2026-07-27 08:48:00+00:00,1278.5999755859375,1278.5999755859375,1279.0,1278.0,1278.199951171875,34041
2026-07-27 08:49:00+00:00,1278.4000244140625,1278.4000244140625,1278.800048828125,1278.300048828125,1278.699951171875,9856
2026-07-27 08:50:00+00:00,1278.800048828125,1278.800048828125,1278.800048828125,1278.300048828125,1278.4000244140625,13351
2026-07-27 08:51:00+00:00,1278.9000244140625,1278.9000244140625,1278.9000244140625,1278.5,1278.800048828125,10507
2026-07-27 08:52:00+00:00,1278.800048828125,1278.800048828125,1279.0,1278.699951171875,1278.800048828125,39318
2026-07-27 08:53:00+00:00,1279.0999755859375,1279.0999755859375,1279.300048828125,1278.699951171875,1278.800048828125,24403
2026-07-27 08:54:00+00:00,1279.4000244140625,1279.4000244140625,1279.5,1279.0,1279.199951171875,14548
2026-07-27 08:55:00+00:00,1279.5,1279.5,1279.5999755859375,1279.199951171875,1279.4000244140625,35725
2026-07-27 08:56:00+00:00,1278.9000244140625,1278.9000244140625,1279.5999755859375,1278.9000244140625,1279.5999755859375,33598
2026-07-27 08:57:00+00:00,1279.5,1279.5,1279.5999755859375,1278.5,1279.0,45737
2026-07-27 08:58:00+00:00,1279.4000244140625,1279.4000244140625,1279.5,1279.199951171875,1279.5,7789
2026-07-27 08:59:00+00:00,1279.5999755859375,1279.5999755859375,1280.0,1279.300048828125,1279.4000244140625,30427
2026-07-27 09:00:00+00:00,1279.5999755859375,1279.5999755859375,1279.699951171875,1279.5,1279.5999755859375,7386
2026-07-27 09:01:00+00:00,1279.5,1279.5,1279.5999755859375,1279.4000244140625,1279.5999755859375,30647
2026-07-27 09:02:00+00:00,1279.5,1279.5,1279.5999755859375,1279.4000244140625,1279.5,16631
2026-07-27 09:03:00+00:00,1280.0,1280.0,1280.0,1279.4000244140625,1279.5,24185
2026-07-27 09:04:00+00:00,1279.5999755859375,1279.5999755859375,1279.800048828125,1279.5,1279.800048828125,9391
2026-07-27 09:05:00+00:00,1279.699951171875,1279.699951171875,1280.0,1279.4000244140625,1279.5999755859375,23758
2026-07-27 09:06:00+00:00,1279.5,1279.5,1279.9000244140625,1279.4000244140625,1279.9000244140625,15154
2026-07-27 09:07:00+00:00,1279.300048828125,1279.300048828125,1279.699951171875,1279.0999755859375,1279.699951171875,12681
2026-07-27 09:08:00+00:00,1279.199951171875,1279.199951171875,1279.5,1279.0,1279.199951171875,16875
2026-07-27 09:09:00+00:00,1279.300048828125,1279.300048828125,1279.5,1279.0999755859375,1279.300048828125,9253
2026-07-27 09:10:00+00:00,1279.199951171875,1279.199951171875,1279.4000244140625,1279.0,1279.4000244140625,19339
2026-07-27 09:11:00+00:00,1279.4000244140625,1279.4000244140625,1279.699951171875,1279.0999755859375,1279.199951171875,31787
2026-07-27 09:12:00+00:00,1279.5,1279.5,1279.5999755859375,1279.300048828125,1279.5999755859375,7936
2026-07-27 09:13:00+00:00,1279.4000244140625,1279.4000244140625,1279.5,1279.199951171875,1279.5,7176
2026-07-27 09:14:00+00:00,1279.5999755859375,1279.5999755859375,1279.9000244140625,1279.4000244140625,1279.5,20828
2026-07-27 09:15:00+00:00,1280.0999755859375,1280.0999755859375,1280.0999755859375,1279.5999755859375,1279.9000244140625,30370
2026-07-27 09:16:00+00:00,1280.0999755859375,1280.0999755859375,1280.0999755859375,1279.5,1280.0999755859375,32660
2026-07-27 09:17:00+00:00,1279.0,1279.0,1280.0999755859375,1279.0,1280.0999755859375,24453
2026-07-27 09:18:00+00:00,1279.800048828125,1279.800048828125,1279.800048828125,1279.0,1279.0,32285
2026-07-27 09:19:00+00:00,1279.5999755859375,1279.5999755859375,1279.800048828125,1279.4000244140625,1279.800048828125,19010
2026-07-27 09:20:00+00:00,1279.4000244140625,1279.4000244140625,1279.9000244140625,1279.4000244140625,1279.9000244140625,15768
2026-07-27 09:21:00+00:00,1279.800048828125,1279.800048828125,1279.800048828125,1279.5,1279.800048828125,8683
2026-07-27 09:22:00+00:00,1279.800048828125,1279.800048828125,1280.199951171875,1279.4000244140625,1280.0,42575
2026-07-27 09:23:00+00:00,1279.9000244140625,1279.9000244140625,1280.199951171875,1279.4000244140625,1279.800048828125,16921
2026-07-27 09:24:00+00:00,1279.800048828125,1279.800048828125,1280.0,1279.5,1280.0,21159
2026-07-27 09:25:00+00:00,1279.800048828125,1279.800048828125,1279.9000244140625,1279.5999755859375,1279.5999755859375,15739
2026-07-27 09:26:00+00:00,1280.0,1280.0,1280.300048828125,1279.800048828125,1280.0,20917
2026-07-27 09:27:00+00:00,1279.800048828125,1279.800048828125,1280.0,1279.5,1280.0,23372
2026-07-27 09:28:00+00:00,1280.0,1280.0,1280.0999755859375,1279.5999755859375,1280.0,7513
2026-07-27 09:29:00+00:00,1280.199951171875,1280.199951171875,1280.300048828125,1280.0,1280.0,9720
2026-07-27 09:30:00+00:00,1279.800048828125,1279.800048828125,1280.0999755859375,1279.699951171875,1280.0999755859375,38270
2026-07-27 09:31:00+00:00,1279.9000244140625,1279.9000244140625,1279.9000244140625,1279.800048828125,1279.9000244140625,40157
2026-07-27 09:32:00+00:00,1280.0,1280.0,1280.0,1279.800048828125,1279.800048828125,38547
2026-07-27 09:33:00+00:00,1280.0,1280.0,1280.0999755859375,1280.0,1280.0,40778
2026-07-27 09:34:00+00:00,1279.5,1279.5,1279.9000244140625,1279.5,1279.9000244140625,60190
2026-07-27 09:35:00+00:00,1279.4000244140625,1279.4000244140625,1279.5,1279.300048828125,1279.4000244140625,66905
2026-07-27 09:36:00+00:00,1279.5999755859375,1279.5999755859375,1279.699951171875,1279.4000244140625,1279.4000244140625,40643
2026-07-27 09:37:00+00:00,1279.5999755859375,1279.5999755859375,1279.800048828125,1279.5,1279.5999755859375,54924
2026-07-27 09:38:00+00:00,1279.699951171875,1279.699951171875,1279.699951171875,1279.5999755859375,1279.699951171875,22906
2026-07-27 09:39:00+00:00,1279.800048828125,1279.800048828125,1279.800048828125,1279.699951171875,1279.699951171875,42183
2026-07-27 09:40:00+00:00,1279.800048828125,1279.800048828125,1279.9000244140625,1279.5999755859375,1279.699951171875,62066
2026-07-27 09:41:00+00:00,1279.800048828125,1279.800048828125,1279.9000244140625,1279.699951171875,1279.9000244140625,30632
2026-07-27 09:42:00+00:00,1279.800048828125,1279.800048828125,1279.9000244140625,1279.699951171875,1279.699951171875,46873
2026-07-27 09:43:00+00:00,1279.800048828125,1279.800048828125,1279.800048828125,1279.5999755859375,1279.800048828125,54665
2026-07-27 09:44:00+00:00,1279.5999755859375,1279.5999755859375,1279.800048828125,1279.5999755859375,1279.800048828125,36808
2026-07-27 09:45:00+00:00,1279.5,1279.5,1279.699951171875,1279.5,1279.699951171875,52201
2026-07-27 09:46:00+00:00,1279.4000244140625,1279.4000244140625,1279.5,1279.4000244140625,1279.5,47884
2026-07-27 09:47:00+00:00,1279.5999755859375,1279.5999755859375,1279.699951171875,1279.4000244140625,1279.5999755859375,45828
2026-07-27 09:48:00+00:00,1279.699951171875,1279.699951171875,1279.699951171875,1279.4000244140625,1279.5999755859375,65711
2026-07-27 09:49:00+00:00,1279.800048828125,1279.800048828125,1279.800048828125,1279.5999755859375,1279.699951171875,64247
2026-07-27 09:50:00+00:00,1280.199951171875,1280.199951171875,1280.199951171875,1279.800048828125,1279.800048828125,115196
2026-07-27 09:51:00+00:00,1280.800048828125,1280.800048828125,1280.800048828125,1280.4000244140625,1280.4000244140625,60446
2026-07-27 09:52:00+00:00,1281.0,1281.0,1281.0999755859375,1280.800048828125,1280.9000244140625,54078
2026-07-27 09:53:00+00:00,1281.0,1281.0,1281.0999755859375,1280.9000244140625,1281.0,61607
2026-07-27 09:54:00+00:00,1280.0,1280.0,1280.9000244140625,1280.0,1280.9000244140625,70441
2026-07-27 09:55:00+00:00,1279.5999755859375,1279.5999755859375,1279.800048828125,1279.199951171875,1279.800048828125,92605
2026-07-27 09:56:00+00:00,1279.9000244140625,1279.9000244140625,1279.9000244140625,1279.199951171875,1279.699951171875,32887
2026-07-27 09:57:00+00:00,1281.0,1281.0,1281.199951171875,1279.9000244140625,1279.9000244140625,68949
2026-07-27 09:58:00+00:00,1280.300048828125,1280.300048828125,1281.199951171875,1280.0999755859375,1281.0,59543
2026-07-27 09:59:00+00:00,1280.0,1280.0,1282.0,1280.0,1280.0999755859375,25871
