Price,Adj Close,Close,High,Low,Open,Volume
Ticker,TCS.NS,TCS.NS,TCS.NS,TCS.NS,TCS.NS,TCS.NS
Datetime,,,,,,
2026-07-17 03:45:00+00:00,2253.300048828125,2253.300048828125,2253.5,2224.699951171875,2224.699951171875,0
2026-07-17 03:46:00+00:00,2249.39990234375,2249.39990234375,2255.39990234375,2243.60009765625,2252.699951171875,109677
2026-07-17 03:47:00+00:00,2252.10009765625,2252.10009765625,2256.300048828125,2247.699951171875,2247.699951171875,90611
2026-07-17 03:48:00+00:00,2249.5,2249.5,2252.800048828125,2249.39990234375,2252.60009765625,32711
2026-07-17 03:49:00+00:00,2248.0,2248.0,2251.699951171875,2247.5,2250.60009765625,43909
2026-07-17 03:50:00+00:00,2246.39990234375,2246.39990234375,2251.10009765625,2246.0,2248.199951171875,36979
2026-07-17 03:51:00+00:00,2242.0,2242.0,2246.89990234375,2241.699951171875,2246.89990234375,41217
2026-07-17 03:52:00+00:00,2242.0,2242.0,2243.60009765625,2241.0,2242.0,25638
2026-07-17 03:53:00+00:00,2242.0,2242.0,2243.0,2242.0,2242.0,10755
2026-07-17 03:54:00+00:00,2248.0,2248.0,2252.0,2242.60009765625,2242.60009765625,43404
2026-07-17 03:55:00+00:00,2245.10009765625,2245.10009765625,2251.5,2245.0,2248.300048828125,31622
2026-07-17 03:56:00+00:00,2238.10009765625,2238.10009765625,2246.300048828125,2237.199951171875,2245.300048828125,28036
2026-07-17 03:57:00+00:00,2235.0,2235.0,2239.0,2234.89990234375,2238.5,29630
2026-07-17 03:58:00+00:00,2237.0,2237.0,2237.699951171875,2232.0,2234.0,17513
2026-07-17 03:59:00+00:00,2233.199951171875,2233.199951171875,2237.39990234375,2232.60009765625,2237.39990234375,14527
2026-07-17 04:00:00+00:00,2234.0,2234.0,2237.60009765625,2233.5,2233.5,11309
2026-07-17 04:01:00+00:00,2232.89990234375,2232.89990234375,2235.300048828125,2231.0,2234.199951171875,17033
2026-07-17 04:02:00+00:00,2234.0,2234.0,2235.300048828125,2232.0,2232.89990234375,14056
2026-07-17 04:03:00+00:00,2233.0,2233.0,2234.0,2231.300048828125,2233.800048828125,6625
2026-07-17 04:04:00+00:00,2232.89990234375,2232.89990234375,2234.39990234375,2232.199951171875,2233.0,8787
2026-07-17 04:05:00+00:00,2235.800048828125,2235.800048828125,2236.0,2232.0,2233.0,11420
2026-07-17 04:06:00+00:00,2236.800048828125,2236.800048828125,2237.699951171875,2234.10009765625,2236.0,17574
2026-07-17 04:07:00+00:00,2239.10009765625,2239.10009765625,2240.300048828125,2236.10009765625,2237.300048828125,18514
2026-07-17 04:08:00+00:00,2237.199951171875,2237.199951171875,2238.60009765625,2236.0,2238.5,8906
2026-07-17 04:09:00+00:00,2235.39990234375,2235.39990234375,2239.0,2235.39990234375,2237.0,9155
2026-07-17 04:10:00+00:00,2238.5,2238.5,2238.800048828125,2235.300048828125,2235.300048828125,8271
2026-07-17 04:11:00+00:00,2237.60009765625,2237.60009765625,2240.0,2237.39990234375,2238.0,9246
2026-07-17 04:12:00+00:00,2235.89990234375,2235.89990234375,2238.699951171875,2235.300048828125,2237.60009765625,8653
2026-07-17 04:13:00+00:00,2236.0,2236.0,2237.5,2235.699951171875,2236.60009765625,6715
2026-07-17 04:14:00+00:00,2237.39990234375,2237.39990234375,2239.60009765625,2235.5,2236.10009765625,7228
2026-07-17 04:15:00+00:00,2238.89990234375,2238.89990234375,2239.199951171875,2236.60009765625,2238.0,4799
2026-07-17 04:16:00+00:00,2234.0,2234.0,2239.0,2232.60009765625,2238.699951171875,16300
2026-07-17 04:17:00+00:00,2230.199951171875,2230.199951171875,2234.0,2230.0,2234.0,16809
2026-07-17 04:18:00+00:00,2229.10009765625,2229.10009765625,2230.800048828125,2228.10009765625,2230.0,14716
2026-07-17 04:19:00+00:00,2231.10009765625,2231.10009765625,2231.199951171875,2228.5,2229.10009765625,8108
2026-07-17 04:20:00+00:00,2231.199951171875,2231.199951171875,2233.5,2230.10009765625,2230.10009765625,6279
2026-07-17 04:21:00+00:00,2231.5,2231.5,2233.0,2231.10009765625,2232.0,5026
2026-07-17 04:22:00+00:00,2232.199951171875,2232.199951171875,2233.0,2232.0,2232.10009765625,2668
2026-07-17 04:23:00+00:00,2232.5,2232.5,2234.0,2232.0,2232.300048828125,4914
2026-07-17 04:24:00+00:00,2238.0,2238.0,2238.800048828125,2232.39990234375,2232.39990234375,15050
2026-07-17 04:25:00+00:00,2239.39990234375,2239.39990234375,2239.89990234375,2237.300048828125,2237.300048828125,11959
2026-07-17 04:26:00+00:00,2240.800048828125,2240.800048828125,2242.39990234375,2239.0,2239.5,31615
2026-07-17 04:27:00+00:00,2238.699951171875,2238.699951171875,2242.0,2238.300048828125,2240.800048828125,17190
2026-07-17 04:28:00+00:00,2231.0,2231.0,2238.0,2231.0,2238.0,29976
2026-07-17 04:29:00+00:00,2233.5,2233.5,2234.199951171875,2231.0,2231.5,4324
2026-07-17 04:30:00+00:00,2233.800048828125,2233.800048828125,2234.800048828125,2233.5,2234.5,3500
2026-07-17 04:31:00+00:00,2230.199951171875,2230.199951171875,2235.0,2230.0,2233.699951171875,17511
2026-07-17 04:32:00+00:00,2230.10009765625,2230.10009765625,2233.39990234375,2229.89990234375,2230.699951171875,13328
2026-07-17 04:33:00+00:00,2227.39990234375,2227.39990234375,2231.10009765625,2227.199951171875,2230.300048828125,12789
2026-07-17 04:34:00+00:00,2227.0,2227.0,2228.60009765625,2226.199951171875,2228.5,12133
2026-07-17 04:35:00+00:00,2227.60009765625,2227.60009765625,2228.0,2226.800048828125,2227.39990234375,4810
2026-07-17 04:36:00+00:00,2227.300048828125,2227.300048828125,2229.5,2227.0,2227.60009765625,4783
2026-07-17 04:37:00+00:00,2225.39990234375,2225.39990234375,2226.300048828125,2224.0,2226.0,55195
2026-07-17 04:38:00+00:00,2227.800048828125,2227.800048828125,2227.800048828125,2224.0,2225.5,9510
2026-07-17 04:39:00+00:00,2231.89990234375,2231.89990234375,2232.0,2226.800048828125,2227.89990234375,19658
2026-07-17 04:40:00+00:00,2230.60009765625,2230.60009765625,2233.39990234375,2230.60009765625,2231.199951171875,13832
2026-07-17 04:41:00+00:00,2229.89990234375,2229.89990234375,2232.5,2229.89990234375,2231.800048828125,7721
2026-07-17 04:42:00+00:00,2230.10009765625,2230.10009765625,2232.10009765625,2229.10009765625,2229.800048828125,33053
2026-07-17 04:43:00+00:00,2229.39990234375,2229.39990234375,2231.10009765625,2229.10009765625,2230.10009765625,5835
2026-07-17 04:44:00+00:00,2229.60009765625,2229.60009765625,2231.0,2228.10009765625,2229.10009765625,4202
2026-07-17 04:45:00+00:00,2228.5,2228.5,2230.89990234375,2228.10009765625,2230.0,4579
2026-07-17 04:46:00+00:00,2227.0,2227.0,2228.5,2226.0,2228.10009765625,6785
2026-07-17 04:47:00+00:00,2228.39990234375,2228.39990234375,2228.5,2226.60009765625,2226.800048828125,3955
2026-07-17 04:48:00+00:00,2230.5,2230.5,2231.0,2224.5,2227.699951171875,25018
2026-07-17 04:49:00+00:00,2229.199951171875,2229.199951171875,2232.0,2228.60009765625,2230.199951171875,6569
2026-07-17 04:50:00+00:00,2229.199951171875,2229.199951171875,2229.800048828125,2227.5,2229.10009765625,3519
2026-07-17 04:51:00+00:00,2229.5,2229.5,2230.0,2228.60009765625,2229.300048828125,2630
2026-07-17 04:52:00+00:00,2227.800048828125,2227.800048828125,2231.0,2227.5,2230.39990234375,3858
2026-07-17 04:53:00+00:00,2227.5,2227.5,2228.89990234375,2226.89990234375,2227.800048828125,1828
2026-07-17 04:54:00+00:00,2225.39990234375,2225.39990234375,2227.800048828125,2224.699951171875,2227.699951171875,11297
2026-07-17 04:55:00+00:00,2225.10009765625,2225.10009765625,2226.699951171875,2224.10009765625,2226.0,6802
2026-07-17 04:56:00+00:00,2224.300048828125,2224.300048828125,2225.89990234375,2224.10009765625,2225.0,4037
2026-07-17 04:57:00+00:00,2225.0,2225.0,2225.800048828125,2224.199951171875,2224.199951171875,3586
2026-07-17 04:58:00+00:00,2224.10009765625,2224.10009765625,2225.0,2223.199951171875,2224.5,10421
2026-07-17 04:59:00+00:00,2224.699951171875,2224.699951171875,2224.800048828125,2223.10009765625,2224.39990234375,5356
2026-07-17 05:00:00+00:00,2225.89990234375,2225.89990234375,2226.800048828125,2224.199951171875,2224.300048828125,3224
2026-07-17 05:01:00+00:00,2223.800048828125,2223.800048828125,2226.300048828125,2223.699951171875,2225.800048828125,4149
2026-07-17 05:02:00+00:00,2225.0,2225.0,2225.60009765625,2223.800048828125,2223.800048828125,3509
2026-07-17 05:03:00+00:00,2227.0,2227.0,2228.0,2225.39990234375,2225.39990234375,2984
2026-07-17 05:04:00+00:00,2227.0,2227.0,2227.800048828125,2226.0,2227.5,2072
2026-07-17 05:05:00+00:00,2226.89990234375,2226.89990234375,2228.39990234375,2226.300048828125,2226.699951171875,1656
2026-07-17 05:06:00+00:00,2231.0,2231.0,2231.300048828125,2226.39990234375,2226.89990234375,18185
2026-07-17 05:07:00+00:00,2230.699951171875,2230.699951171875,2232.0,2230.5,2231.0,8727
2026-07-17 05:08:00+00:00,2231.0,2231.0,2231.5,2230.699951171875,2231.300048828125,3221
2026-07-17 05:09:00+00:00,2231.0,2231.0,2231.60009765625,2230.5,2231.10009765625,10788
2026-07-17 05:10:00+00:00,2230.10009765625,2230.10009765625,2231.0,2230.0,2231.0,7711
2026-07-17 05:11:00+00:00,2230.0,2230.0,2231.0,2230.0,2230.10009765625,5415
2026-07-17 05:12:00+00:00,2230.0,2230.0,2230.699951171875,2230.0,2230.60009765625,7834
2026-07-17 05:13:00+00:00,2230.0,2230.0,2230.39990234375,2229.89990234375,2230.0,15481
2026-07-17 05:14:00+00:00,2230.89990234375,2230.89990234375,2230.89990234375,2229.300048828125,2230.10009765625,16335
2026-07-17 05:15:00+00:00,2230.60009765625,2230.60009765625,2231.199951171875,2229.699951171875,2230.800048828125,2904
2026-07-17 05:16:00+00:00,2230.699951171875,2230.699951171875,2231.39990234375,2230.199951171875,2230.60009765625,1850
2026-07-17 05:17:00+00:00,2231.60009765625,2231.60009765625,2232.199951171875,2230.699951171875,2231.0,6157
2026-07-17 05:18:00+00:00,2230.39990234375,2230.39990234375,2231.699951171875,2229.5,2231.699951171875,8260
2026-07-17 05:19:00+00:00,2230.800048828125,2230.800048828125,2231.699951171875,2230.0,2230.300048828125,2955
2026-07-17 05:20:00+00:00,2230.699951171875,2230.699951171875,2231.5,2230.10009765625,2230.89990234375,2036
2026-07-17 05:21:00+00:00,2230.5,2230.5,2231.39990234375,2230.10009765625,2230.89990234375,1321
2026-07-17 05:22:00+00:00,2231.5,2231.5,2231.5,2230.300048828125,2230.5,4229
2026-07-17 05:23:00+00:00,2232.300048828125,2232.300048828125,2232.300048828125,2230.89990234375,2231.699951171875,13027
2026-07-17 05:24:00+00:00,2233.39990234375,2233.39990234375,2234.0,2232.199951171875,2232.39990234375,14811
2026-07-17 05:25:00+00:00,2233.199951171875,2233.199951171875,2233.89990234375,2232.10009765625,2233.10009765625,8379
2026-07-17 05:26:00+00:00,2231.10009765625,2231.10009765625,2233.800048828125,2231.10009765625,2233.5,7323
2026-07-17 05:27:00+00:00,2231.39990234375,2231.39990234375,2231.89990234375,2228.0,2231.10009765625,25518
2026-07-17 05:28:00+00:00,2232.89990234375,2232.89990234375,2234.0,2231.699951171875,2231.800048828125,3637
2026-07-17 05:29:00+00:00,2234.199951171875,2234.199951171875,2235.0,2233.60009765625,2233.89990234375,5951
2026-07-17 05:30:00+00:00,2233.5,2233.5,2234.199951171875,2233.5,2234.199951171875,2660
2026-07-17 05:31:00+00:00,2232.699951171875,2232.699951171875,2234.39990234375,2232.300048828125,2233.800048828125,6653
2026-07-17 05:32:00+00:00,2232.5,2232.5,2233.0,2231.699951171875,2232.699951171875,3675
2026-07-17 05:33:00+00:00,2242.5,2242.5,2242.5,2232.300048828125,2232.300048828125,83941
2026-07-17 05:34:00+00:00,2241.0,2241.0,2242.39990234375,2241.0,2241.39990234375,12001
2026-07-17 05:35:00+00:00,2240.300048828125,2240.300048828125,2241.89990234375,2240.199951171875,2241.199951171875,5365
2026-07-17 05:36:00+00:00,2240.10009765625,2240.10009765625,2241.5,2240.0,2240.199951171875,8977
2026-07-17 05:37:00+00:00,2240.199951171875,2240.199951171875,2241.5,2240.0,2240.199951171875,16196
2026-07-17 05:38:00+00:00,2240.199951171875,2240.199951171875,2240.5,2240.0,2240.199951171875,38785
2026-07-17 05:39:00+00:00,2243.699951171875,2243.699951171875,2243.699951171875,2240.0,2240.199951171875,34542
2026-07-17 05:40:00+00:00,2243.0,2243.0,2244.10009765625,2242.89990234375,2243.699951171875,12000
2026-07-17 05:41:00+00:00,2242.800048828125,2242.800048828125,2243.89990234375,2242.39990234375,2243.0,4492
2026-07-17 05:42:00+00:00,2242.199951171875,2242.199951171875,2243.199951171875,2242.0,2242.800048828125,8135
2026-07-17 05:43:00+00:00,2241.39990234375,2241.39990234375,2243.0,2241.10009765625,2242.199951171875,2951
2026-07-17 05:44:00+00:00,2240.0,2240.0,2242.0,2240.0,2241.300048828125,9880
2026-07-17 05:45:00+00:00,2240.0,2240.0,2240.699951171875,2240.0,2240.699951171875,13073
2026-07-17 05:46:00+00:00,2240.0,2240.0,2241.60009765625,2240.0,2240.0,10839
2026-07-17 05:47:00+00:00,2243.0,2243.0,2243.10009765625,2240.0,2240.699951171875,4515
2026-07-17 05:48:00+00:00,2242.89990234375,2242.89990234375,2242.89990234375,2241.699951171875,2242.300048828125,3486
2026-07-17 05:49:00+00:00,2244.699951171875,2244.699951171875,2244.699951171875,2240.800048828125,2242.199951171875,8693
2026-07-17 05:50:00+00:00,2245.800048828125,2245.800048828125,2246.699951171875,2244.0,2244.60009765625,25523
2026-07-17 05:51:00+00:00,2244.89990234375,2244.89990234375,2246.0,2244.5,2246.0,5121
2026-07-17 05:52:00+00:00,2247.699951171875,2247.699951171875,2247.699951171875,2244.39990234375,2244.39990234375,15865
2026-07-17 05:53:00+00:00,2246.5,2246.5,2247.60009765625,2245.300048828125,2247.5,5249
2026-07-17 05:54:00+00:00,2246.60009765625,2246.60009765625,2247.10009765625,2245.39990234375,2246.5,4433
2026-07-17 05:55:00+00:00,2245.60009765625,2245.60009765625,2245.89990234375,2244.89990234375,2245.39990234375,7836
2026-07-17 05:56:00+00:00,2245.5,2245.5,2246.0,2244.699951171875,2245.699951171875,6368
2026-07-17 05:57:00+00:00,2245.39990234375,2245.39990234375,2246.10009765625,2244.89990234375,2246.10009765625,4382
2026-07-17 05:58:00+00:00,2245.699951171875,2245.699951171875,2246.0,2244.300048828125,2245.199951171875,5236
2026-07-17 05:59:00+00:00,2244.39990234375,2244.39990234375,2245.89990234375,2244.0,2245.199951171875,11619
2026-07-17 06:00:00+00:00,2246.0,2246.0,2246.0,2244.39990234375,2245.0,5490
2026-07-17 06:01:00+00:00,2247.10009765625,2247.10009765625,2247.800048828125,2245.800048828125,2245.89990234375,11543
2026-07-17 06:02:00+00:00,2248.0,2248.0,2248.39990234375,2246.39990234375,2247.39990234375,10238
2026-07-17 06:03:00+00:00,2248.10009765625,2248.10009765625,2248.60009765625,2247.300048828125,2248.0,5952
2026-07-17 06:04:00+00:00,2247.39990234375,2247.39990234375,2248.0,2247.300048828125,2248.0,5379
2026-07-17 06:05:00+00:00,2251.5,2251.5,2251.5,2246.800048828125,2247.5,49159
2026-07-17 06:06:00+00:00,2252.300048828125,2252.300048828125,2255.60009765625,2251.199951171875,2252.0,197162
2026-07-17 06:07:00+00:00,2252.39990234375,2252.39990234375,2254.800048828125,2252.39990234375,2252.39990234375,11715
2026-07-17 06:08:00+00:00,2252.0,2252.0,2253.89990234375,2249.800048828125,2253.0,8521
2026-07-17 06:09:00+00:00,2252.5,2252.5,2252.5,2248.60009765625,2250.89990234375,21034
2026-07-17 06:10:00+00:00,2252.5,2252.5,2253.10009765625,2250.800048828125,2252.60009765625,9585
2026-07-17 06:11:00+00:00,2251.800048828125,2251.800048828125,2253.0,2251.199951171875,2252.800048828125,12230
2026-07-17 06:12:00+00:00,2250.89990234375,2250.89990234375,2252.800048828125,2250.699951171875,2252.699951171875,4582
2026-07-17 06:13:00+00:00,2251.0,2251.0,2251.699951171875,2250.199951171875,2251.699951171875,9141
2026-07-17 06:14:00+00:00,2251.0,2251.0,2252.800048828125,2250.800048828125,2251.10009765625,9621
2026-07-17 06:15:00+00:00,2251.60009765625,2251.60009765625,2252.0,2250.60009765625,2251.699951171875,6506
2026-07-17 06:16:00+00:00,2251.10009765625,2251.10009765625,2252.0,2250.300048828125,2251.5,6895
2026-07-17 06:17:00+00:00,2250.5,2250.5,2252.0,2250.300048828125,2251.10009765625,7397
2026-07-17 06:18:00+00:00,2251.0,2251.0,2251.800048828125,2250.199951171875,2250.5,15334
2026-07-17 06:19:00+00:00,2251.0,2251.0,2251.39990234375,2250.0,2251.199951171875,5691
2026-07-17 06:20:00+00:00,2252.0,2252.0,2252.699951171875,2250.10009765625,2250.10009765625,11030
2026-07-17 06:21:00+00:00,2252.10009765625,2252.10009765625,2252.5,2251.300048828125,2252.0,4585
2026-07-17 06:22:00+00:00,2252.5,2252.5,2253.0,2250.800048828125,2252.199951171875,8197
2026-07-17 06:23:00+00:00,2252.0,2252.0,2253.10009765625,2251.10009765625,2252.5,10602
2026-07-17 06:24:00+00:00,2253.199951171875,2253.199951171875,2254.0,2251.300048828125,2252.5,11114
2026-07-17 06:25:00+00:00,2254.300048828125,2254.300048828125,2254.89990234375,2252.0,2253.199951171875,12134
2026-07-17 06:26:00+00:00,2254.5,2254.5,2255.0,2253.60009765625,2254.5,8964
2026-07-17 06:27:00+00:00,2254.10009765625,2254.10009765625,2254.699951171875,2253.89990234375,2254.10009765625,8019
2026-07-17 06:28:00+00:00,2253.199951171875,2253.199951171875,2254.5,2252.89990234375,2254.39990234375,7255
2026-07-17 06:29:00+00:00,2254.39990234375,2254.39990234375,2254.39990234375,2252.5,2252.89990234375,11605
2026-07-17 06:30:00+00:00,2253.0,2253.0,2255.89990234375,2253.0,2254.699951171875,19568
2026-07-17 06:31:00+00:00,2253.10009765625,2253.10009765625,2253.5,2252.0,2253.10009765625,10672
2026-07-17 06:32:00+00:00,2254.0,2254.0,2254.0,2252.60009765625,2253.300048828125,10767
2026-07-17 06:33:00+00:00,2254.5,2254.5,2255.89990234375,2253.5,2254.199951171875,10548
2026-07-17 06:34:00+00:00,2254.10009765625,2254.10009765625,2255.0,2253.5,2254.5,5868
2026-07-17 06:35:00+00:00,2256.60009765625,2256.60009765625,2257.0,2252.89990234375,2254.699951171875,24864
2026-07-17 06:36:00+00:00,2256.800048828125,2256.800048828125,2257.60009765625,2256.199951171875,2256.60009765625,6293
2026-07-17 06:37:00+00:00,2256.10009765625,2256.10009765625,2257.39990234375,2256.10009765625,2256.800048828125,7832
2026-07-17 06:38:00+00:00,2257.0,2257.0,2257.300048828125,2256.39990234375,2256.60009765625,12451
2026-07-17 06:39:00+00:00,2256.89990234375,2256.89990234375,2257.0,2256.10009765625,2257.0,8629
2026-07-17 06:40:00+00:00,2256.39990234375,2256.39990234375,2257.39990234375,2255.89990234375,2257.0,13342
2026-07-17 06:41:00+00:00,2256.800048828125,2256.800048828125,2257.0,2255.60009765625,2256.39990234375,6544
2026-07-17 06:42:00+00:00,2256.699951171875,2256.699951171875,2257.0,2255.10009765625,2256.60009765625,7742
2026-07-17 06:43:00+00:00,2256.39990234375,2256.39990234375,2256.89990234375,2255.5,2256.800048828125,8274
2026-07-17 06:44:00+00:00,2255.300048828125,2255.300048828125,2256.89990234375,2255.300048828125,2256.5,7601
2026-07-17 06:45:00+00:00,2256.5,2256.5,2256.5,2255.199951171875,2255.199951171875,7219
2026-07-17 06:46:00+00:00,2255.89990234375,2255.89990234375,2256.39990234375,2255.0,2256.10009765625,13593
2026-07-17 06:47:00+00:00,2257.0,2257.0,2257.0,2255.89990234375,2256.800048828125,8985
2026-07-17 06:48:00+00:00,2257.60009765625,2257.60009765625,2258.0,2256.699951171875,2257.0,11681
2026-07-17 06:49:00+00:00,2258.5,2258.5,2258.60009765625,2257.60009765625,2257.800048828125,9111
2026-07-17 06:50:00+00:00,2258.800048828125,2258.800048828125,2259.0,2257.800048828125,2258.39990234375,13239
2026-07-17 06:51:00+00:00,2262.10009765625,2262.10009765625,2263.0,2258.60009765625,2259.0,50584
2026-07-17 06:52:00+00:00,2262.300048828125,2262.300048828125,2263.39990234375,2262.0,2263.0,16582
2026-07-17 06:53:00+00:00,2263.0,2263.0,2263.300048828125,2261.699951171875,2263.0,13633
2026-07-17 06:54:00+00:00,2263.60009765625,2263.60009765625,2263.60009765625,2262.0,2262.199951171875,12100
2026-07-17 06:55:00+00:00,2262.89990234375,2262.89990234375,2264.0,2262.199951171875,2263.5,24843
2026-07-17 06:56:00+00:00,2261.0,2261.0,2263.5,2261.0,2262.89990234375,24833
2026-07-17 06:57:00+00:00,2262.89990234375,2262.89990234375,2262.89990234375,2261.10009765625,2262.0,9085
2026-07-17 06:58:00+00:00,2261.0,2261.0,2262.89990234375,2260.60009765625,2262.199951171875,22402
2026-07-17 06:59:00+00:00,2261.0,2261.0,2262.0,2260.300048828125,2261.0,9230
2026-07-17 07:00:00+00:00,2260.0,2260.0,2261.10009765625,2258.800048828125,2261.0,29865
2026-07-17 07:01:00+00:00,2261.0,2261.0,2261.0,2259.0,2259.89990234375,21789
2026-07-17 07:02:00+00:00,2260.699951171875,2260.699951171875,2261.300048828125,2259.10009765625,2260.5,12544
2026-07-17 07:03:00+00:00,2260.89990234375,2260.89990234375,2260.89990234375,2259.39990234375,2259.39990234375,7365
2026-07-17 07:04:00+00:00,2260.89990234375,2260.89990234375,2261.60009765625,2260.39990234375,2260.89990234375,7311
2026-07-17 07:05:00+00:00,2260.800048828125,2260.800048828125,2261.5,2260.39990234375,2260.89990234375,5046
2026-07-17 07:06:00+00:00,2262.0,2262.0,2262.300048828125,2260.800048828125,2261.39990234375,8382
2026-07-17 07:07:00+00:00,2262.89990234375,2262.89990234375,2262.89990234375,2261.39990234375,2262.0,8294
2026-07-17 07:08:00+00:00,2260.39990234375,2260.39990234375,2262.699951171875,2260.39990234375,2262.699951171875,6054
2026-07-17 07:09:00+00:00,2261.39990234375,2261.39990234375,2261.5,2260.39990234375,2260.5,4737
2026-07-17 07:10:00+00:00,2261.0,2261.0,2261.10009765625,2259.800048828125,2260.60009765625,6961
2026-07-17 07:11:00+00:00,2261.300048828125,2261.300048828125,2262.0,2259.39990234375,2260.39990234375,14089
2026-07-17 07:12:00+00:00,2263.39990234375,2263.39990234375,2265.89990234375,2261.800048828125,2262.39990234375,47983
2026-07-17 07:13:00+00:00,2265.10009765625,2265.10009765625,2265.699951171875,2263.199951171875,2263.39990234375,11049
2026-07-17 07:14:00+00:00,2265.699951171875,2265.699951171875,2266.0,2265.0,2265.10009765625,11569
2026-07-17 07:15:00+00:00,2266.0,2266.0,2266.800048828125,2265.10009765625,2266.0,15770
2026-07-17 07:16:00+00:00,2266.39990234375,2266.39990234375,2266.800048828125,2266.0,2266.0,13707
2026-07-17 07:17:00+00:00,2265.10009765625,2265.10009765625,2266.800048828125,2264.5,2266.5,19759
2026-07-17 07:18:00+00:00,2264.0,2264.0,2265.199951171875,2263.0,2265.199951171875,37585
2026-07-17 07:19:00+00:00,2262.199951171875,2262.199951171875,2264.39990234375,2262.0,2264.39990234375,11243
2026-07-17 07:20:00+00:00,2263.5,2263.5,2263.5,2261.199951171875,2263.0,13480
2026-07-17 07:21:00+00:00,2262.0,2262.0,2263.699951171875,2261.5,2263.0,9108
2026-07-17 07:22:00+00:00,2262.39990234375,2262.39990234375,2263.0,2261.5,2261.800048828125,7269
2026-07-17 07:23:00+00:00,2262.0,2262.0,2262.5,2261.5,2262.199951171875,6546
2026-07-17 07:24:00+00:00,2262.0,2262.0,2262.89990234375,2261.800048828125,2261.800048828125,4667
2026-07-17 07:25:00+00:00,2264.10009765625,2264.10009765625,2264.89990234375,2261.60009765625,2262.60009765625,7824
2026-07-17 07:26:00+00:00,2265.10009765625,2265.10009765625,2265.199951171875,2264.0,2264.10009765625,24520
2026-07-17 07:27:00+00:00,2266.0,2266.0,2266.5,2265.10009765625,2265.10009765625,25361
2026-07-17 07:28:00+00:00,2266.10009765625,2266.10009765625,2266.5,2264.800048828125,2266.0,13111
2026-07-17 07:29:00+00:00,2266.0,2266.0,2266.5,2265.89990234375,2266.10009765625,8451
2026-07-17 07:30:00+00:00,2266.10009765625,2266.10009765625,2266.5,2266.0,2266.5,4033
2026-07-17 07:31:00+00:00,2266.0,2266.0,2266.39990234375,2265.5,2266.10009765625,5048
2026-07-17 07:32:00+00:00,2266.0,2266.0,2266.199951171875,2265.10009765625,2265.5,10226
2026-07-17 07:33:00+00:00,2265.89990234375,2265.89990234375,2266.199951171875,2265.300048828125,2265.300048828125,5777
2026-07-17 07:34:00+00:00,2266.0,2266.0,2266.199951171875,2266.0,2266.199951171875,10126
2026-07-17 07:35:00+00:00,2266.0,2266.0,2266.199951171875,2266.0,2266.0,6110
2026-07-17 07:36:00+00:00,2268.0,2268.0,2268.5,2265.10009765625,2266.0,47844
2026-07-17 07:37:00+00:00,2266.300048828125,2266.300048828125,2268.5,2266.10009765625,2268.0,18392
2026-07-17 07:38:00+00:00,2265.89990234375,2265.89990234375,2267.10009765625,2264.89990234375,2266.39990234375,7861
2026-07-17 07:39:00+00:00,2265.89990234375,2265.89990234375,2265.89990234375,2264.60009765625,2265.699951171875,3997
2026-07-17 07:40:00+00:00,2265.39990234375,2265.39990234375,2266.0,2265.199951171875,2265.89990234375,6613
2026-07-17 07:41:00+00:00,2264.699951171875,2264.699951171875,2266.0,2264.699951171875,2265.5,5355
2026-07-17 07:42:00+00:00,2267.699951171875,2267.699951171875,2268.0,2265.5,2265.5,14681
2026-07-17 07:43:00+00:00,2268.199951171875,2268.199951171875,2269.10009765625,2266.89990234375,2268.0,29393
2026-07-17 07:44:00+00:00,2269.0,2269.0,2269.5,2268.0,2268.800048828125,17122
2026-07-17 07:45:00+00:00,2268.300048828125,2268.300048828125,2268.699951171875,2267.5,2268.699951171875,23829
2026-07-17 07:46:00+00:00,2268.800048828125,2268.800048828125,2268.800048828125,2267.60009765625,2268.39990234375,9018
2026-07-17 07:47:00+00:00,2268.89990234375,2268.89990234375,2268.89990234375,2267.699951171875,2268.89990234375,14085
2026-07-17 07:48:00+00:00,2269.0,2269.0,2269.0,2268.0,2268.800048828125,10891
2026-07-17 07:49:00+00:00,2269.699951171875,2269.699951171875,2269.89990234375,2268.60009765625,2268.89990234375,33762
2026-07-17 07:50:00+00:00,2271.0,2271.0,2271.0,2269.10009765625,2269.5,47907
2026-07-17 07:51:00+00:00,2270.300048828125,2270.300048828125,2271.0,2270.0,2270.300048828125,16787
2026-07-17 07:52:00+00:00,2270.0,2270.0,2270.89990234375,2270.0,2270.800048828125,9772
2026-07-17 07:53:00+00:00,2271.800048828125,2271.800048828125,2273.0,2270.0,2270.199951171875,39134
2026-07-17 07:54:00+00:00,2272.39990234375,2272.39990234375,2272.89990234375,2271.300048828125,2272.0,10703
2026-07-17 07:55:00+00:00,2272.199951171875,2272.199951171875,2272.60009765625,2271.0,2272.300048828125,12417
2026-07-17 07:56:00+00:00,2271.300048828125,2271.300048828125,2272.5,2270.800048828125,2272.0,11688
2026-07-17 07:57:00+00:00,2270.699951171875,2270.699951171875,2272.0,2270.5,2271.199951171875,10273
2026-07-17 07:58:00+00:00,2271.0,2271.0,2271.699951171875,2270.10009765625,2271.699951171875,14068
2026-07-17 07:59:00+00:00,2271.89990234375,2271.89990234375,2272.5,2271.0,2271.0,11738
2026-07-17 08:00:00+00:00,2271.89990234375,2271.89990234375,2272.0,2271.0,2272.0,3912
2026-07-17 08:01:00+00:00,2271.60009765625,2271.60009765625,2272.0,2271.60009765625,2271.699951171875,9667
2026-07-17 08:02:00+00:00,2271.800048828125,2271.800048828125,2272.0,2271.199951171875,2271.60009765625,12094
2026-07-17 08:03:00+00:00,2271.5,2271.5,2271.89990234375,2271.0,2271.800048828125,5834
2026-07-17 08:04:00+00:00,2271.5,2271.5,2271.800048828125,2270.5,2271.39990234375,9052
2026-07-17 08:05:00+00:00,2271.800048828125,2271.800048828125,2271.800048828125,2270.5,2271.60009765625,6039
2026-07-17 08:06:00+00:00,2271.0,2271.0,2271.699951171875,2270.10009765625,2271.0,8649
2026-07-17 08:07:00+00:00,2271.0,2271.0,2271.0,2270.0,2270.699951171875,18692
2026-07-17 08:08:00+00:00,2270.300048828125,2270.300048828125,2271.5,2270.10009765625,2271.0,5818
2026-07-17 08:09:00+00:00,2271.800048828125,2271.800048828125,2271.800048828125,2270.0,2270.300048828125,12279
2026-07-17 08:10:00+00:00,2272.0,2272.0,2272.0,2270.800048828125,2271.10009765625,11786
2026-07-17 08:11:00+00:00,2270.800048828125,2270.800048828125,2272.0,2270.800048828125,2271.300048828125,6374
2026-07-17 08:12:00+00:00,2270.60009765625,2270.60009765625,2271.699951171875,2270.10009765625,2271.0,18566
2026-07-17 08:13:00+00:00,2270.10009765625,2270.10009765625,2271.5,2270.0,2271.5,4989
2026-07-17 08:14:00+00:00,2271.0,2271.0,2271.699951171875,2270.0,2270.39990234375,11596
2026-07-17 08:15:00+00:00,2270.800048828125,2270.800048828125,2271.60009765625,2270.800048828125,2271.0,3473
2026-07-17 08:16:00+00:00,2271.0,2271.0,2271.0,2270.0,2270.800048828125,5832
2026-07-17 08:17:00+00:00,2270.39990234375,2270.39990234375,2271.0,2270.0,2270.300048828125,10781
2026-07-17 08:18:00+00:00,2270.5,2270.5,2271.0,2270.0,2270.300048828125,7564
2026-07-17 08:19:00+00:00,2272.89990234375,2272.89990234375,2273.800048828125,2270.39990234375,2270.39990234375,46471
2026-07-17 08:20:00+00:00,2272.0,2272.0,2273.199951171875,2271.5,2273.0,15837
2026-07-17 08:21:00+00:00,2271.0,2271.0,2272.0,2270.39990234375,2272.0,10057
2026-07-17 08:22:00+00:00,2270.10009765625,2270.10009765625,2271.0,2270.10009765625,2270.800048828125,5203
2026-07-17 08:23:00+00:00,2270.300048828125,2270.300048828125,2271.0,2270.0,2270.0,10684
2026-07-17 08:24:00+00:00,2271.0,2271.0,2271.0,2270.10009765625,2271.0,2968
2026-07-17 08:25:00+00:00,2270.10009765625,2270.10009765625,2271.0,2270.10009765625,2270.800048828125,5733
2026-07-17 08:26:00+00:00,2270.5,2270.5,2271.0,2270.10009765625,2270.5,5415
2026-07-17 08:27:00+00:00,2270.60009765625,2270.60009765625,2270.800048828125,2270.10009765625,2270.199951171875,4650
2026-07-17 08:28:00+00:00,2270.5,2270.5,2270.800048828125,2270.0,2270.0,5516
2026-07-17 08:29:00+00:00,2270.800048828125,2270.800048828125,2270.800048828125,2270.10009765625,2270.10009765625,7735
2026-07-17 08:30:00+00:00,2270.800048828125,2270.800048828125,2270.89990234375,2270.10009765625,2270.699951171875,6480
2026-07-17 08:31:00+00:00,2271.0,2271.0,2271.5,2270.10009765625,2270.800048828125,12424
2026-07-17 08:32:00+00:00,2270.199951171875,2270.199951171875,2271.5,2270.0,2271.0,6297
2026-07-17 08:33:00+00:00,2270.5,2270.5,2271.0,2270.0,2270.699951171875,11446
2026-07-17 08:34:00+00:00,2270.10009765625,2270.10009765625,2270.800048828125,2270.0,2270.5,4839
2026-07-17 08:35:00+00:00,2271.0,2271.0,2271.0,2270.0,2270.5,4622
2026-07-17 08:36:00+00:00,2270.699951171875,2270.699951171875,2271.0,2270.0,2271.0,4047
2026-07-17 08:37:00+00:00,2271.0,2271.0,2271.0,2270.39990234375,2270.89990234375,3412
2026-07-17 08:38:00+00:00,2270.5,2270.5,2270.89990234375,2270.199951171875,2270.699951171875,16178
2026-07-17 08:39:00+00:00,2270.10009765625,2270.10009765625,2270.89990234375,2270.0,2270.199951171875,5368
2026-07-17 08:40:00+00:00,2270.0,2270.0,2270.89990234375,2270.0,2270.300048828125,7731
2026-07-17 08:41:00+00:00,2271.0,2271.0,2271.39990234375,2270.10009765625,2270.39990234375,11522
2026-07-17 08:42:00+00:00,2271.199951171875,2271.199951171875,2271.39990234375,2270.5,2271.39990234375,3970
2026-07-17 08:43:00+00:00,2271.300048828125,2271.300048828125,2271.5,2270.60009765625,2270.60009765625,4346
2026-07-17 08:44:00+00:00,2270.300048828125,2270.300048828125,2271.300048828125,2270.300048828125,2271.10009765625,2739
2026-07-17 08:45:00+00:00,2273.0,2273.0,2273.0,2270.199951171875,2270.199951171875,11951
2026-07-17 08:46:00+00:00,2272.89990234375,2272.89990234375,2273.800048828125,2271.89990234375,2273.0,19219
2026-07-17 08:47:00+00:00,2272.60009765625,2272.60009765625,2273.5,2271.39990234375,2272.89990234375,12059
2026-07-17 08:48:00+00:00,2271.5,2271.5,2272.300048828125,2271.199951171875,2272.10009765625,5030
2026-07-17 08:49:00+00:00,2270.300048828125,2270.300048828125,2271.5,2270.0,2271.0,21531
2026-07-17 08:50:00+00:00,2270.10009765625,2270.10009765625,2271.300048828125,2270.0,2270.0,24740
2026-07-17 08:51:00+00:00,2270.0,2270.0,2270.89990234375,2270.0,2270.0,63065
2026-07-17 08:52:00+00:00,2270.0,2270.0,2270.800048828125,2270.0,2270.0,38381
2026-07-17 08:53:00+00:00,2270.10009765625,2270.10009765625,2270.800048828125,2268.10009765625,2270.300048828125,27476
2026-07-17 08:54:00+00:00,2270.0,2270.0,2270.89990234375,2268.300048828125,2270.10009765625,26461
2026-07-17 08:55:00+00:00,2270.0,2270.0,2270.5,2269.0,2270.0,53218
2026-07-17 08:56:00+00:00,2267.5,2267.5,2270.5,2265.5,2270.0,70321
2026-07-17 08:57:00+00:00,2267.39990234375,2267.39990234375,2268.5,2266.199951171875,2267.800048828125,16476
2026-07-17 08:58:00+00:00,2266.800048828125,2266.800048828125,2268.0,2266.39990234375,2267.39990234375,15806
2026-07-17 08:59:00+00:00,2266.60009765625,2266.60009765625,2267.0,2265.5,2266.800048828125,27213
2026-07-17 09:00:00+00:00,2269.699951171875,2269.699951171875,2269.800048828125,2266.10009765625,2267.0,18506
2026-07-17 09:01:00+00:00,2269.89990234375,2269.89990234375,2270.0,2268.199951171875,2269.699951171875,22948
2026-07-17 09:02:00+00:00,2271.0,2271.0,2271.0,2269.199951171875,2269.89990234375,22707
2026-07-17 09:03:00+00:00,2270.699951171875,2270.699951171875,2271.0,2270.300048828125,2270.699951171875,6239
2026-07-17 09:04:00+00:00,2272.39990234375,2272.39990234375,2272.60009765625,2270.5,2270.699951171875,19833
2026-07-17 09:05:00+00:00,2272.89990234375,2272.89990234375,2273.5,2271.699951171875,2272.5,15072
2026-07-17 09:06:00+00:00,2273.10009765625,2273.10009765625,2275.0,2273.0,2273.699951171875,28889
2026-07-17 09:07:00+00:00,2273.5,2273.5,2274.5,2273.300048828125,2274.5,9237
2026-07-17 09:08:00+00:00,2273.0,2273.0,2273.89990234375,2272.300048828125,2273.89990234375,8830
2026-07-17 09:09:00+00:00,2270.89990234375,2270.89990234375,2271.800048828125,2270.0,2271.800048828125,10449
2026-07-17 09:10:00+00:00,2270.0,2270.0,2271.0,2270.0,2271.0,3968
2026-07-17 09:11:00+00:00,2271.800048828125,2271.800048828125,2271.800048828125,2270.0,2270.10009765625,8864
2026-07-17 09:12:00+00:00,2271.5,2271.5,2271.89990234375,2271.0,2271.5,3606
2026-07-17 09:13:00+00:00,2271.0,2271.0,2272.0,2271.0,2271.800048828125,3543
2026-07-17 09:14:00+00:00,2271.10009765625,2271.10009765625,2271.60009765625,2271.0,2271.0,5002
2026-07-17 09:15:00+00:00,2270.300048828125,2270.300048828125,2272.0,2270.0,2271.199951171875,17585
2026-07-17 09:16:00+00:00,2270.199951171875,2270.199951171875,2271.0,2270.10009765625,2270.10009765625,4579
2026-07-17 09:17:00+00:00,2270.199951171875,2270.199951171875,2270.5,2270.0,2270.5,5317
2026-07-17 09:18:00+00:00,2270.0,2270.0,2270.5,2270.0,2270.39990234375,15779
2026-07-17 09:19:00+00:00,2270.10009765625,2270.10009765625,2270.5,2270.0,2270.199951171875,21311
2026-07-17 09:20:00+00:00,2270.0,2270.0,2270.199951171875,2270.0,2270.0,6862
2026-07-17 09:21:00+00:00,2268.699951171875,2268.699951171875,2270.10009765625,2268.5,2270.0,23949
2026-07-17 09:22:00+00:00,2269.0,2269.0,2270.0,2268.39990234375,2268.699951171875,5789
2026-07-17 09:23:00+00:00,2268.0,2268.0,2269.10009765625,2267.0,2269.10009765625,15706
2026-07-17 09:24:00+00:00,2269.0,2269.0,2269.0,2267.10009765625,2267.39990234375,8279
2026-07-17 09:25:00+00:00,2269.699951171875,2269.699951171875,2269.800048828125,2268.5,2268.800048828125,5216
2026-07-17 09:26:00+00:00,2268.0,2268.0,2269.800048828125,2268.0,2269.800048828125,10611
2026-07-17 09:27:00+00:00,2268.699951171875,2268.699951171875,2269.0,2268.0,2268.5,5962
2026-07-17 09:28:00+00:00,2268.0,2268.0,2268.699951171875,2267.10009765625,2268.699951171875,8995
2026-07-17 09:29:00+00:00,2265.800048828125,2265.800048828125,2267.89990234375,2265.800048828125,2267.89990234375,25307
2026-07-17 09:30:00+00:00,2267.39990234375,2267.39990234375,2268.0,2265.89990234375,2266.0,12619
2026-07-17 09:31:00+00:00,2268.800048828125,2268.800048828125,2268.800048828125,2267.5,2267.5,7786
2026-07-17 09:32:00+00:00,2269.60009765625,2269.60009765625,2269.800048828125,2268.199951171875,2268.800048828125,7922
2026-07-17 09:33:00+00:00,2268.5,2268.5,2269.800048828125,2268.5,2269.60009765625,8668
2026-07-17 09:34:00+00:00,2269.39990234375,2269.39990234375,2269.800048828125,2268.5,2268.5,10860
2026-07-17 09:35:00+00:00,2269.89990234375,2269.89990234375,2269.89990234375,2269.0,2269.39990234375,7375
2026-07-17 09:36:00+00:00,2269.89990234375,2269.89990234375,2269.89990234375,2269.39990234375,2269.39990234375,4681
2026-07-17 09:37:00+00:00,2269.699951171875,2269.699951171875,2270.0,2269.10009765625,2270.0,13049
2026-07-17 09:38:00+00:00,2271.0,2271.0,2271.300048828125,2269.10009765625,2269.800048828125,35609
2026-07-17 09:39:00+00:00,2271.300048828125,2271.300048828125,2271.300048828125,2270.0,2270.60009765625,12885
2026-07-17 09:40:00+00:00,2270.39990234375,2270.39990234375,2271.10009765625,2270.0,2270.199951171875,11995
2026-07-17 09:41:00+00:00,2271.0,2271.0,2271.300048828125,2270.10009765625,2270.5,8907
2026-07-17 09:42:00+00:00,2271.10009765625,2271.10009765625,2272.0,2270.89990234375,2270.89990234375,10359
2026-07-17 09:43:00+00:00,2271.89990234375,2271.89990234375,2272.0,2271.10009765625,2271.10009765625,11847
2026-07-17 09:44:00+00:00,2271.60009765625,2271.60009765625,2272.39990234375,2271.5,2271.89990234375,12036
2026-07-17 09:45:00+00:00,2271.60009765625,2271.60009765625,2272.699951171875,2271.5,2271.60009765625,18815
2026-07-17 09:46:00+00:00,2271.0,2271.0,2272.699951171875,2271.0,2272.39990234375,25879
2026-07-17 09:47:00+00:00,2269.10009765625,2269.10009765625,2271.5,2269.0,2271.5,29823
2026-07-17 09:48:00+00:00,2268.5,2268.5,2271.39990234375,2268.300048828125,2269.300048828125,68413
2026-07-17 09:49:00+00:00,2267.199951171875,2267.199951171875,2269.300048828125,2267.199951171875,2268.300048828125,21878
2026-07-17 09:50:00+00:00,2267.60009765625,2267.60009765625,2269.5,2267.10009765625,2267.89990234375,45460
2026-07-17 09:51:00+00:00,2265.699951171875,2265.699951171875,2269.699951171875,2265.10009765625,2267.60009765625,53992
2026-07-17 09:52:00+00:00,2266.0,2266.0,2266.0,2265.0,2265.699951171875,11945
2026-07-17 09:53:00+00:00,2265.89990234375,2265.89990234375,2266.0,2265.5,2265.89990234375,9701
2026-07-17 09:54:00+00:00,2266.199951171875,2266.199951171875,2267.89990234375,2265.699951171875,2265.800048828125,25227
2026-07-17 09:55:00+00:00,2266.800048828125,2266.800048828125,2268.0,2265.699951171875,2266.199951171875,28062
2026-07-17 09:56:00+00:00,2266.699951171875,2266.699951171875,2267.89990234375,2266.10009765625,2266.800048828125,9228
2026-07-17 09:57:00+00:00,2267.0,2267.0,2267.199951171875,2266.0,2267.0,10030
2026-07-17 09:58:00+00:00,2266.5,2266.5,2267.300048828125,2266.199951171875,2267.0,13595
2026-07-17 09:59:00+00:00,2265.0,2265.0,2267.0,2265.0,2266.5,13432
2026-07-20 03:45:00+00:00,2278.10009765625,2278.10009765625,2283.0,2274.10009765625,2277.39990234375,0
2026-07-20 03:46:00+00:00,2266.199951171875,2266.199951171875,2278.199951171875,2264.39990234375,2278.10009765625,35000
2026-07-20 03:47:00+00:00,2261.699951171875,2261.699951171875,2269.699951171875,2261.5,2266.60009765625,28822
2026-07-20 03:48:00+00:00,2271.0,2271.0,2271.199951171875,2262.699951171875,2263.0,16167
2026-07-20 03:49:00+00:00,2270.89990234375,2270.89990234375,2272.0,2268.199951171875,2270.10009765625,18890
2026-07-20 03:50:00+00:00,2271.39990234375,2271.39990234375,2273.39990234375,2269.10009765625,2270.5,14915
2026-07-20 03:51:00+00:00,2273.0,2273.0,2274.699951171875,2270.60009765625,2270.60009765625,11631
2026-07-20 03:52:00+00:00,2270.0,2270.0,2272.89990234375,2270.0,2272.699951171875,9367
2026-07-20 03:53:00+00:00,2265.0,2265.0,2270.10009765625,2265.0,2270.0,12640
2026-07-20 03:54:00+00:00,2267.0,2267.0,2268.0,2265.0,2265.5,17784
2026-07-20 03:55:00+00:00,2258.60009765625,2258.60009765625,2268.0,2258.60009765625,2268.0,19459
2026-07-20 03:56:00+00:00,2256.89990234375,2256.89990234375,2260.89990234375,2256.0,2259.39990234375,18304
2026-07-20 03:57:00+00:00,2259.60009765625,2259.60009765625,2260.10009765625,2256.0,2257.0,10584
2026-07-20 03:58:00+00:00,2261.60009765625,2261.60009765625,2263.699951171875,2260.199951171875,2260.199951171875,20663
2026-07-20 03:59:00+00:00,2259.5,2259.5,2263.699951171875,2259.39990234375,2261.699951171875,13830
2026-07-20 04:00:00+00:00,2264.5,2264.5,2265.0,2260.0,2260.0,16004
2026-07-20 04:01:00+00:00,2262.39990234375,2262.39990234375,2265.0,2260.300048828125,2265.0,12346
2026-07-20 04:02:00+00:00,2260.300048828125,2260.300048828125,2262.0,2259.199951171875,2262.0,10840
2026-07-20 04:03:00+00:00,2258.300048828125,2258.300048828125,2260.800048828125,2258.0,2260.0,6032
2026-07-20 04:04:00+00:00,2258.0,2258.0,2259.0,2257.0,2258.300048828125,8935
2026-07-20 04:05:00+00:00,2257.60009765625,2257.60009765625,2258.800048828125,2256.300048828125,2258.0,11303
2026-07-20 04:06:00+00:00,2258.89990234375,2258.89990234375,2261.199951171875,2257.199951171875,2257.60009765625,10642
2026-07-20 04:07:00+00:00,2259.800048828125,2259.800048828125,2260.89990234375,2257.0,2259.60009765625,6539
2026-07-20 04:08:00+00:00,2253.699951171875,2253.699951171875,2261.5,2252.800048828125,2259.39990234375,29897
2026-07-20 04:09:00+00:00,2251.60009765625,2251.60009765625,2254.199951171875,2251.0,2253.89990234375,15062
2026-07-20 04:10:00+00:00,2257.5,2257.5,2257.5,2249.0,2252.0,22893
2026-07-20 04:11:00+00:00,2261.199951171875,2261.199951171875,2262.0,2257.699951171875,2257.699951171875,7926
2026-07-20 04:12:00+00:00,2261.60009765625,2261.60009765625,2263.0,2259.800048828125,2260.89990234375,10335
2026-07-20 04:13:00+00:00,2262.0,2262.0,2262.800048828125,2260.800048828125,2261.60009765625,11189
2026-07-20 04:14:00+00:00,2263.60009765625,2263.60009765625,2264.10009765625,2261.5,2262.699951171875,12298
2026-07-20 04:15:00+00:00,2263.800048828125,2263.800048828125,2265.0,2262.39990234375,2263.89990234375,6559
2026-07-20 04:16:00+00:00,2260.800048828125,2260.800048828125,2264.0,2260.39990234375,2263.5,11596
2026-07-20 04:17:00+00:00,2259.0,2259.0,2262.0,2258.300048828125,2261.0,4284
2026-07-20 04:18:00+00:00,2258.800048828125,2258.800048828125,2259.39990234375,2258.0,2259.0,4554
2026-07-20 04:19:00+00:00,2257.89990234375,2257.89990234375,2258.800048828125,2257.0,2258.0,6270
2026-07-20 04:20:00+00:00,2259.10009765625,2259.10009765625,2259.5,2257.10009765625,2258.0,3797
2026-07-20 04:21:00+00:00,2259.89990234375,2259.89990234375,2260.0,2258.10009765625,2259.89990234375,4491
2026-07-20 04:22:00+00:00,2263.60009765625,2263.60009765625,2264.89990234375,2259.39990234375,2259.89990234375,14988
2026-07-20 04:23:00+00:00,2262.300048828125,2262.300048828125,2264.800048828125,2262.0,2264.300048828125,8051
2026-07-20 04:24:00+00:00,2261.5,2261.5,2262.39990234375,2260.5,2262.39990234375,4407
2026-07-20 04:25:00+00:00,2263.39990234375,2263.39990234375,2263.800048828125,2261.0,2261.5,9656
2026-07-20 04:26:00+00:00,2261.60009765625,2261.60009765625,2263.699951171875,2261.60009765625,2263.5,5403
2026-07-20 04:27:00+00:00,2260.60009765625,2260.60009765625,2262.699951171875,2260.5,2261.10009765625,4429
2026-07-20 04:28:00+00:00,2259.0,2259.0,2262.5,2259.0,2261.5,5661
2026-07-20 04:29:00+00:00,2259.5,2259.5,2260.0,2257.39990234375,2259.0,2970
2026-07-20 04:30:00+00:00,2260.699951171875,2260.699951171875,2260.89990234375,2259.0,2259.5,3098
2026-07-20 04:31:00+00:00,2259.800048828125,2259.800048828125,2260.89990234375,2259.60009765625,2260.699951171875,5318
2026-07-20 04:32:00+00:00,2260.0,2260.0,2261.60009765625,2258.39990234375,2259.800048828125,7101
2026-07-20 04:33:00+00:00,2259.5,2259.5,2260.699951171875,2258.60009765625,2259.60009765625,4285
2026-07-20 04:34:00+00:00,2259.5,2259.5,2260.199951171875,2258.39990234375,2259.5,1739
2026-07-20 04:35:00+00:00,2259.699951171875,2259.699951171875,2260.699951171875,2258.800048828125,2259.800048828125,3183
2026-07-20 04:36:00+00:00,2262.0,2262.0,2262.0,2259.699951171875,2259.699951171875,2815
2026-07-20 04:37:00+00:00,2260.800048828125,2260.800048828125,2262.199951171875,2259.60009765625,2261.199951171875,4166
2026-07-20 04:38:00+00:00,2257.60009765625,2257.60009765625,2260.89990234375,2256.199951171875,2260.800048828125,4994
2026-07-20 04:39:00+00:00,2257.89990234375,2257.89990234375,2258.199951171875,2256.800048828125,2257.60009765625,3971
2026-07-20 04:40:00+00:00,2257.800048828125,2257.800048828125,2258.89990234375,2257.0,2257.89990234375,3095
2026-07-20 04:41:00+00:00,2258.60009765625,2258.60009765625,2260.0,2257.60009765625,2257.89990234375,4201
2026-07-20 04:42:00+00:00,2261.199951171875,2261.199951171875,2261.699951171875,2259.300048828125,2259.699951171875,1421
2026-07-20 04:43:00+00:00,2259.0,2259.0,2262.0,2258.5,2260.800048828125,3332
2026-07-20 04:44:00+00:00,2256.0,2256.0,2259.60009765625,2256.0,2259.39990234375,6011
2026-07-20 04:45:00+00:00,2256.800048828125,2256.800048828125,2256.800048828125,2254.0,2256.10009765625,10053
2026-07-20 04:46:00+00:00,2259.300048828125,2259.300048828125,2259.39990234375,2256.300048828125,2256.300048828125,1806
2026-07-20 04:47:00+00:00,2259.300048828125,2259.300048828125,2260.0,2257.300048828125,2259.10009765625,6709
2026-07-20 04:48:00+00:00,2259.39990234375,2259.39990234375,2260.60009765625,2258.0,2258.5,11163
2026-07-20 04:49:00+00:00,2261.10009765625,2261.10009765625,2261.39990234375,2258.60009765625,2260.300048828125,7878
2026-07-20 04:50:00+00:00,2262.199951171875,2262.199951171875,2262.89990234375,2261.10009765625,2261.800048828125,2878
2026-07-20 04:51:00+00:00,2263.0,2263.0,2263.0,2261.800048828125,2263.0,3731
2026-07-20 04:52:00+00:00,2264.0,2264.0,2265.0,2262.699951171875,2263.0,7825
2026-07-20 04:53:00+00:00,2265.39990234375,2265.39990234375,2266.0,2264.10009765625,2265.0,7710
2026-07-20 04:54:00+00:00,2264.10009765625,2264.10009765625,2266.800048828125,2264.10009765625,2266.0,5663
2026-07-20 04:55:00+00:00,2262.0,2262.0,2264.10009765625,2261.0,2264.10009765625,3791
2026-07-20 04:56:00+00:00,2262.5,2262.5,2263.800048828125,2262.10009765625,2262.60009765625,3391
2026-07-20 04:57:00+00:00,2261.5,2261.5,2263.800048828125,2260.89990234375,2263.0,4949
2026-07-20 04:58:00+00:00,2260.10009765625,2260.10009765625,2261.300048828125,2260.10009765625,2260.300048828125,2593
2026-07-20 04:59:00+00:00,2260.5,2260.5,2261.0,2260.0,2260.10009765625,2769
2026-07-20 05:00:00+00:00,2260.0,2260.0,2261.0,2260.0,2260.300048828125,1656
2026-07-20 05:01:00+00:00,2260.10009765625,2260.10009765625,2260.60009765625,2259.89990234375,2260.10009765625,1667
2026-07-20 05:02:00+00:00,2261.0,2261.0,2261.89990234375,2259.89990234375,2260.10009765625,5063
2026-07-20 05:03:00+00:00,2260.199951171875,2260.199951171875,2262.0,2260.199951171875,2261.0,2669
2026-07-20 05:04:00+00:00,2262.10009765625,2262.10009765625,2262.60009765625,2260.10009765625,2260.89990234375,2841
2026-07-20 05:05:00+00:00,2261.5,2261.5,2262.10009765625,2260.300048828125,2261.39990234375,1301
2026-07-20 05:06:00+00:00,2261.199951171875,2261.199951171875,2262.699951171875,2260.800048828125,2261.800048828125,1134
2026-07-20 05:07:00+00:00,2258.0,2258.0,2261.199951171875,2257.89990234375,2260.699951171875,10018
2026-07-20 05:08:00+00:00,2257.5,2257.5,2259.39990234375,2256.89990234375,2258.39990234375,4029
2026-07-20 05:09:00+00:00,2260.0,2260.0,2260.0,2257.199951171875,2257.300048828125,6274
2026-07-20 05:10:00+00:00,2260.39990234375,2260.39990234375,2261.60009765625,2259.60009765625,2260.0,10957
2026-07-20 05:11:00+00:00,2259.89990234375,2259.89990234375,2260.5,2259.199951171875,2260.5,1922
2026-07-20 05:12:00+00:00,2258.699951171875,2258.699951171875,2259.60009765625,2258.0,2259.60009765625,638
2026-07-20 05:13:00+00:00,2258.199951171875,2258.199951171875,2259.199951171875,2258.10009765625,2258.5,958
2026-07-20 05:14:00+00:00,2258.0,2258.0,2259.5,2258.0,2259.5,2944
2026-07-20 05:15:00+00:00,2258.60009765625,2258.60009765625,2258.800048828125,2258.0,2258.10009765625,476
2026-07-20 05:16:00+00:00,2259.699951171875,2259.699951171875,2259.89990234375,2258.5,2258.5,1605
2026-07-20 05:17:00+00:00,2260.0,2260.0,2260.5,2259.800048828125,2260.0,9460
2026-07-20 05:18:00+00:00,2258.10009765625,2258.10009765625,2260.0,2258.10009765625,2259.89990234375,1370
2026-07-20 05:19:00+00:00,2258.60009765625,2258.60009765625,2258.60009765625,2258.10009765625,2258.10009765625,6605
2026-07-20 05:20:00+00:00,2259.300048828125,2259.300048828125,2259.300048828125,2257.5,2258.39990234375,7896
2026-07-20 05:21:00+00:00,2259.10009765625,2259.10009765625,2260.0,2259.0,2259.300048828125,1440
2026-07-20 05:22:00+00:00,2259.60009765625,2259.60009765625,2259.699951171875,2258.699951171875,2259.0,4377
2026-07-20 05:23:00+00:00,2257.10009765625,2257.10009765625,2259.60009765625,2256.89990234375,2258.800048828125,4604
2026-07-20 05:24:00+00:00,2258.0,2258.0,2258.199951171875,2257.0,2257.199951171875,3090
2026-07-20 05:25:00+00:00,2256.699951171875,2256.699951171875,2258.300048828125,2256.300048828125,2258.0,3069
2026-07-20 05:26:00+00:00,2258.0,2258.0,2258.0,2256.800048828125,2256.800048828125,1965
2026-07-20 05:27:00+00:00,2258.0,2258.0,2258.0,2257.199951171875,2257.199951171875,1157
2026-07-20 05:28:00+00:00,2259.10009765625,2259.10009765625,2259.800048828125,2257.39990234375,2257.39990234375,3349
2026-07-20 05:29:00+00:00,2260.10009765625,2260.10009765625,2260.39990234375,2259.0,2259.800048828125,2740
2026-07-20 05:30:00+00:00,2259.0,2259.0,2260.89990234375,2259.0,2260.5,1495
2026-07-20 05:31:00+00:00,2259.10009765625,2259.10009765625,2260.199951171875,2259.0,2260.0,2016
2026-07-20 05:32:00+00:00,2260.300048828125,2260.300048828125,2260.89990234375,2259.0,2259.800048828125,1298
2026-07-20 05:33:00+00:00,2260.0,2260.0,2260.699951171875,2260.0,2260.5,2213
2026-07-20 05:34:00+00:00,2259.5,2259.5,2259.699951171875,2259.0,2259.0,849
2026-07-20 05:35:00+00:00,2257.5,2257.5,2259.0,2257.39990234375,2259.0,2964
2026-07-20 05:36:00+00:00,2257.5,2257.5,2257.5,2257.0,2257.5,2256
2026-07-20 05:37:00+00:00,2259.699951171875,2259.699951171875,2260.0,2258.5,2258.60009765625,1456
2026-07-20 05:38:00+00:00,2262.0,2262.0,2262.0,2259.699951171875,2259.699951171875,2128
2026-07-20 05:39:00+00:00,2260.800048828125,2260.800048828125,2262.0,2259.5,2262.0,1920
2026-07-20 05:40:00+00:00,2259.5,2259.5,2261.0,2258.800048828125,2260.89990234375,1512
2026-07-20 05:41:00+00:00,2259.800048828125,2259.800048828125,2260.699951171875,2258.89990234375,2259.5,1371
2026-07-20 05:42:00+00:00,2259.60009765625,2259.60009765625,2260.800048828125,2259.60009765625,2259.800048828125,1860
2026-07-20 05:43:00+00:00,2260.0,2260.0,2260.0,2259.10009765625,2259.60009765625,1532
2026-07-20 05:44:00+00:00,2259.0,2259.0,2259.699951171875,2258.0,2259.699951171875,2780
2026-07-20 05:45:00+00:00,2257.39990234375,2257.39990234375,2259.60009765625,2257.39990234375,2259.0,4159
2026-07-20 05:46:00+00:00,2257.0,2257.0,2258.0,2257.0,2257.39990234375,3163
2026-07-20 05:47:00+00:00,2257.60009765625,2257.60009765625,2257.699951171875,2257.0,2257.5,2371
2026-07-20 05:48:00+00:00,2259.800048828125,2259.800048828125,2259.89990234375,2258.199951171875,2258.39990234375,4413
2026-07-20 05:49:00+00:00,2259.5,2259.5,2259.800048828125,2258.0,2259.800048828125,5555
2026-07-20 05:50:00+00:00,2259.199951171875,2259.199951171875,2259.89990234375,2258.800048828125,2259.800048828125,1666
2026-07-20 05:51:00+00:00,2259.5,2259.5,2260.0,2258.300048828125,2259.39990234375,2190
2026-07-20 05:52:00+00:00,2259.10009765625,2259.10009765625,2261.39990234375,2258.800048828125,2259.5,7946
2026-07-20 05:53:00+00:00,2256.199951171875,2256.199951171875,2260.0,2256.199951171875,2259.10009765625,10033
2026-07-20 05:54:00+00:00,2258.300048828125,2258.300048828125,2258.300048828125,2256.10009765625,2256.10009765625,1939
2026-07-20 05:55:00+00:00,2258.39990234375,2258.39990234375,2259.199951171875,2258.10009765625,2258.300048828125,1013
2026-07-20 05:56:00+00:00,2257.800048828125,2257.800048828125,2259.39990234375,2257.199951171875,2259.0,2633
2026-07-20 05:57:00+00:00,2257.199951171875,2257.199951171875,2258.800048828125,2256.60009765625,2257.800048828125,1565
2026-07-20 05:58:00+00:00,2256.10009765625,2256.10009765625,2257.89990234375,2256.10009765625,2257.300048828125,3978
2026-07-20 05:59:00+00:00,2256.0,2256.0,2256.5,2255.0,2256.10009765625,4764
2026-07-20 06:00:00+00:00,2256.199951171875,2256.199951171875,2256.800048828125,2255.0,2256.10009765625,4564
2026-07-20 06:01:00+00:00,2254.0,2254.0,2256.10009765625,2254.0,2255.89990234375,5297
2026-07-20 06:02:00+00:00,2257.10009765625,2257.10009765625,2257.10009765625,2253.5,2254.10009765625,9833
2026-07-20 06:03:00+00:00,2255.300048828125,2255.300048828125,2258.0,2254.60009765625,2257.199951171875,5519
2026-07-20 06:04:00+00:00,2253.0,2253.0,2255.39990234375,2253.0,2255.300048828125,6216
2026-07-20 06:05:00+00:00,2251.5,2251.5,2253.89990234375,2251.10009765625,2253.5,8010
2026-07-20 06:06:00+00:00,2252.300048828125,2252.300048828125,2253.39990234375,2252.10009765625,2252.10009765625,2388
2026-07-20 06:07:00+00:00,2252.699951171875,2252.699951171875,2253.39990234375,2252.300048828125,2252.300048828125,1765
2026-07-20 06:08:00+00:00,2253.60009765625,2253.60009765625,2254.800048828125,2253.0,2253.199951171875,2838
2026-07-20 06:09:00+00:00,2253.699951171875,2253.699951171875,2254.199951171875,2253.0,2253.60009765625,1087
2026-07-20 06:10:00+00:00,2252.10009765625,2252.10009765625,2253.60009765625,2252.10009765625,2253.60009765625,3425
2026-07-20 06:11:00+00:00,2253.699951171875,2253.699951171875,2253.89990234375,2252.0,2252.0,4572
2026-07-20 06:12:00+00:00,2252.60009765625,2252.60009765625,2253.39990234375,2251.89990234375,2253.39990234375,3199
2026-07-20 06:13:00+00:00,2253.699951171875,2253.699951171875,2253.699951171875,2252.199951171875,2252.60009765625,1024
2026-07-20 06:14:00+00:00,2253.0,2253.0,2253.699951171875,2252.39990234375,2253.699951171875,1009
2026-07-20 06:15:00+00:00,2253.39990234375,2253.39990234375,2254.0,2252.60009765625,2253.0,2466
2026-07-20 06:16:00+00:00,2254.0,2254.0,2254.0,2253.0,2253.300048828125,648
2026-07-20 06:17:00+00:00,2253.10009765625,2253.10009765625,2254.60009765625,2253.0,2254.39990234375,4059
2026-07-20 06:18:00+00:00,2252.5,2252.5,2254.199951171875,2252.5,2253.10009765625,2847
2026-07-20 06:19:00+00:00,2253.39990234375,2253.39990234375,2253.800048828125,2252.5,2252.60009765625,1431
2026-07-20 06:20:00+00:00,2252.699951171875,2252.699951171875,2253.5,2252.300048828125,2253.0,2008
2026-07-20 06:21:00+00:00,2251.800048828125,2251.800048828125,2253.300048828125,2251.60009765625,2253.0,5541
2026-07-20 06:22:00+00:00,2251.89990234375,2251.89990234375,2252.0,2250.89990234375,2251.5,5154
2026-07-20 06:23:00+00:00,2249.699951171875,2249.699951171875,2252.0,2249.699951171875,2251.60009765625,13662
2026-07-20 06:24:00+00:00,2248.300048828125,2248.300048828125,2250.0,2248.300048828125,2249.60009765625,8773
2026-07-20 06:25:00+00:00,2249.199951171875,2249.199951171875,2249.199951171875,2248.300048828125,2248.89990234375,11079
2026-07-20 06:26:00+00:00,2248.5,2248.5,2249.199951171875,2247.800048828125,2249.199951171875,5536
2026-07-20 06:27:00+00:00,2248.699951171875,2248.699951171875,2249.0,2247.699951171875,2248.5,2012
2026-07-20 06:28:00+00:00,2249.699951171875,2249.699951171875,2249.89990234375,2248.300048828125,2248.300048828125,4053
2026-07-20 06:29:00+00:00,2249.89990234375,2249.89990234375,2249.89990234375,2248.89990234375,2249.699951171875,3009
2026-07-20 06:30:00+00:00,2251.300048828125,2251.300048828125,2251.39990234375,2249.699951171875,2250.0,32588
2026-07-20 06:31:00+00:00,2251.10009765625,2251.10009765625,2251.800048828125,2251.0,2251.699951171875,2640
2026-07-20 06:32:00+00:00,2251.0,2251.0,2251.60009765625,2250.60009765625,2251.10009765625,2212
2026-07-20 06:33:00+00:00,2250.300048828125,2250.300048828125,2251.0,2250.300048828125,2251.0,4140
2026-07-20 06:34:00+00:00,2250.300048828125,2250.300048828125,2250.5,2249.60009765625,2249.89990234375,4096
2026-07-20 06:35:00+00:00,2253.300048828125,2253.300048828125,2253.89990234375,2250.39990234375,2250.5,6585
2026-07-20 06:36:00+00:00,2254.0,2254.0,2254.300048828125,2253.0,2254.0,6849
2026-07-20 06:37:00+00:00,2254.10009765625,2254.10009765625,2254.10009765625,2252.39990234375,2253.89990234375,5215
2026-07-20 06:38:00+00:00,2253.5,2253.5,2254.0,2252.199951171875,2253.89990234375,3803
2026-07-20 06:39:00+00:00,2253.60009765625,2253.60009765625,2254.0,2253.10009765625,2253.699951171875,3014
2026-07-20 06:40:00+00:00,2254.60009765625,2254.60009765625,2254.800048828125,2253.800048828125,2254.0,6352
2026-07-20 06:41:00+00:00,2253.5,2253.5,2255.0,2253.300048828125,2254.699951171875,5003
2026-07-20 06:42:00+00:00,2252.60009765625,2252.60009765625,2254.39990234375,2252.60009765625,2254.0,5052
2026-07-20 06:43:00+00:00,2252.89990234375,2252.89990234375,2253.0,2252.0,2252.60009765625,3095
2026-07-20 06:44:00+00:00,2252.0,2252.0,2252.699951171875,2251.0,2252.699951171875,5808
2026-07-20 06:45:00+00:00,2252.300048828125,2252.300048828125,2253.0,2251.10009765625,2251.60009765625,4686
2026-07-20 06:46:00+00:00,2252.39990234375,2252.39990234375,2252.699951171875,2252.0,2252.39990234375,2525
2026-07-20 06:47:00+00:00,2252.800048828125,2252.800048828125,2253.0,2251.89990234375,2252.39990234375,1813
2026-07-20 06:48:00+00:00,2250.89990234375,2250.89990234375,2252.800048828125,2250.60009765625,2252.699951171875,29635
2026-07-20 06:49:00+00:00,2252.0,2252.0,2252.800048828125,2250.800048828125,2250.89990234375,2723
2026-07-20 06:50:00+00:00,2252.10009765625,2252.10009765625,2252.800048828125,2251.89990234375,2252.300048828125,3298
2026-07-20 06:51:00+00:00,2253.0,2253.0,2253.0,2251.89990234375,2252.800048828125,4299
2026-07-20 06:52:00+00:00,2252.199951171875,2252.199951171875,2252.800048828125,2252.10009765625,2252.800048828125,2274
2026-07-20 06:53:00+00:00,2253.0,2253.0,2253.0,2252.199951171875,2252.199951171875,1735
2026-07-20 06:54:00+00:00,2253.0,2253.0,2253.0,2251.699951171875,2252.10009765625,3286
2026-07-20 06:55:00+00:00,2253.199951171875,2253.199951171875,2254.39990234375,2252.199951171875,2252.199951171875,3053
2026-07-20 06:56:00+00:00,2253.199951171875,2253.199951171875,2253.89990234375,2253.0,2253.199951171875,823
2026-07-20 06:57:00+00:00,2253.300048828125,2253.300048828125,2253.300048828125,2252.5,2252.5,1516
2026-07-20 06:58:00+00:00,2253.699951171875,2253.699951171875,2254.0,2253.0,2253.300048828125,2668
2026-07-20 06:59:00+00:00,2252.0,2252.0,2253.699951171875,2252.0,2253.699951171875,2301
2026-07-20 07:00:00+00:00,2253.10009765625,2253.10009765625,2253.800048828125,2252.199951171875,2252.199951171875,398
2026-07-20 07:01:00+00:00,2251.199951171875,2251.199951171875,2254.199951171875,2251.0,2253.60009765625,1494
2026-07-20 07:02:00+00:00,2251.60009765625,2251.60009765625,2252.39990234375,2251.39990234375,2252.199951171875,998
2026-07-20 07:03:00+00:00,2250.800048828125,2250.800048828125,2251.699951171875,2250.199951171875,2251.0,3702
2026-07-20 07:04:00+00:00,2251.199951171875,2251.199951171875,2251.699951171875,2250.0,2251.699951171875,5846
2026-07-20 07:05:00+00:00,2252.0,2252.0,2253.199951171875,2251.60009765625,2251.60009765625,6116
2026-07-20 07:06:00+00:00,2252.0,2252.0,2253.60009765625,2251.10009765625,2252.0,4276
2026-07-20 07:07:00+00:00,2252.39990234375,2252.39990234375,2253.5,2252.300048828125,2253.199951171875,3843
2026-07-20 07:08:00+00:00,2251.60009765625,2251.60009765625,2253.89990234375,2250.800048828125,2253.39990234375,14160
2026-07-20 07:09:00+00:00,2253.199951171875,2253.199951171875,2253.300048828125,2250.800048828125,2251.300048828125,6295
2026-07-20 07:10:00+00:00,2252.89990234375,2252.89990234375,2254.0,2251.0,2253.10009765625,9749
2026-07-20 07:11:00+00:00,2254.5,2254.5,2254.800048828125,2252.89990234375,2253.800048828125,2592
2026-07-20 07:12:00+00:00,2253.89990234375,2253.89990234375,2254.699951171875,2253.199951171875,2254.5,3517
2026-07-20 07:13:00+00:00,2254.699951171875,2254.699951171875,2254.699951171875,2253.199951171875,2254.0,5576
2026-07-20 07:14:00+00:00,2255.0,2255.0,2255.0,2254.10009765625,2254.10009765625,6164
2026-07-20 07:15:00+00:00,2255.199951171875,2255.199951171875,2256.0,2254.699951171875,2255.0,7866
2026-07-20 07:16:00+00:00,2256.0,2256.0,2256.0,2255.0,2255.699951171875,2171
2026-07-20 07:17:00+00:00,2253.800048828125,2253.800048828125,2256.10009765625,2253.699951171875,2255.89990234375,6981
2026-07-20 07:18:00+00:00,2254.60009765625,2254.60009765625,2254.800048828125,2253.800048828125,2254.39990234375,489
2026-07-20 07:19:00+00:00,2255.60009765625,2255.60009765625,2255.800048828125,2253.800048828125,2254.60009765625,3348
2026-07-20 07:20:00+00:00,2256.199951171875,2256.199951171875,2256.199951171875,2255.0,2255.0,7279
2026-07-20 07:21:00+00:00,2254.39990234375,2254.39990234375,2257.0,2254.39990234375,2256.800048828125,5079
2026-07-20 07:22:00+00:00,2256.39990234375,2256.39990234375,2256.39990234375,2254.199951171875,2254.699951171875,8504
2026-07-20 07:23:00+00:00,2256.199951171875,2256.199951171875,2256.39990234375,2255.10009765625,2256.39990234375,1887
2026-07-20 07:24:00+00:00,2255.89990234375,2255.89990234375,2256.10009765625,2255.300048828125,2256.0,1709
2026-07-20 07:25:00+00:00,2255.800048828125,2255.800048828125,2256.39990234375,2255.300048828125,2255.89990234375,1702
2026-07-20 07:26:00+00:00,2256.89990234375,2256.89990234375,2256.89990234375,2255.5,2255.800048828125,1805
2026-07-20 07:27:00+00:00,2256.300048828125,2256.300048828125,2257.39990234375,2256.199951171875,2256.60009765625,8353
2026-07-20 07:28:00+00:00,2257.5,2257.5,2257.5,2256.0,2256.300048828125,3878
2026-07-20 07:29:00+00:00,2257.0,2257.0,2257.89990234375,2256.39990234375,2257.0,3149
2026-07-20 07:30:00+00:00,2257.5,2257.5,2257.89990234375,2256.89990234375,2256.89990234375,4599
2026-07-20 07:31:00+00:00,2257.39990234375,2257.39990234375,2257.60009765625,2256.199951171875,2257.300048828125,4087
2026-07-20 07:32:00+00:00,2257.5,2257.5,2257.89990234375,2256.5,2257.199951171875,2509
2026-07-20 07:33:00+00:00,2257.5,2257.5,2257.699951171875,2256.0,2257.699951171875,3509
2026-07-20 07:34:00+00:00,2258.5,2258.5,2258.5,2257.0,2257.300048828125,3616
2026-07-20 07:35:00+00:00,2259.39990234375,2259.39990234375,2259.60009765625,2258.0,2258.5,9597
2026-07-20 07:36:00+00:00,2258.300048828125,2258.300048828125,2259.89990234375,2258.300048828125,2259.39990234375,2931
2026-07-20 07:37:00+00:00,2258.39990234375,2258.39990234375,2258.699951171875,2257.5,2258.0,2848
2026-07-20 07:38:00+00:00,2256.89990234375,2256.89990234375,2258.39990234375,2256.800048828125,2258.39990234375,1258
2026-07-20 07:39:00+00:00,2255.5,2255.5,2257.60009765625,2255.0,2257.39990234375,2480
2026-07-20 07:40:00+00:00,2255.89990234375,2255.89990234375,2256.300048828125,2255.699951171875,2256.10009765625,1788
2026-07-20 07:41:00+00:00,2256.39990234375,2256.39990234375,2257.60009765625,2256.199951171875,2256.199951171875,2048
2026-07-20 07:42:00+00:00,2256.39990234375,2256.39990234375,2257.300048828125,2256.39990234375,2256.800048828125,2679
2026-07-20 07:43:00+00:00,2257.199951171875,2257.199951171875,2257.39990234375,2256.39990234375,2256.699951171875,1259
2026-07-20 07:44:00+00:00,2259.89990234375,2259.89990234375,2259.89990234375,2257.300048828125,2257.39990234375,9174
2026-07-20 07:45:00+00:00,2258.199951171875,2258.199951171875,2260.0,2257.300048828125,2259.699951171875,9212
2026-07-20 07:46:00+00:00,2257.800048828125,2257.800048828125,2259.199951171875,2257.800048828125,2258.199951171875,2487
2026-07-20 07:47:00+00:00,2258.300048828125,2258.300048828125,2258.300048828125,2257.800048828125,2257.800048828125,1378
2026-07-20 07:48:00+00:00,2257.10009765625,2257.10009765625,2258.10009765625,2256.800048828125,2258.10009765625,2617
2026-07-20 07:49:00+00:00,2255.0,2255.0,2257.10009765625,2254.300048828125,2257.10009765625,4138
2026-07-20 07:50:00+00:00,2254.89990234375,2254.89990234375,2255.699951171875,2254.300048828125,2254.300048828125,1909
2026-07-20 07:51:00+00:00,2254.39990234375,2254.39990234375,2255.300048828125,2253.699951171875,2254.60009765625,8786
2026-07-20 07:52:00+00:00,2255.5,2255.5,2256.39990234375,2253.60009765625,2254.0,2356
2026-07-20 07:53:00+00:00,2256.199951171875,2256.199951171875,2256.300048828125,2255.199951171875,2256.199951171875,3656
2026-07-20 07:54:00+00:00,2256.60009765625,2256.60009765625,2256.60009765625,2255.39990234375,2255.800048828125,2309
2026-07-20 07:55:00+00:00,2255.800048828125,2255.800048828125,2256.800048828125,2255.800048828125,2256.199951171875,2062
2026-07-20 07:56:00+00:00,2256.5,2256.5,2256.89990234375,2255.60009765625,2256.0,4388
2026-07-20 07:57:00+00:00,2257.60009765625,2257.60009765625,2257.60009765625,2256.5,2256.60009765625,2682
2026-07-20 07:58:00+00:00,2256.89990234375,2256.89990234375,2258.10009765625,2256.0,2257.199951171875,3498
2026-07-20 07:59:00+00:00,2257.0,2257.0,2257.199951171875,2256.0,2257.199951171875,3827
2026-07-20 08:00:00+00:00,2257.199951171875,2257.199951171875,2257.60009765625,2256.199951171875,2256.89990234375,2270
2026-07-20 08:01:00+00:00,2256.199951171875,2256.199951171875,2258.0,2256.0,2257.300048828125,4099
2026-07-20 08:02:00+00:00,2256.5,2256.5,2257.5,2255.39990234375,2257.5,3912
2026-07-20 08:03:00+00:00,2255.199951171875,2255.199951171875,2256.60009765625,2254.800048828125,2256.60009765625,3515
2026-07-20 08:04:00+00:00,2255.10009765625,2255.10009765625,2256.5,2253.699951171875,2255.5,3546
2026-07-20 08:05:00+00:00,2255.5,2255.5,2255.5,2254.0,2255.300048828125,1822
2026-07-20 08:06:00+00:00,2255.300048828125,2255.300048828125,2256.300048828125,2254.800048828125,2255.5,4140
2026-07-20 08:07:00+00:00,2255.60009765625,2255.60009765625,2256.10009765625,2255.10009765625,2255.800048828125,1934
2026-07-20 08:08:00+00:00,2255.10009765625,2255.10009765625,2256.199951171875,2255.10009765625,2255.89990234375,1208
2026-07-20 08:09:00+00:00,2255.39990234375,2255.39990234375,2256.5,2255.0,2256.199951171875,1636
2026-07-20 08:10:00+00:00,2256.0,2256.0,2256.300048828125,2255.39990234375,2256.0,1712
2026-07-20 08:11:00+00:00,2255.60009765625,2255.60009765625,2256.10009765625,2255.5,2255.60009765625,2200
2026-07-20 08:12:00+00:00,2255.5,2255.5,2256.199951171875,2255.5,2255.60009765625,648
2026-07-20 08:13:00+00:00,2255.89990234375,2255.89990234375,2256.10009765625,2255.10009765625,2256.0,4070
2026-07-20 08:14:00+00:00,2255.199951171875,2255.199951171875,2255.300048828125,2254.10009765625,2254.699951171875,6159
2026-07-20 08:15:00+00:00,2254.699951171875,2254.699951171875,2255.89990234375,2254.199951171875,2255.199951171875,7215
2026-07-20 08:16:00+00:00,2255.800048828125,2255.800048828125,2256.199951171875,2254.39990234375,2254.60009765625,1694
2026-07-20 08:17:00+00:00,2256.800048828125,2256.800048828125,2256.800048828125,2255.699951171875,2256.0,4463
2026-07-20 08:18:00+00:00,2256.39990234375,2256.39990234375,2256.89990234375,2256.0,2256.699951171875,4195
2026-07-20 08:19:00+00:00,2255.0,2255.0,2256.89990234375,2255.0,2256.39990234375,6295
2026-07-20 08:20:00+00:00,2255.0,2255.0,2256.0,2254.800048828125,2255.0,3451
2026-07-20 08:21:00+00:00,2254.300048828125,2254.300048828125,2255.300048828125,2254.0,2255.300048828125,1977
2026-07-20 08:22:00+00:00,2252.5,2252.5,2254.10009765625,2252.199951171875,2254.10009765625,4295
2026-07-20 08:23:00+00:00,2253.199951171875,2253.199951171875,2253.800048828125,2252.60009765625,2253.39990234375,2088
2026-07-20 08:24:00+00:00,2254.0,2254.0,2254.60009765625,2252.800048828125,2253.199951171875,8022
2026-07-20 08:25:00+00:00,2254.199951171875,2254.199951171875,2255.0,2253.300048828125,2253.89990234375,4726
2026-07-20 08:26:00+00:00,2253.39990234375,2253.39990234375,2253.89990234375,2253.0,2253.39990234375,764
2026-07-20 08:27:00+00:00,2254.800048828125,2254.800048828125,2255.0,2253.10009765625,2253.89990234375,4584
2026-07-20 08:28:00+00:00,2256.0,2256.0,2256.699951171875,2254.699951171875,2254.89990234375,5489
2026-07-20 08:29:00+00:00,2254.800048828125,2254.800048828125,2256.5,2254.699951171875,2256.10009765625,3935
2026-07-20 08:30:00+00:00,2254.60009765625,2254.60009765625,2254.800048828125,2253.10009765625,2253.800048828125,4024
2026-07-20 08:31:00+00:00,2256.0,2256.0,2256.300048828125,2254.199951171875,2254.199951171875,9373
2026-07-20 08:32:00+00:00,2255.800048828125,2255.800048828125,2257.199951171875,2255.5,2256.39990234375,2155
2026-07-20 08:33:00+00:00,2255.39990234375,2255.39990234375,2256.0,2255.39990234375,2256.0,2497
2026-07-20 08:34:00+00:00,2254.699951171875,2254.699951171875,2255.39990234375,2254.300048828125,2254.800048828125,8458
2026-07-20 08:35:00+00:00,2255.300048828125,2255.300048828125,2255.89990234375,2254.39990234375,2254.699951171875,2897
2026-07-20 08:36:00+00:00,2254.699951171875,2254.699951171875,2255.89990234375,2254.300048828125,2255.5,6337
2026-07-20 08:37:00+00:00,2254.300048828125,2254.300048828125,2255.39990234375,2254.10009765625,2254.89990234375,3717
2026-07-20 08:38:00+00:00,2255.10009765625,2255.10009765625,2255.800048828125,2254.0,2254.0,2439
2026-07-20 08:39:00+00:00,2253.800048828125,2253.800048828125,2255.300048828125,2253.199951171875,2255.10009765625,5746
2026-07-20 08:40:00+00:00,2253.800048828125,2253.800048828125,2254.199951171875,2253.0,2254.199951171875,2166
2026-07-20 08:41:00+00:00,2253.89990234375,2253.89990234375,2254.0,2253.0,2254.0,471
2026-07-20 08:42:00+00:00,2252.39990234375,2252.39990234375,2253.800048828125,2252.39990234375,2253.800048828125,6119
2026-07-20 08:43:00+00:00,2252.60009765625,2252.60009765625,2253.300048828125,2252.39990234375,2252.699951171875,3216
2026-07-20 08:44:00+00:00,2254.0,2254.0,2254.0,2252.60009765625,2253.0,1421
2026-07-20 08:45:00+00:00,2254.0,2254.0,2254.0,2252.60009765625,2254.0,1361
2026-07-20 08:46:00+00:00,2253.89990234375,2253.89990234375,2255.0,2253.39990234375,2253.39990234375,1122
2026-07-20 08:47:00+00:00,2254.199951171875,2254.199951171875,2254.800048828125,2253.5,2254.60009765625,696
2026-07-20 08:48:00+00:00,2254.5,2254.5,2254.89990234375,2253.60009765625,2254.39990234375,829
2026-07-20 08:49:00+00:00,2254.89990234375,2254.89990234375,2254.89990234375,2254.10009765625,2254.699951171875,5099
2026-07-20 08:50:00+00:00,2254.5,2254.5,2254.800048828125,2253.800048828125,2254.800048828125,622
2026-07-20 08:51:00+00:00,2253.300048828125,2253.300048828125,2254.199951171875,2253.0,2254.199951171875,2325
2026-07-20 08:52:00+00:00,2253.10009765625,2253.10009765625,2254.0,2252.800048828125,2253.39990234375,1262
2026-07-20 08:53:00+00:00,2253.699951171875,2253.699951171875,2254.10009765625,2252.800048828125,2252.800048828125,720
2026-07-20 08:54:00+00:00,2253.39990234375,2253.39990234375,2254.60009765625,2253.0,2253.5,3551
2026-07-20 08:55:00+00:00,2253.60009765625,2253.60009765625,2253.89990234375,2253.10009765625,2253.39990234375,841
2026-07-20 08:56:00+00:00,2254.199951171875,2254.199951171875,2254.5,2253.89990234375,2253.89990234375,2849
2026-07-20 08:57:00+00:00,2254.800048828125,2254.800048828125,2255.0,2254.199951171875,2254.199951171875,4025
2026-07-20 08:58:00+00:00,2255.60009765625,2255.60009765625,2256.5,2255.60009765625,2256.0,2730
2026-07-20 08:59:00+00:00,2256.199951171875,2256.199951171875,2256.300048828125,2255.10009765625,2256.0,1685
2026-07-20 09:00:00+00:00,2256.0,2256.0,2256.5,2255.89990234375,2256.0,2186
2026-07-20 09:01:00+00:00,2256.800048828125,2256.800048828125,2256.800048828125,2255.89990234375,2256.5,2261
2026-07-20 09:02:00+00:00,2256.300048828125,2256.300048828125,2256.800048828125,2255.89990234375,2256.0,1071
2026-07-20 09:03:00+00:00,2255.199951171875,2255.199951171875,2256.89990234375,2255.199951171875,2256.300048828125,2881
2026-07-20 09:04:00+00:00,2255.0,2255.0,2255.800048828125,2254.800048828125,2255.5,4660
2026-07-20 09:05:00+00:00,2255.39990234375,2255.39990234375,2255.89990234375,2255.0,2255.800048828125,2114
2026-07-20 09:06:00+00:00,2255.60009765625,2255.60009765625,2256.0,2255.0,2255.39990234375,2330
2026-07-20 09:07:00+00:00,2254.699951171875,2254.699951171875,2255.60009765625,2254.5,2255.10009765625,2962
2026-07-20 09:08:00+00:00,2255.800048828125,2255.800048828125,2255.800048828125,2254.60009765625,2254.60009765625,11458
2026-07-20 09:09:00+00:00,2255.199951171875,2255.199951171875,2255.39990234375,2254.39990234375,2255.39990234375,6173
2026-07-20 09:10:00+00:00,2256.5,2256.5,2256.5,2255.199951171875,2255.199951171875,6777
2026-07-20 09:11:00+00:00,2256.800048828125,2256.800048828125,2257.0,2256.199951171875,2256.5,6134
2026-07-20 09:12:00+00:00,2258.199951171875,2258.199951171875,2258.199951171875,2256.89990234375,2257.0,3844
2026-07-20 09:13:00+00:00,2258.10009765625,2258.10009765625,2259.0,2257.300048828125,2258.199951171875,5468
2026-07-20 09:14:00+00:00,2256.699951171875,2256.699951171875,2258.0,2256.0,2258.0,3281
2026-07-20 09:15:00+00:00,2258.0,2258.0,2258.10009765625,2256.60009765625,2256.699951171875,2734
2026-07-20 09:16:00+00:00,2258.0,2258.0,2258.10009765625,2257.0,2257.199951171875,2947
2026-07-20 09:17:00+00:00,2257.199951171875,2257.199951171875,2258.5,2256.89990234375,2258.0,2413
2026-07-20 09:18:00+00:00,2257.300048828125,2257.300048828125,2257.800048828125,2257.0,2257.800048828125,2058
2026-07-20 09:19:00+00:00,2257.300048828125,2257.300048828125,2257.300048828125,2257.0,2257.199951171875,1256
2026-07-20 09:20:00+00:00,2256.60009765625,2256.60009765625,2257.60009765625,2256.60009765625,2257.60009765625,2612
2026-07-20 09:21:00+00:00,2257.199951171875,2257.199951171875,2257.5,2256.39990234375,2257.0,2312
2026-07-20 09:22:00+00:00,2257.10009765625,2257.10009765625,2258.10009765625,2256.60009765625,2257.0,2703
2026-07-20 09:23:00+00:00,2257.10009765625,2257.10009765625,2258.0,2256.699951171875,2257.0,2322
2026-07-20 09:24:00+00:00,2257.300048828125,2257.300048828125,2258.0,2257.10009765625,2257.10009765625,2724
2026-07-20 09:25:00+00:00,2257.800048828125,2257.800048828125,2258.10009765625,2256.699951171875,2257.300048828125,3174
2026-07-20 09:26:00+00:00,2257.0,2257.0,2257.5,2256.60009765625,2256.800048828125,1752
2026-07-20 09:27:00+00:00,2257.39990234375,2257.39990234375,2257.60009765625,2256.39990234375,2257.0,2908
2026-07-20 09:28:00+00:00,2257.0,2257.0,2257.89990234375,2256.39990234375,2257.60009765625,2304
2026-07-20 09:29:00+00:00,2256.39990234375,2256.39990234375,2256.39990234375,2255.60009765625,2256.39990234375,2366
2026-07-20 09:30:00+00:00,2252.300048828125,2252.300048828125,2255.39990234375,2250.5,2255.199951171875,22463
2026-07-20 09:31:00+00:00,2252.800048828125,2252.800048828125,2253.800048828125,2251.199951171875,2252.199951171875,14277
2026-07-20 09:32:00+00:00,2253.0,2253.0,2253.39990234375,2252.5,2253.300048828125,11933
2026-07-20 09:33:00+00:00,2252.0,2252.0,2253.0,2252.0,2252.89990234375,11324
2026-07-20 09:34:00+00:00,2251.800048828125,2251.800048828125,2252.0,2251.5,2251.800048828125,9798
2026-07-20 09:35:00+00:00,2250.5,2250.5,2251.39990234375,2250.0,2251.39990234375,15052
2026-07-20 09:36:00+00:00,2250.5,2250.5,2251.0,2249.800048828125,2250.199951171875,14290
2026-07-20 09:37:00+00:00,2250.5,2250.5,2250.89990234375,2250.300048828125,2250.5,9609
2026-07-20 09:38:00+00:00,2250.300048828125,2250.300048828125,2250.89990234375,2250.300048828125,2250.60009765625,8403
2026-07-20 09:39:00+00:00,2250.800048828125,2250.800048828125,2251.0,2250.0,2250.0,7973
2026-07-20 09:40:00+00:00,2251.89990234375,2251.89990234375,2251.89990234375,2250.5,2250.800048828125,9081
2026-07-20 09:41:00+00:00,2250.89990234375,2250.89990234375,2251.199951171875,2250.89990234375,2251.199951171875,8878
2026-07-20 09:42:00+00:00,2249.89990234375,2249.89990234375,2250.60009765625,2249.699951171875,2250.5,10492
2026-07-20 09:43:00+00:00,2249.89990234375,2249.89990234375,2250.0,2249.300048828125,2249.300048828125,8012
2026-07-20 09:44:00+00:00,2248.89990234375,2248.89990234375,2250.0,2248.60009765625,2249.89990234375,32791
2026-07-20 09:45:00+00:00,2246.10009765625,2246.10009765625,2249.199951171875,2246.0,2249.199951171875,11333
2026-07-20 09:46:00+00:00,2245.5,2245.5,2246.5,2245.199951171875,2246.199951171875,12147
2026-07-20 09:47:00+00:00,2246.5,2246.5,2246.89990234375,2245.300048828125,2246.5,6671
2026-07-20 09:48:00+00:00,2245.60009765625,2245.60009765625,2246.60009765625,2245.39990234375,2246.10009765625,13698
2026-07-20 09:49:00+00:00,2250.60009765625,2250.60009765625,2250.89990234375,2245.60009765625,2245.60009765625,25567
2026-07-20 09:50:00+00:00,2251.0,2251.0,2251.89990234375,2250.0,2250.800048828125,40023
2026-07-20 09:51:00+00:00,2252.0,2252.0,2253.0,2250.39990234375,2252.199951171875,16336
2026-07-20 09:52:00+00:00,2252.5,2252.5,2253.0,2252.0,2252.699951171875,9854
2026-07-20 09:53:00+00:00,2253.0,2253.0,2254.300048828125,2252.0,2252.5,11487
2026-07-20 09:54:00+00:00,2255.199951171875,2255.199951171875,2255.89990234375,2252.800048828125,2253.10009765625,20089
2026-07-20 09:55:00+00:00,2253.10009765625,2253.10009765625,2255.39990234375,2252.300048828125,2255.199951171875,25943
2026-07-20 09:56:00+00:00,2251.5,2251.5,2254.0,2251.39990234375,2254.0,12994
2026-07-20 09:57:00+00:00,2251.60009765625,2251.60009765625,2251.89990234375,2251.5,2251.60009765625,11299
2026-07-20 09:58:00+00:00,2252.89990234375,2252.89990234375,2253.300048828125,2250.300048828125,2251.60009765625,8046
2026-07-20 09:59:00+00:00,2251.10009765625,2251.10009765625,2252.800048828125,2250.0,2252.0,7443
2026-07-21 03:45:00+00:00,2253.0,2253.0,2257.60009765625,2247.5,2247.5,0
2026-07-21 03:46:00+00:00,2250.10009765625,2250.10009765625,2256.10009765625,2248.0,2253.0,24477
2026-07-21 03:47:00+00:00,2244.89990234375,2244.89990234375,2249.89990234375,2242.10009765625,2249.89990234375,30191
2026-07-21 03:48:00+00:00,2251.89990234375,2251.89990234375,2252.800048828125,2243.300048828125,2244.300048828125,23023
2026-07-21 03:49:00+00:00,2250.800048828125,2250.800048828125,2252.300048828125,2248.699951171875,2251.39990234375,14899
2026-07-21 03:50:00+00:00,2251.199951171875,2251.199951171875,2251.89990234375,2249.800048828125,2250.60009765625,13026
2026-07-21 03:51:00+00:00,2253.800048828125,2253.800048828125,2253.89990234375,2250.60009765625,2251.300048828125,7799
2026-07-21 03:52:00+00:00,2253.199951171875,2253.199951171875,2253.800048828125,2252.10009765625,2253.800048828125,10586
2026-07-21 03:53:00+00:00,2252.60009765625,2252.60009765625,2253.199951171875,2250.10009765625,2253.199951171875,11119
2026-07-21 03:54:00+00:00,2252.39990234375,2252.39990234375,2253.0,2249.800048828125,2252.199951171875,11622
2026-07-21 03:55:00+00:00,2250.800048828125,2250.800048828125,2252.89990234375,2248.5,2252.89990234375,21252
2026-07-21 03:56:00+00:00,2253.60009765625,2253.60009765625,2254.89990234375,2250.800048828125,2251.5,10690
2026-07-21 03:57:00+00:00,2252.699951171875,2252.699951171875,2255.0,2252.5,2253.60009765625,14648
2026-07-21 03:58:00+00:00,2253.699951171875,2253.699951171875,2254.199951171875,2251.60009765625,2253.10009765625,11701
2026-07-21 03:59:00+00:00,2253.0,2253.0,2255.300048828125,2252.300048828125,2254.5,14465
2026-07-21 04:00:00+00:00,2252.39990234375,2252.39990234375,2255.0,2251.300048828125,2253.10009765625,6407
2026-07-21 04:01:00+00:00,2251.699951171875,2251.699951171875,2253.300048828125,2251.39990234375,2252.0,2629
2026-07-21 04:02:00+00:00,2250.5,2250.5,2251.699951171875,2250.300048828125,2250.300048828125,5612
2026-07-21 04:03:00+00:00,2248.89990234375,2248.89990234375,2250.800048828125,2248.89990234375,2250.300048828125,19265
2026-07-21 04:04:00+00:00,2252.199951171875,2252.199951171875,2252.199951171875,2248.800048828125,2248.800048828125,15146
2026-07-21 04:05:00+00:00,2250.89990234375,2250.89990234375,2254.60009765625,2250.89990234375,2253.89990234375,6194
2026-07-21 04:06:00+00:00,2249.800048828125,2249.800048828125,2251.699951171875,2249.0,2251.0,9034
2026-07-21 04:07:00+00:00,2248.89990234375,2248.89990234375,2250.0,2248.5,2249.800048828125,5286
2026-07-21 04:08:00+00:00,2249.0,2249.0,2249.0,2248.0,2249.0,1914
2026-07-21 04:09:00+00:00,2247.699951171875,2247.699951171875,2249.5,2247.699951171875,2249.5,3295
2026-07-21 04:10:00+00:00,2245.199951171875,2245.199951171875,2247.60009765625,2245.0,2247.39990234375,13304
2026-07-21 04:11:00+00:00,2244.10009765625,2244.10009765625,2245.800048828125,2244.0,2245.800048828125,8387
2026-07-21 04:12:00+00:00,2246.199951171875,2246.199951171875,2246.39990234375,2244.0,2244.0,11216
2026-07-21 04:13:00+00:00,2242.89990234375,2242.89990234375,2246.10009765625,2242.10009765625,2245.39990234375,5772
2026-07-21 04:14:00+00:00,2244.800048828125,2244.800048828125,2245.10009765625,2242.800048828125,2242.800048828125,7590
2026-07-21 04:15:00+00:00,2244.0,2244.0,2245.39990234375,2243.0,2245.0,4804
2026-07-21 04:16:00+00:00,2242.5,2242.5,2244.300048828125,2242.5,2243.60009765625,5640
2026-07-21 04:17:00+00:00,2239.89990234375,2239.89990234375,2242.699951171875,2239.0,2242.5,14847
2026-07-21 04:18:00+00:00,2235.5,2235.5,2240.10009765625,2235.5,2240.10009765625,23682
2026-07-21 04:19:00+00:00,2236.39990234375,2236.39990234375,2237.0,2234.800048828125,2235.60009765625,20215
2026-07-21 04:20:00+00:00,2239.0,2239.0,2240.10009765625,2236.39990234375,2236.39990234375,10166
2026-07-21 04:21:00+00:00,2240.800048828125,2240.800048828125,2240.800048828125,2238.89990234375,2239.39990234375,5448
2026-07-21 04:22:00+00:00,2240.5,2240.5,2240.5,2239.800048828125,2239.800048828125,4234
2026-07-21 04:23:00+00:00,2241.5,2241.5,2241.5,2240.0,2240.5,3858
2026-07-21 04:24:00+00:00,2240.5,2240.5,2242.39990234375,2240.0,2241.10009765625,3597
2026-07-21 04:25:00+00:00,2240.699951171875,2240.699951171875,2240.89990234375,2240.0,2240.5,2589
2026-07-21 04:26:00+00:00,2240.10009765625,2240.10009765625,2241.800048828125,2240.0,2241.0,2985
2026-07-21 04:27:00+00:00,2239.300048828125,2239.300048828125,2240.5,2239.300048828125,2240.39990234375,5049
2026-07-21 04:28:00+00:00,2235.0,2235.0,2238.5,2235.0,2238.0,16272
2026-07-21 04:29:00+00:00,2235.300048828125,2235.300048828125,2236.300048828125,2235.0,2236.300048828125,10322
2026-07-21 04:30:00+00:00,2237.199951171875,2237.199951171875,2237.699951171875,2234.0,2235.60009765625,16191
2026-07-21 04:31:00+00:00,2237.5,2237.5,2238.0,2237.199951171875,2238.0,4182
2026-07-21 04:32:00+00:00,2237.39990234375,2237.39990234375,2237.60009765625,2236.39990234375,2237.5,2674
2026-07-21 04:33:00+00:00,2237.800048828125,2237.800048828125,2237.800048828125,2236.39990234375,2237.0,5026
2026-07-21 04:34:00+00:00,2239.5,2239.5,2239.5,2238.39990234375,2238.39990234375,5449
2026-07-21 04:35:00+00:00,2240.0,2240.0,2241.300048828125,2239.0,2239.699951171875,6912
2026-07-21 04:36:00+00:00,2239.199951171875,2239.199951171875,2240.0,2238.199951171875,2240.0,3649
2026-07-21 04:37:00+00:00,2238.300048828125,2238.300048828125,2241.300048828125,2237.800048828125,2239.199951171875,5003
2026-07-21 04:38:00+00:00,2238.699951171875,2238.699951171875,2239.199951171875,2237.300048828125,2238.0,2003
2026-07-21 04:39:00+00:00,2238.5,2238.5,2239.199951171875,2237.60009765625,2238.39990234375,2901
2026-07-21 04:40:00+00:00,2238.5,2238.5,2239.300048828125,2238.300048828125,2239.0,1528
2026-07-21 04:41:00+00:00,2237.10009765625,2237.10009765625,2238.60009765625,2237.0,2238.5,1424
2026-07-21 04:42:00+00:00,2237.89990234375,2237.89990234375,2238.39990234375,2236.89990234375,2237.10009765625,6341
2026-07-21 04:43:00+00:00,2237.800048828125,2237.800048828125,2237.89990234375,2237.10009765625,2237.89990234375,1652
2026-07-21 04:44:00+00:00,2238.0,2238.0,2238.39990234375,2238.0,2238.39990234375,2731
2026-07-21 04:45:00+00:00,2238.300048828125,2238.300048828125,2238.39990234375,2237.199951171875,2238.199951171875,9337
2026-07-21 04:46:00+00:00,2237.89990234375,2237.89990234375,2238.300048828125,2237.5,2237.89990234375,2572
2026-07-21 04:47:00+00:00,2238.5,2238.5,2239.10009765625,2238.300048828125,2238.300048828125,2767
2026-07-21 04:48:00+00:00,2239.10009765625,2239.10009765625,2239.300048828125,2238.39990234375,2239.0,2407
2026-07-21 04:49:00+00:00,2239.800048828125,2239.800048828125,2239.800048828125,2239.300048828125,2239.300048828125,3653
2026-07-21 04:50:00+00:00,2240.5,2240.5,2240.699951171875,2239.800048828125,2239.800048828125,2159
2026-07-21 04:51:00+00:00,2239.300048828125,2239.300048828125,2240.39990234375,2239.0,2240.10009765625,2715
2026-07-21 04:52:00+00:00,2236.199951171875,2236.199951171875,2238.89990234375,2236.0,2238.89990234375,4761
2026-07-21 04:53:00+00:00,2231.199951171875,2231.199951171875,2236.199951171875,2231.0,2236.199951171875,17448
2026-07-21 04:54:00+00:00,2230.0,2230.0,2232.0,2228.60009765625,2231.0,22455
2026-07-21 04:55:00+00:00,2230.199951171875,2230.199951171875,2231.39990234375,2229.199951171875,2229.699951171875,8728
2026-07-21 04:56:00+00:00,2229.0,2229.0,2231.300048828125,2229.0,2230.0,10508
2026-07-21 04:57:00+00:00,2227.5,2227.5,2229.699951171875,2227.39990234375,2229.699951171875,16779
2026-07-21 04:58:00+00:00,2228.89990234375,2228.89990234375,2231.5,2227.5,2227.5,10033
2026-07-21 04:59:00+00:00,2230.10009765625,2230.10009765625,2230.39990234375,2229.10009765625,2229.10009765625,6844
2026-07-21 05:00:00+00:00,2229.300048828125,2229.300048828125,2230.300048828125,2229.0,2230.10009765625,3422
2026-07-21 05:01:00+00:00,2228.5,2228.5,2229.89990234375,2228.5,2229.89990234375,3130
2026-07-21 05:02:00+00:00,2228.0,2228.0,2229.5,2228.0,2228.300048828125,4957
2026-07-21 05:03:00+00:00,2228.0,2228.0,2229.0,2228.0,2228.39990234375,6494
2026-07-21 05:04:00+00:00,2227.89990234375,2227.89990234375,2228.699951171875,2227.39990234375,2227.89990234375,3738
2026-07-21 05:05:00+00:00,2228.60009765625,2228.60009765625,2229.199951171875,2228.0,2228.60009765625,4488
2026-07-21 05:06:00+00:00,2227.5,2227.5,2228.60009765625,2227.5,2228.60009765625,3109
2026-07-21 05:07:00+00:00,2227.0,2227.0,2227.699951171875,2226.5,2227.699951171875,13972
2026-07-21 05:08:00+00:00,2227.699951171875,2227.699951171875,2228.39990234375,2227.10009765625,2227.5,7175
2026-07-21 05:09:00+00:00,2227.800048828125,2227.800048828125,2228.39990234375,2227.699951171875,2227.89990234375,5379
2026-07-21 05:10:00+00:00,2229.0,2229.0,2229.0,2227.5,2227.699951171875,8813
2026-07-21 05:11:00+00:00,2227.10009765625,2227.10009765625,2229.0,2227.10009765625,2229.0,5674
2026-07-21 05:12:00+00:00,2227.699951171875,2227.699951171875,2228.300048828125,2226.800048828125,2227.10009765625,4248
2026-07-21 05:13:00+00:00,2226.60009765625,2226.60009765625,2228.300048828125,2226.199951171875,2227.699951171875,5867
2026-07-21 05:14:00+00:00,2228.199951171875,2228.199951171875,2228.39990234375,2226.800048828125,2227.5,2177
2026-07-21 05:15:00+00:00,2227.89990234375,2227.89990234375,2228.39990234375,2227.0,2228.199951171875,3121
2026-07-21 05:16:00+00:00,2227.0,2227.0,2228.199951171875,2226.39990234375,2227.89990234375,9402
2026-07-21 05:17:00+00:00,2227.0,2227.0,2228.5,2226.5,2227.0,16319
2026-07-21 05:18:00+00:00,2227.60009765625,2227.60009765625,2228.199951171875,2226.0,2227.60009765625,4811
2026-07-21 05:19:00+00:00,2226.89990234375,2226.89990234375,2228.10009765625,2226.10009765625,2227.60009765625,6784
2026-07-21 05:20:00+00:00,2225.699951171875,2225.699951171875,2226.89990234375,2225.699951171875,2226.89990234375,1777
2026-07-21 05:21:00+00:00,2225.199951171875,2225.199951171875,2225.699951171875,2225.10009765625,2225.10009765625,3797
2026-07-21 05:22:00+00:00,2225.60009765625,2225.60009765625,2226.0,2225.199951171875,2225.199951171875,2933
2026-07-21 05:23:00+00:00,2225.699951171875,2225.699951171875,2226.60009765625,2225.5,2226.0,2064
2026-07-21 05:24:00+00:00,2226.0,2226.0,2226.39990234375,2225.300048828125,2225.699951171875,5918
2026-07-21 05:25:00+00:00,2226.0,2226.0,2226.199951171875,2225.300048828125,2226.0,3321
2026-07-21 05:26:00+00:00,2228.0,2228.0,2228.0,2225.89990234375,2226.0,4626
2026-07-21 05:27:00+00:00,2226.0,2226.0,2227.800048828125,2225.5,2227.800048828125,3153
2026-07-21 05:28:00+00:00,2225.5,2225.5,2226.39990234375,2225.10009765625,2226.0,5816
2026-07-21 05:29:00+00:00,2225.5,2225.5,2225.800048828125,2225.199951171875,2225.5,1446
2026-07-21 05:30:00+00:00,2226.39990234375,2226.39990234375,2226.39990234375,2225.60009765625,2225.60009765625,4817
2026-07-21 05:31:00+00:00,2226.699951171875,2226.699951171875,2227.0,2225.5,2226.39990234375,2991
2026-07-21 05:32:00+00:00,2226.699951171875,2226.699951171875,2226.699951171875,2226.0,2226.699951171875,2958
2026-07-21 05:33:00+00:00,2226.89990234375,2226.89990234375,2227.800048828125,2226.39990234375,2226.39990234375,4557
2026-07-21 05:34:00+00:00,2227.89990234375,2227.89990234375,2228.0,2226.39990234375,2227.39990234375,3785
2026-07-21 05:35:00+00:00,2229.0,2229.0,2229.0,2227.0,2227.89990234375,2740
2026-07-21 05:36:00+00:00,2227.39990234375,2227.39990234375,2228.89990234375,2227.0,2228.89990234375,3791
2026-07-21 05:37:00+00:00,2228.10009765625,2228.10009765625,2228.60009765625,2227.0,2227.0,4564
2026-07-21 05:38:00+00:00,2227.699951171875,2227.699951171875,2228.300048828125,2227.199951171875,2228.10009765625,2610
2026-07-21 05:39:00+00:00,2227.5,2227.5,2227.699951171875,2227.39990234375,2227.699951171875,3666
2026-07-21 05:40:00+00:00,2227.10009765625,2227.10009765625,2227.60009765625,2226.60009765625,2227.10009765625,5707
2026-07-21 05:41:00+00:00,2226.89990234375,2226.89990234375,2229.39990234375,2226.699951171875,2227.60009765625,5736
2026-07-21 05:42:00+00:00,2226.60009765625,2226.60009765625,2227.5,2226.0,2227.5,3768
2026-07-21 05:43:00+00:00,2226.300048828125,2226.300048828125,2226.60009765625,2225.199951171875,2226.60009765625,12991
2026-07-21 05:44:00+00:00,2225.60009765625,2225.60009765625,2226.699951171875,2224.800048828125,2226.300048828125,14672
2026-07-21 05:45:00+00:00,2225.5,2225.5,2226.0,2225.0,2225.0,4002
2026-07-21 05:46:00+00:00,2226.5,2226.5,2226.800048828125,2225.39990234375,2226.0,5892
2026-07-21 05:47:00+00:00,2225.5,2225.5,2226.89990234375,2224.300048828125,2225.800048828125,7278
2026-07-21 05:48:00+00:00,2225.10009765625,2225.10009765625,2226.199951171875,2224.800048828125,2226.10009765625,9659
2026-07-21 05:49:00+00:00,2226.0,2226.0,2226.0,2224.800048828125,2225.89990234375,5020
2026-07-21 05:50:00+00:00,2225.300048828125,2225.300048828125,2226.0,2224.800048828125,2226.0,3486
2026-07-21 05:51:00+00:00,2225.10009765625,2225.10009765625,2225.300048828125,2224.5,2225.300048828125,9014
2026-07-21 05:52:00+00:00,2225.0,2225.0,2225.10009765625,2224.5,2225.10009765625,5561
2026-07-21 05:53:00+00:00,2225.0,2225.0,2225.10009765625,2224.0,2225.0,3088
2026-07-21 05:54:00+00:00,2225.10009765625,2225.10009765625,2225.10009765625,2224.699951171875,2225.0,3970
2026-07-21 05:55:00+00:00,2226.800048828125,2226.800048828125,2227.300048828125,2225.10009765625,2225.60009765625,6308
2026-07-21 05:56:00+00:00,2226.5,2226.5,2227.699951171875,2226.199951171875,2226.199951171875,7288
2026-07-21 05:57:00+00:00,2226.10009765625,2226.10009765625,2227.39990234375,2226.10009765625,2226.5,2699
2026-07-21 05:58:00+00:00,2225.89990234375,2225.89990234375,2226.10009765625,2225.300048828125,2226.10009765625,1267
2026-07-21 05:59:00+00:00,2226.199951171875,2226.199951171875,2226.199951171875,2225.39990234375,2225.89990234375,812
2026-07-21 06:00:00+00:00,2226.60009765625,2226.60009765625,2226.800048828125,2226.0,2226.0,1216
2026-07-21 06:01:00+00:00,2226.300048828125,2226.300048828125,2226.800048828125,2226.10009765625,2226.60009765625,1007
2026-07-21 06:02:00+00:00,2226.800048828125,2226.800048828125,2226.800048828125,2226.300048828125,2226.800048828125,1246
2026-07-21 06:03:00+00:00,2227.0,2227.0,2227.10009765625,2226.300048828125,2226.5,2229
2026-07-21 06:04:00+00:00,2228.199951171875,2228.199951171875,2228.199951171875,2226.89990234375,2227.0,7319
2026-07-21 06:05:00+00:00,2227.10009765625,2227.10009765625,2228.5,2226.199951171875,2228.300048828125,13138
2026-07-21 06:06:00+00:00,2226.5,2226.5,2227.10009765625,2226.10009765625,2227.10009765625,882
2026-07-21 06:07:00+00:00,2224.5,2224.5,2226.5,2224.10009765625,2226.5,3995
2026-07-21 06:08:00+00:00,2225.199951171875,2225.199951171875,2225.199951171875,2224.5,2224.800048828125,1234
2026-07-21 06:09:00+00:00,2224.699951171875,2224.699951171875,2225.300048828125,2224.0,2225.300048828125,3370
2026-07-21 06:10:00+00:00,2224.199951171875,2224.199951171875,2224.800048828125,2223.199951171875,2224.699951171875,4226
2026-07-21 06:11:00+00:00,2224.5,2224.5,2224.5,2223.60009765625,2224.10009765625,1992
2026-07-21 06:12:00+00:00,2224.0,2224.0,2224.5,2223.60009765625,2224.5,1854
2026-07-21 06:13:00+00:00,2223.10009765625,2223.10009765625,2224.0,2223.10009765625,2224.0,3043
2026-07-21 06:14:00+00:00,2223.5,2223.5,2224.0,2223.0,2223.60009765625,1820
2026-07-21 06:15:00+00:00,2223.699951171875,2223.699951171875,2223.699951171875,2223.0,2223.5,1145
2026-07-21 06:16:00+00:00,2224.0,2224.0,2224.0,2223.0,2223.0,594
2026-07-21 06:17:00+00:00,2224.0,2224.0,2224.39990234375,2223.800048828125,2224.0,2897
2026-07-21 06:18:00+00:00,2224.10009765625,2224.10009765625,2224.39990234375,2223.60009765625,2224.39990234375,1047
2026-07-21 06:19:00+00:00,2224.800048828125,2224.800048828125,2225.0,2224.0,2224.10009765625,1578
2026-07-21 06:20:00+00:00,2224.800048828125,2224.800048828125,2225.199951171875,2223.39990234375,2223.800048828125,6861
2026-07-21 06:21:00+00:00,2226.0,2226.0,2226.0,2224.10009765625,2224.800048828125,2656
2026-07-21 06:22:00+00:00,2225.800048828125,2225.800048828125,2226.5,2225.39990234375,2226.0,3406
2026-07-21 06:23:00+00:00,2227.300048828125,2227.300048828125,2227.300048828125,2226.10009765625,2226.39990234375,15907
2026-07-21 06:24:00+00:00,2226.39990234375,2226.39990234375,2228.0,2226.300048828125,2226.39990234375,59213
2026-07-21 06:25:00+00:00,2228.300048828125,2228.300048828125,2229.0,2226.300048828125,2226.39990234375,42481
2026-07-21 06:26:00+00:00,2232.0,2232.0,2232.0,2228.39990234375,2228.89990234375,13885
2026-07-21 06:27:00+00:00,2230.699951171875,2230.699951171875,2233.0,2230.10009765625,2233.0,7491
2026-07-21 06:28:00+00:00,2228.5,2228.5,2231.699951171875,2228.0,2231.0,7900
2026-07-21 06:29:00+00:00,2228.300048828125,2228.300048828125,2229.0,2227.10009765625,2229.0,3128
2026-07-21 06:30:00+00:00,2229.39990234375,2229.39990234375,2229.39990234375,2228.0,2228.0,2136
2026-07-21 06:31:00+00:00,2228.60009765625,2228.60009765625,2229.0,2228.5,2229.0,2506
2026-07-21 06:32:00+00:00,2230.0,2230.0,2230.0,2229.0,2229.0,2341
2026-07-21 06:33:00+00:00,2229.0,2229.0,2229.800048828125,2228.5,2229.0,2685
2026-07-21 06:34:00+00:00,2229.60009765625,2229.60009765625,2229.89990234375,2228.89990234375,2229.0,2663
2026-07-21 06:35:00+00:00,2229.89990234375,2229.89990234375,2230.0,2229.199951171875,2229.39990234375,2495
2026-07-21 06:36:00+00:00,2227.39990234375,2227.39990234375,2229.800048828125,2227.39990234375,2229.800048828125,5949
2026-07-21 06:37:00+00:00,2228.39990234375,2228.39990234375,2228.39990234375,2227.199951171875,2227.699951171875,4511
2026-07-21 06:38:00+00:00,2228.300048828125,2228.300048828125,2228.5,2228.0,2228.0,4100
2026-07-21 06:39:00+00:00,2228.39990234375,2228.39990234375,2228.39990234375,2227.5,2228.300048828125,2350
2026-07-21 06:40:00+00:00,2227.199951171875,2227.199951171875,2228.39990234375,2227.199951171875,2228.39990234375,1831
2026-07-21 06:41:00+00:00,2228.0,2228.0,2228.10009765625,2227.199951171875,2227.699951171875,1440
2026-07-21 06:42:00+00:00,2228.300048828125,2228.300048828125,2228.300048828125,2227.199951171875,2228.0,2002
2026-07-21 06:43:00+00:00,2227.89990234375,2227.89990234375,2228.300048828125,2227.5,2228.300048828125,1446
2026-07-21 06:44:00+00:00,2228.0,2228.0,2228.10009765625,2227.5,2227.800048828125,1672
2026-07-21 06:45:00+00:00,2228.199951171875,2228.199951171875,2228.199951171875,2227.800048828125,2227.800048828125,1616
2026-07-21 06:46:00+00:00,2223.800048828125,2223.800048828125,2228.39990234375,2223.800048828125,2228.10009765625,9595
2026-07-21 06:47:00+00:00,2223.0,2223.0,2223.300048828125,2222.0,2223.300048828125,9480
2026-07-21 06:48:00+00:00,2221.0,2221.0,2222.89990234375,2221.0,2222.800048828125,4781
2026-07-21 06:49:00+00:00,2222.39990234375,2222.39990234375,2222.699951171875,2221.5,2221.5,3277
2026-07-21 06:50:00+00:00,2222.5,2222.5,2222.800048828125,2222.0,2222.800048828125,2256
2026-07-21 06:51:00+00:00,2222.800048828125,2222.800048828125,2222.800048828125,2222.0,2222.5,2180
2026-07-21 06:52:00+00:00,2223.60009765625,2223.60009765625,2224.0,2223.199951171875,2223.300048828125,2788
2026-07-21 06:53:00+00:00,2223.89990234375,2223.89990234375,2224.800048828125,2222.800048828125,2223.60009765625,7069
2026-07-21 06:54:00+00:00,2222.800048828125,2222.800048828125,2223.89990234375,2222.5,2223.89990234375,7786
2026-07-21 06:55:00+00:00,2222.60009765625,2222.60009765625,2223.699951171875,2222.10009765625,2222.800048828125,5005
2026-07-21 06:56:00+00:00,2222.60009765625,2222.60009765625,2222.60009765625,2222.10009765625,2222.10009765625,1866
2026-07-21 06:57:00+00:00,2222.199951171875,2222.199951171875,2223.199951171875,2222.199951171875,2222.60009765625,3641
2026-07-21 06:58:00+00:00,2221.60009765625,2221.60009765625,2222.199951171875,2221.5,2222.199951171875,2005
2026-07-21 06:59:00+00:00,2222.0,2222.0,2222.0,2221.60009765625,2221.60009765625,1647
2026-07-21 07:00:00+00:00,2221.89990234375,2221.89990234375,2222.0,2221.5,2222.0,2407
2026-07-21 07:01:00+00:00,2222.10009765625,2222.10009765625,2222.199951171875,2221.10009765625,2221.89990234375,1585
2026-07-21 07:02:00+00:00,2222.300048828125,2222.300048828125,2222.300048828125,2221.5,2222.10009765625,3809
2026-07-21 07:03:00+00:00,2221.699951171875,2221.699951171875,2222.300048828125,2220.5,2222.300048828125,7044
2026-07-21 07:04:00+00:00,2222.5,2222.5,2222.5,2220.699951171875,2221.89990234375,6622
2026-07-21 07:05:00+00:00,2221.89990234375,2221.89990234375,2222.5,2221.0,2222.5,3386
2026-07-21 07:06:00+00:00,2220.89990234375,2220.89990234375,2221.89990234375,2220.699951171875,2221.89990234375,3745
2026-07-21 07:07:00+00:00,2221.89990234375,2221.89990234375,2222.0,2220.89990234375,2220.89990234375,2973
2026-07-21 07:08:00+00:00,2223.89990234375,2223.89990234375,2223.89990234375,2221.199951171875,2221.89990234375,5481
2026-07-21 07:09:00+00:00,2221.800048828125,2221.800048828125,2223.89990234375,2220.60009765625,2223.699951171875,7311
2026-07-21 07:10:00+00:00,2220.89990234375,2220.89990234375,2221.800048828125,2220.5,2221.800048828125,5029
2026-07-21 07:11:00+00:00,2221.0,2221.0,2221.39990234375,2220.5,2220.89990234375,1957
2026-07-21 07:12:00+00:00,2221.10009765625,2221.10009765625,2222.0,2221.0,2221.0,4906
2026-07-21 07:13:00+00:00,2221.10009765625,2221.10009765625,2221.60009765625,2221.0,2221.10009765625,2532
2026-07-21 07:14:00+00:00,2219.60009765625,2219.60009765625,2221.39990234375,2219.0,2221.39990234375,13959
2026-07-21 07:15:00+00:00,2220.0,2220.0,2220.60009765625,2219.10009765625,2219.60009765625,5557
2026-07-21 07:16:00+00:00,2219.5,2219.5,2220.0,2219.199951171875,2220.0,2593
2026-07-21 07:17:00+00:00,2220.89990234375,2220.89990234375,2221.10009765625,2219.5,2219.89990234375,2914
2026-07-21 07:18:00+00:00,2220.800048828125,2220.800048828125,2220.89990234375,2220.0,2220.89990234375,2537
2026-07-21 07:19:00+00:00,2221.300048828125,2221.300048828125,2221.60009765625,2220.0,2220.5,3534
2026-07-21 07:20:00+00:00,2220.800048828125,2220.800048828125,2221.300048828125,2220.0,2221.300048828125,1788
2026-07-21 07:21:00+00:00,2221.39990234375,2221.39990234375,2221.89990234375,2220.39990234375,2220.800048828125,2548
2026-07-21 07:22:00+00:00,2220.5,2220.5,2221.39990234375,2220.39990234375,2221.39990234375,1925
2026-07-21 07:23:00+00:00,2221.300048828125,2221.300048828125,2221.300048828125,2220.199951171875,2220.89990234375,2314
2026-07-21 07:24:00+00:00,2221.89990234375,2221.89990234375,2221.89990234375,2221.10009765625,2221.300048828125,2108
2026-07-21 07:25:00+00:00,2221.0,2221.0,2221.89990234375,2220.60009765625,2221.800048828125,4982
2026-07-21 07:26:00+00:00,2221.5,2221.5,2221.89990234375,2220.5,2221.300048828125,2323
2026-07-21 07:27:00+00:00,2222.5,2222.5,2222.800048828125,2220.60009765625,2220.60009765625,4352
2026-07-21 07:28:00+00:00,2222.39990234375,2222.39990234375,2222.5,2221.5,2222.5,1610
2026-07-21 07:29:00+00:00,2221.60009765625,2221.60009765625,2222.199951171875,2221.0,2222.199951171875,3017
2026-07-21 07:30:00+00:00,2220.300048828125,2220.300048828125,2221.89990234375,2220.300048828125,2221.60009765625,2288
2026-07-21 07:31:00+00:00,2222.300048828125,2222.300048828125,2222.300048828125,2220.199951171875,2220.60009765625,2274
2026-07-21 07:32:00+00:00,2222.60009765625,2222.60009765625,2222.800048828125,2221.699951171875,2222.199951171875,4045
2026-07-21 07:33:00+00:00,2221.300048828125,2221.300048828125,2222.60009765625,2221.300048828125,2222.60009765625,2016
2026-07-21 07:34:00+00:00,2221.699951171875,2221.699951171875,2221.699951171875,2220.89990234375,2221.199951171875,2421
2026-07-21 07:35:00+00:00,2222.699951171875,2222.699951171875,2222.800048828125,2221.699951171875,2221.699951171875,4670
2026-07-21 07:36:00+00:00,2222.10009765625,2222.10009765625,2222.800048828125,2221.89990234375,2222.699951171875,1703
2026-07-21 07:37:00+00:00,2222.5,2222.5,2222.800048828125,2222.0,2222.800048828125,2354
2026-07-21 07:38:00+00:00,2222.39990234375,2222.39990234375,2222.39990234375,2222.0,2222.39990234375,2211
2026-07-21 07:39:00+00:00,2222.10009765625,2222.10009765625,2223.0,2222.0,2222.300048828125,2131
2026-07-21 07:40:00+00:00,2221.800048828125,2221.800048828125,2222.699951171875,2221.800048828125,2222.300048828125,1652
2026-07-21 07:41:00+00:00,2221.699951171875,2221.699951171875,2222.5,2221.5,2222.5,8057
2026-07-21 07:42:00+00:00,2221.60009765625,2221.60009765625,2222.0,2220.89990234375,2221.800048828125,2933
2026-07-21 07:43:00+00:00,2221.39990234375,2221.39990234375,2221.800048828125,2220.89990234375,2221.60009765625,2580
2026-07-21 07:44:00+00:00,2220.800048828125,2220.800048828125,2221.89990234375,2220.0,2221.39990234375,2731
2026-07-21 07:45:00+00:00,2220.89990234375,2220.89990234375,2221.800048828125,2220.0,2220.800048828125,4144
2026-07-21 07:46:00+00:00,2221.199951171875,2221.199951171875,2221.60009765625,2220.300048828125,2220.89990234375,2762
2026-07-21 07:47:00+00:00,2220.800048828125,2220.800048828125,2221.5,2220.199951171875,2221.199951171875,1371
2026-07-21 07:48:00+00:00,2220.5,2220.5,2220.5,2220.0,2220.5,1546
2026-07-21 07:49:00+00:00,2220.199951171875,2220.199951171875,2220.5,2219.60009765625,2220.10009765625,7073
2026-07-21 07:50:00+00:00,2219.699951171875,2219.699951171875,2220.5,2219.199951171875,2219.199951171875,2525
2026-07-21 07:51:00+00:00,2219.60009765625,2219.60009765625,2219.699951171875,2219.10009765625,2219.699951171875,2380
2026-07-21 07:52:00+00:00,2220.0,2220.0,2220.300048828125,2219.699951171875,2219.699951171875,1562
2026-07-21 07:53:00+00:00,2221.39990234375,2221.39990234375,2221.39990234375,2219.800048828125,2219.89990234375,1598
2026-07-21 07:54:00+00:00,2221.699951171875,2221.699951171875,2221.800048828125,2221.300048828125,2221.39990234375,5283
2026-07-21 07:55:00+00:00,2221.800048828125,2221.800048828125,2221.800048828125,2221.0,2221.699951171875,1805
2026-07-21 07:56:00+00:00,2222.300048828125,2222.300048828125,2222.300048828125,2221.10009765625,2221.800048828125,1764
2026-07-21 07:57:00+00:00,2222.60009765625,2222.60009765625,2222.60009765625,2221.60009765625,2222.10009765625,4874
2026-07-21 07:58:00+00:00,2222.5,2222.5,2223.5,2222.10009765625,2223.5,4944
2026-07-21 07:59:00+00:00,2221.89990234375,2221.89990234375,2222.5,2221.199951171875,2222.5,2773
2026-07-21 08:00:00+00:00,2222.39990234375,2222.39990234375,2222.89990234375,2222.39990234375,2222.89990234375,3630
2026-07-21 08:01:00+00:00,2223.39990234375,2223.39990234375,2223.39990234375,2222.300048828125,2222.300048828125,2035
2026-07-21 08:02:00+00:00,2224.699951171875,2224.699951171875,2224.699951171875,2223.10009765625,2223.39990234375,5803
2026-07-21 08:03:00+00:00,2224.39990234375,2224.39990234375,2224.699951171875,2223.89990234375,2224.699951171875,3156
2026-07-21 08:04:00+00:00,2224.39990234375,2224.39990234375,2224.39990234375,2223.5,2224.39990234375,1823
2026-07-21 08:05:00+00:00,2226.39990234375,2226.39990234375,2226.39990234375,2224.60009765625,2224.60009765625,5687
2026-07-21 08:06:00+00:00,2226.39990234375,2226.39990234375,2227.0,2226.10009765625,2226.39990234375,4636
2026-07-21 08:07:00+00:00,2226.39990234375,2226.39990234375,2226.699951171875,2226.39990234375,2226.39990234375,1561
2026-07-21 08:08:00+00:00,2227.0,2227.0,2227.5,2226.5,2226.5,3520
2026-07-21 08:09:00+00:00,2226.199951171875,2226.199951171875,2227.800048828125,2226.0,2227.0,4594
2026-07-21 08:10:00+00:00,2224.89990234375,2224.89990234375,2227.0,2224.89990234375,2226.60009765625,6096
2026-07-21 08:11:00+00:00,2225.199951171875,2225.199951171875,2225.199951171875,2223.800048828125,2224.89990234375,10928
2026-07-21 08:12:00+00:00,2226.39990234375,2226.39990234375,2226.39990234375,2224.39990234375,2225.199951171875,3510
2026-07-21 08:13:00+00:00,2225.800048828125,2225.800048828125,2226.89990234375,2225.800048828125,2226.0,2288
2026-07-21 08:14:00+00:00,2226.800048828125,2226.800048828125,2226.800048828125,2225.699951171875,2225.800048828125,1600
2026-07-21 08:15:00+00:00,2227.199951171875,2227.199951171875,2227.199951171875,2226.5,2226.800048828125,2944
2026-07-21 08:16:00+00:00,2227.10009765625,2227.10009765625,2227.800048828125,2226.89990234375,2227.300048828125,4467
2026-07-21 08:17:00+00:00,2227.199951171875,2227.199951171875,2227.199951171875,2226.89990234375,2227.10009765625,2285
2026-07-21 08:18:00+00:00,2227.39990234375,2227.39990234375,2227.699951171875,2227.10009765625,2227.199951171875,4759
2026-07-21 08:19:00+00:00,2227.5,2227.5,2227.5,2225.800048828125,2227.5,5900
2026-07-21 08:20:00+00:00,2227.800048828125,2227.800048828125,2228.699951171875,2226.89990234375,2227.5,7069
2026-07-21 08:21:00+00:00,2227.60009765625,2227.60009765625,2228.10009765625,2227.0,2227.39990234375,3292
2026-07-21 08:22:00+00:00,2226.60009765625,2226.60009765625,2227.10009765625,2226.199951171875,2227.10009765625,3219
2026-07-21 08:23:00+00:00,2226.199951171875,2226.199951171875,2226.800048828125,2226.199951171875,2226.199951171875,1731
2026-07-21 08:24:00+00:00,2227.60009765625,2227.60009765625,2227.800048828125,2226.39990234375,2226.800048828125,3057
2026-07-21 08:25:00+00:00,2226.800048828125,2226.800048828125,2227.5,2226.800048828125,2227.5,3693
2026-07-21 08:26:00+00:00,2226.5,2226.5,2227.0,2226.5,2226.800048828125,4248
2026-07-21 08:27:00+00:00,2227.199951171875,2227.199951171875,2227.300048828125,2226.39990234375,2226.39990234375,6877
2026-07-21 08:28:00+00:00,2227.10009765625,2227.10009765625,2227.300048828125,2227.10009765625,2227.199951171875,5556
2026-07-21 08:29:00+00:00,2226.0,2226.0,2226.89990234375,2225.5,2226.89990234375,7187
2026-07-21 08:30:00+00:00,2227.39990234375,2227.39990234375,2227.39990234375,2225.699951171875,2226.0,1990
2026-07-21 08:31:00+00:00,2227.89990234375,2227.89990234375,2227.89990234375,2226.89990234375,2227.39990234375,2859
2026-07-21 08:32:00+00:00,2227.699951171875,2227.699951171875,2228.39990234375,2227.10009765625,2227.10009765625,2271
2026-07-21 08:33:00+00:00,2227.0,2227.0,2228.39990234375,2227.0,2228.0,3643
2026-07-21 08:34:00+00:00,2227.39990234375,2227.39990234375,2227.699951171875,2227.0,2227.199951171875,2154
2026-07-21 08:35:00+00:00,2228.800048828125,2228.800048828125,2229.0,2226.800048828125,2227.699951171875,11887
2026-07-21 08:36:00+00:00,2227.39990234375,2227.39990234375,2228.800048828125,2227.0,2228.800048828125,4090
2026-07-21 08:37:00+00:00,2226.0,2226.0,2227.5,2225.39990234375,2227.199951171875,4287
2026-07-21 08:38:00+00:00,2224.89990234375,2224.89990234375,2225.89990234375,2224.89990234375,2225.89990234375,3286
2026-07-21 08:39:00+00:00,2224.5,2224.5,2224.699951171875,2223.60009765625,2224.699951171875,2478
2026-07-21 08:40:00+00:00,2224.60009765625,2224.60009765625,2224.89990234375,2223.699951171875,2224.5,2224
2026-07-21 08:41:00+00:00,2224.60009765625,2224.60009765625,2224.89990234375,2224.199951171875,2224.39990234375,2084
2026-07-21 08:42:00+00:00,2225.39990234375,2225.39990234375,2225.39990234375,2224.60009765625,2224.60009765625,2326
2026-07-21 08:43:00+00:00,2225.300048828125,2225.300048828125,2225.39990234375,2224.699951171875,2225.0,7630
2026-07-21 08:44:00+00:00,2226.800048828125,2226.800048828125,2226.800048828125,2225.199951171875,2225.300048828125,2062
2026-07-21 08:45:00+00:00,2227.39990234375,2227.39990234375,2227.699951171875,2226.60009765625,2226.800048828125,7451
2026-07-21 08:46:00+00:00,2226.699951171875,2226.699951171875,2227.5,2226.5,2227.39990234375,3339
2026-07-21 08:47:00+00:00,2227.300048828125,2227.300048828125,2227.89990234375,2227.0,2227.10009765625,3113
2026-07-21 08:48:00+00:00,2225.39990234375,2225.39990234375,2227.0,2225.39990234375,2227.0,3587
2026-07-21 08:49:00+00:00,2225.5,2225.5,2226.699951171875,2225.199951171875,2226.0,5794
2026-07-21 08:50:00+00:00,2226.199951171875,2226.199951171875,2227.300048828125,2225.0,2225.699951171875,13069
2026-07-21 08:51:00+00:00,2225.699951171875,2225.699951171875,2226.699951171875,2224.5,2226.0,7586
2026-07-21 08:52:00+00:00,2227.89990234375,2227.89990234375,2227.89990234375,2225.699951171875,2225.800048828125,2765
2026-07-21 08:53:00+00:00,2227.800048828125,2227.800048828125,2228.5,2227.60009765625,2228.0,2739
2026-07-21 08:54:00+00:00,2228.0,2228.0,2228.5,2227.60009765625,2227.60009765625,2878
2026-07-21 08:55:00+00:00,2227.39990234375,2227.39990234375,2228.199951171875,2227.0,2228.0,2222
2026-07-21 08:56:00+00:00,2227.39990234375,2227.39990234375,2227.39990234375,2226.89990234375,2227.39990234375,1880
2026-07-21 08:57:00+00:00,2227.800048828125,2227.800048828125,2228.199951171875,2226.60009765625,2226.60009765625,6698
2026-07-21 08:58:00+00:00,2226.89990234375,2226.89990234375,2228.39990234375,2226.10009765625,2227.800048828125,8278
2026-07-21 08:59:00+00:00,2225.800048828125,2225.800048828125,2227.199951171875,2225.699951171875,2226.89990234375,13193
2026-07-21 09:00:00+00:00,2226.89990234375,2226.89990234375,2226.89990234375,2224.60009765625,2226.0,6032
2026-07-21 09:01:00+00:00,2226.60009765625,2226.60009765625,2226.800048828125,2225.199951171875,2226.39990234375,6517
2026-07-21 09:02:00+00:00,2225.300048828125,2225.300048828125,2226.699951171875,2225.300048828125,2226.5,10293
2026-07-21 09:03:00+00:00,2225.60009765625,2225.60009765625,2226.60009765625,2225.39990234375,2226.0,8186
2026-07-21 09:04:00+00:00,2226.300048828125,2226.300048828125,2226.39990234375,2225.199951171875,2225.60009765625,6945
2026-07-21 09:05:00+00:00,2226.300048828125,2226.300048828125,2227.5,2224.699951171875,2226.39990234375,15059
2026-07-21 09:06:00+00:00,2225.199951171875,2225.199951171875,2226.89990234375,2224.5,2226.89990234375,8000
2026-07-21 09:07:00+00:00,2223.699951171875,2223.699951171875,2225.5,2223.300048828125,2225.199951171875,7581
2026-07-21 09:08:00+00:00,2223.39990234375,2223.39990234375,2224.199951171875,2223.10009765625,2223.60009765625,5773
2026-07-21 09:09:00+00:00,2222.5,2222.5,2223.39990234375,2222.199951171875,2223.39990234375,4388
2026-07-21 09:10:00+00:00,2222.300048828125,2222.300048828125,2224.0,2222.0,2222.699951171875,8839
2026-07-21 09:11:00+00:00,2223.0,2223.0,2223.800048828125,2221.5,2222.300048828125,4939
2026-07-21 09:12:00+00:00,2224.39990234375,2224.39990234375,2224.5,2222.89990234375,2223.800048828125,2881
2026-07-21 09:13:00+00:00,2225.0,2225.0,2225.0,2223.800048828125,2224.39990234375,2687
2026-07-21 09:14:00+00:00,2225.699951171875,2225.699951171875,2225.699951171875,2224.89990234375,2225.60009765625,3535
2026-07-21 09:15:00+00:00,2224.89990234375,2224.89990234375,2225.5,2224.89990234375,2225.5,2995
2026-07-21 09:16:00+00:00,2224.39990234375,2224.39990234375,2225.5,2223.89990234375,2225.199951171875,3828
2026-07-21 09:17:00+00:00,2222.699951171875,2222.699951171875,2224.60009765625,2222.699951171875,2223.89990234375,6941
2026-07-21 09:18:00+00:00,2224.60009765625,2224.60009765625,2225.39990234375,2222.699951171875,2222.699951171875,8424
2026-07-21 09:19:00+00:00,2224.89990234375,2224.89990234375,2224.89990234375,2223.5,2224.800048828125,2801
2026-07-21 09:20:00+00:00,2223.39990234375,2223.39990234375,2224.89990234375,2222.89990234375,2224.89990234375,9225
2026-07-21 09:21:00+00:00,2223.89990234375,2223.89990234375,2224.800048828125,2223.10009765625,2223.10009765625,9444
2026-07-21 09:22:00+00:00,2222.39990234375,2222.39990234375,2224.39990234375,2222.199951171875,2223.800048828125,9487
2026-07-21 09:23:00+00:00,2223.300048828125,2223.300048828125,2223.699951171875,2222.0,2222.39990234375,3879
2026-07-21 09:24:00+00:00,2224.699951171875,2224.699951171875,2224.699951171875,2223.10009765625,2223.300048828125,3550
2026-07-21 09:25:00+00:00,2224.699951171875,2224.699951171875,2224.800048828125,2223.800048828125,2224.800048828125,7379
2026-07-21 09:26:00+00:00,2225.60009765625,2225.60009765625,2225.60009765625,2224.0,2224.699951171875,6332
2026-07-21 09:27:00+00:00,2226.39990234375,2226.39990234375,2226.5,2224.39990234375,2225.5,10192
2026-07-21 09:28:00+00:00,2225.800048828125,2225.800048828125,2227.5,2225.5,2226.300048828125,5294
2026-07-21 09:29:00+00:00,2227.10009765625,2227.10009765625,2227.89990234375,2225.800048828125,2225.89990234375,5642
2026-07-21 09:30:00+00:00,2227.10009765625,2227.10009765625,2227.5,2226.0,2227.199951171875,12890
2026-07-21 09:31:00+00:00,2225.10009765625,2225.10009765625,2227.0,2225.0,2227.0,5969
2026-07-21 09:32:00+00:00,2224.60009765625,2224.60009765625,2225.300048828125,2224.60009765625,2225.10009765625,8249
2026-07-21 09:33:00+00:00,2224.5,2224.5,2225.10009765625,2224.39990234375,2225.10009765625,5953
2026-07-21 09:34:00+00:00,2223.39990234375,2223.39990234375,2224.5,2223.10009765625,2224.39990234375,10251
2026-07-21 09:35:00+00:00,2223.5,2223.5,2223.5,2222.5,2223.39990234375,12386
2026-07-21 09:36:00+00:00,2222.0,2222.0,2224.10009765625,2222.0,2223.5,12325
2026-07-21 09:37:00+00:00,2223.0,2223.0,2223.0,2221.89990234375,2222.60009765625,12230
2026-07-21 09:38:00+00:00,2221.800048828125,2221.800048828125,2222.89990234375,2221.60009765625,2222.60009765625,14199
2026-07-21 09:39:00+00:00,2220.10009765625,2220.10009765625,2221.699951171875,2220.0,2221.699951171875,11132
2026-07-21 09:40:00+00:00,2220.10009765625,2220.10009765625,2220.39990234375,2220.0,2220.199951171875,9575
2026-07-21 09:41:00+00:00,2219.699951171875,2219.699951171875,2220.5,2219.5,2220.10009765625,14363
2026-07-21 09:42:00+00:00,2220.0,2220.0,2220.0,2219.0,2219.60009765625,13058
2026-07-21 09:43:00+00:00,2219.800048828125,2219.800048828125,2220.0,2219.5,2219.800048828125,9094
2026-07-21 09:44:00+00:00,2220.800048828125,2220.800048828125,2221.199951171875,2219.89990234375,2219.89990234375,11985
2026-07-21 09:45:00+00:00,2220.199951171875,2220.199951171875,2221.39990234375,2220.199951171875,2221.0,10003
2026-07-21 09:46:00+00:00,2220.199951171875,2220.199951171875,2220.800048828125,2220.199951171875,2220.39990234375,7275
2026-07-21 09:47:00+00:00,2220.300048828125,2220.300048828125,2220.5,2220.199951171875,2220.300048828125,9606
2026-07-21 09:48:00+00:00,2220.699951171875,2220.699951171875,2220.699951171875,2220.0,2220.39990234375,18790
2026-07-21 09:49:00+00:00,2221.0,2221.0,2221.699951171875,2220.800048828125,2220.800048828125,12807
2026-07-21 09:50:00+00:00,2220.39990234375,2220.39990234375,2221.0,2220.199951171875,2221.0,11595
2026-07-21 09:51:00+00:00,2220.89990234375,2220.89990234375,2221.0,2220.199951171875,2220.199951171875,18810
2026-07-21 09:52:00+00:00,2221.10009765625,2221.10009765625,2221.10009765625,2220.60009765625,2220.60009765625,11129
2026-07-21 09:53:00+00:00,2220.10009765625,2220.10009765625,2221.0,2220.10009765625,2221.0,11985
2026-07-21 09:54:00+00:00,2221.0,2221.0,2221.10009765625,2219.10009765625,2219.89990234375,20661
2026-07-21 09:55:00+00:00,2219.199951171875,2219.199951171875,2221.300048828125,2219.0,2221.300048828125,26562
2026-07-21 09:56:00+00:00,2220.10009765625,2220.10009765625,2220.60009765625,2219.10009765625,2219.10009765625,12593
2026-07-21 09:57:00+00:00,2219.60009765625,2219.60009765625,2220.5,2218.5,2219.89990234375,20155
2026-07-21 09:58:00+00:00,2220.0,2220.0,2220.699951171875,2219.199951171875,2219.199951171875,11925
2026-07-21 09:59:00+00:00,2220.0,2220.0,2220.699951171875,2219.300048828125,2220.699951171875,8332
2026-07-22 03:45:00+00:00,2213.89990234375,2213.89990234375,2219.60009765625,2210.0,2215.10009765625,0
2026-07-22 03:46:00+00:00,2209.0,2209.0,2214.60009765625,2207.89990234375,2214.60009765625,24049
2026-07-22 03:47:00+00:00,2204.0,2204.0,2209.0,2203.10009765625,2209.0,15160
2026-07-22 03:48:00+00:00,2207.800048828125,2207.800048828125,2207.800048828125,2202.800048828125,2204.39990234375,16673
2026-07-22 03:49:00+00:00,2210.800048828125,2210.800048828125,2211.0,2205.89990234375,2208.0,30079
2026-07-22 03:50:00+00:00,2213.199951171875,2213.199951171875,2213.699951171875,2209.800048828125,2211.0,10871
2026-07-22 03:51:00+00:00,2207.60009765625,2207.60009765625,2213.39990234375,2207.60009765625,2212.800048828125,9266
2026-07-22 03:52:00+00:00,2209.10009765625,2209.10009765625,2209.89990234375,2206.5,2206.5,5584
2026-07-22 03:53:00+00:00,2208.89990234375,2208.89990234375,2210.0,2208.10009765625,2209.89990234375,15417
2026-07-22 03:54:00+00:00,2210.800048828125,2210.800048828125,2212.0,2209.39990234375,2209.39990234375,5179
2026-07-22 03:55:00+00:00,2209.800048828125,2209.800048828125,2212.0,2209.300048828125,2210.800048828125,4130
2026-07-22 03:56:00+00:00,2210.60009765625,2210.60009765625,2210.60009765625,2208.10009765625,2209.300048828125,5582
2026-07-22 03:57:00+00:00,2211.199951171875,2211.199951171875,2211.39990234375,2209.89990234375,2209.89990234375,3155
2026-07-22 03:58:00+00:00,2211.5,2211.5,2211.5,2210.10009765625,2211.199951171875,7165
2026-07-22 03:59:00+00:00,2212.699951171875,2212.699951171875,2213.5,2212.0,2212.800048828125,8844
2026-07-22 04:00:00+00:00,2213.0,2213.0,2213.5,2211.699951171875,2212.0,6457
2026-07-22 04:01:00+00:00,2212.39990234375,2212.39990234375,2213.89990234375,2212.39990234375,2213.0,8917
2026-07-22 04:02:00+00:00,2212.39990234375,2212.39990234375,2213.699951171875,2211.199951171875,2213.10009765625,5019
2026-07-22 04:03:00+00:00,2211.199951171875,2211.199951171875,2212.39990234375,2211.0,2212.39990234375,5017
2026-07-22 04:04:00+00:00,2213.0,2213.0,2213.5,2211.300048828125,2212.0,7553
2026-07-22 04:05:00+00:00,2213.5,2213.5,2214.89990234375,2211.800048828125,2213.0,6967
2026-07-22 04:06:00+00:00,2214.5,2214.5,2214.5,2211.10009765625,2212.60009765625,4453
2026-07-22 04:07:00+00:00,2212.5,2212.5,2214.89990234375,2211.10009765625,2214.5,5532
2026-07-22 04:08:00+00:00,2212.5,2212.5,2213.699951171875,2212.199951171875,2213.699951171875,1517
2026-07-22 04:09:00+00:00,2211.5,2211.5,2212.89990234375,2210.89990234375,2212.800048828125,2917
2026-07-22 04:10:00+00:00,2213.0,2213.0,2213.0,2211.199951171875,2211.199951171875,4435
2026-07-22 04:11:00+00:00,2212.199951171875,2212.199951171875,2214.10009765625,2212.0,2214.10009765625,1893
2026-07-22 04:12:00+00:00,2212.5,2212.5,2214.300048828125,2212.10009765625,2212.5,3678
2026-07-22 04:13:00+00:00,2212.0,2212.0,2212.5,2211.0,2212.5,3888
2026-07-22 04:14:00+00:00,2212.199951171875,2212.199951171875,2214.10009765625,2212.10009765625,2213.60009765625,3999
2026-07-22 04:15:00+00:00,2213.89990234375,2213.89990234375,2213.89990234375,2212.5,2213.0,1705
2026-07-22 04:16:00+00:00,2213.39990234375,2213.39990234375,2214.0,2212.60009765625,2214.0,2442
2026-07-22 04:17:00+00:00,2210.0,2210.0,2213.39990234375,2210.0,2213.39990234375,3955
2026-07-22 04:18:00+00:00,2209.10009765625,2209.10009765625,2210.5,2208.5,2209.300048828125,2220
2026-07-22 04:19:00+00:00,2207.699951171875,2207.699951171875,2209.5,2207.699951171875,2209.0,2752
2026-07-22 04:20:00+00:00,2209.89990234375,2209.89990234375,2209.89990234375,2207.60009765625,2207.89990234375,4221
2026-07-22 04:21:00+00:00,2211.699951171875,2211.699951171875,2211.699951171875,2209.5,2210.0,5951
2026-07-22 04:22:00+00:00,2212.0,2212.0,2212.0,2211.0,2211.199951171875,1585
2026-07-22 04:23:00+00:00,2210.10009765625,2210.10009765625,2212.300048828125,2210.10009765625,2212.0,3455
2026-07-22 04:24:00+00:00,2209.0,2209.0,2210.10009765625,2208.10009765625,2210.0,2152
2026-07-22 04:25:00+00:00,2210.10009765625,2210.10009765625,2210.699951171875,2208.89990234375,2209.10009765625,1336
2026-07-22 04:26:00+00:00,2209.300048828125,2209.300048828125,2211.0,2209.300048828125,2210.800048828125,2721
2026-07-22 04:27:00+00:00,2211.10009765625,2211.10009765625,2211.5,2208.10009765625,2208.10009765625,2015
2026-07-22 04:28:00+00:00,2213.199951171875,2213.199951171875,2213.60009765625,2211.60009765625,2211.60009765625,2288
2026-07-22 04:29:00+00:00,2213.800048828125,2213.800048828125,2215.89990234375,2212.60009765625,2213.300048828125,8252
2026-07-22 04:30:00+00:00,2212.699951171875,2212.699951171875,2214.89990234375,2212.699951171875,2213.800048828125,2440
2026-07-22 04:31:00+00:00,2211.199951171875,2211.199951171875,2213.39990234375,2211.0,2212.800048828125,2718
2026-07-22 04:32:00+00:00,2211.699951171875,2211.699951171875,2212.300048828125,2210.10009765625,2212.0,3269
2026-07-22 04:33:00+00:00,2210.5,2210.5,2212.0,2210.0,2211.60009765625,1208
2026-07-22 04:34:00+00:00,2212.39990234375,2212.39990234375,2213.10009765625,2210.199951171875,2211.89990234375,4311
2026-07-22 04:35:00+00:00,2217.0,2217.0,2217.60009765625,2213.10009765625,2213.199951171875,8457
2026-07-22 04:36:00+00:00,2219.800048828125,2219.800048828125,2219.800048828125,2216.800048828125,2217.800048828125,7740
2026-07-22 04:37:00+00:00,2220.39990234375,2220.39990234375,2221.39990234375,2218.199951171875,2219.0,7620
2026-07-22 04:38:00+00:00,2219.39990234375,2219.39990234375,2221.39990234375,2218.89990234375,2220.199951171875,6771
2026-07-22 04:39:00+00:00,2217.89990234375,2217.89990234375,2219.5,2217.199951171875,2219.5,2638
2026-07-22 04:40:00+00:00,2218.0,2218.0,2218.5,2217.5,2217.89990234375,2618
2026-07-22 04:41:00+00:00,2217.5,2217.5,2218.0,2217.10009765625,2217.89990234375,2365
2026-07-22 04:42:00+00:00,2216.800048828125,2216.800048828125,2217.39990234375,2216.60009765625,2217.0,3206
2026-07-22 04:43:00+00:00,2216.800048828125,2216.800048828125,2217.199951171875,2216.0,2216.800048828125,1876
2026-07-22 04:44:00+00:00,2214.5,2214.5,2216.800048828125,2214.5,2216.800048828125,2514
2026-07-22 04:45:00+00:00,2214.800048828125,2214.800048828125,2215.10009765625,2214.39990234375,2214.39990234375,1988
2026-07-22 04:46:00+00:00,2212.199951171875,2212.199951171875,2214.60009765625,2212.199951171875,2214.39990234375,2461
2026-07-22 04:47:00+00:00,2212.10009765625,2212.10009765625,2213.800048828125,2212.0,2212.699951171875,2244
2026-07-22 04:48:00+00:00,2213.5,2213.5,2213.800048828125,2212.0,2212.5,2139
2026-07-22 04:49:00+00:00,2212.60009765625,2212.60009765625,2213.300048828125,2211.89990234375,2213.199951171875,11413
2026-07-22 04:50:00+00:00,2212.10009765625,2212.10009765625,2212.89990234375,2211.699951171875,2212.60009765625,3534
2026-07-22 04:51:00+00:00,2213.699951171875,2213.699951171875,2213.699951171875,2211.0,2212.10009765625,2898
2026-07-22 04:52:00+00:00,2214.0,2214.0,2214.39990234375,2213.10009765625,2214.0,766
2026-07-22 04:53:00+00:00,2211.39990234375,2211.39990234375,2214.39990234375,2210.699951171875,2214.39990234375,10871
2026-07-22 04:54:00+00:00,2208.60009765625,2208.60009765625,2212.0,2208.60009765625,2211.300048828125,4316
2026-07-22 04:55:00+00:00,2207.39990234375,2207.39990234375,2209.300048828125,2207.10009765625,2209.300048828125,7236
2026-07-22 04:56:00+00:00,2203.0,2203.0,2207.5,2201.10009765625,2207.5,34032
2026-07-22 04:57:00+00:00,2204.199951171875,2204.199951171875,2205.0,2202.0,2203.89990234375,12417
2026-07-22 04:58:00+00:00,2206.39990234375,2206.39990234375,2207.800048828125,2203.300048828125,2203.699951171875,13227
2026-07-22 04:59:00+00:00,2206.89990234375,2206.89990234375,2207.89990234375,2206.5,2206.89990234375,1851
2026-07-22 05:00:00+00:00,2204.0,2204.0,2207.39990234375,2203.5,2207.39990234375,3144
2026-07-22 05:01:00+00:00,2203.60009765625,2203.60009765625,2205.39990234375,2203.39990234375,2203.5,5101
2026-07-22 05:02:00+00:00,2203.199951171875,2203.199951171875,2204.39990234375,2203.0,2204.0,8830
2026-07-22 05:03:00+00:00,2203.699951171875,2203.699951171875,2203.89990234375,2202.5,2203.5,3454
2026-07-22 05:04:00+00:00,2201.5,2201.5,2203.300048828125,2201.10009765625,2203.0,5517
2026-07-22 05:05:00+00:00,2202.0,2202.0,2202.0,2201.300048828125,2201.699951171875,1464
2026-07-22 05:06:00+00:00,2203.10009765625,2203.10009765625,2203.89990234375,2201.60009765625,2202.0,2419
2026-07-22 05:07:00+00:00,2202.800048828125,2202.800048828125,2204.5,2202.0,2202.800048828125,1634
2026-07-22 05:08:00+00:00,2202.800048828125,2202.800048828125,2203.10009765625,2202.0,2202.5,1579
2026-07-22 05:09:00+00:00,2203.10009765625,2203.10009765625,2204.0,2202.0,2202.60009765625,8192
2026-07-22 05:10:00+00:00,2203.0,2203.0,2204.10009765625,2203.0,2203.0,1512
2026-07-22 05:11:00+00:00,2204.5,2204.5,2205.0,2202.89990234375,2203.39990234375,2800
2026-07-22 05:12:00+00:00,2203.699951171875,2203.699951171875,2205.0,2203.10009765625,2204.5,2196
2026-07-22 05:13:00+00:00,2204.199951171875,2204.199951171875,2204.800048828125,2203.39990234375,2203.800048828125,584
2026-07-22 05:14:00+00:00,2203.0,2203.0,2204.10009765625,2203.0,2203.89990234375,2421
2026-07-22 05:15:00+00:00,2203.89990234375,2203.89990234375,2203.89990234375,2202.39990234375,2203.0,1739
2026-07-22 05:16:00+00:00,2205.89990234375,2205.89990234375,2206.199951171875,2204.800048828125,2205.800048828125,6938
2026-07-22 05:17:00+00:00,2204.10009765625,2204.10009765625,2206.199951171875,2203.300048828125,2206.199951171875,2071
2026-07-22 05:18:00+00:00,2203.699951171875,2203.699951171875,2205.60009765625,2203.199951171875,2204.10009765625,2933
2026-07-22 05:19:00+00:00,2204.699951171875,2204.699951171875,2205.60009765625,2203.199951171875,2204.60009765625,4066
2026-07-22 05:20:00+00:00,2205.300048828125,2205.300048828125,2205.5,2204.39990234375,2205.0,916
2026-07-22 05:21:00+00:00,2209.10009765625,2209.10009765625,2209.10009765625,2204.699951171875,2205.39990234375,9680
2026-07-22 05:22:00+00:00,2209.199951171875,2209.199951171875,2209.300048828125,2208.10009765625,2209.300048828125,2040
2026-07-22 05:23:00+00:00,2209.199951171875,2209.199951171875,2210.699951171875,2209.199951171875,2209.199951171875,20750
2026-07-22 05:24:00+00:00,2211.39990234375,2211.39990234375,2211.39990234375,2209.5,2210.5,4391
2026-07-22 05:25:00+00:00,2214.10009765625,2214.10009765625,2214.89990234375,2211.199951171875,2211.60009765625,13089
2026-07-22 05:26:00+00:00,2214.300048828125,2214.300048828125,2215.89990234375,2214.10009765625,2214.89990234375,11464
2026-07-22 05:27:00+00:00,2213.89990234375,2213.89990234375,2215.0,2213.10009765625,2214.800048828125,2571
2026-07-22 05:28:00+00:00,2215.5,2215.5,2215.800048828125,2213.60009765625,2214.0,6643
2026-07-22 05:29:00+00:00,2218.39990234375,2218.39990234375,2218.39990234375,2214.89990234375,2214.89990234375,33505
2026-07-22 05:30:00+00:00,2215.5,2215.5,2218.5,2215.300048828125,2218.0,18397
2026-07-22 05:31:00+00:00,2216.0,2216.0,2217.800048828125,2215.10009765625,2216.800048828125,10051
2026-07-22 05:32:00+00:00,2217.89990234375,2217.89990234375,2218.10009765625,2215.60009765625,2216.5,6311
2026-07-22 05:33:00+00:00,2215.10009765625,2215.10009765625,2217.89990234375,2215.10009765625,2217.89990234375,3175
2026-07-22 05:34:00+00:00,2213.699951171875,2213.699951171875,2215.5,2212.300048828125,2215.5,101344
2026-07-22 05:35:00+00:00,2213.60009765625,2213.60009765625,2213.89990234375,2212.699951171875,2213.699951171875,4553
2026-07-22 05:36:00+00:00,2215.5,2215.5,2215.5,2213.0,2213.0,8839
2026-07-22 05:37:00+00:00,2214.800048828125,2214.800048828125,2216.0,2214.300048828125,2215.5,2315
2026-07-22 05:38:00+00:00,2214.89990234375,2214.89990234375,2215.39990234375,2214.699951171875,2214.89990234375,1189
2026-07-22 05:39:00+00:00,2215.5,2215.5,2215.5,2214.89990234375,2214.89990234375,2260
2026-07-22 05:40:00+00:00,2215.0,2215.0,2216.0,2214.89990234375,2216.0,1799
2026-07-22 05:41:00+00:00,2215.89990234375,2215.89990234375,2216.5,2215.199951171875,2215.699951171875,3985
2026-07-22 05:42:00+00:00,2214.10009765625,2214.10009765625,2215.39990234375,2214.0,2215.39990234375,530
2026-07-22 05:43:00+00:00,2214.0,2214.0,2214.699951171875,2213.699951171875,2214.60009765625,4662
2026-07-22 05:44:00+00:00,2213.199951171875,2213.199951171875,2214.0,2213.199951171875,2214.0,674
2026-07-22 05:45:00+00:00,2213.199951171875,2213.199951171875,2214.0,2213.199951171875,2213.199951171875,1500
2026-07-22 05:46:00+00:00,2212.0,2212.0,2213.39990234375,2212.0,2213.39990234375,3655
2026-07-22 05:47:00+00:00,2212.39990234375,2212.39990234375,2213.0,2212.0,2212.60009765625,446
2026-07-22 05:48:00+00:00,2214.60009765625,2214.60009765625,2214.60009765625,2212.39990234375,2212.39990234375,3904
2026-07-22 05:49:00+00:00,2215.60009765625,2215.60009765625,2215.60009765625,2214.0,2215.199951171875,3102
2026-07-22 05:50:00+00:00,2215.0,2215.0,2215.89990234375,2215.0,2215.89990234375,612
2026-07-22 05:51:00+00:00,2216.60009765625,2216.60009765625,2216.89990234375,2215.0,2215.0,2597
2026-07-22 05:52:00+00:00,2216.5,2216.5,2217.89990234375,2216.5,2216.60009765625,7771
2026-07-22 05:53:00+00:00,2219.699951171875,2219.699951171875,2219.699951171875,2217.0,2217.39990234375,5156
2026-07-22 05:54:00+00:00,2219.0,2219.0,2219.5,2219.0,2219.0,1120
2026-07-22 05:55:00+00:00,2220.10009765625,2220.10009765625,2220.300048828125,2219.5,2219.5,11131
2026-07-22 05:56:00+00:00,2219.800048828125,2219.800048828125,2219.800048828125,2219.300048828125,2219.300048828125,2178
2026-07-22 05:57:00+00:00,2220.10009765625,2220.10009765625,2220.5,2219.699951171875,2219.800048828125,1447
2026-07-22 05:58:00+00:00,2220.60009765625,2220.60009765625,2220.89990234375,2220.39990234375,2220.39990234375,2483
2026-07-22 05:59:00+00:00,2220.39990234375,2220.39990234375,2220.89990234375,2220.10009765625,2220.60009765625,2884
2026-07-22 06:00:00+00:00,2221.89990234375,2221.89990234375,2222.699951171875,2220.39990234375,2220.39990234375,11770
2026-07-22 06:01:00+00:00,2220.39990234375,2220.39990234375,2222.699951171875,2220.39990234375,2222.0,2238
2026-07-22 06:02:00+00:00,2220.39990234375,2220.39990234375,2221.300048828125,2219.800048828125,2220.89990234375,4665
2026-07-22 06:03:00+00:00,2221.699951171875,2221.699951171875,2222.5,2220.800048828125,2221.0,2885
2026-07-22 06:04:00+00:00,2222.5,2222.5,2222.5,2221.10009765625,2221.699951171875,2822
2026-07-22 06:05:00+00:00,2222.300048828125,2222.300048828125,2222.5,2222.0,2222.5,2802
2026-07-22 06:06:00+00:00,2221.699951171875,2221.699951171875,2222.199951171875,2221.0,2221.39990234375,1694
2026-07-22 06:07:00+00:00,2220.10009765625,2220.10009765625,2221.800048828125,2220.10009765625,2221.5,1114
2026-07-22 06:08:00+00:00,2219.39990234375,2219.39990234375,2220.800048828125,2218.699951171875,2220.699951171875,3154
2026-07-22 06:09:00+00:00,2221.39990234375,2221.39990234375,2221.5,2219.199951171875,2220.0,1892
2026-07-22 06:10:00+00:00,2220.300048828125,2220.300048828125,2221.5,2220.0,2221.5,898
2026-07-22 06:11:00+00:00,2221.39990234375,2221.39990234375,2221.699951171875,2220.0,2220.300048828125,2878
2026-07-22 06:12:00+00:00,2223.5,2223.5,2223.5,2222.0,2222.199951171875,4591
2026-07-22 06:13:00+00:00,2224.300048828125,2224.300048828125,2226.60009765625,2224.0,2224.0,12949
2026-07-22 06:14:00+00:00,2224.0,2224.0,2224.89990234375,2223.199951171875,2224.89990234375,2438
2026-07-22 06:15:00+00:00,2226.300048828125,2226.300048828125,2226.800048828125,2224.5,2225.0,6020
2026-07-22 06:16:00+00:00,2224.5,2224.5,2226.0,2223.699951171875,2226.0,1611
2026-07-22 06:17:00+00:00,2224.0,2224.0,2225.300048828125,2223.699951171875,2225.10009765625,1893
2026-07-22 06:18:00+00:00,2225.0,2225.0,2225.300048828125,2224.0,2224.0,4315
2026-07-22 06:19:00+00:00,2225.89990234375,2225.89990234375,2226.0,2224.0,2225.0,2507
2026-07-22 06:20:00+00:00,2224.0,2224.0,2225.89990234375,2223.60009765625,2225.89990234375,1770
2026-07-22 06:21:00+00:00,2223.300048828125,2223.300048828125,2224.5,2222.800048828125,2224.5,1968
2026-07-22 06:22:00+00:00,2224.0,2224.0,2224.89990234375,2223.300048828125,2223.300048828125,1498
2026-07-22 06:23:00+00:00,2224.60009765625,2224.60009765625,2225.0,2224.0,2224.60009765625,1268
2026-07-22 06:24:00+00:00,2222.199951171875,2222.199951171875,2224.5,2222.199951171875,2224.5,2713
2026-07-22 06:25:00+00:00,2223.199951171875,2223.199951171875,2223.300048828125,2222.199951171875,2222.5,1544
2026-07-22 06:26:00+00:00,2222.39990234375,2222.39990234375,2223.199951171875,2222.0,2223.199951171875,1415
2026-07-22 06:27:00+00:00,2221.5,2221.5,2222.39990234375,2221.199951171875,2222.39990234375,2108
2026-07-22 06:28:00+00:00,2221.5,2221.5,2221.89990234375,2221.300048828125,2221.300048828125,1457
2026-07-22 06:29:00+00:00,2222.39990234375,2222.39990234375,2222.39990234375,2221.199951171875,2221.699951171875,3992
2026-07-22 06:30:00+00:00,2221.39990234375,2221.39990234375,2223.0,2221.39990234375,2222.699951171875,3279
2026-07-22 06:31:00+00:00,2221.10009765625,2221.10009765625,2222.0,2221.0,2222.0,1767
2026-07-22 06:32:00+00:00,2221.60009765625,2221.60009765625,2221.60009765625,2220.10009765625,2221.60009765625,1480
2026-07-22 06:33:00+00:00,2220.89990234375,2220.89990234375,2221.10009765625,2220.0,2221.0,3553
2026-07-22 06:34:00+00:00,2221.39990234375,2221.39990234375,2221.800048828125,2220.10009765625,2220.800048828125,1636
2026-07-22 06:35:00+00:00,2220.60009765625,2220.60009765625,2221.5,2220.60009765625,2220.699951171875,1434
2026-07-22 06:36:00+00:00,2220.89990234375,2220.89990234375,2221.10009765625,2220.0,2220.800048828125,4015
2026-07-22 06:37:00+00:00,2220.89990234375,2220.89990234375,2221.5,2220.300048828125,2221.10009765625,1117
2026-07-22 06:38:00+00:00,2221.5,2221.5,2222.0,2221.0,2221.0,526
2026-07-22 06:39:00+00:00,2220.800048828125,2220.800048828125,2221.300048828125,2220.800048828125,2221.300048828125,2214
2026-07-22 06:40:00+00:00,2220.800048828125,2220.800048828125,2221.0,2220.0,2220.0,1611
2026-07-22 06:41:00+00:00,2221.39990234375,2221.39990234375,2221.5,2221.0,2221.199951171875,2461
2026-07-22 06:42:00+00:00,2221.60009765625,2221.60009765625,2222.0,2221.199951171875,2222.0,935
2026-07-22 06:43:00+00:00,2220.60009765625,2220.60009765625,2221.699951171875,2220.5,2221.60009765625,2134
2026-07-22 06:44:00+00:00,2220.89990234375,2220.89990234375,2221.60009765625,2220.60009765625,2221.199951171875,815
2026-07-22 06:45:00+00:00,2223.300048828125,2223.300048828125,2223.89990234375,2220.60009765625,2221.300048828125,4325
2026-07-22 06:46:00+00:00,2224.0,2224.0,2224.0,2223.300048828125,2223.5,2034
2026-07-22 06:47:00+00:00,2223.699951171875,2223.699951171875,2224.0,2223.699951171875,2224.0,1548
2026-07-22 06:48:00+00:00,2221.10009765625,2221.10009765625,2224.0,2221.10009765625,2224.0,2058
2026-07-22 06:49:00+00:00,2219.300048828125,2219.300048828125,2221.0,2219.300048828125,2221.0,2751
2026-07-22 06:50:00+00:00,2217.60009765625,2217.60009765625,2218.39990234375,2215.300048828125,2217.800048828125,10026
2026-07-22 06:51:00+00:00,2217.10009765625,2217.10009765625,2218.0,2216.0,2217.800048828125,2157
2026-07-22 06:52:00+00:00,2215.0,2215.0,2217.0,2215.0,2217.0,2933
2026-07-22 06:53:00+00:00,2215.800048828125,2215.800048828125,2215.800048828125,2214.300048828125,2215.199951171875,2010
2026-07-22 06:54:00+00:00,2215.39990234375,2215.39990234375,2215.89990234375,2215.0,2215.0,2796
2026-07-22 06:55:00+00:00,2215.60009765625,2215.60009765625,2216.5,2215.5,2215.89990234375,618
2026-07-22 06:56:00+00:00,2215.60009765625,2215.60009765625,2215.699951171875,2215.0,2215.199951171875,1239
2026-07-22 06:57:00+00:00,2215.5,2215.5,2216.199951171875,2215.10009765625,2215.10009765625,871
2026-07-22 06:58:00+00:00,2215.0,2215.0,2215.60009765625,2215.0,2215.5,721
2026-07-22 06:59:00+00:00,2214.5,2214.5,2215.10009765625,2214.0,2215.10009765625,5648
2026-07-22 07:00:00+00:00,2216.5,2216.5,2216.5,2214.5,2215.5,2330
2026-07-22 07:01:00+00:00,2215.10009765625,2215.10009765625,2216.5,2215.0,2215.89990234375,856
2026-07-22 07:02:00+00:00,2214.5,2214.5,2215.5,2214.39990234375,2215.5,2485
2026-07-22 07:03:00+00:00,2214.39990234375,2214.39990234375,2215.0,2214.39990234375,2215.0,507
2026-07-22 07:04:00+00:00,2215.10009765625,2215.10009765625,2215.10009765625,2214.0,2214.10009765625,2905
2026-07-22 07:05:00+00:00,2214.300048828125,2214.300048828125,2215.0,2214.199951171875,2214.800048828125,965
2026-07-22 07:06:00+00:00,2213.39990234375,2213.39990234375,2215.300048828125,2213.10009765625,2214.800048828125,2280
2026-07-22 07:07:00+00:00,2213.10009765625,2213.10009765625,2213.800048828125,2213.10009765625,2213.5,1007
2026-07-22 07:08:00+00:00,2212.0,2212.0,2213.800048828125,2212.0,2213.39990234375,3661
2026-07-22 07:09:00+00:00,2213.199951171875,2213.199951171875,2213.800048828125,2212.0,2212.0,1793
2026-07-22 07:10:00+00:00,2213.0,2213.0,2213.199951171875,2212.10009765625,2213.199951171875,2683
2026-07-22 07:11:00+00:00,2211.5,2211.5,2213.0,2211.5,2212.300048828125,2444
2026-07-22 07:12:00+00:00,2211.5,2211.5,2213.5,2210.89990234375,2211.89990234375,3331
2026-07-22 07:13:00+00:00,2211.0,2211.0,2211.39990234375,2210.10009765625,2211.199951171875,2106
2026-07-22 07:14:00+00:00,2210.89990234375,2210.89990234375,2210.89990234375,2210.199951171875,2210.699951171875,2345
2026-07-22 07:15:00+00:00,2210.800048828125,2210.800048828125,2211.5,2210.5,2211.199951171875,2602
2026-07-22 07:16:00+00:00,2210.800048828125,2210.800048828125,2211.60009765625,2210.5,2210.5,2240
2026-07-22 07:17:00+00:00,2211.0,2211.0,2211.199951171875,2210.89990234375,2211.199951171875,268
2026-07-22 07:18:00+00:00,2211.800048828125,2211.800048828125,2212.800048828125,2211.60009765625,2212.5,1576
2026-07-22 07:19:00+00:00,2210.39990234375,2210.39990234375,2212.300048828125,2210.39990234375,2211.89990234375,2880
2026-07-22 07:20:00+00:00,2212.300048828125,2212.300048828125,2212.699951171875,2210.39990234375,2211.300048828125,1200
2026-07-22 07:21:00+00:00,2211.800048828125,2211.800048828125,2212.699951171875,2211.0,2212.300048828125,2143
2026-07-22 07:22:00+00:00,2209.0,2209.0,2211.89990234375,2209.0,2211.699951171875,6286
2026-07-22 07:23:00+00:00,2208.39990234375,2208.39990234375,2209.39990234375,2207.699951171875,2209.39990234375,4694
2026-07-22 07:24:00+00:00,2208.5,2208.5,2208.60009765625,2207.800048828125,2208.300048828125,2054
2026-07-22 07:25:00+00:00,2207.0,2207.0,2208.39990234375,2207.0,2207.699951171875,3242
2026-07-22 07:26:00+00:00,2206.0,2206.0,2207.39990234375,2206.0,2207.39990234375,1886
2026-07-22 07:27:00+00:00,2208.0,2208.0,2208.0,2206.0,2206.0,2997
2026-07-22 07:28:00+00:00,2207.39990234375,2207.39990234375,2209.0,2207.39990234375,2208.0,1387
2026-07-22 07:29:00+00:00,2206.39990234375,2206.39990234375,2207.60009765625,2205.39990234375,2207.60009765625,1429
2026-07-22 07:30:00+00:00,2205.10009765625,2205.10009765625,2206.60009765625,2205.10009765625,2206.5,1390
2026-07-22 07:31:00+00:00,2205.10009765625,2205.10009765625,2206.0,2205.10009765625,2205.60009765625,1763
2026-07-22 07:32:00+00:00,2205.39990234375,2205.39990234375,2205.60009765625,2205.0,2205.300048828125,917
2026-07-22 07:33:00+00:00,2205.0,2205.0,2205.60009765625,2205.0,2205.5,1102
2026-07-22 07:34:00+00:00,2204.5,2204.5,2205.39990234375,2204.0,2205.0,4039
2026-07-22 07:35:00+00:00,2204.699951171875,2204.699951171875,2205.0,2204.39990234375,2204.800048828125,871
2026-07-22 07:36:00+00:00,2205.5,2205.5,2205.800048828125,2204.699951171875,2204.89990234375,1613
2026-07-22 07:37:00+00:00,2205.0,2205.0,2205.5,2205.0,2205.10009765625,1013
2026-07-22 07:38:00+00:00,2205.39990234375,2205.39990234375,2206.0,2205.0,2205.300048828125,877
2026-07-22 07:39:00+00:00,2205.10009765625,2205.10009765625,2205.39990234375,2205.0,2205.39990234375,1539
2026-07-22 07:40:00+00:00,2205.10009765625,2205.10009765625,2205.199951171875,2205.0,2205.0,764
2026-07-22 07:41:00+00:00,2204.89990234375,2204.89990234375,2205.39990234375,2204.800048828125,2205.10009765625,2840
2026-07-22 07:42:00+00:00,2206.60009765625,2206.60009765625,2206.60009765625,2204.0,2204.39990234375,3466
2026-07-22 07:43:00+00:00,2204.60009765625,2204.60009765625,2206.10009765625,2204.39990234375,2205.800048828125,1360
2026-07-22 07:44:00+00:00,2205.0,2205.0,2205.10009765625,2204.39990234375,2205.10009765625,976
2026-07-22 07:45:00+00:00,2205.199951171875,2205.199951171875,2205.800048828125,2204.699951171875,2204.699951171875,1574
2026-07-22 07:46:00+00:00,2206.5,2206.5,2206.89990234375,2205.10009765625,2205.800048828125,1666
2026-07-22 07:47:00+00:00,2206.0,2206.0,2206.800048828125,2206.0,2206.10009765625,776
2026-07-22 07:48:00+00:00,2206.60009765625,2206.60009765625,2206.699951171875,2206.0,2206.5,687
2026-07-22 07:49:00+00:00,2206.10009765625,2206.10009765625,2207.39990234375,2206.10009765625,2206.800048828125,4340
2026-07-22 07:50:00+00:00,2207.5,2207.5,2207.5,2206.0,2206.39990234375,3685
2026-07-22 07:51:00+00:00,2206.0,2206.0,2207.60009765625,2206.0,2207.60009765625,1713
2026-07-22 07:52:00+00:00,2205.89990234375,2205.89990234375,2206.199951171875,2204.39990234375,2205.39990234375,3547
2026-07-22 07:53:00+00:00,2205.300048828125,2205.300048828125,2206.39990234375,2205.0,2206.39990234375,858
2026-07-22 07:54:00+00:00,2205.0,2205.0,2205.5,2205.0,2205.0,553
2026-07-22 07:55:00+00:00,2204.300048828125,2204.300048828125,2205.0,2204.300048828125,2204.699951171875,832
2026-07-22 07:56:00+00:00,2205.60009765625,2205.60009765625,2205.699951171875,2204.39990234375,2204.89990234375,1396
2026-07-22 07:57:00+00:00,2206.5,2206.5,2207.10009765625,2205.300048828125,2205.300048828125,1794
2026-07-22 07:58:00+00:00,2206.60009765625,2206.60009765625,2207.199951171875,2205.89990234375,2207.0,1269
2026-07-22 07:59:00+00:00,2206.300048828125,2206.300048828125,2206.89990234375,2205.60009765625,2206.699951171875,2333
2026-07-22 08:00:00+00:00,2206.0,2206.0,2206.199951171875,2205.60009765625,2205.60009765625,829
2026-07-22 08:01:00+00:00,2208.300048828125,2208.300048828125,2208.60009765625,2205.89990234375,2205.89990234375,3465
2026-07-22 08:02:00+00:00,2208.199951171875,2208.199951171875,2209.0,2208.0,2209.0,3801
2026-07-22 08:03:00+00:00,2208.5,2208.5,2209.39990234375,2208.0,2209.0,1944
2026-07-22 08:04:00+00:00,2208.5,2208.5,2208.800048828125,2208.199951171875,2208.199951171875,767
2026-07-22 08:05:00+00:00,2211.5,2211.5,2211.5,2208.0,2208.0,3016
2026-07-22 08:06:00+00:00,2210.0,2210.0,2211.0,2209.5,2209.800048828125,2814
2026-07-22 08:07:00+00:00,2210.60009765625,2210.60009765625,2211.0,2209.39990234375,2210.300048828125,572
2026-07-22 08:08:00+00:00,2208.5,2208.5,2210.89990234375,2208.5,2210.89990234375,1505
2026-07-22 08:09:00+00:00,2209.60009765625,2209.60009765625,2209.60009765625,2208.5,2208.5,2201
2026-07-22 08:10:00+00:00,2208.800048828125,2208.800048828125,2209.60009765625,2208.5,2208.5,1370
2026-07-22 08:11:00+00:00,2208.60009765625,2208.60009765625,2209.5,2208.60009765625,2208.89990234375,804
2026-07-22 08:12:00+00:00,2207.800048828125,2207.800048828125,2208.0,2206.5,2208.0,4382
2026-07-22 08:13:00+00:00,2209.0,2209.0,2209.89990234375,2208.60009765625,2208.699951171875,560
2026-07-22 08:14:00+00:00,2209.199951171875,2209.199951171875,2210.300048828125,2208.800048828125,2208.800048828125,612
2026-07-22 08:15:00+00:00,2208.10009765625,2208.10009765625,2209.699951171875,2208.10009765625,2209.699951171875,646
2026-07-22 08:16:00+00:00,2208.199951171875,2208.199951171875,2208.5,2208.0,2208.5,742
2026-07-22 08:17:00+00:00,2209.0,2209.0,2209.0,2208.0,2208.5,663
2026-07-22 08:18:00+00:00,2209.0,2209.0,2209.0,2208.5,2208.89990234375,2104
2026-07-22 08:19:00+00:00,2208.39990234375,2208.39990234375,2209.10009765625,2208.39990234375,2209.0,673
2026-07-22 08:20:00+00:00,2208.300048828125,2208.300048828125,2209.10009765625,2208.0,2208.199951171875,1112
2026-07-22 08:21:00+00:00,2207.800048828125,2207.800048828125,2209.10009765625,2207.699951171875,2208.800048828125,1317
2026-07-22 08:22:00+00:00,2207.199951171875,2207.199951171875,2208.199951171875,2207.199951171875,2208.0,488
2026-07-22 08:23:00+00:00,2207.5,2207.5,2208.5,2207.10009765625,2208.0,1476
2026-07-22 08:24:00+00:00,2207.300048828125,2207.300048828125,2208.10009765625,2207.300048828125,2207.5,1307
2026-07-22 08:25:00+00:00,2207.60009765625,2207.60009765625,2207.89990234375,2207.0,2207.300048828125,1155
2026-07-22 08:26:00+00:00,2207.39990234375,2207.39990234375,2208.39990234375,2207.0,2208.0,725
2026-07-22 08:27:00+00:00,2206.60009765625,2206.60009765625,2207.89990234375,2206.199951171875,2207.39990234375,1067
2026-07-22 08:28:00+00:00,2207.0,2207.0,2207.0,2206.0,2206.0,655
2026-07-22 08:29:00+00:00,2207.0,2207.0,2207.0,2206.300048828125,2206.89990234375,514
2026-07-22 08:30:00+00:00,2205.60009765625,2205.60009765625,2206.0,2205.60009765625,2206.0,1206
2026-07-22 08:31:00+00:00,2206.0,2206.0,2206.699951171875,2205.60009765625,2205.60009765625,1462
2026-07-22 08:32:00+00:00,2207.800048828125,2207.800048828125,2207.800048828125,2206.39990234375,2206.39990234375,1144
2026-07-22 08:33:00+00:00,2208.0,2208.0,2208.699951171875,2207.699951171875,2207.89990234375,399
2026-07-22 08:34:00+00:00,2207.699951171875,2207.699951171875,2208.89990234375,2207.699951171875,2208.0,880
2026-07-22 08:35:00+00:00,2208.39990234375,2208.39990234375,2209.199951171875,2207.60009765625,2208.39990234375,2820
2026-07-22 08:36:00+00:00,2207.89990234375,2207.89990234375,2209.10009765625,2207.39990234375,2209.0,518
2026-07-22 08:37:00+00:00,2207.10009765625,2207.10009765625,2208.300048828125,2207.10009765625,2208.199951171875,679
2026-07-22 08:38:00+00:00,2208.800048828125,2208.800048828125,2209.10009765625,2207.5,2207.60009765625,10612
2026-07-22 08:39:00+00:00,2208.5,2208.5,2209.5,2207.89990234375,2209.5,1917
2026-07-22 08:40:00+00:00,2208.0,2208.0,2208.5,2207.5,2208.300048828125,708
2026-07-22 08:41:00+00:00,2209.5,2209.5,2209.800048828125,2208.5,2208.5,2543
2026-07-22 08:42:00+00:00,2208.39990234375,2208.39990234375,2209.300048828125,2208.0,2209.199951171875,1207
2026-07-22 08:43:00+00:00,2208.800048828125,2208.800048828125,2209.800048828125,2208.300048828125,2208.89990234375,1586
2026-07-22 08:44:00+00:00,2209.300048828125,2209.300048828125,2209.300048828125,2208.5,2208.60009765625,2919
2026-07-22 08:45:00+00:00,2209.5,2209.5,2209.5,2208.60009765625,2209.0,2526
2026-07-22 08:46:00+00:00,2210.0,2210.0,2210.0,2209.0,2209.5,4273
2026-07-22 08:47:00+00:00,2209.89990234375,2209.89990234375,2211.0,2209.89990234375,2211.0,2718
2026-07-22 08:48:00+00:00,2209.10009765625,2209.10009765625,2210.89990234375,2209.10009765625,2209.699951171875,1602
2026-07-22 08:49:00+00:00,2208.10009765625,2208.10009765625,2209.5,2208.10009765625,2209.300048828125,1396
2026-07-22 08:50:00+00:00,2208.800048828125,2208.800048828125,2209.0,2207.800048828125,2208.89990234375,860
2026-07-22 08:51:00+00:00,2208.0,2208.0,2209.0,2207.0,2209.0,1144
2026-07-22 08:52:00+00:00,2209.60009765625,2209.60009765625,2210.0,2208.89990234375,2209.0,1436
2026-07-22 08:53:00+00:00,2209.10009765625,2209.10009765625,2209.800048828125,2208.60009765625,2209.800048828125,784
2026-07-22 08:54:00+00:00,2208.89990234375,2208.89990234375,2209.199951171875,2208.0,2208.5,691
2026-07-22 08:55:00+00:00,2208.800048828125,2208.800048828125,2208.89990234375,2208.0,2208.89990234375,606
2026-07-22 08:56:00+00:00,2208.0,2208.0,2208.5,2208.0,2208.5,1007
2026-07-22 08:57:00+00:00,2208.5,2208.5,2208.89990234375,2208.0,2208.5,855
2026-07-22 08:58:00+00:00,2208.39990234375,2208.39990234375,2210.0,2208.300048828125,2208.300048828125,1277
2026-07-22 08:59:00+00:00,2208.0,2208.0,2209.0,2208.0,2208.5,646
2026-07-22 09:00:00+00:00,2207.10009765625,2207.10009765625,2208.699951171875,2207.10009765625,2208.5,10555
2026-07-22 09:01:00+00:00,2207.699951171875,2207.699951171875,2207.699951171875,2207.199951171875,2207.699951171875,680
2026-07-22 09:02:00+00:00,2207.60009765625,2207.60009765625,2207.89990234375,2207.10009765625,2207.5,1897
2026-07-22 09:03:00+00:00,2207.800048828125,2207.800048828125,2208.39990234375,2207.199951171875,2207.699951171875,1094
2026-07-22 09:04:00+00:00,2208.300048828125,2208.300048828125,2209.800048828125,2208.199951171875,2208.39990234375,1851
2026-07-22 09:05:00+00:00,2209.0,2209.0,2209.800048828125,2209.0,2209.10009765625,741
2026-07-22 09:06:00+00:00,2210.0,2210.0,2210.199951171875,2209.300048828125,2209.60009765625,1819
2026-07-22 09:07:00+00:00,2209.10009765625,2209.10009765625,2209.89990234375,2209.0,2209.89990234375,2817
2026-07-22 09:08:00+00:00,2209.800048828125,2209.800048828125,2210.0,2209.5,2209.800048828125,1792
2026-07-22 09:09:00+00:00,2208.199951171875,2208.199951171875,2209.300048828125,2208.199951171875,2209.10009765625,2496
2026-07-22 09:10:00+00:00,2208.10009765625,2208.10009765625,2209.0,2208.10009765625,2208.5,2155
2026-07-22 09:11:00+00:00,2208.5,2208.5,2208.800048828125,2208.0,2208.300048828125,1941
2026-07-22 09:12:00+00:00,2208.0,2208.0,2208.39990234375,2207.300048828125,2208.199951171875,2171
2026-07-22 09:13:00+00:00,2209.10009765625,2209.10009765625,2210.199951171875,2208.0,2208.0,8377
2026-07-22 09:14:00+00:00,2208.10009765625,2208.10009765625,2209.10009765625,2208.10009765625,2209.0,2793
2026-07-22 09:15:00+00:00,2208.0,2208.0,2208.800048828125,2208.0,2208.39990234375,2148
2026-07-22 09:16:00+00:00,2208.800048828125,2208.800048828125,2208.89990234375,2207.89990234375,2208.10009765625,2020
2026-07-22 09:17:00+00:00,2209.0,2209.0,2209.300048828125,2207.699951171875,2208.10009765625,3067
2026-07-22 09:18:00+00:00,2207.300048828125,2207.300048828125,2208.699951171875,2207.300048828125,2208.699951171875,2925
2026-07-22 09:19:00+00:00,2207.89990234375,2207.89990234375,2208.699951171875,2207.5,2208.10009765625,1611
2026-07-22 09:20:00+00:00,2207.699951171875,2207.699951171875,2207.89990234375,2207.0,2207.5,3098
2026-07-22 09:21:00+00:00,2208.0,2208.0,2208.5,2207.39990234375,2208.5,1049
2026-07-22 09:22:00+00:00,2208.0,2208.0,2208.0,2207.60009765625,2207.800048828125,1770
2026-07-22 09:23:00+00:00,2207.10009765625,2207.10009765625,2208.0,2206.699951171875,2207.699951171875,4345
2026-07-22 09:24:00+00:00,2208.39990234375,2208.39990234375,2209.0,2206.5,2206.89990234375,4024
2026-07-22 09:25:00+00:00,2208.0,2208.0,2208.60009765625,2208.0,2208.39990234375,2197
2026-07-22 09:26:00+00:00,2207.10009765625,2207.10009765625,2207.89990234375,2207.10009765625,2207.89990234375,2257
2026-07-22 09:27:00+00:00,2206.5,2206.5,2207.39990234375,2206.5,2207.0,3335
2026-07-22 09:28:00+00:00,2208.800048828125,2208.800048828125,2209.0,2207.0,2207.10009765625,2103
2026-07-22 09:29:00+00:00,2209.60009765625,2209.60009765625,2209.89990234375,2207.89990234375,2208.89990234375,2129
2026-07-22 09:30:00+00:00,2211.300048828125,2211.300048828125,2212.0,2209.300048828125,2209.300048828125,8252
2026-07-22 09:31:00+00:00,2210.39990234375,2210.39990234375,2211.300048828125,2209.699951171875,2211.300048828125,5889
2026-07-22 09:32:00+00:00,2210.10009765625,2210.10009765625,2210.39990234375,2210.10009765625,2210.199951171875,3361
2026-07-22 09:33:00+00:00,2210.0,2210.0,2210.39990234375,2209.60009765625,2210.300048828125,5482
2026-07-22 09:34:00+00:00,2209.39990234375,2209.39990234375,2210.10009765625,2209.39990234375,2210.0,3256
2026-07-22 09:35:00+00:00,2209.60009765625,2209.60009765625,2209.800048828125,2208.699951171875,2208.800048828125,8431
2026-07-22 09:36:00+00:00,2210.300048828125,2210.300048828125,2211.300048828125,2210.300048828125,2210.5,5924
2026-07-22 09:37:00+00:00,2210.300048828125,2210.300048828125,2210.300048828125,2209.60009765625,2210.10009765625,4819
2026-07-22 09:38:00+00:00,2210.199951171875,2210.199951171875,2210.5,2209.5,2210.5,5782
2026-07-22 09:39:00+00:00,2207.60009765625,2207.60009765625,2210.10009765625,2207.60009765625,2210.10009765625,21274
2026-07-22 09:40:00+00:00,2208.5,2208.5,2208.89990234375,2207.199951171875,2207.800048828125,13981
2026-07-22 09:41:00+00:00,2207.60009765625,2207.60009765625,2208.5,2207.5,2208.5,4459
2026-07-22 09:42:00+00:00,2208.39990234375,2208.39990234375,2208.39990234375,2207.5,2207.699951171875,5433
2026-07-22 09:43:00+00:00,2209.5,2209.5,2209.699951171875,2209.10009765625,2209.10009765625,7444
2026-07-22 09:44:00+00:00,2209.199951171875,2209.199951171875,2210.0,2209.10009765625,2209.699951171875,7401
2026-07-22 09:45:00+00:00,2207.60009765625,2207.60009765625,2209.199951171875,2207.300048828125,2209.199951171875,5668
2026-07-22 09:46:00+00:00,2207.60009765625,2207.60009765625,2207.800048828125,2207.60009765625,2207.800048828125,4154
2026-07-22 09:47:00+00:00,2207.199951171875,2207.199951171875,2207.60009765625,2207.199951171875,2207.60009765625,5752
2026-07-22 09:48:00+00:00,2206.800048828125,2206.800048828125,2207.5,2206.60009765625,2207.300048828125,10686
2026-07-22 09:49:00+00:00,2206.89990234375,2206.89990234375,2206.89990234375,2206.39990234375,2206.5,4212
2026-07-22 09:50:00+00:00,2207.199951171875,2207.199951171875,2207.300048828125,2206.800048828125,2206.89990234375,13122
2026-07-22 09:51:00+00:00,2207.39990234375,2207.39990234375,2207.60009765625,2207.0,2207.300048828125,7042
2026-07-22 09:52:00+00:00,2207.0,2207.0,2207.10009765625,2206.300048828125,2207.10009765625,6708
2026-07-22 09:53:00+00:00,2206.5,2206.5,2207.199951171875,2206.199951171875,2206.800048828125,8368
2026-07-22 09:54:00+00:00,2208.39990234375,2208.39990234375,2208.39990234375,2206.60009765625,2206.60009765625,15824
2026-07-22 09:55:00+00:00,2208.800048828125,2208.800048828125,2209.0,2207.5,2207.5,13658
2026-07-22 09:56:00+00:00,2208.300048828125,2208.300048828125,2209.0,2208.199951171875,2209.0,9096
2026-07-22 09:57:00+00:00,2207.89990234375,2207.89990234375,2208.5,2207.89990234375,2208.5,9028
2026-07-22 09:58:00+00:00,2206.800048828125,2206.800048828125,2208.0,2206.800048828125,2208.0,13383
2026-07-22 09:59:00+00:00,2208.300048828125,2208.300048828125,2208.300048828125,2205.800048828125,2207.89990234375,10219
2026-07-23 03:45:00+00:00,2207.89990234375,2207.89990234375,2209.300048828125,2201.89990234375,2204.0,0
2026-07-23 03:46:00+00:00,2199.60009765625,2199.60009765625,2210.39990234375,2198.300048828125,2208.0,17349
2026-07-23 03:47:00+00:00,2197.10009765625,2197.10009765625,2199.199951171875,2196.0,2197.199951171875,11049
2026-07-23 03:48:00+00:00,2199.199951171875,2199.199951171875,2199.199951171875,2193.800048828125,2196.699951171875,14319
2026-07-23 03:49:00+00:00,2200.0,2200.0,2202.0,2198.800048828125,2199.10009765625,5188
2026-07-23 03:50:00+00:00,2198.699951171875,2198.699951171875,2200.5,2198.39990234375,2200.5,5302
2026-07-23 03:51:00+00:00,2198.89990234375,2198.89990234375,2201.0,2198.699951171875,2200.0,5111
2026-07-23 03:52:00+00:00,2199.60009765625,2199.60009765625,2199.60009765625,2197.199951171875,2198.89990234375,6616
2026-07-23 03:53:00+00:00,2200.0,2200.0,2200.5,2199.39990234375,2200.0,2604
2026-07-23 03:54:00+00:00,2202.0,2202.0,2202.5,2201.0,2201.0,6381
2026-07-23 03:55:00+00:00,2199.5,2199.5,2202.0,2198.300048828125,2201.89990234375,4286
2026-07-23 03:56:00+00:00,2200.10009765625,2200.10009765625,2200.699951171875,2199.10009765625,2200.10009765625,3580
2026-07-23 03:57:00+00:00,2200.300048828125,2200.300048828125,2200.300048828125,2199.0,2199.5,3438
2026-07-23 03:58:00+00:00,2196.199951171875,2196.199951171875,2200.10009765625,2196.199951171875,2200.10009765625,6816
2026-07-23 03:59:00+00:00,2195.0,2195.0,2197.0,2195.0,2196.39990234375,5611
2026-07-23 04:00:00+00:00,2198.199951171875,2198.199951171875,2198.39990234375,2194.0,2195.10009765625,4346
2026-07-23 04:01:00+00:00,2197.89990234375,2197.89990234375,2199.10009765625,2197.300048828125,2198.199951171875,2181
2026-07-23 04:02:00+00:00,2196.60009765625,2196.60009765625,2198.10009765625,2195.0,2197.60009765625,2705
2026-07-23 04:03:00+00:00,2195.60009765625,2195.60009765625,2196.699951171875,2195.10009765625,2196.10009765625,1912
2026-07-23 04:04:00+00:00,2199.0,2199.0,2199.0,2195.800048828125,2195.89990234375,3960
2026-07-23 04:05:00+00:00,2198.300048828125,2198.300048828125,2199.39990234375,2197.5,2198.89990234375,2629
2026-07-23 04:06:00+00:00,2198.0,2198.0,2198.5,2196.699951171875,2197.800048828125,3869
2026-07-23 04:07:00+00:00,2200.10009765625,2200.10009765625,2200.5,2198.5,2198.5,8078
2026-07-23 04:08:00+00:00,2206.0,2206.0,2206.0,2200.60009765625,2200.60009765625,12201
2026-07-23 04:09:00+00:00,2206.39990234375,2206.39990234375,2206.800048828125,2203.5,2206.199951171875,7491
2026-07-23 04:10:00+00:00,2206.39990234375,2206.39990234375,2207.89990234375,2205.199951171875,2207.0,6463
2026-07-23 04:11:00+00:00,2207.39990234375,2207.39990234375,2207.5,2206.10009765625,2206.699951171875,5639
2026-07-23 04:12:00+00:00,2206.0,2206.0,2208.0,2206.0,2207.89990234375,2809
2026-07-23 04:13:00+00:00,2204.89990234375,2204.89990234375,2206.0,2204.89990234375,2206.0,6171
2026-07-23 04:14:00+00:00,2205.699951171875,2205.699951171875,2206.300048828125,2205.0,2205.0,3441
2026-07-23 04:15:00+00:00,2208.699951171875,2208.699951171875,2208.699951171875,2206.199951171875,2206.199951171875,5335
2026-07-23 04:16:00+00:00,2208.800048828125,2208.800048828125,2210.0,2207.800048828125,2208.60009765625,11332
2026-07-23 04:17:00+00:00,2209.60009765625,2209.60009765625,2209.60009765625,2208.0,2208.800048828125,2122
2026-07-23 04:18:00+00:00,2209.0,2209.0,2209.699951171875,2208.199951171875,2209.300048828125,3464
2026-07-23 04:19:00+00:00,2212.10009765625,2212.10009765625,2212.39990234375,2209.0,2209.0,14506
2026-07-23 04:20:00+00:00,2213.5,2213.5,2214.5,2212.10009765625,2212.10009765625,5897
2026-07-23 04:21:00+00:00,2210.5,2210.5,2214.5,2210.0,2213.699951171875,10543
2026-07-23 04:22:00+00:00,2211.300048828125,2211.300048828125,2211.39990234375,2209.39990234375,2210.0,7629
2026-07-23 04:23:00+00:00,2211.60009765625,2211.60009765625,2212.5,2210.60009765625,2211.800048828125,3031
2026-07-23 04:24:00+00:00,2208.800048828125,2208.800048828125,2212.0,2208.39990234375,2211.5,5350
2026-07-23 04:25:00+00:00,2209.89990234375,2209.89990234375,2210.199951171875,2208.10009765625,2208.89990234375,3015
2026-07-23 04:26:00+00:00,2208.5,2208.5,2209.5,2206.60009765625,2209.300048828125,3120
2026-07-23 04:27:00+00:00,2208.0,2208.0,2209.89990234375,2208.0,2209.89990234375,1555
2026-07-23 04:28:00+00:00,2207.699951171875,2207.699951171875,2209.0,2207.0,2207.800048828125,4308
2026-07-23 04:29:00+00:00,2209.0,2209.0,2209.0,2208.10009765625,2208.199951171875,1774
2026-07-23 04:30:00+00:00,2209.800048828125,2209.800048828125,2210.0,2208.5,2209.199951171875,1808
2026-07-23 04:31:00+00:00,2211.0,2211.0,2212.0,2209.800048828125,2209.800048828125,8254
2026-07-23 04:32:00+00:00,2210.0,2210.0,2212.0,2210.0,2211.0,4197
2026-07-23 04:33:00+00:00,2208.89990234375,2208.89990234375,2210.699951171875,2208.89990234375,2210.5,5389
2026-07-23 04:34:00+00:00,2210.300048828125,2210.300048828125,2210.39990234375,2208.699951171875,2209.0,1564
2026-07-23 04:35:00+00:00,2211.39990234375,2211.39990234375,2212.0,2209.300048828125,2210.300048828125,2813
2026-07-23 04:36:00+00:00,2211.0,2211.0,2212.0,2210.199951171875,2211.60009765625,3286
2026-07-23 04:37:00+00:00,2207.60009765625,2207.60009765625,2211.60009765625,2206.10009765625,2211.10009765625,5454
2026-07-23 04:38:00+00:00,2209.800048828125,2209.800048828125,2209.800048828125,2207.10009765625,2207.60009765625,4899
2026-07-23 04:39:00+00:00,2209.699951171875,2209.699951171875,2210.0,2208.5,2209.39990234375,421
2026-07-23 04:40:00+00:00,2210.10009765625,2210.10009765625,2210.699951171875,2209.10009765625,2209.800048828125,1279
2026-07-23 04:41:00+00:00,2210.60009765625,2210.60009765625,2210.89990234375,2209.60009765625,2210.199951171875,3236
2026-07-23 04:42:00+00:00,2212.199951171875,2212.199951171875,2212.199951171875,2210.300048828125,2210.89990234375,6410
2026-07-23 04:43:00+00:00,2212.0,2212.0,2213.10009765625,2211.60009765625,2212.800048828125,5118
2026-07-23 04:44:00+00:00,2211.39990234375,2211.39990234375,2212.39990234375,2210.39990234375,2212.0,1659
2026-07-23 04:45:00+00:00,2210.60009765625,2210.60009765625,2211.60009765625,2210.0,2211.60009765625,712
2026-07-23 04:46:00+00:00,2211.0,2211.0,2212.0,2210.39990234375,2210.60009765625,3098
2026-07-23 04:47:00+00:00,2212.699951171875,2212.699951171875,2212.699951171875,2210.699951171875,2211.60009765625,1147
2026-07-23 04:48:00+00:00,2210.5,2210.5,2212.60009765625,2210.5,2212.5,2681
2026-07-23 04:49:00+00:00,2210.0,2210.0,2211.199951171875,2209.5,2210.39990234375,1818
2026-07-23 04:50:00+00:00,2210.39990234375,2210.39990234375,2210.800048828125,2209.800048828125,2209.800048828125,4005
2026-07-23 04:51:00+00:00,2211.5,2211.5,2212.0,2210.10009765625,2210.10009765625,2501
2026-07-23 04:52:00+00:00,2210.199951171875,2210.199951171875,2211.300048828125,2209.5,2211.10009765625,1618
2026-07-23 04:53:00+00:00,2211.60009765625,2211.60009765625,2211.89990234375,2209.89990234375,2210.199951171875,2562
2026-07-23 04:54:00+00:00,2214.800048828125,2214.800048828125,2215.300048828125,2211.89990234375,2211.89990234375,9630
2026-07-23 04:55:00+00:00,2213.300048828125,2213.300048828125,2215.0,2213.300048828125,2214.800048828125,1749
2026-07-23 04:56:00+00:00,2212.0,2212.0,2213.800048828125,2212.0,2213.60009765625,3513
2026-07-23 04:57:00+00:00,2213.10009765625,2213.10009765625,2214.39990234375,2212.39990234375,2212.60009765625,3824
2026-07-23 04:58:00+00:00,2212.89990234375,2212.89990234375,2213.699951171875,2212.39990234375,2213.699951171875,1217
2026-07-23 04:59:00+00:00,2213.5,2213.5,2213.5,2212.10009765625,2213.10009765625,1208
2026-07-23 05:00:00+00:00,2210.89990234375,2210.89990234375,2213.5,2210.89990234375,2213.5,2443
2026-07-23 05:01:00+00:00,2210.800048828125,2210.800048828125,2211.39990234375,2210.199951171875,2210.89990234375,724
2026-07-23 05:02:00+00:00,2211.89990234375,2211.89990234375,2212.0,2211.199951171875,2211.199951171875,999
2026-07-23 05:03:00+00:00,2211.60009765625,2211.60009765625,2211.800048828125,2210.60009765625,2211.800048828125,1367
2026-07-23 05:04:00+00:00,2211.5,2211.5,2211.800048828125,2210.60009765625,2211.800048828125,864
2026-07-23 05:05:00+00:00,2211.0,2211.0,2211.5,2211.0,2211.5,461
2026-07-23 05:06:00+00:00,2213.5,2213.5,2213.60009765625,2210.800048828125,2211.5,2364
2026-07-23 05:07:00+00:00,2212.800048828125,2212.800048828125,2213.800048828125,2212.0,2213.39990234375,1311
2026-07-23 05:08:00+00:00,2213.0,2213.0,2213.60009765625,2212.800048828125,2212.89990234375,889
2026-07-23 05:09:00+00:00,2212.0,2212.0,2213.0,2211.89990234375,2213.0,1164
2026-07-23 05:10:00+00:00,2211.39990234375,2211.39990234375,2213.10009765625,2211.0,2212.800048828125,1169
2026-07-23 05:11:00+00:00,2212.5,2212.5,2212.800048828125,2211.39990234375,2211.699951171875,1147
2026-07-23 05:12:00+00:00,2212.800048828125,2212.800048828125,2212.800048828125,2211.800048828125,2212.0,2372
2026-07-23 05:13:00+00:00,2213.0,2213.0,2213.5,2212.199951171875,2213.300048828125,663
2026-07-23 05:14:00+00:00,2212.800048828125,2212.800048828125,2213.10009765625,2212.199951171875,2212.199951171875,660
2026-07-23 05:15:00+00:00,2218.0,2218.0,2218.60009765625,2212.800048828125,2212.800048828125,7338
2026-07-23 05:16:00+00:00,2220.800048828125,2220.800048828125,2221.0,2217.800048828125,2218.39990234375,10200
2026-07-23 05:17:00+00:00,2218.0,2218.0,2220.89990234375,2217.0,2220.10009765625,4531
2026-07-23 05:18:00+00:00,2218.5,2218.5,2218.800048828125,2217.60009765625,2218.0,1223
2026-07-23 05:19:00+00:00,2218.60009765625,2218.60009765625,2218.60009765625,2217.89990234375,2218.39990234375,1939
2026-07-23 05:20:00+00:00,2218.89990234375,2218.89990234375,2220.0,2218.699951171875,2219.0,4783
2026-07-23 05:21:00+00:00,2219.300048828125,2219.300048828125,2219.60009765625,2218.89990234375,2218.89990234375,1993
2026-07-23 05:22:00+00:00,2219.10009765625,2219.10009765625,2220.199951171875,2218.60009765625,2219.300048828125,13476
2026-07-23 05:23:00+00:00,2218.39990234375,2218.39990234375,2219.10009765625,2217.0,2217.89990234375,4887
2026-07-23 05:24:00+00:00,2219.0,2219.0,2219.39990234375,2217.800048828125,2218.39990234375,2378
2026-07-23 05:25:00+00:00,2217.800048828125,2217.800048828125,2218.89990234375,2217.0,2218.89990234375,5987
2026-07-23 05:26:00+00:00,2218.5,2218.5,2218.5,2216.60009765625,2217.300048828125,2984
2026-07-23 05:27:00+00:00,2217.199951171875,2217.199951171875,2218.800048828125,2217.199951171875,2218.199951171875,1382
2026-07-23 05:28:00+00:00,2218.0,2218.0,2219.0,2217.5,2217.5,2526
2026-07-23 05:29:00+00:00,2218.60009765625,2218.60009765625,2219.300048828125,2218.0,2218.199951171875,1673
2026-07-23 05:30:00+00:00,2219.300048828125,2219.300048828125,2219.300048828125,2218.0,2218.300048828125,1516
2026-07-23 05:31:00+00:00,2216.60009765625,2216.60009765625,2219.39990234375,2216.5,2219.39990234375,2613
2026-07-23 05:32:00+00:00,2215.800048828125,2215.800048828125,2217.0,2215.10009765625,2216.89990234375,3657
2026-07-23 05:33:00+00:00,2215.800048828125,2215.800048828125,2216.300048828125,2215.0,2215.0,2332
2026-07-23 05:34:00+00:00,2215.10009765625,2215.10009765625,2215.89990234375,2215.0,2215.800048828125,3651
2026-07-23 05:35:00+00:00,2215.60009765625,2215.60009765625,2215.89990234375,2214.300048828125,2215.699951171875,2075
2026-07-23 05:36:00+00:00,2216.0,2216.0,2216.39990234375,2214.199951171875,2215.5,1625
2026-07-23 05:37:00+00:00,2216.199951171875,2216.199951171875,2216.39990234375,2215.300048828125,2216.199951171875,1753
2026-07-23 05:38:00+00:00,2216.699951171875,2216.699951171875,2217.0,2215.5,2216.199951171875,1266
2026-07-23 05:39:00+00:00,2215.39990234375,2215.39990234375,2217.60009765625,2215.199951171875,2216.60009765625,836
2026-07-23 05:40:00+00:00,2215.699951171875,2215.699951171875,2217.0,2215.60009765625,2215.60009765625,420
2026-07-23 05:41:00+00:00,2215.0,2215.0,2216.5,2215.0,2216.5,631
2026-07-23 05:42:00+00:00,2216.60009765625,2216.60009765625,2216.60009765625,2214.10009765625,2215.0,2353
2026-07-23 05:43:00+00:00,2221.0,2221.0,2222.800048828125,2216.89990234375,2216.89990234375,9585
2026-07-23 05:44:00+00:00,2220.39990234375,2220.39990234375,2221.5,2219.60009765625,2221.10009765625,1320
2026-07-23 05:45:00+00:00,2219.10009765625,2219.10009765625,2220.0,2219.10009765625,2219.800048828125,1004
2026-07-23 05:46:00+00:00,2220.39990234375,2220.39990234375,2220.60009765625,2219.699951171875,2219.699951171875,8767
2026-07-23 05:47:00+00:00,2219.60009765625,2219.60009765625,2221.199951171875,2219.60009765625,2220.199951171875,2177
2026-07-23 05:48:00+00:00,2219.300048828125,2219.300048828125,2219.800048828125,2219.0,2219.800048828125,1135
2026-07-23 05:49:00+00:00,2218.800048828125,2218.800048828125,2219.60009765625,2218.10009765625,2219.60009765625,1503
2026-07-23 05:50:00+00:00,2218.800048828125,2218.800048828125,2219.0,2218.5,2219.0,987
2026-07-23 05:51:00+00:00,2218.5,2218.5,2219.0,2218.5,2218.699951171875,1422
2026-07-23 05:52:00+00:00,2219.0,2219.0,2219.0,2218.10009765625,2218.10009765625,1739
2026-07-23 05:53:00+00:00,2216.199951171875,2216.199951171875,2219.199951171875,2216.199951171875,2219.0,2757
2026-07-23 05:54:00+00:00,2216.699951171875,2216.699951171875,2218.39990234375,2216.699951171875,2216.699951171875,1875
2026-07-23 05:55:00+00:00,2216.5,2216.5,2217.300048828125,2216.10009765625,2216.699951171875,1111
2026-07-23 05:56:00+00:00,2215.89990234375,2215.89990234375,2216.89990234375,2215.699951171875,2215.800048828125,2254
2026-07-23 05:57:00+00:00,2215.5,2215.5,2216.5,2215.39990234375,2216.0,1900
2026-07-23 05:58:00+00:00,2215.800048828125,2215.800048828125,2216.60009765625,2214.0,2215.5,9909
2026-07-23 05:59:00+00:00,2212.60009765625,2212.60009765625,2215.800048828125,2212.60009765625,2215.800048828125,4119
2026-07-23 06:00:00+00:00,2212.300048828125,2212.300048828125,2214.0,2211.800048828125,2212.60009765625,5523
2026-07-23 06:01:00+00:00,2213.89990234375,2213.89990234375,2214.39990234375,2212.0,2212.800048828125,7385
2026-07-23 06:02:00+00:00,2214.39990234375,2214.39990234375,2214.39990234375,2212.300048828125,2212.60009765625,7602
2026-07-23 06:03:00+00:00,2213.0,2213.0,2214.300048828125,2212.89990234375,2214.300048828125,1285
2026-07-23 06:04:00+00:00,2211.39990234375,2211.39990234375,2213.5,2211.39990234375,2213.39990234375,2234
2026-07-23 06:05:00+00:00,2212.60009765625,2212.60009765625,2213.0,2211.199951171875,2211.39990234375,3036
2026-07-23 06:06:00+00:00,2212.39990234375,2212.39990234375,2212.39990234375,2211.800048828125,2212.0,893
2026-07-23 06:07:00+00:00,2214.0,2214.0,2214.0,2212.89990234375,2213.0,1057
2026-07-23 06:08:00+00:00,2214.699951171875,2214.699951171875,2215.39990234375,2213.699951171875,2213.699951171875,2465
2026-07-23 06:09:00+00:00,2215.89990234375,2215.89990234375,2216.39990234375,2215.199951171875,2215.199951171875,2569
2026-07-23 06:10:00+00:00,2216.5,2216.5,2217.10009765625,2215.89990234375,2216.0,2222
2026-07-23 06:11:00+00:00,2216.199951171875,2216.199951171875,2217.199951171875,2215.800048828125,2217.10009765625,892
2026-07-23 06:12:00+00:00,2216.89990234375,2216.89990234375,2216.89990234375,2215.5,2215.5,703
2026-07-23 06:13:00+00:00,2216.0,2216.0,2216.5,2216.0,2216.5,405
2026-07-23 06:14:00+00:00,2216.5,2216.5,2217.0,2216.0,2216.0,808
2026-07-23 06:15:00+00:00,2219.10009765625,2219.10009765625,2219.60009765625,2216.5,2216.5,2476
2026-07-23 06:16:00+00:00,2219.800048828125,2219.800048828125,2219.89990234375,2218.89990234375,2218.89990234375,714
2026-07-23 06:17:00+00:00,2218.5,2218.5,2220.800048828125,2218.199951171875,2219.800048828125,5043
2026-07-23 06:18:00+00:00,2218.199951171875,2218.199951171875,2219.10009765625,2218.0,2218.5,2316
2026-07-23 06:19:00+00:00,2220.300048828125,2220.300048828125,2220.60009765625,2218.60009765625,2218.89990234375,2739
2026-07-23 06:20:00+00:00,2221.199951171875,2221.199951171875,2221.60009765625,2220.60009765625,2220.89990234375,10968
2026-07-23 06:21:00+00:00,2222.699951171875,2222.699951171875,2223.0,2220.300048828125,2221.0,5780
2026-07-23 06:22:00+00:00,2221.0,2221.0,2223.0,2220.699951171875,2222.89990234375,2842
2026-07-23 06:23:00+00:00,2221.0,2221.0,2222.800048828125,2220.699951171875,2221.0,5415
2026-07-23 06:24:00+00:00,2225.89990234375,2225.89990234375,2226.0,2221.0,2221.5,12594
2026-07-23 06:25:00+00:00,2227.800048828125,2227.800048828125,2227.800048828125,2224.300048828125,2225.10009765625,9066
2026-07-23 06:26:00+00:00,2226.699951171875,2226.699951171875,2228.199951171875,2225.0,2227.60009765625,8277
2026-07-23 06:27:00+00:00,2224.800048828125,2224.800048828125,2226.699951171875,2223.699951171875,2226.699951171875,5762
2026-07-23 06:28:00+00:00,2224.699951171875,2224.699951171875,2224.800048828125,2223.800048828125,2224.800048828125,2228
2026-07-23 06:29:00+00:00,2226.0,2226.0,2226.0,2224.0,2224.800048828125,5038
2026-07-23 06:30:00+00:00,2227.10009765625,2227.10009765625,2227.800048828125,2225.60009765625,2225.699951171875,4869
2026-07-23 06:31:00+00:00,2229.0,2229.0,2229.0,2226.199951171875,2227.199951171875,9928
2026-07-23 06:32:00+00:00,2228.10009765625,2228.10009765625,2229.0,2227.800048828125,2228.699951171875,4824
2026-07-23 06:33:00+00:00,2230.0,2230.0,2230.0,2228.10009765625,2228.10009765625,10259
2026-07-23 06:34:00+00:00,2230.0,2230.0,2230.699951171875,2229.10009765625,2230.0,16565
2026-07-23 06:35:00+00:00,2230.60009765625,2230.60009765625,2231.699951171875,2230.0,2230.5,6642
2026-07-23 06:36:00+00:00,2231.10009765625,2231.10009765625,2231.89990234375,2230.800048828125,2230.800048828125,2843
2026-07-23 06:37:00+00:00,2236.0,2236.0,2237.199951171875,2231.10009765625,2231.10009765625,25587
2026-07-23 06:38:00+00:00,2236.39990234375,2236.39990234375,2236.89990234375,2235.0,2235.699951171875,6943
2026-07-23 06:39:00+00:00,2237.5,2237.5,2237.5,2235.5,2237.0,6124
2026-07-23 06:40:00+00:00,2239.0,2239.0,2239.800048828125,2237.0,2237.300048828125,10917
2026-07-23 06:41:00+00:00,2237.0,2237.0,2239.300048828125,2236.0,2239.300048828125,14313
2026-07-23 06:42:00+00:00,2235.89990234375,2235.89990234375,2237.0,2235.0,2237.0,7020
2026-07-23 06:43:00+00:00,2235.60009765625,2235.60009765625,2236.699951171875,2235.300048828125,2236.0,7547
2026-07-23 06:44:00+00:00,2235.60009765625,2235.60009765625,2236.5,2235.60009765625,2236.10009765625,3243
2026-07-23 06:45:00+00:00,2234.39990234375,2234.39990234375,2235.800048828125,2233.0,2235.800048828125,8119
2026-07-23 06:46:00+00:00,2231.300048828125,2231.300048828125,2234.39990234375,2231.10009765625,2233.89990234375,8833
2026-07-23 06:47:00+00:00,2232.199951171875,2232.199951171875,2232.5,2230.89990234375,2231.800048828125,3611
2026-07-23 06:48:00+00:00,2231.5,2231.5,2232.199951171875,2231.10009765625,2231.5,1589
2026-07-23 06:49:00+00:00,2230.699951171875,2230.699951171875,2231.800048828125,2230.0,2231.800048828125,3165
2026-07-23 06:50:00+00:00,2229.39990234375,2229.39990234375,2230.800048828125,2229.10009765625,2230.800048828125,7071
2026-07-23 06:51:00+00:00,2230.39990234375,2230.39990234375,2230.39990234375,2229.0,2230.0,2887
2026-07-23 06:52:00+00:00,2230.60009765625,2230.60009765625,2231.0,2230.0,2230.699951171875,2663
2026-07-23 06:53:00+00:00,2230.199951171875,2230.199951171875,2231.0,2230.0,2231.0,3112
2026-07-23 06:54:00+00:00,2230.5,2230.5,2230.5,2229.60009765625,2230.199951171875,2560
2026-07-23 06:55:00+00:00,2229.699951171875,2229.699951171875,2230.5,2229.39990234375,2230.5,1254
2026-07-23 06:56:00+00:00,2228.5,2228.5,2229.699951171875,2228.300048828125,2229.699951171875,4995
2026-07-23 06:57:00+00:00,2228.10009765625,2228.10009765625,2229.199951171875,2228.0,2228.5,2045
2026-07-23 06:58:00+00:00,2227.39990234375,2227.39990234375,2228.199951171875,2226.5,2228.10009765625,4036
2026-07-23 06:59:00+00:00,2227.39990234375,2227.39990234375,2227.699951171875,2227.199951171875,2227.5,1765
2026-07-23 07:00:00+00:00,2225.39990234375,2225.39990234375,2227.5,2225.199951171875,2227.5,9433
2026-07-23 07:01:00+00:00,2224.800048828125,2224.800048828125,2225.300048828125,2224.0,2225.10009765625,8871
2026-07-23 07:02:00+00:00,2224.89990234375,2224.89990234375,2225.0,2224.800048828125,2224.89990234375,4821
2026-07-23 07:03:00+00:00,2225.89990234375,2225.89990234375,2226.300048828125,2225.0,2225.0,6116
2026-07-23 07:04:00+00:00,2226.199951171875,2226.199951171875,2226.39990234375,2225.0,2225.89990234375,6116
2026-07-23 07:05:00+00:00,2226.5,2226.5,2226.89990234375,2225.0,2226.10009765625,4438
2026-07-23 07:06:00+00:00,2224.5,2224.5,2226.199951171875,2224.0,2226.0,3064
2026-07-23 07:07:00+00:00,2224.60009765625,2224.60009765625,2224.800048828125,2223.0,2224.5,4938
2026-07-23 07:08:00+00:00,2225.800048828125,2225.800048828125,2226.5,2223.39990234375,2224.300048828125,4512
2026-07-23 07:09:00+00:00,2223.5,2223.5,2226.0,2223.0,2225.89990234375,3348
2026-07-23 07:10:00+00:00,2223.0,2223.0,2224.10009765625,2222.800048828125,2223.300048828125,4529
2026-07-23 07:11:00+00:00,2222.800048828125,2222.800048828125,2223.0,2222.199951171875,2223.0,2428
2026-07-23 07:12:00+00:00,2220.300048828125,2220.300048828125,2222.699951171875,2220.300048828125,2222.699951171875,8755
2026-07-23 07:13:00+00:00,2221.199951171875,2221.199951171875,2221.89990234375,2220.800048828125,2221.10009765625,4242
2026-07-23 07:14:00+00:00,2222.800048828125,2222.800048828125,2222.800048828125,2221.60009765625,2221.60009765625,4613
2026-07-23 07:15:00+00:00,2222.199951171875,2222.199951171875,2222.89990234375,2221.199951171875,2222.89990234375,1992
2026-07-23 07:16:00+00:00,2223.10009765625,2223.10009765625,2223.300048828125,2221.5,2222.300048828125,5524
2026-07-23 07:17:00+00:00,2223.5,2223.5,2224.5,2223.10009765625,2223.60009765625,9375
2026-07-23 07:18:00+00:00,2224.699951171875,2224.699951171875,2225.10009765625,2223.5,2223.5,3111
2026-07-23 07:19:00+00:00,2224.0,2224.0,2224.699951171875,2223.5,2224.60009765625,3157
2026-07-23 07:20:00+00:00,2223.89990234375,2223.89990234375,2224.0,2223.5,2223.89990234375,2017
2026-07-23 07:21:00+00:00,2223.0,2223.0,2224.800048828125,2223.0,2224.0,2883
2026-07-23 07:22:00+00:00,2222.60009765625,2222.60009765625,2223.300048828125,2222.60009765625,2222.699951171875,2023
2026-07-23 07:23:00+00:00,2223.0,2223.0,2223.0,2222.60009765625,2222.60009765625,1728
2026-07-23 07:24:00+00:00,2223.0,2223.0,2223.0,2222.199951171875,2222.89990234375,1167
2026-07-23 07:25:00+00:00,2223.39990234375,2223.39990234375,2223.800048828125,2222.5,2223.10009765625,2251
2026-07-23 07:26:00+00:00,2221.800048828125,2221.800048828125,2223.5,2221.199951171875,2223.5,12624
2026-07-23 07:27:00+00:00,2223.199951171875,2223.199951171875,2224.0,2221.800048828125,2221.89990234375,4107
2026-07-23 07:28:00+00:00,2223.300048828125,2223.300048828125,2224.199951171875,2222.60009765625,2223.199951171875,1593
2026-07-23 07:29:00+00:00,2223.199951171875,2223.199951171875,2224.300048828125,2222.89990234375,2223.800048828125,1307
2026-07-23 07:30:00+00:00,2222.199951171875,2222.199951171875,2223.300048828125,2222.0,2223.10009765625,1021
2026-07-23 07:31:00+00:00,2221.199951171875,2221.199951171875,2223.0,2221.199951171875,2222.39990234375,3187
2026-07-23 07:32:00+00:00,2222.199951171875,2222.199951171875,2223.0,2221.39990234375,2221.89990234375,1377
2026-07-23 07:33:00+00:00,2224.89990234375,2224.89990234375,2225.699951171875,2222.199951171875,2222.300048828125,8901
2026-07-23 07:34:00+00:00,2223.5,2223.5,2225.39990234375,2223.39990234375,2224.89990234375,2394
2026-07-23 07:35:00+00:00,2222.89990234375,2222.89990234375,2224.10009765625,2222.39990234375,2223.89990234375,1758
2026-07-23 07:36:00+00:00,2223.10009765625,2223.10009765625,2223.10009765625,2222.300048828125,2222.89990234375,2853
2026-07-23 07:37:00+00:00,2223.10009765625,2223.10009765625,2223.10009765625,2222.699951171875,2223.0,1108
2026-07-23 07:38:00+00:00,2224.39990234375,2224.39990234375,2224.5,2222.800048828125,2222.89990234375,6548
2026-07-23 07:39:00+00:00,2224.699951171875,2224.699951171875,2224.89990234375,2224.0,2224.0,2701
2026-07-23 07:40:00+00:00,2224.5,2224.5,2224.800048828125,2223.39990234375,2224.5,3351
2026-07-23 07:41:00+00:00,2224.699951171875,2224.699951171875,2224.800048828125,2224.10009765625,2224.800048828125,3553
2026-07-23 07:42:00+00:00,2226.0,2226.0,2226.0,2224.60009765625,2224.699951171875,11240
2026-07-23 07:43:00+00:00,2225.39990234375,2225.39990234375,2226.39990234375,2225.199951171875,2225.60009765625,4564
2026-07-23 07:44:00+00:00,2225.5,2225.5,2226.39990234375,2225.10009765625,2225.10009765625,2058
2026-07-23 07:45:00+00:00,2224.5,2224.5,2225.5,2224.39990234375,2225.5,3538
2026-07-23 07:46:00+00:00,2224.10009765625,2224.10009765625,2224.800048828125,2224.0,2224.39990234375,1207
2026-07-23 07:47:00+00:00,2226.300048828125,2226.300048828125,2226.300048828125,2223.5,2224.10009765625,3836
2026-07-23 07:48:00+00:00,2228.300048828125,2228.300048828125,2228.300048828125,2225.89990234375,2226.39990234375,4610
2026-07-23 07:49:00+00:00,2227.5,2227.5,2229.0,2226.39990234375,2228.39990234375,2653
2026-07-23 07:50:00+00:00,2227.0,2227.0,2227.60009765625,2226.800048828125,2227.60009765625,1889
2026-07-23 07:51:00+00:00,2227.0,2227.0,2227.300048828125,2226.60009765625,2227.0,2883
2026-07-23 07:52:00+00:00,2226.39990234375,2226.39990234375,2226.800048828125,2225.699951171875,2226.800048828125,10829
2026-07-23 07:53:00+00:00,2225.89990234375,2225.89990234375,2227.39990234375,2225.699951171875,2226.39990234375,4504
2026-07-23 07:54:00+00:00,2226.699951171875,2226.699951171875,2227.0,2225.39990234375,2225.89990234375,10397
2026-07-23 07:55:00+00:00,2228.300048828125,2228.300048828125,2228.5,2226.39990234375,2227.300048828125,9507
2026-07-23 07:56:00+00:00,2227.39990234375,2227.39990234375,2228.300048828125,2227.0,2227.89990234375,4790
2026-07-23 07:57:00+00:00,2227.699951171875,2227.699951171875,2228.0,2227.10009765625,2228.0,1044
2026-07-23 07:58:00+00:00,2226.800048828125,2226.800048828125,2227.60009765625,2226.10009765625,2227.60009765625,2061
2026-07-23 07:59:00+00:00,2230.0,2230.0,2230.300048828125,2227.0,2227.0,23214
2026-07-23 08:00:00+00:00,2232.5,2232.5,2233.89990234375,2230.39990234375,2231.10009765625,8496
2026-07-23 08:01:00+00:00,2231.5,2231.5,2232.60009765625,2231.199951171875,2232.5,4605
2026-07-23 08:02:00+00:00,2231.800048828125,2231.800048828125,2232.0,2230.10009765625,2231.89990234375,6522
2026-07-23 08:03:00+00:00,2231.89990234375,2231.89990234375,2232.5,2231.10009765625,2231.39990234375,5548
2026-07-23 08:04:00+00:00,2230.300048828125,2230.300048828125,2232.10009765625,2230.10009765625,2232.10009765625,4192
2026-07-23 08:05:00+00:00,2230.89990234375,2230.89990234375,2231.0,2230.39990234375,2230.39990234375,1033
2026-07-23 08:06:00+00:00,2230.699951171875,2230.699951171875,2231.199951171875,2230.60009765625,2230.699951171875,1698
2026-07-23 08:07:00+00:00,2231.199951171875,2231.199951171875,2231.199951171875,2230.800048828125,2230.800048828125,1244
2026-07-23 08:08:00+00:00,2233.5,2233.5,2233.5,2231.300048828125,2231.300048828125,3676
2026-07-23 08:09:00+00:00,2233.800048828125,2233.800048828125,2233.800048828125,2231.5,2233.5,18194
2026-07-23 08:10:00+00:00,2234.199951171875,2234.199951171875,2234.800048828125,2233.89990234375,2233.89990234375,6583
2026-07-23 08:11:00+00:00,2234.800048828125,2234.800048828125,2234.800048828125,2234.10009765625,2234.199951171875,3790
2026-07-23 08:12:00+00:00,2234.89990234375,2234.89990234375,2235.699951171875,2234.300048828125,2234.800048828125,15550
2026-07-23 08:13:00+00:00,2233.5,2233.5,2235.5,2233.0,2234.800048828125,10122
2026-07-23 08:14:00+00:00,2233.60009765625,2233.60009765625,2235.0,2233.39990234375,2233.5,4935
2026-07-23 08:15:00+00:00,2236.5,2236.5,2236.800048828125,2233.60009765625,2233.60009765625,10362
2026-07-23 08:16:00+00:00,2235.199951171875,2235.199951171875,2237.0,2235.199951171875,2236.0,6266
2026-07-23 08:17:00+00:00,2235.800048828125,2235.800048828125,2236.10009765625,2234.199951171875,2235.199951171875,9160
2026-07-23 08:18:00+00:00,2235.60009765625,2235.60009765625,2236.0,2235.199951171875,2235.800048828125,1486
2026-07-23 08:19:00+00:00,2236.800048828125,2236.800048828125,2236.800048828125,2235.5,2236.0,5325
2026-07-23 08:20:00+00:00,2237.199951171875,2237.199951171875,2237.60009765625,2237.0,2237.0,5522
2026-07-23 08:21:00+00:00,2239.5,2239.5,2239.5,2237.0,2237.39990234375,12204
2026-07-23 08:22:00+00:00,2240.199951171875,2240.199951171875,2240.5,2239.199951171875,2239.199951171875,16305
2026-07-23 08:23:00+00:00,2238.800048828125,2238.800048828125,2240.699951171875,2238.699951171875,2240.0,4754
2026-07-23 08:24:00+00:00,2238.5,2238.5,2239.800048828125,2238.5,2238.89990234375,2483
2026-07-23 08:25:00+00:00,2239.0,2239.0,2239.5,2238.699951171875,2238.699951171875,3153
2026-07-23 08:26:00+00:00,2238.89990234375,2238.89990234375,2239.0,2238.39990234375,2239.0,3499
2026-07-23 08:27:00+00:00,2238.60009765625,2238.60009765625,2238.89990234375,2238.5,2238.89990234375,1919
2026-07-23 08:28:00+00:00,2238.10009765625,2238.10009765625,2238.89990234375,2238.10009765625,2238.800048828125,3353
2026-07-23 08:29:00+00:00,2238.800048828125,2238.800048828125,2239.0,2237.89990234375,2237.89990234375,2529
2026-07-23 08:30:00+00:00,2239.0,2239.0,2239.0,2238.5,2239.0,2554
2026-07-23 08:31:00+00:00,2238.5,2238.5,2239.0,2238.5,2239.0,2468
2026-07-23 08:32:00+00:00,2239.0,2239.0,2239.199951171875,2238.5,2238.5,10702
2026-07-23 08:33:00+00:00,2239.300048828125,2239.300048828125,2239.39990234375,2239.0,2239.10009765625,1980
2026-07-23 08:34:00+00:00,2242.0,2242.0,2242.0,2239.300048828125,2239.300048828125,16899
2026-07-23 08:35:00+00:00,2240.10009765625,2240.10009765625,2242.89990234375,2240.0,2242.199951171875,9240
2026-07-23 08:36:00+00:00,2240.199951171875,2240.199951171875,2240.699951171875,2240.0,2240.0,4503
2026-07-23 08:37:00+00:00,2240.0,2240.0,2240.60009765625,2239.60009765625,2240.199951171875,1520
2026-07-23 08:38:00+00:00,2241.0,2241.0,2241.199951171875,2240.0,2240.5,4792
2026-07-23 08:39:00+00:00,2241.0,2241.0,2241.39990234375,2240.5,2240.699951171875,2367
2026-07-23 08:40:00+00:00,2240.0,2240.0,2241.0,2240.0,2240.89990234375,5570
2026-07-23 08:41:00+00:00,2240.300048828125,2240.300048828125,2240.800048828125,2240.0,2240.0,28852
2026-07-23 08:42:00+00:00,2240.0,2240.0,2240.300048828125,2239.89990234375,2240.199951171875,4918
2026-07-23 08:43:00+00:00,2240.10009765625,2240.10009765625,2240.5,2239.89990234375,2240.0,6168
2026-07-23 08:44:00+00:00,2240.0,2240.0,2240.10009765625,2239.39990234375,2240.0,52381
2026-07-23 08:45:00+00:00,2241.0,2241.0,2241.300048828125,2238.89990234375,2240.0,27440
2026-07-23 08:46:00+00:00,2242.800048828125,2242.800048828125,2244.0,2240.89990234375,2241.5,10064
2026-07-23 08:47:00+00:00,2241.699951171875,2241.699951171875,2242.800048828125,2241.199951171875,2242.800048828125,1939
2026-07-23 08:48:00+00:00,2241.5,2241.5,2242.800048828125,2241.5,2241.800048828125,2888
2026-07-23 08:49:00+00:00,2241.199951171875,2241.199951171875,2241.800048828125,2240.60009765625,2241.199951171875,2303
2026-07-23 08:50:00+00:00,2240.300048828125,2240.300048828125,2241.199951171875,2240.0,2241.199951171875,7693
2026-07-23 08:51:00+00:00,2240.699951171875,2240.699951171875,2240.89990234375,2240.0,2240.5,5225
2026-07-23 08:52:00+00:00,2241.0,2241.0,2241.199951171875,2240.0,2240.800048828125,2399
2026-07-23 08:53:00+00:00,2241.199951171875,2241.199951171875,2241.39990234375,2240.699951171875,2241.39990234375,5001
2026-07-23 08:54:00+00:00,2240.199951171875,2240.199951171875,2241.300048828125,2240.0,2240.39990234375,3797
2026-07-23 08:55:00+00:00,2240.199951171875,2240.199951171875,2240.39990234375,2238.699951171875,2240.199951171875,27283
2026-07-23 08:56:00+00:00,2240.89990234375,2240.89990234375,2241.0,2240.0,2240.199951171875,4247
2026-07-23 08:57:00+00:00,2240.5,2240.5,2241.5,2240.10009765625,2240.89990234375,6751
2026-07-23 08:58:00+00:00,2240.89990234375,2240.89990234375,2241.0,2240.5,2240.60009765625,2277
2026-07-23 08:59:00+00:00,2241.300048828125,2241.300048828125,2241.300048828125,2240.0,2240.0,6935
2026-07-23 09:00:00+00:00,2242.0,2242.0,2242.39990234375,2241.199951171875,2241.199951171875,3342
2026-07-23 09:01:00+00:00,2242.39990234375,2242.39990234375,2242.39990234375,2240.89990234375,2242.0,5076
2026-07-23 09:02:00+00:00,2242.300048828125,2242.300048828125,2242.800048828125,2241.89990234375,2242.5,3427
2026-07-23 09:03:00+00:00,2247.89990234375,2247.89990234375,2247.89990234375,2242.699951171875,2242.699951171875,28466
2026-07-23 09:04:00+00:00,2249.5,2249.5,2249.5,2246.89990234375,2247.5,12657
2026-07-23 09:05:00+00:00,2248.10009765625,2248.10009765625,2250.0,2247.699951171875,2248.89990234375,12783
2026-07-23 09:06:00+00:00,2247.89990234375,2247.89990234375,2248.89990234375,2247.0,2248.199951171875,6826
2026-07-23 09:07:00+00:00,2247.800048828125,2247.800048828125,2248.10009765625,2246.60009765625,2247.699951171875,10530
2026-07-23 09:08:00+00:00,2247.0,2247.0,2248.199951171875,2247.0,2247.60009765625,10695
2026-07-23 09:09:00+00:00,2244.199951171875,2244.199951171875,2246.0,2244.199951171875,2245.10009765625,7559
2026-07-23 09:10:00+00:00,2243.0,2243.0,2244.199951171875,2242.0,2244.199951171875,6749
2026-07-23 09:11:00+00:00,2243.800048828125,2243.800048828125,2243.800048828125,2243.0,2243.10009765625,5583
2026-07-23 09:12:00+00:00,2244.10009765625,2244.10009765625,2244.199951171875,2243.39990234375,2243.89990234375,8831
2026-07-23 09:13:00+00:00,2245.5,2245.5,2245.5,2243.0,2244.10009765625,11688
2026-07-23 09:14:00+00:00,2244.0,2244.0,2245.300048828125,2244.0,2245.300048828125,5826
2026-07-23 09:15:00+00:00,2244.60009765625,2244.60009765625,2245.199951171875,2244.0,2244.10009765625,4736
2026-07-23 09:16:00+00:00,2243.0,2243.0,2244.89990234375,2243.0,2244.39990234375,3647
2026-07-23 09:17:00+00:00,2242.39990234375,2242.39990234375,2243.39990234375,2242.39990234375,2243.0,5710
2026-07-23 09:18:00+00:00,2241.89990234375,2241.89990234375,2242.39990234375,2240.699951171875,2242.39990234375,26968
2026-07-23 09:19:00+00:00,2240.199951171875,2240.199951171875,2241.89990234375,2240.199951171875,2241.89990234375,8474
2026-07-23 09:20:00+00:00,2240.300048828125,2240.300048828125,2240.89990234375,2240.0,2240.199951171875,16906
2026-07-23 09:21:00+00:00,2240.10009765625,2240.10009765625,2240.5,2240.0,2240.5,7562
2026-07-23 09:22:00+00:00,2241.300048828125,2241.300048828125,2241.5,2239.89990234375,2240.0,7116
2026-07-23 09:23:00+00:00,2241.89990234375,2241.89990234375,2241.89990234375,2240.199951171875,2241.199951171875,2697
2026-07-23 09:24:00+00:00,2243.0,2243.0,2243.0,2241.0,2241.0,9198
2026-07-23 09:25:00+00:00,2243.199951171875,2243.199951171875,2244.0,2243.0,2243.0,3769
2026-07-23 09:26:00+00:00,2242.199951171875,2242.199951171875,2243.89990234375,2241.800048828125,2243.199951171875,5002
2026-07-23 09:27:00+00:00,2242.0,2242.0,2242.0,2241.5,2241.800048828125,5795
2026-07-23 09:28:00+00:00,2241.5,2241.5,2242.699951171875,2241.5,2242.0,3818
2026-07-23 09:29:00+00:00,2240.89990234375,2240.89990234375,2241.89990234375,2240.699951171875,2241.5,2460
2026-07-23 09:30:00+00:00,2241.300048828125,2241.300048828125,2241.5,2240.0,2240.0,9127
2026-07-23 09:31:00+00:00,2241.0,2241.0,2241.0,2240.0,2241.0,8803
2026-07-23 09:32:00+00:00,2240.89990234375,2240.89990234375,2241.699951171875,2240.800048828125,2241.10009765625,9991
2026-07-23 09:33:00+00:00,2241.0,2241.0,2241.5,2240.89990234375,2241.0,10322
2026-07-23 09:34:00+00:00,2241.89990234375,2241.89990234375,2242.199951171875,2240.699951171875,2241.0,9163
2026-07-23 09:35:00+00:00,2241.10009765625,2241.10009765625,2242.199951171875,2240.5,2242.0,12074
2026-07-23 09:36:00+00:00,2239.10009765625,2239.10009765625,2241.199951171875,2238.0,2241.10009765625,61261
2026-07-23 09:37:00+00:00,2241.89990234375,2241.89990234375,2242.0,2238.39990234375,2239.0,81215
2026-07-23 09:38:00+00:00,2245.199951171875,2245.199951171875,2245.699951171875,2242.10009765625,2242.10009765625,54839
2026-07-23 09:39:00+00:00,2245.300048828125,2245.300048828125,2247.10009765625,2245.0,2245.39990234375,37338
2026-07-23 09:40:00+00:00,2242.89990234375,2242.89990234375,2245.300048828125,2242.699951171875,2245.300048828125,12730
2026-07-23 09:41:00+00:00,2243.800048828125,2243.800048828125,2244.39990234375,2243.0,2243.0,13124
2026-07-23 09:42:00+00:00,2243.199951171875,2243.199951171875,2243.800048828125,2242.89990234375,2243.800048828125,9189
2026-07-23 09:43:00+00:00,2242.5,2242.5,2242.89990234375,2242.300048828125,2242.699951171875,18728
2026-07-23 09:44:00+00:00,2243.699951171875,2243.699951171875,2244.0,2242.5,2242.5,20964
2026-07-23 09:45:00+00:00,2244.5,2244.5,2245.0,2243.39990234375,2243.699951171875,10882
2026-07-23 09:46:00+00:00,2244.10009765625,2244.10009765625,2245.60009765625,2243.199951171875,2244.60009765625,24960
2026-07-23 09:47:00+00:00,2242.89990234375,2242.89990234375,2244.10009765625,2242.60009765625,2244.0,11571
2026-07-23 09:48:00+00:00,2244.0,2244.0,2244.0,2242.199951171875,2242.199951171875,25610
2026-07-23 09:49:00+00:00,2243.10009765625,2243.10009765625,2244.10009765625,2243.0,2244.10009765625,12985
2026-07-23 09:50:00+00:00,2243.699951171875,2243.699951171875,2244.699951171875,2243.0,2243.10009765625,25748
2026-07-23 09:51:00+00:00,2242.89990234375,2242.89990234375,2244.0,2242.60009765625,2243.800048828125,12287
2026-07-23 09:52:00+00:00,2241.800048828125,2241.800048828125,2243.0,2241.60009765625,2242.89990234375,15800
2026-07-23 09:53:00+00:00,2243.800048828125,2243.800048828125,2243.800048828125,2242.10009765625,2242.10009765625,15929
2026-07-23 09:54:00+00:00,2244.39990234375,2244.39990234375,2244.699951171875,2243.89990234375,2243.89990234375,24663
2026-07-23 09:55:00+00:00,2242.5,2242.5,2246.5,2242.300048828125,2244.39990234375,42024
2026-07-23 09:56:00+00:00,2241.10009765625,2241.10009765625,2242.5,2240.5,2242.5,13869
2026-07-23 09:57:00+00:00,2243.699951171875,2243.699951171875,2244.699951171875,2241.5,2241.699951171875,19357
2026-07-23 09:58:00+00:00,2243.0,2243.0,2244.60009765625,2242.0,2243.699951171875,21786
2026-07-23 09:59:00+00:00,2242.89990234375,2242.89990234375,2244.89990234375,2242.5,2242.5,8763
2026-07-24 03:45:00+00:00,2235.699951171875,2235.699951171875,2244.39990234375,2209.199951171875,2209.199951171875,0
2026-07-24 03:46:00+00:00,2253.0,2253.0,2253.699951171875,2233.300048828125,2234.800048828125,67379
2026-07-24 03:47:00+00:00,2245.10009765625,2245.10009765625,2254.10009765625,2245.10009765625,2254.10009765625,31741
2026-07-24 03:48:00+00:00,2253.300048828125,2253.300048828125,2253.300048828125,2243.10009765625,2243.10009765625,38192
2026-07-24 03:49:00+00:00,2260.199951171875,2260.199951171875,2260.199951171875,2253.10009765625,2253.800048828125,40205
2026-07-24 03:50:00+00:00,2257.0,2257.0,2262.800048828125,2255.0,2260.0,35751
2026-07-24 03:51:00+00:00,2259.60009765625,2259.60009765625,2263.300048828125,2256.89990234375,2258.0,28030
2026-07-24 03:52:00+00:00,2260.89990234375,2260.89990234375,2260.89990234375,2257.199951171875,2258.39990234375,16587
2026-07-24 03:53:00+00:00,2260.800048828125,2260.800048828125,2262.800048828125,2259.10009765625,2260.10009765625,23943
2026-07-24 03:54:00+00:00,2258.0,2258.0,2261.0,2257.39990234375,2261.0,17640
2026-07-24 03:55:00+00:00,2250.699951171875,2250.699951171875,2258.10009765625,2250.699951171875,2257.5,19257
2026-07-24 03:56:00+00:00,2251.10009765625,2251.10009765625,2252.89990234375,2248.89990234375,2250.89990234375,32973
2026-07-24 03:57:00+00:00,2250.89990234375,2250.89990234375,2253.5,2250.300048828125,2250.60009765625,10594
2026-07-24 03:58:00+00:00,2249.39990234375,2249.39990234375,2254.0,2248.10009765625,2250.5,15877
2026-07-24 03:59:00+00:00,2249.0,2249.0,2252.5,2247.300048828125,2249.800048828125,15527
2026-07-24 04:00:00+00:00,2254.300048828125,2254.300048828125,2254.89990234375,2247.10009765625,2248.39990234375,14908
2026-07-24 04:01:00+00:00,2254.800048828125,2254.800048828125,2255.60009765625,2252.39990234375,2254.89990234375,9874
2026-07-24 04:02:00+00:00,2254.39990234375,2254.39990234375,2255.0,2252.800048828125,2253.60009765625,6629
2026-07-24 04:03:00+00:00,2255.10009765625,2255.10009765625,2256.300048828125,2252.0,2253.699951171875,16329
2026-07-24 04:04:00+00:00,2254.0,2254.0,2256.89990234375,2253.60009765625,2255.60009765625,6151
2026-07-24 04:05:00+00:00,2255.60009765625,2255.60009765625,2258.0,2254.0,2254.0,14990
2026-07-24 04:06:00+00:00,2250.300048828125,2250.300048828125,2255.199951171875,2250.0,2255.199951171875,18153
2026-07-24 04:07:00+00:00,2246.300048828125,2246.300048828125,2251.699951171875,2244.10009765625,2250.800048828125,24805
2026-07-24 04:08:00+00:00,2248.60009765625,2248.60009765625,2249.10009765625,2246.0,2246.699951171875,7801
2026-07-24 04:09:00+00:00,2244.0,2244.0,2249.10009765625,2243.0,2249.10009765625,17536
2026-07-24 04:10:00+00:00,2241.5,2241.5,2245.199951171875,2241.5,2243.300048828125,15741
2026-07-24 04:11:00+00:00,2246.0,2246.0,2246.39990234375,2241.300048828125,2242.0,16023
2026-07-24 04:12:00+00:00,2244.199951171875,2244.199951171875,2247.39990234375,2243.199951171875,2246.199951171875,6783
2026-07-24 04:13:00+00:00,2242.5,2242.5,2245.0,2242.300048828125,2244.10009765625,12814
2026-07-24 04:14:00+00:00,2243.199951171875,2243.199951171875,2244.0,2242.10009765625,2242.10009765625,5295
2026-07-24 04:15:00+00:00,2247.0,2247.0,2247.800048828125,2243.0,2243.5,7593
2026-07-24 04:16:00+00:00,2248.60009765625,2248.60009765625,2248.60009765625,2246.199951171875,2246.39990234375,18430
2026-07-24 04:17:00+00:00,2248.10009765625,2248.10009765625,2248.89990234375,2247.39990234375,2248.5,5003
2026-07-24 04:18:00+00:00,2246.39990234375,2246.39990234375,2249.0,2246.0,2248.10009765625,7476
2026-07-24 04:19:00+00:00,2249.0,2249.0,2249.0,2246.0,2246.39990234375,7635
2026-07-24 04:20:00+00:00,2246.5,2246.5,2249.0,2246.5,2248.300048828125,3032
2026-07-24 04:21:00+00:00,2246.10009765625,2246.10009765625,2247.39990234375,2245.10009765625,2247.10009765625,3764
2026-07-24 04:22:00+00:00,2245.0,2245.0,2246.39990234375,2244.199951171875,2246.10009765625,5598
2026-07-24 04:23:00+00:00,2251.0,2251.0,2251.0,2244.39990234375,2245.10009765625,16533
2026-07-24 04:24:00+00:00,2251.300048828125,2251.300048828125,2252.800048828125,2248.89990234375,2249.800048828125,20000
2026-07-24 04:25:00+00:00,2248.699951171875,2248.699951171875,2252.0,2248.0,2251.89990234375,6643
2026-07-24 04:26:00+00:00,2248.60009765625,2248.60009765625,2249.39990234375,2247.10009765625,2249.0,4714
2026-07-24 04:27:00+00:00,2248.199951171875,2248.199951171875,2251.0,2247.800048828125,2248.60009765625,12861
2026-07-24 04:28:00+00:00,2245.39990234375,2245.39990234375,2249.10009765625,2245.0,2248.0,8535
2026-07-24 04:29:00+00:00,2241.800048828125,2241.800048828125,2246.5,2241.800048828125,2245.10009765625,10136
2026-07-24 04:30:00+00:00,2244.699951171875,2244.699951171875,2245.0,2241.60009765625,2242.300048828125,7266
2026-07-24 04:31:00+00:00,2245.39990234375,2245.39990234375,2246.0,2244.0,2245.0,6676
2026-07-24 04:32:00+00:00,2243.300048828125,2243.300048828125,2246.0,2242.89990234375,2246.0,5998
2026-07-24 04:33:00+00:00,2243.0,2243.0,2244.0,2242.89990234375,2244.0,3054
2026-07-24 04:34:00+00:00,2245.10009765625,2245.10009765625,2246.0,2243.60009765625,2244.0,5652
2026-07-24 04:35:00+00:00,2244.0,2244.0,2245.0,2244.0,2245.0,3471
2026-07-24 04:36:00+00:00,2243.10009765625,2243.10009765625,2244.800048828125,2243.0,2244.0,4287
2026-07-24 04:37:00+00:00,2241.800048828125,2241.800048828125,2243.39990234375,2241.60009765625,2243.10009765625,10227
2026-07-24 04:38:00+00:00,2241.800048828125,2241.800048828125,2244.0,2241.60009765625,2242.0,10489
2026-07-24 04:39:00+00:00,2241.0,2241.0,2242.60009765625,2240.0,2242.39990234375,12049
2026-07-24 04:40:00+00:00,2239.89990234375,2239.89990234375,2241.60009765625,2239.300048828125,2241.0,10294
2026-07-24 04:41:00+00:00,2239.89990234375,2239.89990234375,2240.60009765625,2238.0,2239.89990234375,22157
2026-07-24 04:42:00+00:00,2242.199951171875,2242.199951171875,2243.0,2239.0,2240.5,25128
2026-07-24 04:43:00+00:00,2240.60009765625,2240.60009765625,2243.0,2240.10009765625,2242.199951171875,8019
2026-07-24 04:44:00+00:00,2240.0,2240.0,2241.0,2239.800048828125,2240.60009765625,3512
2026-07-24 04:45:00+00:00,2239.89990234375,2239.89990234375,2240.699951171875,2239.0,2240.10009765625,5859
2026-07-24 04:46:00+00:00,2241.89990234375,2241.89990234375,2242.60009765625,2239.89990234375,2240.0,15792
2026-07-24 04:47:00+00:00,2244.800048828125,2244.800048828125,2246.199951171875,2242.39990234375,2242.39990234375,35215
2026-07-24 04:48:00+00:00,2242.800048828125,2242.800048828125,2245.300048828125,2242.199951171875,2245.300048828125,5103
2026-07-24 04:49:00+00:00,2243.89990234375,2243.89990234375,2245.0,2242.0,2242.800048828125,3657
2026-07-24 04:50:00+00:00,2243.199951171875,2243.199951171875,2244.0,2242.199951171875,2243.5,12365
2026-07-24 04:51:00+00:00,2239.39990234375,2239.39990234375,2243.60009765625,2239.39990234375,2243.60009765625,11701
2026-07-24 04:52:00+00:00,2234.199951171875,2234.199951171875,2240.300048828125,2233.5,2240.0,27700
2026-07-24 04:53:00+00:00,2234.60009765625,2234.60009765625,2235.39990234375,2233.0,2234.89990234375,16186
2026-07-24 04:54:00+00:00,2236.0,2236.0,2238.199951171875,2235.0,2235.0,7724
2026-07-24 04:55:00+00:00,2232.800048828125,2232.800048828125,2236.10009765625,2232.0,2235.800048828125,15792
2026-07-24 04:56:00+00:00,2233.10009765625,2233.10009765625,2233.10009765625,2231.39990234375,2232.0,8720
2026-07-24 04:57:00+00:00,2234.300048828125,2234.300048828125,2234.60009765625,2232.89990234375,2233.0,6012
2026-07-24 04:58:00+00:00,2234.800048828125,2234.800048828125,2235.0,2232.39990234375,2234.300048828125,4620
2026-07-24 04:59:00+00:00,2231.699951171875,2231.699951171875,2234.800048828125,2231.699951171875,2234.39990234375,4498
2026-07-24 05:00:00+00:00,2229.5,2229.5,2231.699951171875,2229.10009765625,2231.300048828125,11694
2026-07-24 05:01:00+00:00,2229.199951171875,2229.199951171875,2230.5,2228.5,2229.300048828125,4956
2026-07-24 05:02:00+00:00,2231.0,2231.0,2231.699951171875,2228.5,2228.5,10219
2026-07-24 05:03:00+00:00,2230.39990234375,2230.39990234375,2231.300048828125,2228.0,2231.0,4683
2026-07-24 05:04:00+00:00,2231.300048828125,2231.300048828125,2231.300048828125,2229.5,2230.10009765625,4156
2026-07-24 05:05:00+00:00,2231.89990234375,2231.89990234375,2233.89990234375,2231.300048828125,2231.300048828125,5148
2026-07-24 05:06:00+00:00,2232.39990234375,2232.39990234375,2233.5,2231.5,2232.39990234375,2752
2026-07-24 05:07:00+00:00,2232.60009765625,2232.60009765625,2233.5,2231.199951171875,2233.0,5120
2026-07-24 05:08:00+00:00,2236.0,2236.0,2236.0,2231.10009765625,2232.699951171875,10034
2026-07-24 05:09:00+00:00,2236.0,2236.0,2237.39990234375,2235.60009765625,2236.0,8775
2026-07-24 05:10:00+00:00,2235.89990234375,2235.89990234375,2236.0,2235.0,2235.89990234375,5976
2026-07-24 05:11:00+00:00,2235.89990234375,2235.89990234375,2235.89990234375,2234.699951171875,2235.699951171875,3512
2026-07-24 05:12:00+00:00,2236.10009765625,2236.10009765625,2237.199951171875,2235.300048828125,2236.0,7515
2026-07-24 05:13:00+00:00,2235.39990234375,2235.39990234375,2236.89990234375,2235.300048828125,2236.199951171875,3060
2026-07-24 05:14:00+00:00,2238.300048828125,2238.300048828125,2238.39990234375,2235.199951171875,2235.39990234375,16237
2026-07-24 05:15:00+00:00,2235.89990234375,2235.89990234375,2238.800048828125,2235.199951171875,2238.800048828125,8619
2026-07-24 05:16:00+00:00,2238.10009765625,2238.10009765625,2238.39990234375,2236.800048828125,2236.800048828125,3538
2026-07-24 05:17:00+00:00,2239.5,2239.5,2239.89990234375,2237.699951171875,2237.800048828125,7110
2026-07-24 05:18:00+00:00,2239.60009765625,2239.60009765625,2240.0,2238.10009765625,2239.0,5805
2026-07-24 05:19:00+00:00,2240.39990234375,2240.39990234375,2240.39990234375,2238.0,2238.60009765625,3997
2026-07-24 05:20:00+00:00,2241.0,2241.0,2242.0,2240.10009765625,2240.39990234375,7982
2026-07-24 05:21:00+00:00,2237.300048828125,2237.300048828125,2241.0,2237.300048828125,2241.0,15169
2026-07-24 05:22:00+00:00,2235.800048828125,2235.800048828125,2238.0,2235.199951171875,2237.60009765625,10323
2026-07-24 05:23:00+00:00,2236.39990234375,2236.39990234375,2236.5,2235.60009765625,2235.89990234375,3277
2026-07-24 05:24:00+00:00,2235.60009765625,2235.60009765625,2236.39990234375,2235.0,2236.39990234375,8607
2026-07-24 05:25:00+00:00,2236.60009765625,2236.60009765625,2236.60009765625,2235.199951171875,2235.199951171875,3666
2026-07-24 05:26:00+00:00,2237.5,2237.5,2237.60009765625,2235.800048828125,2236.5,3686
2026-07-24 05:27:00+00:00,2238.300048828125,2238.300048828125,2238.39990234375,2237.0,2237.5,2626
2026-07-24 05:28:00+00:00,2238.699951171875,2238.699951171875,2239.0,2237.300048828125,2238.300048828125,3741
2026-07-24 05:29:00+00:00,2237.0,2237.0,2238.699951171875,2236.39990234375,2238.60009765625,3082
2026-07-24 05:30:00+00:00,2235.60009765625,2235.60009765625,2237.0,2235.60009765625,2236.39990234375,1643
2026-07-24 05:31:00+00:00,2237.300048828125,2237.300048828125,2237.300048828125,2235.199951171875,2236.39990234375,4106
2026-07-24 05:32:00+00:00,2237.0,2237.0,2237.199951171875,2236.10009765625,2237.199951171875,1162
2026-07-24 05:33:00+00:00,2236.300048828125,2236.300048828125,2236.800048828125,2236.0,2236.800048828125,2158
2026-07-24 05:34:00+00:00,2235.10009765625,2235.10009765625,2236.300048828125,2235.0,2236.300048828125,2871
2026-07-24 05:35:00+00:00,2231.0,2231.0,2235.300048828125,2231.0,2235.300048828125,3307
2026-07-24 05:36:00+00:00,2231.0,2231.0,2232.0,2230.5,2231.60009765625,6793
2026-07-24 05:37:00+00:00,2230.5,2230.5,2231.699951171875,2230.39990234375,2231.0,5740
2026-07-24 05:38:00+00:00,2231.10009765625,2231.10009765625,2231.10009765625,2230.10009765625,2230.10009765625,2783
2026-07-24 05:39:00+00:00,2231.89990234375,2231.89990234375,2231.89990234375,2231.0,2231.10009765625,3233
2026-07-24 05:40:00+00:00,2231.5,2231.5,2232.89990234375,2231.5,2231.89990234375,3481
2026-07-24 05:41:00+00:00,2230.800048828125,2230.800048828125,2231.800048828125,2230.5,2231.60009765625,2311
2026-07-24 05:42:00+00:00,2231.0,2231.0,2231.800048828125,2230.699951171875,2231.5,1180
2026-07-24 05:43:00+00:00,2230.699951171875,2230.699951171875,2231.39990234375,2230.5,2230.89990234375,3245
2026-07-24 05:44:00+00:00,2229.5,2229.5,2231.199951171875,2229.5,2231.199951171875,3065
2026-07-24 05:45:00+00:00,2230.39990234375,2230.39990234375,2230.39990234375,2228.0,2229.800048828125,5637
2026-07-24 05:46:00+00:00,2229.60009765625,2229.60009765625,2231.0,2228.60009765625,2231.0,2524
2026-07-24 05:47:00+00:00,2229.5,2229.5,2229.89990234375,2229.5,2229.5,788
2026-07-24 05:48:00+00:00,2231.89990234375,2231.89990234375,2231.89990234375,2229.89990234375,2229.89990234375,4431
2026-07-24 05:49:00+00:00,2232.0,2232.0,2233.800048828125,2231.300048828125,2231.300048828125,4529
2026-07-24 05:50:00+00:00,2232.699951171875,2232.699951171875,2233.10009765625,2231.699951171875,2231.89990234375,2028
2026-07-24 05:51:00+00:00,2231.60009765625,2231.60009765625,2233.0,2231.60009765625,2232.5,2009
2026-07-24 05:52:00+00:00,2232.0,2232.0,2232.10009765625,2230.699951171875,2232.10009765625,2771
2026-07-24 05:53:00+00:00,2232.699951171875,2232.699951171875,2232.800048828125,2230.89990234375,2232.0,3666
2026-07-24 05:54:00+00:00,2230.800048828125,2230.800048828125,2233.60009765625,2230.800048828125,2232.800048828125,3506
2026-07-24 05:55:00+00:00,2227.800048828125,2227.800048828125,2230.800048828125,2227.10009765625,2230.800048828125,8315
2026-07-24 05:56:00+00:00,2227.800048828125,2227.800048828125,2228.199951171875,2224.60009765625,2227.199951171875,17256
2026-07-24 05:57:00+00:00,2227.0,2227.0,2228.0,2225.300048828125,2228.0,4414
2026-07-24 05:58:00+00:00,2226.199951171875,2226.199951171875,2228.39990234375,2226.199951171875,2227.5,2746
2026-07-24 05:59:00+00:00,2227.0,2227.0,2227.300048828125,2226.10009765625,2227.199951171875,3030
2026-07-24 06:00:00+00:00,2223.0,2223.0,2226.800048828125,2222.0,2226.800048828125,7450
2026-07-24 06:01:00+00:00,2221.60009765625,2221.60009765625,2222.89990234375,2217.300048828125,2222.89990234375,31416
2026-07-24 06:02:00+00:00,2220.60009765625,2220.60009765625,2222.10009765625,2219.89990234375,2221.10009765625,18391
2026-07-24 06:03:00+00:00,2221.5,2221.5,2222.699951171875,2220.300048828125,2220.699951171875,10228
2026-07-24 06:04:00+00:00,2219.699951171875,2219.699951171875,2220.89990234375,2219.0,2220.5,18210
2026-07-24 06:05:00+00:00,2221.60009765625,2221.60009765625,2222.800048828125,2221.0,2221.199951171875,5023
2026-07-24 06:06:00+00:00,2224.699951171875,2224.699951171875,2224.699951171875,2220.39990234375,2222.0,25998
2026-07-24 06:07:00+00:00,2227.199951171875,2227.199951171875,2227.199951171875,2222.10009765625,2223.39990234375,13596
2026-07-24 06:08:00+00:00,2225.5,2225.5,2228.0,2225.5,2226.39990234375,3852
2026-07-24 06:09:00+00:00,2228.699951171875,2228.699951171875,2229.0,2225.60009765625,2226.0,16496
2026-07-24 06:10:00+00:00,2229.39990234375,2229.39990234375,2229.89990234375,2228.39990234375,2228.699951171875,4466
2026-07-24 06:11:00+00:00,2230.5,2230.5,2230.5,2228.5,2229.60009765625,2910
2026-07-24 06:12:00+00:00,2233.699951171875,2233.699951171875,2233.699951171875,2230.0,2230.0,7290
2026-07-24 06:13:00+00:00,2238.699951171875,2238.699951171875,2238.699951171875,2233.199951171875,2233.60009765625,16077
2026-07-24 06:14:00+00:00,2238.0,2238.0,2238.699951171875,2236.89990234375,2238.5,9925
2026-07-24 06:15:00+00:00,2238.199951171875,2238.199951171875,2240.699951171875,2238.10009765625,2238.10009765625,8315
2026-07-24 06:16:00+00:00,2238.89990234375,2238.89990234375,2239.0,2236.800048828125,2239.0,4837
2026-07-24 06:17:00+00:00,2239.0,2239.0,2239.0,2238.199951171875,2239.0,2191
2026-07-24 06:18:00+00:00,2238.0,2238.0,2239.0,2237.39990234375,2238.39990234375,6090
2026-07-24 06:19:00+00:00,2238.800048828125,2238.800048828125,2239.0,2238.0,2238.10009765625,1927
2026-07-24 06:20:00+00:00,2240.0,2240.0,2240.0,2238.39990234375,2239.10009765625,5682
2026-07-24 06:21:00+00:00,2242.300048828125,2242.300048828125,2243.0,2239.89990234375,2240.0,8024
2026-07-24 06:22:00+00:00,2242.300048828125,2242.300048828125,2243.0,2242.10009765625,2242.60009765625,6323
2026-07-24 06:23:00+00:00,2241.39990234375,2241.39990234375,2243.5,2241.39990234375,2242.89990234375,4880
2026-07-24 06:24:00+00:00,2240.199951171875,2240.199951171875,2241.5,2240.0,2241.39990234375,2285
2026-07-24 06:25:00+00:00,2238.5,2238.5,2240.5,2237.800048828125,2240.5,2835
2026-07-24 06:26:00+00:00,2238.199951171875,2238.199951171875,2238.699951171875,2237.5,2237.5,3362
2026-07-24 06:27:00+00:00,2236.39990234375,2236.39990234375,2238.199951171875,2236.10009765625,2238.199951171875,1271
2026-07-24 06:28:00+00:00,2236.89990234375,2236.89990234375,2238.0,2236.199951171875,2236.199951171875,3573
2026-07-24 06:29:00+00:00,2237.60009765625,2237.60009765625,2237.60009765625,2236.10009765625,2237.0,3822
2026-07-24 06:30:00+00:00,2235.89990234375,2235.89990234375,2237.60009765625,2235.10009765625,2237.60009765625,2089
2026-07-24 06:31:00+00:00,2236.800048828125,2236.800048828125,2238.5,2236.0,2236.0,3386
2026-07-24 06:32:00+00:00,2237.5,2237.5,2237.89990234375,2236.699951171875,2237.5,1303
2026-07-24 06:33:00+00:00,2236.0,2236.0,2238.199951171875,2236.0,2237.5,2014
2026-07-24 06:34:00+00:00,2237.39990234375,2237.39990234375,2237.39990234375,2236.0,2236.0,2254
2026-07-24 06:35:00+00:00,2236.89990234375,2236.89990234375,2238.0,2235.89990234375,2238.0,751
2026-07-24 06:36:00+00:00,2236.800048828125,2236.800048828125,2237.0,2235.800048828125,2237.0,1844
2026-07-24 06:37:00+00:00,2234.800048828125,2234.800048828125,2236.39990234375,2234.199951171875,2236.39990234375,4357
2026-07-24 06:38:00+00:00,2234.300048828125,2234.300048828125,2235.39990234375,2233.60009765625,2235.300048828125,3608
2026-07-24 06:39:00+00:00,2236.39990234375,2236.39990234375,2237.0,2234.300048828125,2234.300048828125,4210
2026-07-24 06:40:00+00:00,2236.10009765625,2236.10009765625,2237.0,2235.699951171875,2236.39990234375,1578
2026-07-24 06:41:00+00:00,2237.10009765625,2237.10009765625,2238.199951171875,2235.10009765625,2235.60009765625,5808
2026-07-24 06:42:00+00:00,2237.0,2237.0,2237.89990234375,2236.39990234375,2237.10009765625,992
2026-07-24 06:43:00+00:00,2236.800048828125,2236.800048828125,2237.0,2236.300048828125,2237.0,367
2026-07-24 06:44:00+00:00,2237.10009765625,2237.10009765625,2237.89990234375,2236.5,2236.800048828125,3055
2026-07-24 06:45:00+00:00,2236.89990234375,2236.89990234375,2237.60009765625,2236.0,2237.300048828125,1368
2026-07-24 06:46:00+00:00,2238.5,2238.5,2238.5,2236.89990234375,2236.89990234375,2061
2026-07-24 06:47:00+00:00,2241.0,2241.0,2241.199951171875,2239.60009765625,2239.60009765625,7521
2026-07-24 06:48:00+00:00,2241.300048828125,2241.300048828125,2241.300048828125,2240.0,2240.60009765625,6167
2026-07-24 06:49:00+00:00,2242.0,2242.0,2242.0,2241.0,2241.699951171875,1958
2026-07-24 06:50:00+00:00,2242.60009765625,2242.60009765625,2242.60009765625,2241.0,2242.0,2461
2026-07-24 06:51:00+00:00,2244.89990234375,2244.89990234375,2244.89990234375,2243.0,2243.10009765625,10140
2026-07-24 06:52:00+00:00,2247.199951171875,2247.199951171875,2247.699951171875,2244.699951171875,2244.699951171875,9153
2026-07-24 06:53:00+00:00,2247.800048828125,2247.800048828125,2247.800048828125,2246.699951171875,2247.5,5736
2026-07-24 06:54:00+00:00,2247.39990234375,2247.39990234375,2247.800048828125,2247.0,2247.300048828125,4352
2026-07-24 06:55:00+00:00,2247.800048828125,2247.800048828125,2247.800048828125,2246.699951171875,2247.39990234375,4438
2026-07-24 06:56:00+00:00,2246.199951171875,2246.199951171875,2247.800048828125,2245.89990234375,2247.5,13572
2026-07-24 06:57:00+00:00,2247.0,2247.0,2247.5,2245.60009765625,2245.89990234375,6431
2026-07-24 06:58:00+00:00,2249.5,2249.5,2249.5,2246.199951171875,2247.0,9937
2026-07-24 06:59:00+00:00,2248.89990234375,2248.89990234375,2249.60009765625,2248.10009765625,2249.60009765625,5967
2026-07-24 07:00:00+00:00,2248.39990234375,2248.39990234375,2250.0,2247.5,2249.0,7061
2026-07-24 07:01:00+00:00,2251.199951171875,2251.199951171875,2252.0,2248.39990234375,2248.60009765625,7685
2026-07-24 07:02:00+00:00,2249.5,2249.5,2251.0,2248.699951171875,2251.0,4183
2026-07-24 07:03:00+00:00,2247.0,2247.0,2249.39990234375,2246.199951171875,2249.39990234375,4339
2026-07-24 07:04:00+00:00,2246.60009765625,2246.60009765625,2247.5,2245.0,2247.0,11584
2026-07-24 07:05:00+00:00,2248.5,2248.5,2249.300048828125,2246.199951171875,2246.800048828125,6032
2026-07-24 07:06:00+00:00,2249.39990234375,2249.39990234375,2250.0,2248.10009765625,2248.39990234375,8402
2026-07-24 07:07:00+00:00,2248.0,2248.0,2249.89990234375,2247.10009765625,2249.699951171875,14097
2026-07-24 07:08:00+00:00,2248.89990234375,2248.89990234375,2249.10009765625,2247.300048828125,2248.0,18177
2026-07-24 07:09:00+00:00,2251.800048828125,2251.800048828125,2252.60009765625,2248.0,2248.89990234375,17509
2026-07-24 07:10:00+00:00,2251.699951171875,2251.699951171875,2252.39990234375,2251.10009765625,2251.800048828125,6455
2026-07-24 07:11:00+00:00,2251.39990234375,2251.39990234375,2252.0,2251.0,2251.699951171875,1421
2026-07-24 07:12:00+00:00,2254.199951171875,2254.199951171875,2255.0,2253.199951171875,2253.89990234375,24602
2026-07-24 07:13:00+00:00,2255.60009765625,2255.60009765625,2256.800048828125,2253.699951171875,2254.0,12943
2026-07-24 07:14:00+00:00,2257.699951171875,2257.699951171875,2257.699951171875,2255.60009765625,2256.39990234375,8998
2026-07-24 07:15:00+00:00,2256.89990234375,2256.89990234375,2259.89990234375,2256.89990234375,2258.0,27148
2026-07-24 07:16:00+00:00,2254.0,2254.0,2257.60009765625,2253.89990234375,2257.60009765625,8139
2026-07-24 07:17:00+00:00,2254.0,2254.0,2255.5,2253.60009765625,2254.89990234375,4769
2026-07-24 07:18:00+00:00,2254.0,2254.0,2254.60009765625,2253.199951171875,2254.0,6149
2026-07-24 07:19:00+00:00,2254.0,2254.0,2255.300048828125,2254.0,2254.5,15469
2026-07-24 07:20:00+00:00,2251.300048828125,2251.300048828125,2255.10009765625,2251.300048828125,2254.10009765625,15170
2026-07-24 07:21:00+00:00,2251.699951171875,2251.699951171875,2252.199951171875,2251.10009765625,2252.199951171875,4777
2026-07-24 07:22:00+00:00,2251.5,2251.5,2251.699951171875,2251.5,2251.699951171875,6379
2026-07-24 07:23:00+00:00,2250.5,2250.5,2252.199951171875,2250.10009765625,2251.39990234375,10836
2026-07-24 07:24:00+00:00,2251.300048828125,2251.300048828125,2251.300048828125,2250.10009765625,2250.5,6122
2026-07-24 07:25:00+00:00,2251.10009765625,2251.10009765625,2252.0,2251.0,2251.5,4339
2026-07-24 07:26:00+00:00,2251.10009765625,2251.10009765625,2252.0,2250.89990234375,2251.0,3240
2026-07-24 07:27:00+00:00,2250.89990234375,2250.89990234375,2251.10009765625,2250.199951171875,2251.10009765625,3372
2026-07-24 07:28:00+00:00,2251.5,2251.5,2251.5,2250.60009765625,2251.0,1160
2026-07-24 07:29:00+00:00,2250.699951171875,2250.699951171875,2251.60009765625,2250.5,2251.199951171875,5099
2026-07-24 07:30:00+00:00,2250.39990234375,2250.39990234375,2250.60009765625,2249.60009765625,2250.39990234375,3112
2026-07-24 07:31:00+00:00,2250.300048828125,2250.300048828125,2251.300048828125,2250.300048828125,2250.39990234375,4475
2026-07-24 07:32:00+00:00,2251.0,2251.0,2251.39990234375,2249.60009765625,2249.60009765625,5097
2026-07-24 07:33:00+00:00,2249.60009765625,2249.60009765625,2251.199951171875,2249.60009765625,2251.199951171875,14465
2026-07-24 07:34:00+00:00,2249.300048828125,2249.300048828125,2250.699951171875,2249.0,2250.699951171875,2329
2026-07-24 07:35:00+00:00,2249.0,2249.0,2249.89990234375,2249.0,2249.300048828125,986
2026-07-24 07:36:00+00:00,2250.10009765625,2250.10009765625,2250.199951171875,2248.60009765625,2249.39990234375,4948
2026-07-24 07:37:00+00:00,2250.10009765625,2250.10009765625,2251.199951171875,2249.699951171875,2250.10009765625,8603
2026-07-24 07:38:00+00:00,2250.89990234375,2250.89990234375,2251.0,2249.5,2251.0,3485
2026-07-24 07:39:00+00:00,2250.300048828125,2250.300048828125,2251.199951171875,2250.0,2251.0,873
2026-07-24 07:40:00+00:00,2250.0,2250.0,2251.5,2249.699951171875,2250.699951171875,3575
2026-07-24 07:41:00+00:00,2248.800048828125,2248.800048828125,2250.0,2248.60009765625,2250.0,2968
2026-07-24 07:42:00+00:00,2249.300048828125,2249.300048828125,2249.39990234375,2248.800048828125,2249.0,1185
2026-07-24 07:43:00+00:00,2248.89990234375,2248.89990234375,2249.0,2248.5,2249.0,724
2026-07-24 07:44:00+00:00,2249.60009765625,2249.60009765625,2249.800048828125,2248.5,2249.0,2666
2026-07-24 07:45:00+00:00,2249.10009765625,2249.10009765625,2250.0,2248.800048828125,2248.800048828125,11232
2026-07-24 07:46:00+00:00,2248.89990234375,2248.89990234375,2249.10009765625,2248.699951171875,2249.0,2095
2026-07-24 07:47:00+00:00,2249.39990234375,2249.39990234375,2249.5,2248.300048828125,2249.0,1170
2026-07-24 07:48:00+00:00,2248.89990234375,2248.89990234375,2249.39990234375,2248.699951171875,2249.39990234375,659
2026-07-24 07:49:00+00:00,2250.89990234375,2250.89990234375,2251.10009765625,2249.0,2249.0,6422
2026-07-24 07:50:00+00:00,2250.60009765625,2250.60009765625,2251.0,2249.89990234375,2250.89990234375,1798
2026-07-24 07:51:00+00:00,2251.0,2251.0,2251.300048828125,2249.300048828125,2251.0,3462
2026-07-24 07:52:00+00:00,2250.0,2250.0,2251.199951171875,2249.800048828125,2251.10009765625,13655
2026-07-24 07:53:00+00:00,2252.199951171875,2252.199951171875,2252.199951171875,2250.0,2250.60009765625,6359
2026-07-24 07:54:00+00:00,2251.800048828125,2251.800048828125,2252.300048828125,2251.5,2252.0,2786
2026-07-24 07:55:00+00:00,2251.199951171875,2251.199951171875,2251.800048828125,2251.0,2251.5,1269
2026-07-24 07:56:00+00:00,2251.0,2251.0,2251.60009765625,2251.0,2251.300048828125,1325
2026-07-24 07:57:00+00:00,2252.800048828125,2252.800048828125,2252.800048828125,2251.0,2251.0,8094
2026-07-24 07:58:00+00:00,2250.300048828125,2250.300048828125,2253.10009765625,2249.60009765625,2252.800048828125,13567
2026-07-24 07:59:00+00:00,2249.800048828125,2249.800048828125,2250.199951171875,2248.5,2250.199951171875,4210
2026-07-24 08:00:00+00:00,2251.10009765625,2251.10009765625,2251.199951171875,2249.5,2249.699951171875,4876
2026-07-24 08:01:00+00:00,2250.800048828125,2250.800048828125,2251.10009765625,2249.60009765625,2251.10009765625,10356
2026-07-24 08:02:00+00:00,2250.699951171875,2250.699951171875,2251.0,2250.0,2250.199951171875,3004
2026-07-24 08:03:00+00:00,2248.89990234375,2248.89990234375,2250.699951171875,2248.89990234375,2250.699951171875,3095
2026-07-24 08:04:00+00:00,2248.5,2248.5,2250.0,2247.199951171875,2250.0,5137
2026-07-24 08:05:00+00:00,2245.699951171875,2245.699951171875,2248.5,2245.699951171875,2247.699951171875,1647
2026-07-24 08:06:00+00:00,2247.0,2247.0,2247.39990234375,2245.89990234375,2246.39990234375,9082
2026-07-24 08:07:00+00:00,2246.60009765625,2246.60009765625,2247.10009765625,2245.699951171875,2247.0,3296
2026-07-24 08:08:00+00:00,2246.800048828125,2246.800048828125,2246.89990234375,2246.199951171875,2246.60009765625,1875
2026-07-24 08:09:00+00:00,2246.39990234375,2246.39990234375,2246.89990234375,2246.39990234375,2246.89990234375,1347
2026-07-24 08:10:00+00:00,2245.89990234375,2245.89990234375,2246.300048828125,2245.5,2246.300048828125,2137
2026-07-24 08:11:00+00:00,2243.89990234375,2243.89990234375,2245.0,2243.5,2245.0,9737
2026-07-24 08:12:00+00:00,2244.199951171875,2244.199951171875,2244.300048828125,2243.300048828125,2244.199951171875,4003
2026-07-24 08:13:00+00:00,2244.699951171875,2244.699951171875,2244.89990234375,2244.10009765625,2244.10009765625,1435
2026-07-24 08:14:00+00:00,2245.89990234375,2245.89990234375,2245.89990234375,2244.800048828125,2244.800048828125,890
2026-07-24 08:15:00+00:00,2245.39990234375,2245.39990234375,2246.0,2245.39990234375,2245.89990234375,47944
2026-07-24 08:16:00+00:00,2245.89990234375,2245.89990234375,2246.0,2245.300048828125,2245.699951171875,1441
2026-07-24 08:17:00+00:00,2245.300048828125,2245.300048828125,2246.0,2245.300048828125,2245.89990234375,853
2026-07-24 08:18:00+00:00,2245.5,2245.5,2246.300048828125,2245.5,2245.60009765625,879
2026-07-24 08:19:00+00:00,2245.800048828125,2245.800048828125,2246.0,2245.0,2246.0,7016
2026-07-24 08:20:00+00:00,2245.89990234375,2245.89990234375,2245.89990234375,2244.0,2245.800048828125,5605
2026-07-24 08:21:00+00:00,2246.5,2246.5,2246.699951171875,2245.800048828125,2246.0,1209
2026-07-24 08:22:00+00:00,2246.699951171875,2246.699951171875,2246.699951171875,2246.5,2246.5,3126
2026-07-24 08:23:00+00:00,2245.89990234375,2245.89990234375,2246.60009765625,2245.89990234375,2246.5,3731
2026-07-24 08:24:00+00:00,2246.10009765625,2246.10009765625,2246.10009765625,2245.60009765625,2245.699951171875,8087
2026-07-24 08:25:00+00:00,2246.300048828125,2246.300048828125,2246.5,2245.699951171875,2246.10009765625,8636
2026-07-24 08:26:00+00:00,2247.300048828125,2247.300048828125,2247.39990234375,2246.199951171875,2246.300048828125,4685
2026-07-24 08:27:00+00:00,2249.699951171875,2249.699951171875,2250.0,2247.300048828125,2247.300048828125,8271
2026-07-24 08:28:00+00:00,2249.39990234375,2249.39990234375,2251.0,2249.10009765625,2249.699951171875,53709
2026-07-24 08:29:00+00:00,2249.300048828125,2249.300048828125,2250.10009765625,2249.10009765625,2249.39990234375,4679
2026-07-24 08:30:00+00:00,2248.300048828125,2248.300048828125,2249.300048828125,2248.199951171875,2249.300048828125,3694
2026-07-24 08:31:00+00:00,2251.699951171875,2251.699951171875,2251.800048828125,2248.300048828125,2248.300048828125,12029
2026-07-24 08:32:00+00:00,2255.60009765625,2255.60009765625,2255.89990234375,2252.699951171875,2252.699951171875,9543
2026-07-24 08:33:00+00:00,2256.10009765625,2256.10009765625,2256.699951171875,2255.300048828125,2255.300048828125,3622
2026-07-24 08:34:00+00:00,2256.300048828125,2256.300048828125,2257.199951171875,2256.0,2256.10009765625,6854
2026-07-24 08:35:00+00:00,2255.5,2255.5,2257.39990234375,2255.39990234375,2256.300048828125,7281
2026-07-24 08:36:00+00:00,2254.5,2254.5,2256.0,2254.10009765625,2255.39990234375,11306
2026-07-24 08:37:00+00:00,2254.89990234375,2254.89990234375,2255.89990234375,2253.39990234375,2254.300048828125,2700
2026-07-24 08:38:00+00:00,2253.89990234375,2253.89990234375,2255.10009765625,2253.5,2255.0,2396
2026-07-24 08:39:00+00:00,2253.60009765625,2253.60009765625,2254.5,2252.800048828125,2254.5,1844
2026-07-24 08:40:00+00:00,2253.89990234375,2253.89990234375,2254.89990234375,2252.300048828125,2252.89990234375,7054
2026-07-24 08:41:00+00:00,2254.89990234375,2254.89990234375,2255.800048828125,2253.60009765625,2254.60009765625,5304
2026-07-24 08:42:00+00:00,2254.60009765625,2254.60009765625,2255.0,2253.800048828125,2254.60009765625,2639
2026-07-24 08:43:00+00:00,2256.10009765625,2256.10009765625,2256.39990234375,2254.199951171875,2254.5,4649
2026-07-24 08:44:00+00:00,2257.300048828125,2257.300048828125,2257.89990234375,2256.10009765625,2256.39990234375,5339
2026-07-24 08:45:00+00:00,2256.5,2256.5,2257.89990234375,2256.199951171875,2257.89990234375,2652
2026-07-24 08:46:00+00:00,2256.0,2256.0,2256.39990234375,2255.10009765625,2256.10009765625,3206
2026-07-24 08:47:00+00:00,2255.5,2255.5,2256.300048828125,2255.0,2256.0,3965
2026-07-24 08:48:00+00:00,2255.800048828125,2255.800048828125,2256.699951171875,2255.0,2255.5,4171
2026-07-24 08:49:00+00:00,2256.199951171875,2256.199951171875,2257.0,2255.5,2255.89990234375,3158
2026-07-24 08:50:00+00:00,2253.199951171875,2253.199951171875,2256.300048828125,2253.199951171875,2256.199951171875,3268
2026-07-24 08:51:00+00:00,2253.300048828125,2253.300048828125,2254.300048828125,2252.699951171875,2254.0,3762
2026-07-24 08:52:00+00:00,2253.800048828125,2253.800048828125,2255.0,2253.199951171875,2253.199951171875,4059
2026-07-24 08:53:00+00:00,2252.60009765625,2252.60009765625,2254.5,2252.0,2253.699951171875,3816
2026-07-24 08:54:00+00:00,2256.0,2256.0,2256.0,2252.0,2252.0,7572
2026-07-24 08:55:00+00:00,2256.199951171875,2256.199951171875,2257.0,2254.800048828125,2255.800048828125,8555
2026-07-24 08:56:00+00:00,2255.10009765625,2255.10009765625,2257.5,2254.39990234375,2256.89990234375,8376
2026-07-24 08:57:00+00:00,2253.89990234375,2253.89990234375,2255.300048828125,2253.10009765625,2254.199951171875,2734
2026-07-24 08:58:00+00:00,2253.60009765625,2253.60009765625,2254.300048828125,2252.800048828125,2253.800048828125,2172
2026-07-24 08:59:00+00:00,2253.10009765625,2253.10009765625,2253.89990234375,2253.0,2253.89990234375,3745
2026-07-24 09:00:00+00:00,2253.199951171875,2253.199951171875,2254.10009765625,2253.0,2253.60009765625,2004
2026-07-24 09:01:00+00:00,2254.89990234375,2254.89990234375,2255.300048828125,2253.199951171875,2253.199951171875,3780
2026-07-24 09:02:00+00:00,2253.699951171875,2253.699951171875,2255.0,2253.699951171875,2254.89990234375,2662
2026-07-24 09:03:00+00:00,2253.10009765625,2253.10009765625,2254.39990234375,2253.10009765625,2254.39990234375,3131
2026-07-24 09:04:00+00:00,2252.199951171875,2252.199951171875,2253.800048828125,2252.10009765625,2253.800048828125,12988
2026-07-24 09:05:00+00:00,2256.5,2256.5,2256.5,2252.10009765625,2253.0,14778
2026-07-24 09:06:00+00:00,2255.89990234375,2255.89990234375,2256.699951171875,2255.0,2256.5,5984
2026-07-24 09:07:00+00:00,2256.39990234375,2256.39990234375,2257.0,2255.5,2256.199951171875,7321
2026-07-24 09:08:00+00:00,2255.800048828125,2255.800048828125,2256.800048828125,2255.800048828125,2256.800048828125,3570
2026-07-24 09:09:00+00:00,2256.39990234375,2256.39990234375,2257.10009765625,2255.199951171875,2255.199951171875,5137
2026-07-24 09:10:00+00:00,2255.60009765625,2255.60009765625,2256.800048828125,2255.60009765625,2256.0,2386
2026-07-24 09:11:00+00:00,2255.199951171875,2255.199951171875,2256.0,2255.199951171875,2255.89990234375,1953
2026-07-24 09:12:00+00:00,2253.10009765625,2253.10009765625,2255.699951171875,2253.0,2255.5,7768
2026-07-24 09:13:00+00:00,2253.89990234375,2253.89990234375,2255.300048828125,2253.0,2253.0,4591
2026-07-24 09:14:00+00:00,2253.5,2253.5,2254.89990234375,2253.5,2254.89990234375,2912
2026-07-24 09:15:00+00:00,2254.39990234375,2254.39990234375,2254.699951171875,2253.199951171875,2253.89990234375,2259
2026-07-24 09:16:00+00:00,2254.800048828125,2254.800048828125,2255.0,2254.0,2254.5,4166
2026-07-24 09:17:00+00:00,2256.10009765625,2256.10009765625,2256.800048828125,2255.10009765625,2255.39990234375,3610
2026-07-24 09:18:00+00:00,2255.60009765625,2255.60009765625,2256.800048828125,2255.300048828125,2256.0,2197
2026-07-24 09:19:00+00:00,2256.800048828125,2256.800048828125,2256.800048828125,2255.60009765625,2255.699951171875,4232
2026-07-24 09:20:00+00:00,2256.0,2256.0,2256.800048828125,2256.0,2256.5,2935
2026-07-24 09:21:00+00:00,2255.699951171875,2255.699951171875,2256.89990234375,2254.300048828125,2256.60009765625,4049
2026-07-24 09:22:00+00:00,2255.300048828125,2255.300048828125,2256.199951171875,2255.300048828125,2255.89990234375,3694
2026-07-24 09:23:00+00:00,2255.60009765625,2255.60009765625,2256.800048828125,2255.199951171875,2255.699951171875,4541
2026-07-24 09:24:00+00:00,2255.300048828125,2255.300048828125,2256.300048828125,2255.300048828125,2255.800048828125,2758
2026-07-24 09:25:00+00:00,2256.0,2256.0,2256.0,2255.300048828125,2255.300048828125,3267
2026-07-24 09:26:00+00:00,2256.39990234375,2256.39990234375,2256.800048828125,2255.300048828125,2255.300048828125,6166
2026-07-24 09:27:00+00:00,2256.300048828125,2256.300048828125,2256.5,2255.300048828125,2256.5,3731
2026-07-24 09:28:00+00:00,2255.300048828125,2255.300048828125,2256.5,2255.300048828125,2255.5,2782
2026-07-24 09:29:00+00:00,2255.60009765625,2255.60009765625,2255.89990234375,2254.10009765625,2255.89990234375,6430
2026-07-24 09:30:00+00:00,2253.800048828125,2253.800048828125,2255.89990234375,2253.0,2255.60009765625,32289
2026-07-24 09:31:00+00:00,2254.199951171875,2254.199951171875,2255.0,2253.0,2253.89990234375,17598
2026-07-24 09:32:00+00:00,2254.39990234375,2254.39990234375,2254.5,2254.0,2254.10009765625,8134
2026-07-24 09:33:00+00:00,2255.300048828125,2255.300048828125,2255.5,2254.699951171875,2255.0,8155
2026-07-24 09:34:00+00:00,2255.60009765625,2255.60009765625,2256.5,2255.39990234375,2255.800048828125,8420
2026-07-24 09:35:00+00:00,2255.5,2255.5,2255.800048828125,2255.10009765625,2255.800048828125,6999
2026-07-24 09:36:00+00:00,2254.39990234375,2254.39990234375,2255.800048828125,2254.10009765625,2255.39990234375,6408
2026-07-24 09:37:00+00:00,2254.60009765625,2254.60009765625,2255.300048828125,2254.60009765625,2254.800048828125,6627
2026-07-24 09:38:00+00:00,2254.5,2254.5,2255.800048828125,2254.0,2254.60009765625,15392
2026-07-24 09:39:00+00:00,2254.300048828125,2254.300048828125,2254.5,2254.10009765625,2254.5,8066
2026-07-24 09:40:00+00:00,2255.0,2255.0,2255.0,2254.10009765625,2254.5,12854
2026-07-24 09:41:00+00:00,2253.10009765625,2253.10009765625,2254.0,2253.10009765625,2254.0,35132
2026-07-24 09:42:00+00:00,2253.10009765625,2253.10009765625,2253.60009765625,2253.0,2253.5,9579
2026-07-24 09:43:00+00:00,2253.199951171875,2253.199951171875,2253.60009765625,2253.10009765625,2253.39990234375,7555
2026-07-24 09:44:00+00:00,2254.300048828125,2254.300048828125,2254.89990234375,2253.39990234375,2253.39990234375,13232
2026-07-24 09:45:00+00:00,2255.699951171875,2255.699951171875,2255.699951171875,2254.699951171875,2255.10009765625,10318
2026-07-24 09:46:00+00:00,2255.199951171875,2255.199951171875,2255.699951171875,2255.0,2255.699951171875,10462
2026-07-24 09:47:00+00:00,2254.10009765625,2254.10009765625,2255.39990234375,2253.60009765625,2255.10009765625,17919
2026-07-24 09:48:00+00:00,2254.0,2254.0,2254.89990234375,2253.0,2254.89990234375,19964
2026-07-24 09:49:00+00:00,2255.0,2255.0,2255.300048828125,2254.0,2254.699951171875,12443
2026-07-24 09:50:00+00:00,2255.10009765625,2255.10009765625,2255.10009765625,2253.699951171875,2255.10009765625,21624
2026-07-24 09:51:00+00:00,2255.10009765625,2255.10009765625,2255.10009765625,2255.0,2255.10009765625,11409
2026-07-24 09:52:00+00:00,2254.300048828125,2254.300048828125,2255.10009765625,2254.300048828125,2255.0,7044
2026-07-24 09:53:00+00:00,2255.300048828125,2255.300048828125,2255.300048828125,2254.199951171875,2254.199951171875,19517
2026-07-24 09:54:00+00:00,2255.0,2255.0,2255.199951171875,2254.5,2255.10009765625,13219
2026-07-24 09:55:00+00:00,2254.199951171875,2254.199951171875,2255.39990234375,2253.10009765625,2255.0,20399
2026-07-24 09:56:00+00:00,2253.60009765625,2253.60009765625,2254.5,2253.39990234375,2254.0,11382
2026-07-24 09:57:00+00:00,2251.60009765625,2251.60009765625,2253.60009765625,2250.5,2253.60009765625,29695
2026-07-24 09:58:00+00:00,2252.5,2252.5,2252.699951171875,2251.0,2251.199951171875,7595
2026-07-24 09:59:00+00:00,2252.0,2252.0,2253.0,2250.10009765625,2252.5,11982
2026-07-27 03:45:00+00:00,2273.0,2273.0,2285.300048828125,2272.800048828125,2280.0,0
2026-07-27 03:46:00+00:00,2275.60009765625,2275.60009765625,2278.300048828125,2272.39990234375,2273.0,39528
2026-07-27 03:47:00+00:00,2280.10009765625,2280.10009765625,2283.39990234375,2276.5,2276.5,30013
2026-07-27 03:48:00+00:00,2279.10009765625,2279.10009765625,2283.699951171875,2278.300048828125,2280.0,18944
2026-07-27 03:49:00+00:00,2276.39990234375,2276.39990234375,2280.60009765625,2276.39990234375,2278.800048828125,15736
2026-07-27 03:50:00+00:00,2280.10009765625,2280.10009765625,2281.199951171875,2276.300048828125,2276.300048828125,17286
2026-07-27 03:51:00+00:00,2278.0,2278.0,2280.199951171875,2276.39990234375,2280.199951171875,16328
2026-07-27 03:52:00+00:00,2277.699951171875,2277.699951171875,2278.699951171875,2277.60009765625,2278.699951171875,5714
2026-07-27 03:53:00+00:00,2281.60009765625,2281.60009765625,2281.60009765625,2278.0,2278.0,19184
2026-07-27 03:54:00+00:00,2281.199951171875,2281.199951171875,2282.60009765625,2279.39990234375,2282.10009765625,48921
2026-07-27 03:55:00+00:00,2280.300048828125,2280.300048828125,2282.0,2279.10009765625,2281.0,18484
2026-07-27 03:56:00+00:00,2284.39990234375,2284.39990234375,2286.0,2278.699951171875,2280.0,29491
2026-07-27 03:57:00+00:00,2288.699951171875,2288.699951171875,2290.39990234375,2284.39990234375,2284.39990234375,48869
2026-07-27 03:58:00+00:00,2289.199951171875,2289.199951171875,2289.5,2288.0,2289.199951171875,23228
2026-07-27 03:59:00+00:00,2289.5,2289.5,2289.89990234375,2288.300048828125,2289.5,20378
2026-07-27 04:00:00+00:00,2291.5,2291.5,2293.5,2288.60009765625,2289.5,32791
2026-07-27 04:01:00+00:00,2291.300048828125,2291.300048828125,2294.0,2291.10009765625,2291.300048828125,32934
2026-07-27 04:02:00+00:00,2289.300048828125,2289.300048828125,2292.39990234375,2288.10009765625,2291.39990234375,17125
2026-07-27 04:03:00+00:00,2296.89990234375,2296.89990234375,2297.800048828125,2289.300048828125,2289.300048828125,52200
2026-07-27 04:04:00+00:00,2300.800048828125,2300.800048828125,2300.800048828125,2296.39990234375,2297.10009765625,63027
2026-07-27 04:05:00+00:00,2304.10009765625,2304.10009765625,2306.0,2301.199951171875,2301.199951171875,39637
2026-07-27 04:06:00+00:00,2312.0,2312.0,2312.800048828125,2304.0,2304.10009765625,60872
2026-07-27 04:07:00+00:00,2309.89990234375,2309.89990234375,2312.0,2309.0,2312.0,31749
2026-07-27 04:08:00+00:00,2305.89990234375,2305.89990234375,2310.89990234375,2305.60009765625,2309.89990234375,26300
2026-07-27 04:09:00+00:00,2301.699951171875,2301.699951171875,2306.800048828125,2301.699951171875,2306.0,22508
2026-07-27 04:10:00+00:00,2304.300048828125,2304.300048828125,2305.0,2301.60009765625,2302.0,19276
2026-07-27 04:11:00+00:00,2304.39990234375,2304.39990234375,2305.0,2301.89990234375,2305.0,17187
2026-07-27 04:12:00+00:00,2306.800048828125,2306.800048828125,2307.0,2303.60009765625,2304.0,37016
2026-07-27 04:13:00+00:00,2307.300048828125,2307.300048828125,2308.0,2305.699951171875,2305.699951171875,25106
2026-07-27 04:14:00+00:00,2306.699951171875,2306.699951171875,2309.0,2306.699951171875,2307.300048828125,16560
2026-07-27 04:15:00+00:00,2307.39990234375,2307.39990234375,2307.89990234375,2306.60009765625,2307.60009765625,16364
2026-07-27 04:16:00+00:00,2304.89990234375,2304.89990234375,2307.800048828125,2304.89990234375,2307.60009765625,18728
2026-07-27 04:17:00+00:00,2301.699951171875,2301.699951171875,2305.0,2300.0,2305.0,28939
2026-07-27 04:18:00+00:00,2305.89990234375,2305.89990234375,2305.89990234375,2301.300048828125,2301.800048828125,24150
2026-07-27 04:19:00+00:00,2306.5,2306.5,2308.800048828125,2305.60009765625,2305.89990234375,20887
2026-07-27 04:20:00+00:00,2306.5,2306.5,2308.0,2305.0,2306.699951171875,19782
2026-07-27 04:21:00+00:00,2302.300048828125,2302.300048828125,2306.89990234375,2301.39990234375,2306.300048828125,14518
2026-07-27 04:22:00+00:00,2303.89990234375,2303.89990234375,2304.300048828125,2302.300048828125,2302.300048828125,11058
2026-07-27 04:23:00+00:00,2304.5,2304.5,2305.0,2303.0,2304.300048828125,22230
2026-07-27 04:24:00+00:00,2304.60009765625,2304.60009765625,2305.0,2303.300048828125,2303.800048828125,7744
2026-07-27 04:25:00+00:00,2298.800048828125,2298.800048828125,2304.699951171875,2297.89990234375,2304.5,25896
2026-07-27 04:26:00+00:00,2300.89990234375,2300.89990234375,2303.5,2296.60009765625,2298.800048828125,18516
2026-07-27 04:27:00+00:00,2301.0,2301.0,2302.5,2298.60009765625,2302.5,16974
2026-07-27 04:28:00+00:00,2301.199951171875,2301.199951171875,2302.0,2299.300048828125,2301.5,21435
2026-07-27 04:29:00+00:00,2302.199951171875,2302.199951171875,2303.0,2299.5,2301.5,29372
2026-07-27 04:30:00+00:00,2304.800048828125,2304.800048828125,2305.199951171875,2300.800048828125,2302.199951171875,34210
2026-07-27 04:31:00+00:00,2303.800048828125,2303.800048828125,2304.800048828125,2302.5,2304.800048828125,11356
2026-07-27 04:32:00+00:00,2302.699951171875,2302.699951171875,2304.0,2302.10009765625,2304.0,14494
2026-07-27 04:33:00+00:00,2301.60009765625,2301.60009765625,2303.0,2301.60009765625,2303.0,6852
2026-07-27 04:34:00+00:00,2301.89990234375,2301.89990234375,2302.5,2301.39990234375,2301.60009765625,8998
2026-07-27 04:35:00+00:00,2302.199951171875,2302.199951171875,2302.89990234375,2301.89990234375,2302.39990234375,6687
2026-07-27 04:36:00+00:00,2302.0,2302.0,2302.0,2301.0,2301.699951171875,13425
2026-07-27 04:37:00+00:00,2301.0,2301.0,2302.0,2300.89990234375,2302.0,5579
2026-07-27 04:38:00+00:00,2301.5,2301.5,2301.5,2301.0,2301.0,5549
2026-07-27 04:39:00+00:00,2299.5,2299.5,2301.199951171875,2299.5,2300.89990234375,32930
2026-07-27 04:40:00+00:00,2303.0,2303.0,2303.0,2298.800048828125,2300.0,43319
2026-07-27 04:41:00+00:00,2306.699951171875,2306.699951171875,2307.0,2302.89990234375,2303.0,30975
2026-07-27 04:42:00+00:00,2307.89990234375,2307.89990234375,2307.89990234375,2306.199951171875,2307.0,9804
2026-07-27 04:43:00+00:00,2310.800048828125,2310.800048828125,2311.60009765625,2307.699951171875,2308.0,44292
2026-07-27 04:44:00+00:00,2310.800048828125,2310.800048828125,2310.800048828125,2310.0,2310.39990234375,6414
2026-07-27 04:45:00+00:00,2310.10009765625,2310.10009765625,2311.89990234375,2309.39990234375,2310.800048828125,11615
2026-07-27 04:46:00+00:00,2313.89990234375,2313.89990234375,2314.199951171875,2310.0,2310.5,38061
2026-07-27 04:47:00+00:00,2312.0,2312.0,2315.0,2310.800048828125,2313.300048828125,25583
2026-07-27 04:48:00+00:00,2311.0,2311.0,2312.699951171875,2310.0,2311.89990234375,11228
2026-07-27 04:49:00+00:00,2311.10009765625,2311.10009765625,2313.300048828125,2310.5,2311.10009765625,10736
2026-07-27 04:50:00+00:00,2311.5,2311.5,2311.5,2309.800048828125,2311.10009765625,15720
2026-07-27 04:51:00+00:00,2311.0,2311.0,2311.5,2310.5,2311.5,4795
2026-07-27 04:52:00+00:00,2310.60009765625,2310.60009765625,2311.0,2309.5,2311.0,10316
2026-07-27 04:53:00+00:00,2309.0,2309.0,2311.10009765625,2308.60009765625,2310.60009765625,9637
2026-07-27 04:54:00+00:00,2309.199951171875,2309.199951171875,2309.60009765625,2307.800048828125,2309.60009765625,7906
2026-07-27 04:55:00+00:00,2308.300048828125,2308.300048828125,2309.199951171875,2308.0,2309.0,8883
2026-07-27 04:56:00+00:00,2307.89990234375,2307.89990234375,2308.300048828125,2307.0,2308.0,12239
2026-07-27 04:57:00+00:00,2308.5,2308.5,2308.5,2307.0,2307.10009765625,6016
2026-07-27 04:58:00+00:00,2308.0,2308.0,2309.5,2307.39990234375,2308.5,6428
2026-07-27 04:59:00+00:00,2304.699951171875,2304.699951171875,2308.60009765625,2304.39990234375,2308.0,35556
2026-07-27 05:00:00+00:00,2304.10009765625,2304.10009765625,2304.800048828125,2303.60009765625,2304.5,8819
2026-07-27 05:01:00+00:00,2306.699951171875,2306.699951171875,2307.0,2304.10009765625,2304.5,11074
2026-07-27 05:02:00+00:00,2307.5,2307.5,2307.89990234375,2305.300048828125,2306.0,11335
2026-07-27 05:03:00+00:00,2307.5,2307.5,2307.89990234375,2306.60009765625,2307.800048828125,5144
2026-07-27 05:04:00+00:00,2306.5,2306.5,2307.699951171875,2306.0,2307.5,6506
2026-07-27 05:05:00+00:00,2306.0,2306.0,2308.0,2306.0,2306.60009765625,7405
2026-07-27 05:06:00+00:00,2304.5,2304.5,2306.800048828125,2304.0,2306.800048828125,8476
2026-07-27 05:07:00+00:00,2304.39990234375,2304.39990234375,2305.699951171875,2303.89990234375,2304.199951171875,8105
2026-07-27 05:08:00+00:00,2303.800048828125,2303.800048828125,2304.60009765625,2303.60009765625,2303.89990234375,6553
2026-07-27 05:09:00+00:00,2304.39990234375,2304.39990234375,2304.60009765625,2303.60009765625,2303.60009765625,5170
2026-07-27 05:10:00+00:00,2306.0,2306.0,2306.0,2303.89990234375,2304.5,6305
2026-07-27 05:11:00+00:00,2306.0,2306.0,2306.5,2305.300048828125,2306.0,6818
2026-07-27 05:12:00+00:00,2307.199951171875,2307.199951171875,2307.199951171875,2305.60009765625,2305.800048828125,5517
2026-07-27 05:13:00+00:00,2305.5,2305.5,2306.800048828125,2305.300048828125,2306.60009765625,4160
2026-07-27 05:14:00+00:00,2306.0,2306.0,2306.10009765625,2305.10009765625,2305.800048828125,4293
2026-07-27 05:15:00+00:00,2304.10009765625,2304.10009765625,2305.89990234375,2303.0,2305.89990234375,8712
2026-07-27 05:16:00+00:00,2302.800048828125,2302.800048828125,2304.10009765625,2302.10009765625,2303.699951171875,15256
2026-07-27 05:17:00+00:00,2301.199951171875,2301.199951171875,2303.199951171875,2301.0,2302.800048828125,10012
2026-07-27 05:18:00+00:00,2300.5,2300.5,2301.60009765625,2300.5,2301.199951171875,4606
2026-07-27 05:19:00+00:00,2299.0,2299.0,2301.199951171875,2298.39990234375,2301.199951171875,20021
2026-07-27 05:20:00+00:00,2299.89990234375,2299.89990234375,2300.0,2299.199951171875,2299.199951171875,6823
2026-07-27 05:21:00+00:00,2299.89990234375,2299.89990234375,2300.0,2299.60009765625,2299.89990234375,5622
2026-07-27 05:22:00+00:00,2299.300048828125,2299.300048828125,2299.800048828125,2298.39990234375,2299.699951171875,9377
2026-07-27 05:23:00+00:00,2299.5,2299.5,2299.800048828125,2298.699951171875,2299.0,3745
2026-07-27 05:24:00+00:00,2298.5,2298.5,2299.800048828125,2298.5,2299.60009765625,2768
2026-07-27 05:25:00+00:00,2297.0,2297.0,2299.0,2296.0,2299.0,14993
2026-07-27 05:26:00+00:00,2296.800048828125,2296.800048828125,2296.89990234375,2295.699951171875,2296.0,5042
2026-07-27 05:27:00+00:00,2297.39990234375,2297.39990234375,2298.199951171875,2296.199951171875,2296.800048828125,6848
2026-07-27 05:28:00+00:00,2302.10009765625,2302.10009765625,2303.300048828125,2297.39990234375,2297.39990234375,21191
2026-07-27 05:29:00+00:00,2303.5,2303.5,2303.5,2302.0,2302.300048828125,4959
2026-07-27 05:30:00+00:00,2304.699951171875,2304.699951171875,2304.800048828125,2303.199951171875,2303.60009765625,8439
2026-07-27 05:31:00+00:00,2304.10009765625,2304.10009765625,2307.5,2303.39990234375,2304.60009765625,11477
2026-07-27 05:32:00+00:00,2302.5,2302.5,2304.0,2301.5,2304.0,7969
2026-07-27 05:33:00+00:00,2301.60009765625,2301.60009765625,2302.60009765625,2301.10009765625,2302.0,3473
2026-07-27 05:34:00+00:00,2299.5,2299.5,2301.60009765625,2299.5,2301.60009765625,9093
2026-07-27 05:35:00+00:00,2299.0,2299.0,2299.89990234375,2298.199951171875,2299.0,3206
2026-07-27 05:36:00+00:00,2296.10009765625,2296.10009765625,2299.5,2296.10009765625,2299.300048828125,7017
2026-07-27 05:37:00+00:00,2296.10009765625,2296.10009765625,2296.699951171875,2296.10009765625,2296.39990234375,9951
2026-07-27 05:38:00+00:00,2296.60009765625,2296.60009765625,2297.800048828125,2296.10009765625,2296.10009765625,10850
2026-07-27 05:39:00+00:00,2297.60009765625,2297.60009765625,2298.5,2296.39990234375,2296.60009765625,5248
2026-07-27 05:40:00+00:00,2296.5,2296.5,2298.60009765625,2296.5,2298.0,4957
2026-07-27 05:41:00+00:00,2298.800048828125,2298.800048828125,2299.10009765625,2296.10009765625,2296.5,14823
2026-07-27 05:42:00+00:00,2298.699951171875,2298.699951171875,2299.5,2297.10009765625,2298.39990234375,2658
2026-07-27 05:43:00+00:00,2296.800048828125,2296.800048828125,2299.39990234375,2296.199951171875,2299.39990234375,6452
2026-07-27 05:44:00+00:00,2294.0,2294.0,2296.39990234375,2293.800048828125,2296.10009765625,12157
2026-07-27 05:45:00+00:00,2294.60009765625,2294.60009765625,2294.89990234375,2293.199951171875,2294.800048828125,7941
2026-07-27 05:46:00+00:00,2297.10009765625,2297.10009765625,2298.10009765625,2293.39990234375,2294.10009765625,13897
2026-07-27 05:47:00+00:00,2298.300048828125,2298.300048828125,2298.699951171875,2296.699951171875,2297.10009765625,3496
2026-07-27 05:48:00+00:00,2297.0,2297.0,2298.5,2297.0,2298.0,3352
2026-07-27 05:49:00+00:00,2295.699951171875,2295.699951171875,2297.0,2295.0,2297.0,4374
2026-07-27 05:50:00+00:00,2295.699951171875,2295.699951171875,2296.5,2295.199951171875,2295.699951171875,4671
2026-07-27 05:51:00+00:00,2296.0,2296.0,2296.0,2295.60009765625,2295.699951171875,2961
2026-07-27 05:52:00+00:00,2296.199951171875,2296.199951171875,2297.199951171875,2295.60009765625,2296.10009765625,5300
2026-07-27 05:53:00+00:00,2296.800048828125,2296.800048828125,2296.800048828125,2295.60009765625,2295.60009765625,5829
2026-07-27 05:54:00+00:00,2298.699951171875,2298.699951171875,2299.5,2296.10009765625,2296.10009765625,5506
2026-07-27 05:55:00+00:00,2308.699951171875,2308.699951171875,2308.699951171875,2297.300048828125,2298.60009765625,80433
2026-07-27 05:56:00+00:00,2310.10009765625,2310.10009765625,2311.800048828125,2306.89990234375,2309.89990234375,38272
2026-07-27 05:57:00+00:00,2310.39990234375,2310.39990234375,2312.10009765625,2310.0,2310.0,13188
2026-07-27 05:58:00+00:00,2310.199951171875,2310.199951171875,2311.800048828125,2310.0,2311.0,25733
2026-07-27 05:59:00+00:00,2310.5,2310.5,2311.300048828125,2309.60009765625,2310.199951171875,17817
2026-07-27 06:00:00+00:00,2310.60009765625,2310.60009765625,2311.199951171875,2310.0,2310.5,7567
2026-07-27 06:01:00+00:00,2310.60009765625,2310.60009765625,2311.5,2310.0,2310.699951171875,5697
2026-07-27 06:02:00+00:00,2310.199951171875,2310.199951171875,2311.800048828125,2310.0,2310.199951171875,19122
2026-07-27 06:03:00+00:00,2310.0,2310.0,2310.60009765625,2310.0,2310.199951171875,17650
2026-07-27 06:04:00+00:00,2310.10009765625,2310.10009765625,2311.0,2310.0,2310.300048828125,3652
2026-07-27 06:05:00+00:00,2310.0,2310.0,2310.89990234375,2310.0,2310.89990234375,2918
2026-07-27 06:06:00+00:00,2310.0,2310.0,2310.39990234375,2310.0,2310.10009765625,24127
2026-07-27 06:07:00+00:00,2310.0,2310.0,2310.39990234375,2310.0,2310.0,27508
2026-07-27 06:08:00+00:00,2310.0,2310.0,2310.5,2309.699951171875,2310.0,35739
2026-07-27 06:09:00+00:00,2306.89990234375,2306.89990234375,2310.300048828125,2306.89990234375,2310.10009765625,11290
2026-07-27 06:10:00+00:00,2308.60009765625,2308.60009765625,2309.89990234375,2307.0,2307.0,11973
2026-07-27 06:11:00+00:00,2308.800048828125,2308.800048828125,2309.89990234375,2308.0,2308.60009765625,7155
2026-07-27 06:12:00+00:00,2306.5,2306.5,2308.800048828125,2306.5,2308.5,4689
2026-07-27 06:13:00+00:00,2307.199951171875,2307.199951171875,2308.699951171875,2306.0,2306.39990234375,8504
2026-07-27 06:14:00+00:00,2310.10009765625,2310.10009765625,2310.10009765625,2306.699951171875,2307.300048828125,9433
2026-07-27 06:15:00+00:00,2308.800048828125,2308.800048828125,2310.0,2308.10009765625,2309.800048828125,6170
2026-07-27 06:16:00+00:00,2308.89990234375,2308.89990234375,2309.699951171875,2307.60009765625,2308.699951171875,3294
2026-07-27 06:17:00+00:00,2307.60009765625,2307.60009765625,2309.0,2307.60009765625,2308.89990234375,3774
2026-07-27 06:18:00+00:00,2307.800048828125,2307.800048828125,2308.5,2306.0,2308.5,8968
2026-07-27 06:19:00+00:00,2306.800048828125,2306.800048828125,2308.300048828125,2306.5,2307.89990234375,5124
2026-07-27 06:20:00+00:00,2307.800048828125,2307.800048828125,2308.0,2306.199951171875,2306.5,6079
2026-07-27 06:21:00+00:00,2307.0,2307.0,2308.39990234375,2307.0,2307.800048828125,7832
2026-07-27 06:22:00+00:00,2306.699951171875,2306.699951171875,2306.89990234375,2306.10009765625,2306.39990234375,4707
2026-07-27 06:23:00+00:00,2305.60009765625,2305.60009765625,2306.39990234375,2304.39990234375,2306.39990234375,9440
2026-07-27 06:24:00+00:00,2307.300048828125,2307.300048828125,2307.800048828125,2305.0,2305.60009765625,7044
2026-07-27 06:25:00+00:00,2309.89990234375,2309.89990234375,2309.89990234375,2307.0,2307.60009765625,6864
2026-07-27 06:26:00+00:00,2306.699951171875,2306.699951171875,2309.39990234375,2306.39990234375,2308.89990234375,4755
2026-07-27 06:27:00+00:00,2305.800048828125,2305.800048828125,2306.800048828125,2305.60009765625,2306.699951171875,7203
2026-07-27 06:28:00+00:00,2305.89990234375,2305.89990234375,2306.60009765625,2305.0,2306.5,4964
2026-07-27 06:29:00+00:00,2305.0,2305.0,2305.89990234375,2304.10009765625,2305.89990234375,6470
2026-07-27 06:30:00+00:00,2304.800048828125,2304.800048828125,2305.0,2303.800048828125,2305.0,5576
2026-07-27 06:31:00+00:00,2306.199951171875,2306.199951171875,2307.0,2304.199951171875,2304.800048828125,6756
2026-07-27 06:32:00+00:00,2307.60009765625,2307.60009765625,2307.60009765625,2306.10009765625,2306.10009765625,4131
2026-07-27 06:33:00+00:00,2306.300048828125,2306.300048828125,2307.699951171875,2305.10009765625,2307.60009765625,5289
2026-07-27 06:34:00+00:00,2305.89990234375,2305.89990234375,2306.5,2305.0,2306.5,4064
2026-07-27 06:35:00+00:00,2305.699951171875,2305.699951171875,2305.800048828125,2304.39990234375,2305.699951171875,3055
2026-07-27 06:36:00+00:00,2305.5,2305.5,2306.10009765625,2305.5,2305.800048828125,6411
2026-07-27 06:37:00+00:00,2306.699951171875,2306.699951171875,2306.800048828125,2305.300048828125,2305.300048828125,4250
2026-07-27 06:38:00+00:00,2306.0,2306.0,2306.89990234375,2305.60009765625,2306.0,1782
2026-07-27 06:39:00+00:00,2306.5,2306.5,2306.5,2305.60009765625,2306.0,3707
2026-07-27 06:40:00+00:00,2305.199951171875,2305.199951171875,2306.60009765625,2304.699951171875,2306.0,4510
2026-07-27 06:41:00+00:00,2303.0,2303.0,2304.699951171875,2302.300048828125,2304.699951171875,5275
2026-07-27 06:42:00+00:00,2300.800048828125,2300.800048828125,2302.5,2300.39990234375,2302.0,12564
2026-07-27 06:43:00+00:00,2302.800048828125,2302.800048828125,2303.0,2301.199951171875,2301.199951171875,7165
2026-07-27 06:44:00+00:00,2302.199951171875,2302.199951171875,2302.89990234375,2301.199951171875,2302.800048828125,2221
2026-07-27 06:45:00+00:00,2302.89990234375,2302.89990234375,2303.0,2301.5,2302.199951171875,4652
2026-07-27 06:46:00+00:00,2302.199951171875,2302.199951171875,2303.800048828125,2302.0,2302.89990234375,3893
2026-07-27 06:47:00+00:00,2302.300048828125,2302.300048828125,2302.699951171875,2301.39990234375,2302.199951171875,4105
2026-07-27 06:48:00+00:00,2302.800048828125,2302.800048828125,2302.800048828125,2301.800048828125,2302.300048828125,3073
2026-07-27 06:49:00+00:00,2302.5,2302.5,2302.800048828125,2301.699951171875,2302.800048828125,1749
2026-07-27 06:50:00+00:00,2302.10009765625,2302.10009765625,2302.5,2301.60009765625,2302.5,7419
2026-07-27 06:51:00+00:00,2304.699951171875,2304.699951171875,2304.699951171875,2302.300048828125,2302.300048828125,9441
2026-07-27 06:52:00+00:00,2304.300048828125,2304.300048828125,2304.89990234375,2303.39990234375,2303.89990234375,4170
2026-07-27 06:53:00+00:00,2304.60009765625,2304.60009765625,2304.60009765625,2303.0,2303.699951171875,6903
2026-07-27 06:54:00+00:00,2304.0,2304.0,2304.800048828125,2303.300048828125,2303.699951171875,3812
2026-07-27 06:55:00+00:00,2303.699951171875,2303.699951171875,2304.300048828125,2303.0,2303.699951171875,2734
2026-07-27 06:56:00+00:00,2303.89990234375,2303.89990234375,2304.0,2302.800048828125,2303.800048828125,7496
2026-07-27 06:57:00+00:00,2303.699951171875,2303.699951171875,2303.89990234375,2301.89990234375,2303.199951171875,4638
2026-07-27 06:58:00+00:00,2303.0,2303.0,2303.699951171875,2302.199951171875,2303.60009765625,3339
2026-07-27 06:59:00+00:00,2303.39990234375,2303.39990234375,2303.5,2302.300048828125,2303.0,3259
2026-07-27 07:00:00+00:00,2303.39990234375,2303.39990234375,2303.60009765625,2302.5,2303.5,4260
2026-07-27 07:01:00+00:00,2305.89990234375,2305.89990234375,2305.89990234375,2303.300048828125,2303.60009765625,9082
2026-07-27 07:02:00+00:00,2306.10009765625,2306.10009765625,2306.800048828125,2305.300048828125,2305.89990234375,4264
2026-07-27 07:03:00+00:00,2304.0,2304.0,2306.0,2303.5,2306.0,7993
2026-07-27 07:04:00+00:00,2304.0,2304.0,2304.699951171875,2303.10009765625,2304.699951171875,5995
2026-07-27 07:05:00+00:00,2303.800048828125,2303.800048828125,2303.89990234375,2302.699951171875,2303.60009765625,4314
2026-07-27 07:06:00+00:00,2303.89990234375,2303.89990234375,2304.0,2303.39990234375,2303.800048828125,3325
2026-07-27 07:07:00+00:00,2305.0,2305.0,2305.0,2303.60009765625,2303.89990234375,5027
2026-07-27 07:08:00+00:00,2304.89990234375,2304.89990234375,2305.5,2304.5,2304.89990234375,5428
2026-07-27 07:09:00+00:00,2304.39990234375,2304.39990234375,2305.199951171875,2303.89990234375,2304.89990234375,3629
2026-07-27 07:10:00+00:00,2303.39990234375,2303.39990234375,2304.39990234375,2302.0,2304.39990234375,5652
2026-07-27 07:11:00+00:00,2302.5,2302.5,2303.5,2302.10009765625,2303.39990234375,3785
2026-07-27 07:12:00+00:00,2302.800048828125,2302.800048828125,2303.0,2302.10009765625,2302.699951171875,4386
2026-07-27 07:13:00+00:00,2304.199951171875,2304.199951171875,2304.199951171875,2302.10009765625,2302.60009765625,8340
2026-07-27 07:14:00+00:00,2304.5,2304.5,2305.5,2303.60009765625,2305.0,8006
2026-07-27 07:15:00+00:00,2305.199951171875,2305.199951171875,2305.699951171875,2304.699951171875,2305.0,4022
2026-07-27 07:16:00+00:00,2305.699951171875,2305.699951171875,2305.89990234375,2304.5,2305.5,3383
2026-07-27 07:17:00+00:00,2304.89990234375,2304.89990234375,2305.699951171875,2304.699951171875,2304.800048828125,5250
2026-07-27 07:18:00+00:00,2304.39990234375,2304.39990234375,2305.10009765625,2304.0,2304.89990234375,5666
2026-07-27 07:19:00+00:00,2304.0,2304.0,2305.0,2303.5,2304.800048828125,3227
2026-07-27 07:20:00+00:00,2304.300048828125,2304.300048828125,2304.60009765625,2303.699951171875,2303.699951171875,5216
2026-07-27 07:21:00+00:00,2304.0,2304.0,2304.300048828125,2302.699951171875,2304.300048828125,4444
2026-07-27 07:22:00+00:00,2303.800048828125,2303.800048828125,2304.199951171875,2303.10009765625,2303.60009765625,2841
2026-07-27 07:23:00+00:00,2303.199951171875,2303.199951171875,2304.0,2302.89990234375,2303.800048828125,5775
2026-07-27 07:24:00+00:00,2302.800048828125,2302.800048828125,2303.800048828125,2301.39990234375,2303.800048828125,10306
2026-07-27 07:25:00+00:00,2300.800048828125,2300.800048828125,2303.39990234375,2300.10009765625,2302.60009765625,7518
2026-07-27 07:26:00+00:00,2300.89990234375,2300.89990234375,2302.5,2300.300048828125,2300.800048828125,9782
2026-07-27 07:27:00+00:00,2301.199951171875,2301.199951171875,2301.39990234375,2300.199951171875,2300.89990234375,4333
2026-07-27 07:28:00+00:00,2301.699951171875,2301.699951171875,2301.699951171875,2300.10009765625,2300.89990234375,7755
2026-07-27 07:29:00+00:00,2300.800048828125,2300.800048828125,2302.300048828125,2300.800048828125,2302.199951171875,3086
2026-07-27 07:30:00+00:00,2299.60009765625,2299.60009765625,2301.39990234375,2299.10009765625,2301.0,6460
2026-07-27 07:31:00+00:00,2309.0,2309.0,2309.0,2298.199951171875,2299.39990234375,121413
2026-07-27 07:32:00+00:00,2305.300048828125,2305.300048828125,2309.5,2305.300048828125,2309.5,7688
2026-07-27 07:33:00+00:00,2306.300048828125,2306.300048828125,2306.699951171875,2304.5,2305.89990234375,3229
2026-07-27 07:34:00+00:00,2303.5,2303.5,2307.39990234375,2303.5,2306.0,5174
2026-07-27 07:35:00+00:00,2303.10009765625,2303.10009765625,2304.199951171875,2302.0,2304.199951171875,2513
2026-07-27 07:36:00+00:00,2303.0,2303.0,2304.699951171875,2303.0,2303.60009765625,2310
2026-07-27 07:37:00+00:00,2304.0,2304.0,2304.199951171875,2302.5,2303.0,8421
2026-07-27 07:38:00+00:00,2301.199951171875,2301.199951171875,2304.0,2301.10009765625,2303.39990234375,3077
2026-07-27 07:39:00+00:00,2301.60009765625,2301.60009765625,2301.89990234375,2301.199951171875,2301.60009765625,1700
2026-07-27 07:40:00+00:00,2298.60009765625,2298.60009765625,2301.699951171875,2298.300048828125,2301.699951171875,4821
2026-07-27 07:41:00+00:00,2299.39990234375,2299.39990234375,2299.5,2298.199951171875,2298.60009765625,3028
2026-07-27 07:42:00+00:00,2298.60009765625,2298.60009765625,2299.5,2298.10009765625,2299.0,2462
2026-07-27 07:43:00+00:00,2298.60009765625,2298.60009765625,2298.60009765625,2297.0,2298.5,5623
2026-07-27 07:44:00+00:00,2297.699951171875,2297.699951171875,2298.60009765625,2297.10009765625,2298.60009765625,3830
2026-07-27 07:45:00+00:00,2297.300048828125,2297.300048828125,2297.699951171875,2296.89990234375,2297.699951171875,3936
2026-07-27 07:46:00+00:00,2297.10009765625,2297.10009765625,2297.300048828125,2296.199951171875,2296.89990234375,2874
2026-07-27 07:47:00+00:00,2297.300048828125,2297.300048828125,2298.39990234375,2296.5,2297.300048828125,12292
2026-07-27 07:48:00+00:00,2296.39990234375,2296.39990234375,2297.300048828125,2296.199951171875,2296.5,1963
2026-07-27 07:49:00+00:00,2296.39990234375,2296.39990234375,2296.5,2296.10009765625,2296.39990234375,8085
2026-07-27 07:50:00+00:00,2297.300048828125,2297.300048828125,2297.300048828125,2296.10009765625,2296.39990234375,4842
2026-07-27 07:51:00+00:00,2296.89990234375,2296.89990234375,2298.300048828125,2296.199951171875,2296.89990234375,4511
2026-07-27 07:52:00+00:00,2296.800048828125,2296.800048828125,2297.699951171875,2296.60009765625,2297.0,1341
2026-07-27 07:53:00+00:00,2296.699951171875,2296.699951171875,2297.60009765625,2296.10009765625,2296.800048828125,9064
2026-07-27 07:54:00+00:00,2296.300048828125,2296.300048828125,2296.5,2296.10009765625,2296.10009765625,5151
2026-07-27 07:55:00+00:00,2296.199951171875,2296.199951171875,2296.39990234375,2295.300048828125,2296.300048828125,13683
2026-07-27 07:56:00+00:00,2295.199951171875,2295.199951171875,2296.39990234375,2295.0,2296.39990234375,3179
2026-07-27 07:57:00+00:00,2292.10009765625,2292.10009765625,2295.699951171875,2292.10009765625,2295.60009765625,8963
2026-07-27 07:58:00+00:00,2292.89990234375,2292.89990234375,2292.89990234375,2291.699951171875,2292.0,8535
2026-07-27 07:59:00+00:00,2293.300048828125,2293.300048828125,2294.0,2292.800048828125,2292.800048828125,2327
2026-07-27 08:00:00+00:00,2294.5,2294.5,2295.5,2293.10009765625,2293.199951171875,5565
2026-07-27 08:01:00+00:00,2293.39990234375,2293.39990234375,2295.39990234375,2293.0,2294.10009765625,4353
2026-07-27 08:02:00+00:00,2293.699951171875,2293.699951171875,2293.89990234375,2293.0,2293.89990234375,1606
2026-07-27 08:03:00+00:00,2293.60009765625,2293.60009765625,2294.0,2293.10009765625,2293.60009765625,2791
2026-07-27 08:04:00+00:00,2293.699951171875,2293.699951171875,2294.0,2293.0,2293.89990234375,3870
2026-07-27 08:05:00+00:00,2294.89990234375,2294.89990234375,2295.0,2293.10009765625,2293.10009765625,2586
2026-07-27 08:06:00+00:00,2296.5,2296.5,2296.5,2294.5,2295.0,4948
2026-07-27 08:07:00+00:00,2296.89990234375,2296.89990234375,2297.800048828125,2296.39990234375,2297.800048828125,4741
2026-07-27 08:08:00+00:00,2299.60009765625,2299.60009765625,2299.60009765625,2296.0,2296.699951171875,4616
2026-07-27 08:09:00+00:00,2299.0,2299.0,2299.5,2298.89990234375,2298.89990234375,3635
2026-07-27 08:10:00+00:00,2298.60009765625,2298.60009765625,2299.0,2297.10009765625,2299.0,3267
2026-07-27 08:11:00+00:00,2297.0,2297.0,2298.60009765625,2296.39990234375,2298.60009765625,3597
2026-07-27 08:12:00+00:00,2297.800048828125,2297.800048828125,2299.39990234375,2296.5,2297.0,6216
2026-07-27 08:13:00+00:00,2296.89990234375,2296.89990234375,2298.10009765625,2296.60009765625,2297.800048828125,923
2026-07-27 08:14:00+00:00,2297.0,2297.0,2297.199951171875,2295.39990234375,2296.800048828125,3731
2026-07-27 08:15:00+00:00,2296.60009765625,2296.60009765625,2297.0,2296.199951171875,2296.699951171875,1533
2026-07-27 08:16:00+00:00,2295.800048828125,2295.800048828125,2295.89990234375,2294.800048828125,2295.699951171875,2628
2026-07-27 08:17:00+00:00,2295.89990234375,2295.89990234375,2296.800048828125,2295.5,2295.800048828125,6615
2026-07-27 08:18:00+00:00,2295.89990234375,2295.89990234375,2296.300048828125,2295.699951171875,2295.699951171875,1230
2026-07-27 08:19:00+00:00,2295.199951171875,2295.199951171875,2296.0,2294.60009765625,2296.0,2053
2026-07-27 08:20:00+00:00,2294.5,2294.5,2295.300048828125,2293.699951171875,2295.199951171875,3201
2026-07-27 08:21:00+00:00,2294.5,2294.5,2294.800048828125,2294.39990234375,2294.800048828125,1695
2026-07-27 08:22:00+00:00,2295.699951171875,2295.699951171875,2296.10009765625,2294.5,2294.5,6004
2026-07-27 08:23:00+00:00,2295.39990234375,2295.39990234375,2295.699951171875,2295.10009765625,2295.5,1721
2026-07-27 08:24:00+00:00,2296.10009765625,2296.10009765625,2296.39990234375,2295.300048828125,2295.300048828125,1779
2026-07-27 08:25:00+00:00,2295.10009765625,2295.10009765625,2296.10009765625,2295.0,2296.10009765625,3349
2026-07-27 08:26:00+00:00,2294.800048828125,2294.800048828125,2295.300048828125,2293.699951171875,2295.0,3169
2026-07-27 08:27:00+00:00,2294.60009765625,2294.60009765625,2294.800048828125,2294.0,2294.5,1841
2026-07-27 08:28:00+00:00,2294.300048828125,2294.300048828125,2294.89990234375,2294.10009765625,2294.60009765625,951
2026-07-27 08:29:00+00:00,2293.39990234375,2293.39990234375,2294.300048828125,2293.10009765625,2294.300048828125,3973
2026-07-27 08:30:00+00:00,2293.39990234375,2293.39990234375,2293.699951171875,2293.39990234375,2293.699951171875,1405
2026-07-27 08:31:00+00:00,2293.699951171875,2293.699951171875,2294.39990234375,2293.199951171875,2293.699951171875,8738
2026-07-27 08:32:00+00:00,2295.89990234375,2295.89990234375,2295.89990234375,2293.199951171875,2293.699951171875,6225
2026-07-27 08:33:00+00:00,2298.60009765625,2298.60009765625,2298.60009765625,2294.60009765625,2296.199951171875,4941
2026-07-27 08:34:00+00:00,2298.0,2298.0,2299.699951171875,2297.39990234375,2298.300048828125,8901
2026-07-27 08:35:00+00:00,2297.39990234375,2297.39990234375,2298.39990234375,2296.800048828125,2297.39990234375,1947
2026-07-27 08:36:00+00:00,2298.300048828125,2298.300048828125,2298.5,2297.699951171875,2297.699951171875,2243
2026-07-27 08:37:00+00:00,2297.10009765625,2297.10009765625,2298.5,2297.0,2298.300048828125,1245
2026-07-27 08:38:00+00:00,2296.10009765625,2296.10009765625,2297.39990234375,2295.39990234375,2297.0,2801
2026-07-27 08:39:00+00:00,2296.699951171875,2296.699951171875,2296.699951171875,2295.800048828125,2296.10009765625,1103
2026-07-27 08:40:00+00:00,2296.199951171875,2296.199951171875,2296.699951171875,2296.10009765625,2296.699951171875,1059
2026-07-27 08:41:00+00:00,2295.0,2295.0,2296.300048828125,2294.10009765625,2296.300048828125,3970
2026-07-27 08:42:00+00:00,2296.699951171875,2296.699951171875,2296.699951171875,2294.199951171875,2295.10009765625,7193
2026-07-27 08:43:00+00:00,2294.300048828125,2294.300048828125,2296.699951171875,2294.300048828125,2296.699951171875,1133
2026-07-27 08:44:00+00:00,2295.300048828125,2295.300048828125,2295.300048828125,2292.800048828125,2294.0,7765
2026-07-27 08:45:00+00:00,2297.10009765625,2297.10009765625,2297.699951171875,2294.699951171875,2294.699951171875,4250
2026-07-27 08:46:00+00:00,2297.0,2297.0,2297.60009765625,2296.199951171875,2297.10009765625,3436
2026-07-27 08:47:00+00:00,2296.5,2296.5,2296.89990234375,2295.199951171875,2296.300048828125,2393
2026-07-27 08:48:00+00:00,2296.89990234375,2296.89990234375,2296.89990234375,2295.60009765625,2295.60009765625,3668
2026-07-27 08:49:00+00:00,2296.699951171875,2296.699951171875,2297.0,2296.300048828125,2296.300048828125,2900
2026-07-27 08:50:00+00:00,2296.39990234375,2296.39990234375,2296.800048828125,2296.0,2296.39990234375,3509
2026-07-27 08:51:00+00:00,2295.5,2295.5,2296.60009765625,2295.0,2296.39990234375,3820
2026-07-27 08:52:00+00:00,2296.0,2296.0,2296.0,2295.0,2295.699951171875,3180
2026-07-27 08:53:00+00:00,2296.60009765625,2296.60009765625,2296.60009765625,2295.300048828125,2295.300048828125,3159
2026-07-27 08:54:00+00:00,2296.39990234375,2296.39990234375,2297.0,2295.60009765625,2296.60009765625,3375
2026-07-27 08:55:00+00:00,2294.10009765625,2294.10009765625,2296.10009765625,2294.10009765625,2296.10009765625,5126
2026-07-27 08:56:00+00:00,2293.699951171875,2293.699951171875,2295.300048828125,2292.199951171875,2294.60009765625,8480
2026-07-27 08:57:00+00:00,2293.5,2293.5,2293.89990234375,2292.60009765625,2293.5,4971
2026-07-27 08:58:00+00:00,2293.800048828125,2293.800048828125,2294.39990234375,2293.199951171875,2293.60009765625,4320
2026-07-27 08:59:00+00:00,2295.5,2295.5,2295.60009765625,2293.60009765625,2294.199951171875,2820
2026-07-27 09:00:00+00:00,2295.39990234375,2295.39990234375,2295.800048828125,2294.60009765625,2295.5,4469
2026-07-27 09:01:00+00:00,2296.0,2296.0,2296.0,2294.300048828125,2295.300048828125,7433
2026-07-27 09:02:00+00:00,2295.699951171875,2295.699951171875,2296.5,2295.199951171875,2296.0,3729
2026-07-27 09:03:00+00:00,2294.5,2294.5,2296.0,2294.0,2295.699951171875,9968
2026-07-27 09:04:00+00:00,2293.5,2293.5,2294.60009765625,2293.10009765625,2294.0,6532
2026-07-27 09:05:00+00:00,2295.5,2295.5,2295.5,2293.60009765625,2293.699951171875,4577
2026-07-27 09:06:00+00:00,2295.199951171875,2295.199951171875,2296.0,2294.60009765625,2295.699951171875,6647
2026-07-27 09:07:00+00:00,2296.60009765625,2296.60009765625,2296.800048828125,2295.0,2295.199951171875,5854
2026-07-27 09:08:00+00:00,2295.60009765625,2295.60009765625,2296.89990234375,2294.199951171875,2296.800048828125,6900
2026-07-27 09:09:00+00:00,2295.800048828125,2295.800048828125,2296.89990234375,2295.5,2295.699951171875,6714
2026-07-27 09:10:00+00:00,2296.5,2296.5,2296.89990234375,2295.199951171875,2295.300048828125,4030
2026-07-27 09:11:00+00:00,2296.10009765625,2296.10009765625,2297.699951171875,2295.60009765625,2296.199951171875,4174
2026-07-27 09:12:00+00:00,2294.5,2294.5,2296.39990234375,2294.0,2296.10009765625,5284
2026-07-27 09:13:00+00:00,2294.10009765625,2294.10009765625,2295.60009765625,2293.300048828125,2294.5,11509
2026-07-27 09:14:00+00:00,2295.0,2295.0,2295.800048828125,2293.199951171875,2293.800048828125,9123
2026-07-27 09:15:00+00:00,2294.39990234375,2294.39990234375,2296.0,2294.10009765625,2295.0,8115
2026-07-27 09:16:00+00:00,2294.699951171875,2294.699951171875,2294.89990234375,2294.0,2294.699951171875,2875
2026-07-27 09:17:00+00:00,2293.300048828125,2293.300048828125,2294.699951171875,2293.300048828125,2294.699951171875,4900
2026-07-27 09:18:00+00:00,2294.199951171875,2294.199951171875,2295.0,2293.5,2293.699951171875,5673
2026-07-27 09:19:00+00:00,2294.699951171875,2294.699951171875,2295.0,2293.39990234375,2294.10009765625,7648
2026-07-27 09:20:00+00:00,2294.0,2294.0,2295.0,2293.800048828125,2295.0,5241
2026-07-27 09:21:00+00:00,2292.60009765625,2292.60009765625,2294.199951171875,2292.39990234375,2294.199951171875,6817
2026-07-27 09:22:00+00:00,2292.699951171875,2292.699951171875,2293.39990234375,2292.699951171875,2292.699951171875,24025
2026-07-27 09:23:00+00:00,2293.10009765625,2293.10009765625,2293.10009765625,2292.39990234375,2292.39990234375,3822
2026-07-27 09:24:00+00:00,2293.39990234375,2293.39990234375,2294.0,2292.89990234375,2293.0,7933
2026-07-27 09:25:00+00:00,2294.0,2294.0,2294.0,2292.800048828125,2293.39990234375,3594
2026-07-27 09:26:00+00:00,2293.89990234375,2293.89990234375,2294.0,2293.199951171875,2293.199951171875,2549
2026-07-27 09:27:00+00:00,2295.5,2295.5,2295.5,2293.300048828125,2293.300048828125,9835
2026-07-27 09:28:00+00:00,2296.60009765625,2296.60009765625,2298.0,2295.60009765625,2296.0,9608
2026-07-27 09:29:00+00:00,2296.60009765625,2296.60009765625,2296.800048828125,2296.0,2296.60009765625,9536
2026-07-27 09:30:00+00:00,2295.199951171875,2295.199951171875,2297.0,2294.10009765625,2296.39990234375,16076
2026-07-27 09:31:00+00:00,2295.60009765625,2295.60009765625,2295.60009765625,2294.89990234375,2295.0,7081
2026-07-27 09:32:00+00:00,2295.5,2295.5,2295.60009765625,2295.10009765625,2295.60009765625,6040
2026-07-27 09:33:00+00:00,2295.0,2295.0,2295.5,2294.0,2295.5,10340
2026-07-27 09:34:00+00:00,2295.60009765625,2295.60009765625,2295.800048828125,2294.800048828125,2294.800048828125,10885
2026-07-27 09:35:00+00:00,2295.800048828125,2295.800048828125,2297.0,2295.199951171875,2295.699951171875,9447
2026-07-27 09:36:00+00:00,2295.300048828125,2295.300048828125,2296.0,2295.0,2296.0,8127
2026-07-27 09:37:00+00:00,2295.800048828125,2295.800048828125,2295.800048828125,2294.89990234375,2295.300048828125,12233
2026-07-27 09:38:00+00:00,2296.39990234375,2296.39990234375,2296.60009765625,2295.39990234375,2295.699951171875,21711
2026-07-27 09:39:00+00:00,2296.5,2296.5,2297.0,2296.199951171875,2296.5,6810
2026-07-27 09:40:00+00:00,2296.60009765625,2296.60009765625,2296.60009765625,2296.300048828125,2296.5,8163
2026-07-27 09:41:00+00:00,2296.89990234375,2296.89990234375,2296.89990234375,2296.60009765625,2296.60009765625,8620
2026-07-27 09:42:00+00:00,2295.800048828125,2295.800048828125,2296.5,2295.60009765625,2296.10009765625,17288
2026-07-27 09:43:00+00:00,2296.0,2296.0,2296.300048828125,2295.800048828125,2295.800048828125,10497
2026-07-27 09:44:00+00:00,2296.0,2296.0,2296.0,2294.60009765625,2295.699951171875,14523
2026-07-27 09:45:00+00:00,2295.89990234375,2295.89990234375,2296.0,2295.5,2295.89990234375,10446
2026-07-27 09:46:00+00:00,2295.39990234375,2295.39990234375,2295.89990234375,2295.39990234375,2295.800048828125,7450
2026-07-27 09:47:00+00:00,2295.199951171875,2295.199951171875,2295.60009765625,2294.199951171875,2295.39990234375,16954
2026-07-27 09:48:00+00:00,2295.10009765625,2295.10009765625,2295.39990234375,2294.89990234375,2295.39990234375,11341
2026-07-27 09:49:00+00:00,2295.5,2295.5,2295.60009765625,2295.39990234375,2295.39990234375,18743
2026-07-27 09:50:00+00:00,2294.60009765625,2294.60009765625,2295.800048828125,2294.5,2295.5,25330
2026-07-27 09:51:00+00:00,2296.60009765625,2296.60009765625,2296.699951171875,2294.60009765625,2294.60009765625,29758
2026-07-27 09:52:00+00:00,2295.89990234375,2295.89990234375,2296.60009765625,2295.89990234375,2296.60009765625,8005
2026-07-27 09:53:00+00:00,2295.89990234375,2295.89990234375,2295.89990234375,2295.10009765625,2295.800048828125,10235
2026-07-27 09:54:00+00:00,2294.5,2294.5,2295.60009765625,2294.5,2295.60009765625,14347
2026-07-27 09:55:00+00:00,2294.800048828125,2294.800048828125,2295.39990234375,2294.0,2295.10009765625,28794
2026-07-27 09:56:00+00:00,2295.89990234375,2295.89990234375,2296.0,2294.800048828125,2294.800048828125,14871
2026-07-27 09:57:00+00:00,2294.89990234375,2294.89990234375,2296.199951171875,2294.10009765625,2296.0,13288
2026-07-27 09:58:00+00:00,2295.699951171875,2295.699951171875,2296.10009765625,2294.300048828125,2295.199951171875,19626
2026-07-27 09:59:00+00:00,2296.0,2296.0,2298.0,2295.199951171875,2296.199951171875,10883
