Price,Adj Close,Close,High,Low,Open,Volume
Ticker,SPY,SPY,SPY,SPY,SPY,SPY
Datetime,,,,,,
2026-07-16 13:30:00+00:00,753.1699829101562,753.1699829101562,753.5189819335938,752.760009765625,752.760009765625,1358235
2026-07-16 13:31:00+00:00,753.3900146484375,753.3900146484375,753.47998046875,752.8800048828125,753.1599731445312,225128
2026-07-16 13:32:00+00:00,753.1300048828125,753.1300048828125,753.52001953125,753.010009765625,753.4000244140625,223725
2026-07-16 13:33:00+00:00,752.6599731445312,752.6599731445312,753.1649780273438,752.60498046875,753.1300048828125,115303
2026-07-16 13:34:00+00:00,752.2000122070312,752.2000122070312,752.8400268554688,752.0900268554688,752.6699829101562,120726
2026-07-16 13:35:00+00:00,752.02001953125,752.02001953125,752.52001953125,751.8099975585938,752.2000122070312,191101
2026-07-16 13:36:00+00:00,752.1359252929688,752.1359252929688,752.22998046875,751.9000244140625,752.0150146484375,93677
2026-07-16 13:37:00+00:00,752.239990234375,752.239990234375,752.510009765625,752.14501953125,752.1599731445312,92824
2026-07-16 13:38:00+00:00,751.8300170898438,751.8300170898438,752.239990234375,751.72998046875,752.2349853515625,106571
2026-07-16 13:39:00+00:00,751.7100219726562,751.7100219726562,752.0250244140625,751.6400146484375,751.8300170898438,71891
2026-07-16 13:40:00+00:00,751.9199829101562,751.9199829101562,752.2899780273438,751.540283203125,751.719970703125,109547
2026-07-16 13:41:00+00:00,751.3099975585938,751.3099975585938,751.9600219726562,751.2449951171875,751.9400024414062,131030
2026-07-16 13:42:00+00:00,751.2899780273438,751.2899780273438,751.4099731445312,751.0900268554688,751.239990234375,188706
2026-07-16 13:43:00+00:00,751.598388671875,751.598388671875,751.655029296875,751.1199951171875,751.2949829101562,110114
2026-07-16 13:44:00+00:00,751.260009765625,751.260009765625,751.8900146484375,751.2100219726562,751.6099853515625,120857
2026-07-16 13:45:00+00:00,751.3300170898438,751.3300170898438,751.7000122070312,751.1799926757812,751.2999877929688,109611
2026-07-16 13:46:00+00:00,751.4000244140625,751.4000244140625,751.6799926757812,751.2525024414062,751.2999877929688,93471
2026-07-16 13:47:00+00:00,751.2249755859375,751.2249755859375,751.5900268554688,751.2249755859375,751.4299926757812,75779
2026-07-16 13:48:00+00:00,750.9199829101562,750.9199829101562,751.375,750.6699829101562,751.22998046875,150104
2026-07-16 13:49:00+00:00,751.0499877929688,751.0499877929688,751.3300170898438,750.7899780273438,750.9249877929688,275380
2026-07-16 13:50:00+00:00,751.669921875,751.669921875,751.9400024414062,750.989990234375,751.0449829101562,180814
2026-07-16 13:51:00+00:00,751.7449951171875,751.7449951171875,751.9349975585938,751.5,751.6599731445312,95727
2026-07-16 13:52:00+00:00,752.1400146484375,752.1400146484375,752.260009765625,751.719970703125,751.719970703125,85934
2026-07-16 13:53:00+00:00,751.7050170898438,751.7050170898438,752.1799926757812,751.5,752.1199951171875,101732
2026-07-16 13:54:00+00:00,751.47998046875,751.47998046875,752.2249755859375,751.47998046875,751.7100219726562,105229
2026-07-16 13:55:00+00:00,751.4400024414062,751.4400024414062,751.489990234375,751.0,751.47998046875,102634
2026-07-16 13:56:00+00:00,751.9000244140625,751.9000244140625,751.9000244140625,751.3599853515625,751.4600219726562,73568
2026-07-16 13:57:00+00:00,751.489990234375,751.489990234375,752.1199951171875,751.3790893554688,751.909912109375,63338
2026-07-16 13:58:00+00:00,751.7899780273438,751.7899780273438,751.8001098632812,751.4299926757812,751.4381713867188,40059
2026-07-16 13:59:00+00:00,751.905029296875,751.905029296875,751.969970703125,751.75,751.780029296875,76734
2026-07-16 14:00:00+00:00,752.4404907226562,752.4404907226562,752.4500122070312,751.6400146484375,751.9000244140625,210568
2026-07-16 14:01:00+00:00,752.52001953125,752.52001953125,752.6199951171875,752.2100219726562,752.4400024414062,85744
2026-07-16 14:02:00+00:00,752.5449829101562,752.5449829101562,752.8201904296875,752.4105224609375,752.5198974609375,123286
2026-07-16 14:03:00+00:00,752.614990234375,752.614990234375,752.7550048828125,752.4000244140625,752.5399780273438,135512
2026-07-16 14:04:00+00:00,752.719970703125,752.719970703125,752.75,752.3800048828125,752.6199951171875,105605
2026-07-16 14:05:00+00:00,752.9299926757812,752.9299926757812,753.0380249023438,752.5900268554688,752.739990234375,89573
2026-07-16 14:06:00+00:00,752.8699951171875,752.8699951171875,753.0900268554688,752.7999877929688,752.9299926757812,91849
2026-07-16 14:07:00+00:00,752.9849853515625,752.9849853515625,753.0499877929688,752.780029296875,752.8599853515625,87356
2026-07-16 14:08:00+00:00,753.260009765625,753.260009765625,753.3499755859375,753.0175170898438,753.02001953125,139504
2026-07-16 14:09:00+00:00,753.3905029296875,753.3905029296875,753.5499877929688,752.969970703125,753.27001953125,116641
2026-07-16 14:10:00+00:00,753.52001953125,753.52001953125,753.6099853515625,753.3599853515625,753.3900146484375,71099
2026-07-16 14:11:00+00:00,753.3494262695312,753.3494262695312,753.5891723632812,753.3400268554688,753.530029296875,116781
2026-07-16 14:12:00+00:00,753.280029296875,753.280029296875,753.4000244140625,753.2000122070312,753.3350219726562,96523
2026-07-16 14:13:00+00:00,753.4199829101562,753.4199829101562,753.5800170898438,753.2960815429688,753.3060302734375,59619
2026-07-16 14:14:00+00:00,753.3599853515625,753.3599853515625,753.52001953125,753.280029296875,753.4299926757812,55415
2026-07-16 14:15:00+00:00,753.43701171875,753.43701171875,753.52001953125,753.27001953125,753.3599853515625,83039
2026-07-16 14:16:00+00:00,753.6500244140625,753.6500244140625,753.719970703125,753.3099975585938,753.4199829101562,61040
2026-07-16 14:17:00+00:00,753.3300170898438,753.3300170898438,753.6799926757812,753.2750244140625,753.6505126953125,60313
2026-07-16 14:18:00+00:00,753.342529296875,753.342529296875,753.52001953125,753.25,753.3200073242188,46131
2026-07-16 14:19:00+00:00,753.8599853515625,753.8599853515625,753.9299926757812,753.2050170898438,753.3200073242188,65642
2026-07-16 14:20:00+00:00,753.5449829101562,753.5449829101562,753.9299926757812,753.4600219726562,753.8599853515625,76319
2026-07-16 14:21:00+00:00,753.3699951171875,753.3699951171875,753.5900268554688,753.3400268554688,753.5150146484375,54742
2026-07-16 14:22:00+00:00,753.47998046875,753.47998046875,753.47998046875,753.0700073242188,753.3800048828125,111377
2026-07-16 14:23:00+00:00,753.4299926757812,753.4299926757812,753.6500244140625,753.280029296875,753.489990234375,77544
2026-07-16 14:24:00+00:00,753.6699829101562,753.6699829101562,753.7700805664062,753.4199829101562,753.4299926757812,196320
2026-07-16 14:25:00+00:00,753.5999755859375,753.5999755859375,753.7000122070312,753.2899780273438,753.6400146484375,74976
2026-07-16 14:26:00+00:00,753.77001953125,753.77001953125,753.780029296875,753.3699951171875,753.6099853515625,52343
2026-07-16 14:27:00+00:00,754.1099853515625,754.1099853515625,754.260009765625,753.6950073242188,753.77001953125,117255
2026-07-16 14:28:00+00:00,754.1699829101562,754.1699829101562,754.2899780273438,754.0700073242188,754.1199951171875,176760
2026-07-16 14:29:00+00:00,754.3499755859375,754.3499755859375,754.3880004882812,754.1799926757812,754.1799926757812,86210
2026-07-16 14:30:00+00:00,754.239990234375,754.239990234375,754.3599853515625,754.0599975585938,754.3400268554688,105678
2026-07-16 14:31:00+00:00,754.02001953125,754.02001953125,754.3300170898438,754.0,754.260009765625,84206
2026-07-16 14:32:00+00:00,754.4000244140625,754.4000244140625,754.4099731445312,753.9849853515625,754.030029296875,72933
2026-07-16 14:33:00+00:00,754.290771484375,754.290771484375,754.4400024414062,754.2899780273438,754.3900146484375,67913
2026-07-16 14:34:00+00:00,754.189208984375,754.189208984375,754.4000244140625,754.110107421875,754.2999877929688,43162
2026-07-16 14:35:00+00:00,754.280029296875,754.280029296875,754.35498046875,754.1099853515625,754.1699829101562,58422
2026-07-16 14:36:00+00:00,754.2750244140625,754.2750244140625,754.344970703125,754.1599731445312,754.2899780273438,30499
2026-07-16 14:37:00+00:00,754.27001953125,754.27001953125,754.52001953125,754.0900268554688,754.27001953125,77188
2026-07-16 14:38:00+00:00,754.0499877929688,754.0499877929688,754.3350219726562,754.02001953125,754.260009765625,55141
2026-07-16 14:39:00+00:00,753.9400024414062,753.9400024414062,754.0800170898438,753.8200073242188,754.0399780273438,73200
2026-07-16 14:40:00+00:00,753.9199829101562,753.9199829101562,754.030029296875,753.75,753.9299926757812,54716
2026-07-16 14:41:00+00:00,753.9199829101562,753.9199829101562,754.1099853515625,753.7999877929688,753.9099731445312,49823
2026-07-16 14:42:00+00:00,754.1300048828125,754.1300048828125,754.159912109375,753.8800048828125,753.9000244140625,41470
2026-07-16 14:43:00+00:00,754.2899780273438,754.2899780273438,754.3599243164062,754.0999755859375,754.1300048828125,48381
2026-07-16 14:44:00+00:00,754.3699951171875,754.3699951171875,754.4298706054688,754.2150268554688,754.2899780273438,148229
2026-07-16 14:45:00+00:00,754.35498046875,754.35498046875,754.5700073242188,754.155029296875,754.3699951171875,158108
2026-07-16 14:46:00+00:00,754.3499755859375,754.3499755859375,754.4600219726562,754.280029296875,754.35498046875,62566
2026-07-16 14:47:00+00:00,754.239990234375,754.239990234375,754.5,754.1799926757812,754.3499755859375,35915
2026-07-16 14:48:00+00:00,754.219970703125,754.219970703125,754.3300170898438,754.1500244140625,754.239990234375,52141
2026-07-16 14:49:00+00:00,754.1900024414062,754.1900024414062,754.3099975585938,754.1500244140625,754.25,59735
2026-07-16 14:50:00+00:00,753.77001953125,753.77001953125,754.260009765625,753.72998046875,754.1699829101562,72248
2026-07-16 14:51:00+00:00,753.9400024414062,753.9400024414062,754.030029296875,753.6699829101562,753.77001953125,89124
2026-07-16 14:52:00+00:00,753.8400268554688,753.8400268554688,754.030029296875,753.72998046875,753.9299926757812,82591
2026-07-16 14:53:00+00:00,753.8099975585938,753.8099975585938,754.0,753.6801147460938,753.8400268554688,67436
2026-07-16 14:54:00+00:00,753.6790771484375,753.6790771484375,753.8499755859375,753.530029296875,753.8099975585938,51101
2026-07-16 14:55:00+00:00,753.5098876953125,753.5098876953125,753.6500244140625,753.3400268554688,753.6500244140625,206398
2026-07-16 14:56:00+00:00,753.6900024414062,753.6900024414062,753.7249755859375,753.4099731445312,753.5,54499
2026-07-16 14:57:00+00:00,753.7949829101562,753.7949829101562,753.8499755859375,753.6500244140625,753.7000122070312,43229
2026-07-16 14:58:00+00:00,753.9099731445312,753.9099731445312,754.1599731445312,753.7899780273438,753.7899780273438,67734
2026-07-16 14:59:00+00:00,754.1699829101562,754.1699829101562,754.2000122070312,753.77001953125,753.9000244140625,80404
2026-07-16 15:00:00+00:00,754.1599731445312,754.1599731445312,754.3800048828125,754.0700073242188,754.2000122070312,57822
2026-07-16 15:01:00+00:00,753.97998046875,753.97998046875,754.2100219726562,753.9500122070312,754.1699829101562,46789
2026-07-16 15:02:00+00:00,754.0499877929688,754.0499877929688,754.2000122070312,753.8900146484375,753.969970703125,38261
2026-07-16 15:03:00+00:00,753.7100219726562,753.7100219726562,754.1400146484375,753.7000122070312,754.0599975585938,50928
2026-07-16 15:04:00+00:00,753.6599731445312,753.6599731445312,753.7899780273438,753.6099853515625,753.7000122070312,40255
2026-07-16 15:05:00+00:00,753.6900024414062,753.6900024414062,753.7999877929688,753.4000244140625,753.6300048828125,184146
2026-07-16 15:06:00+00:00,753.3900146484375,753.3900146484375,753.719970703125,753.375,753.7100219726562,42424
2026-07-16 15:07:00+00:00,753.1799926757812,753.1799926757812,753.4400024414062,753.1799926757812,753.3900146484375,69473
2026-07-16 15:08:00+00:00,753.2188720703125,753.2188720703125,753.3099975585938,753.0800170898438,753.2000122070312,44372
2026-07-16 15:09:00+00:00,753.530029296875,753.530029296875,753.530029296875,753.1599731445312,753.22998046875,50365
2026-07-16 15:10:00+00:00,753.5999755859375,753.5999755859375,753.7050170898438,753.47998046875,753.52001953125,49832
2026-07-16 15:11:00+00:00,753.5499267578125,753.5499267578125,753.780029296875,753.52001953125,753.5999755859375,27280
2026-07-16 15:12:00+00:00,753.3200073242188,753.3200073242188,753.5700073242188,753.2899780273438,753.5499877929688,53091
2026-07-16 15:13:00+00:00,753.239990234375,753.239990234375,753.3900146484375,753.1300048828125,753.3499755859375,48676
2026-07-16 15:14:00+00:00,753.3250122070312,753.3250122070312,753.3400268554688,753.0800170898438,753.22998046875,45912
2026-07-16 15:15:00+00:00,753.219970703125,753.219970703125,753.5250244140625,753.2100219726562,753.3300170898438,38418
2026-07-16 15:16:00+00:00,753.0800170898438,753.0800170898438,753.22998046875,752.97998046875,753.219970703125,61182
2026-07-16 15:17:00+00:00,753.260009765625,753.260009765625,753.4099731445312,753.031005859375,753.0900268554688,42767
2026-07-16 15:18:00+00:00,753.4299926757812,753.4299926757812,753.5499877929688,753.260009765625,753.260009765625,166666
2026-07-16 15:19:00+00:00,753.6300048828125,753.6300048828125,753.6397705078125,753.3499755859375,753.4400024414062,27001
2026-07-16 15:20:00+00:00,753.4000244140625,753.4000244140625,753.6300048828125,753.330078125,753.6199951171875,173571
2026-07-16 15:21:00+00:00,753.2191162109375,753.2191162109375,753.4199829101562,753.1799926757812,753.405029296875,39152
2026-07-16 15:22:00+00:00,753.25,753.25,753.27001953125,753.030029296875,753.2000122070312,45964
2026-07-16 15:23:00+00:00,753.3300170898438,753.3300170898438,753.3599853515625,753.2000122070312,753.25,14315
2026-07-16 15:24:00+00:00,753.6199951171875,753.6199951171875,753.6500244140625,753.25,753.3099975585938,36730
2026-07-16 15:25:00+00:00,754.1099853515625,754.1099853515625,754.2000122070312,753.6199951171875,753.6199951171875,70636
2026-07-16 15:26:00+00:00,754.2999877929688,754.2999877929688,754.3800048828125,754.0399780273438,754.114990234375,72408
2026-07-16 15:27:00+00:00,754.10498046875,754.10498046875,754.4400024414062,754.10498046875,754.3099975585938,63259
2026-07-16 15:28:00+00:00,753.6300048828125,753.6300048828125,754.1599731445312,753.5599975585938,754.0999755859375,59645
2026-07-16 15:29:00+00:00,753.8001098632812,753.8001098632812,753.8499755859375,753.6500244140625,753.6699829101562,36888
2026-07-16 15:30:00+00:00,753.5650024414062,753.5650024414062,753.8699951171875,753.27001953125,753.8200073242188,61794
2026-07-16 15:31:00+00:00,753.97998046875,753.97998046875,754.010009765625,753.5599975585938,753.5700073242188,36984
2026-07-16 15:32:00+00:00,753.989990234375,753.989990234375,754.1900024414062,753.9000244140625,753.97998046875,45569
2026-07-16 15:33:00+00:00,753.989990234375,753.989990234375,754.0399780273438,753.8699951171875,753.969970703125,126833
2026-07-16 15:34:00+00:00,754.2000122070312,754.2000122070312,754.22998046875,753.9500122070312,753.989990234375,23512
2026-07-16 15:35:00+00:00,754.0499877929688,754.0499877929688,754.219970703125,754.0250244140625,754.1900024414062,37180
2026-07-16 15:36:00+00:00,754.0150146484375,754.0150146484375,754.0499877929688,753.8400268554688,754.0499877929688,23320
2026-07-16 15:37:00+00:00,753.8300170898438,753.8300170898438,754.0999755859375,753.8300170898438,754.0150146484375,74241
2026-07-16 15:38:00+00:00,754.0599975585938,754.0599975585938,754.1099853515625,753.8499755859375,753.8499755859375,19529
2026-07-16 15:39:00+00:00,754.3200073242188,754.3200073242188,754.4000244140625,754.0700073242188,754.0700073242188,41204
2026-07-16 15:40:00+00:00,754.1099853515625,754.1099853515625,754.405029296875,754.1099853515625,754.3098754882812,70798
2026-07-16 15:41:00+00:00,753.739990234375,753.739990234375,754.1599731445312,753.739990234375,754.0900268554688,46490
2026-07-16 15:42:00+00:00,753.9000244140625,753.9000244140625,753.9000244140625,753.6699829101562,753.7550048828125,46099
2026-07-16 15:43:00+00:00,753.5999755859375,753.5999755859375,753.9500122070312,753.5700073242188,753.9199829101562,22847
2026-07-16 15:44:00+00:00,753.6599731445312,753.6599731445312,753.72998046875,753.52001953125,753.5700073242188,39542
2026-07-16 15:45:00+00:00,753.3300170898438,753.3300170898438,753.6599731445312,753.3049926757812,753.6599731445312,60326
2026-07-16 15:46:00+00:00,753.1599731445312,753.1599731445312,753.4000244140625,753.1199951171875,753.3099975585938,54641
2026-07-16 15:47:00+00:00,753.1799926757812,753.1799926757812,753.3699951171875,753.1500244140625,753.1699829101562,34464
2026-07-16 15:48:00+00:00,753.2849731445312,753.2849731445312,753.2899780273438,753.1699829101562,753.1900024414062,46825
2026-07-16 15:49:00+00:00,753.5399780273438,753.5399780273438,753.5399780273438,753.030029296875,753.239990234375,43866
2026-07-16 15:50:00+00:00,753.9299926757812,753.9299926757812,753.9400024414062,753.510009765625,753.510009765625,62847
2026-07-16 15:51:00+00:00,753.989990234375,753.989990234375,754.0999755859375,753.8900146484375,753.9299926757812,32750
2026-07-16 15:52:00+00:00,753.9000244140625,753.9000244140625,754.0700073242188,753.8900146484375,753.9400024414062,221607
2026-07-16 15:53:00+00:00,753.7899780273438,753.7899780273438,753.989990234375,753.75,753.8699951171875,25511
2026-07-16 15:54:00+00:00,753.7899780273438,753.7899780273438,753.8599853515625,753.6699829101562,753.760009765625,19480
2026-07-16 15:55:00+00:00,753.4600219726562,753.4600219726562,753.780029296875,753.3599853515625,753.780029296875,45982
2026-07-16 15:56:00+00:00,753.5399780273438,753.5399780273438,753.5399780273438,753.3099975585938,753.4600219726562,79832
2026-07-16 15:57:00+00:00,753.6500244140625,753.6500244140625,753.7899780273438,753.57568359375,753.5900268554688,30963
2026-07-16 15:58:00+00:00,753.5599975585938,753.5599975585938,753.739990234375,753.5349731445312,753.6599731445312,21041
2026-07-16 15:59:00+00:00,753.5700073242188,753.5700073242188,753.6300048828125,753.4000244140625,753.5399780273438,25557
2026-07-16 16:00:00+00:00,753.3250122070312,753.3250122070312,753.5999755859375,753.260009765625,753.5999755859375,24602
2026-07-16 16:01:00+00:00,753.27001953125,753.27001953125,753.4600219726562,753.2000122070312,753.3099975585938,28693
2026-07-16 16:02:00+00:00,753.1300048828125,753.1300048828125,753.3099975585938,753.0999755859375,753.260009765625,25590
2026-07-16 16:03:00+00:00,753.3099975585938,753.3099975585938,753.3275146484375,753.0999755859375,753.1400146484375,28461
2026-07-16 16:04:00+00:00,752.75,752.75,753.3150024414062,752.72998046875,753.3099975585938,50998
2026-07-16 16:05:00+00:00,752.4099731445312,752.4099731445312,752.7894897460938,752.3599853515625,752.7449951171875,119028
2026-07-16 16:06:00+00:00,752.760009765625,752.760009765625,752.8800048828125,752.3599853515625,752.4299926757812,162363
2026-07-16 16:07:00+00:00,752.780029296875,752.780029296875,753.0499877929688,752.6799926757812,752.77001953125,307931
2026-07-16 16:08:00+00:00,752.8300170898438,752.8300170898438,753.02001953125,752.77001953125,752.7789916992188,34430
2026-07-16 16:09:00+00:00,752.8900146484375,752.8900146484375,753.030029296875,752.8250122070312,752.8300170898438,19476
2026-07-16 16:10:00+00:00,752.5700073242188,752.5700073242188,752.9000244140625,752.5499877929688,752.8900146484375,45042
2026-07-16 16:11:00+00:00,752.364990234375,752.364990234375,752.6300048828125,752.3250122070312,752.5800170898438,74463
2026-07-16 16:12:00+00:00,752.219970703125,752.219970703125,752.389892578125,752.219970703125,752.3610229492188,74435
2026-07-16 16:13:00+00:00,752.280029296875,752.280029296875,752.3599853515625,751.9600219726562,752.22998046875,247127
2026-07-16 16:14:00+00:00,752.0399780273438,752.0399780273438,752.3150024414062,752.0,752.280029296875,53728
2026-07-16 16:15:00+00:00,752.2000122070312,752.2000122070312,752.2000122070312,751.8900146484375,752.030029296875,84405
2026-07-16 16:16:00+00:00,752.3582153320312,752.3582153320312,752.3699951171875,752.0499877929688,752.2000122070312,66083
2026-07-16 16:17:00+00:00,752.219970703125,752.219970703125,752.3499755859375,752.1400146484375,752.3499755859375,38070
2026-07-16 16:18:00+00:00,752.510009765625,752.510009765625,752.544921875,752.1799926757812,752.2100219726562,74956
2026-07-16 16:19:00+00:00,752.219970703125,752.219970703125,752.5399780273438,752.1400146484375,752.52001953125,55767
2026-07-16 16:20:00+00:00,751.760009765625,751.760009765625,752.219970703125,751.739990234375,752.219970703125,133055
2026-07-16 16:21:00+00:00,751.8099975585938,751.8099975585938,751.9600219726562,751.739990234375,751.79248046875,67299
2026-07-16 16:22:00+00:00,751.6099853515625,751.6099853515625,751.8599853515625,751.5399780273438,751.8099975585938,100381
2026-07-16 16:23:00+00:00,751.6849975585938,751.6849975585938,751.780029296875,751.5700073242188,751.6099853515625,102183
2026-07-16 16:24:00+00:00,751.6599731445312,751.6599731445312,751.8175048828125,751.5900268554688,751.6799926757812,38864
2026-07-16 16:25:00+00:00,751.7100219726562,751.7100219726562,751.719970703125,751.4500122070312,751.6300048828125,52668
2026-07-16 16:26:00+00:00,751.72998046875,751.72998046875,751.9000244140625,751.7039794921875,751.719970703125,22179
2026-07-16 16:27:00+00:00,752.1099853515625,752.1099853515625,752.1099853515625,751.7100219726562,751.719970703125,62410
2026-07-16 16:28:00+00:00,752.02001953125,752.02001953125,752.1198120117188,751.9199829101562,752.1198120117188,42801
2026-07-16 16:29:00+00:00,751.9299926757812,751.9299926757812,752.0499877929688,751.7401123046875,752.02001953125,19337
2026-07-16 16:30:00+00:00,752.125,752.125,752.1699829101562,751.9099731445312,751.9400024414062,24032
2026-07-16 16:31:00+00:00,752.2899780273438,752.2899780273438,752.3499755859375,752.010009765625,752.0900268554688,78790
2026-07-16 16:32:00+00:00,752.5,752.5,752.5399780273438,752.280029296875,752.2899780273438,58475
2026-07-16 16:33:00+00:00,752.239990234375,752.239990234375,752.5150146484375,752.1901245117188,752.47998046875,41491
2026-07-16 16:34:00+00:00,752.1900024414062,752.1900024414062,752.2899780273438,752.155029296875,752.2449951171875,19636
2026-07-16 16:35:00+00:00,752.0499877929688,752.0499877929688,752.2899780273438,751.969970703125,752.1900024414062,30194
2026-07-16 16:36:00+00:00,752.0900268554688,752.0900268554688,752.1099853515625,751.9199829101562,752.0900268554688,31837
2026-07-16 16:37:00+00:00,752.2550048828125,752.2550048828125,752.27001953125,752.02001953125,752.0499877929688,18654
2026-07-16 16:38:00+00:00,752.22998046875,752.22998046875,752.3599853515625,752.030029296875,752.260009765625,67762
2026-07-16 16:39:00+00:00,751.9000244140625,751.9000244140625,752.219970703125,751.8599853515625,752.219970703125,23339
2026-07-16 16:40:00+00:00,751.969970703125,751.969970703125,752.0349731445312,751.7999877929688,751.9000244140625,140832
2026-07-16 16:41:00+00:00,752.0,752.0,752.219970703125,751.9650268554688,752.0,27278
2026-07-16 16:42:00+00:00,751.8026123046875,751.8026123046875,752.0,751.780029296875,752.0,23101
2026-07-16 16:43:00+00:00,751.8900146484375,751.8900146484375,751.9299926757812,751.7999877929688,751.8300170898438,28251
2026-07-16 16:44:00+00:00,751.969970703125,751.969970703125,752.030029296875,751.85498046875,751.9000244140625,31830
2026-07-16 16:45:00+00:00,751.8499755859375,751.8499755859375,752.2064819335938,751.8499755859375,751.969970703125,43894
2026-07-16 16:46:00+00:00,751.9099731445312,751.9099731445312,751.9199829101562,751.5900268554688,751.8599853515625,122579
2026-07-16 16:47:00+00:00,751.8499755859375,751.8499755859375,751.9500122070312,751.780029296875,751.9199829101562,25621
2026-07-16 16:48:00+00:00,752.0,752.0,752.0800170898438,751.7999877929688,751.8200073242188,56280
2026-07-16 16:49:00+00:00,752.010009765625,752.010009765625,752.0599975585938,751.9099731445312,752.0,35403
2026-07-16 16:50:00+00:00,752.2000122070312,752.2000122070312,752.2890014648438,751.8699951171875,752.010009765625,56443
2026-07-16 16:51:00+00:00,752.4000244140625,752.4000244140625,752.530029296875,752.1900024414062,752.1900024414062,52127
2026-07-16 16:52:00+00:00,752.4550170898438,752.4550170898438,752.5850219726562,752.3499755859375,752.3900146484375,53728
2026-07-16 16:53:00+00:00,752.5700073242188,752.5700073242188,752.6199951171875,752.364990234375,752.4500122070312,34133
2026-07-16 16:54:00+00:00,752.6099853515625,752.6099853515625,752.6699829101562,752.469970703125,752.5800170898438,29715
2026-07-16 16:55:00+00:00,752.8499755859375,752.8499755859375,752.9600219726562,752.5999755859375,752.5999755859375,74357
2026-07-16 16:56:00+00:00,752.8798828125,752.8798828125,752.9400024414062,752.780029296875,752.8599853515625,42577
2026-07-16 16:57:00+00:00,752.7899780273438,752.7899780273438,752.9099731445312,752.72998046875,752.8699951171875,215762
2026-07-16 16:58:00+00:00,752.8200073242188,752.8200073242188,752.969970703125,752.6199951171875,752.760009765625,144908
2026-07-16 16:59:00+00:00,752.8599853515625,752.8599853515625,752.8800048828125,752.780029296875,752.8300170898438,35609
2026-07-16 17:00:00+00:00,752.331298828125,752.331298828125,752.9099731445312,752.3200073242188,752.8800048828125,101526
2026-07-16 17:01:00+00:00,752.489990234375,752.489990234375,752.6599731445312,752.3300170898438,752.3408813476562,41194
2026-07-16 17:02:00+00:00,752.260009765625,752.260009765625,752.510009765625,752.2000122070312,752.510009765625,31670
2026-07-16 17:03:00+00:00,752.469970703125,752.469970703125,752.6199951171875,752.239990234375,752.25,47764
2026-07-16 17:04:00+00:00,752.5999755859375,752.5999755859375,752.7000122070312,752.3800048828125,752.4400024414062,38068
2026-07-16 17:05:00+00:00,752.469970703125,752.469970703125,752.6400146484375,752.3099975585938,752.5800170898438,24263
2026-07-16 17:06:00+00:00,752.4000244140625,752.4000244140625,752.469970703125,752.2000122070312,752.4600219726562,25270
2026-07-16 17:07:00+00:00,752.469970703125,752.469970703125,752.5700073242188,752.3800048828125,752.3900146484375,41864
2026-07-16 17:08:00+00:00,752.739990234375,752.739990234375,752.8200073242188,752.4400024414062,752.4450073242188,71728
2026-07-16 17:09:00+00:00,752.7000122070312,752.7000122070312,752.7999877929688,752.60498046875,752.760009765625,34904
2026-07-16 17:10:00+00:00,752.635009765625,752.635009765625,752.780029296875,752.6099853515625,752.6699829101562,11806
2026-07-16 17:11:00+00:00,752.4500122070312,752.4500122070312,752.72998046875,752.4099731445312,752.6400146484375,66280
2026-07-16 17:12:00+00:00,752.4600219726562,752.4600219726562,752.5349731445312,752.3699951171875,752.4500122070312,34515
2026-07-16 17:13:00+00:00,752.3900146484375,752.3900146484375,752.5999755859375,752.3400268554688,752.4598999023438,22602
2026-07-16 17:14:00+00:00,752.1900024414062,752.1900024414062,752.385009765625,752.1300048828125,752.3800048828125,62174
2026-07-16 17:15:00+00:00,752.4199829101562,752.4199829101562,752.530029296875,752.1400146484375,752.1900024414062,38382
2026-07-16 17:16:00+00:00,752.2999877929688,752.2999877929688,752.4249877929688,752.1500244140625,752.4249877929688,34699
2026-07-16 17:17:00+00:00,752.1900024414062,752.1900024414062,752.3099975585938,752.1099853515625,752.2999877929688,20965
2026-07-16 17:18:00+00:00,752.3099975585938,752.3099975585938,752.3200073242188,752.1699829101562,752.1799926757812,30706
2026-07-16 17:19:00+00:00,752.4199829101562,752.4199829101562,752.469970703125,752.3200073242188,752.3200073242188,21618
2026-07-16 17:20:00+00:00,752.239990234375,752.239990234375,752.52001953125,752.219970703125,752.4000244140625,769664
2026-07-16 17:21:00+00:00,752.239990234375,752.239990234375,752.3198852539062,752.1599731445312,752.239990234375,20711
2026-07-16 17:22:00+00:00,752.1300048828125,752.1300048828125,752.22998046875,752.10498046875,752.2150268554688,48869
2026-07-16 17:23:00+00:00,752.0900268554688,752.0900268554688,752.1900024414062,752.0549926757812,752.1500244140625,33097
2026-07-16 17:24:00+00:00,752.0399780273438,752.0399780273438,752.22998046875,752.0399780273438,752.0800170898438,31546
2026-07-16 17:25:00+00:00,752.1500244140625,752.1500244140625,752.1599731445312,752.030029296875,752.0499877929688,25836
2026-07-16 17:26:00+00:00,752.4500122070312,752.4500122070312,752.47998046875,752.0599975585938,752.135009765625,32617
2026-07-16 17:27:00+00:00,752.61962890625,752.61962890625,752.6300048828125,752.3505249023438,752.4099731445312,32174
2026-07-16 17:28:00+00:00,752.7249755859375,752.7249755859375,752.8499755859375,752.5399780273438,752.5499877929688,53531
2026-07-16 17:29:00+00:00,752.7050170898438,752.7050170898438,752.7999877929688,752.5750122070312,752.75,35296
2026-07-16 17:30:00+00:00,752.719970703125,752.719970703125,752.8099975585938,752.6699829101562,752.7100219726562,21609
2026-07-16 17:31:00+00:00,752.6799926757812,752.6799926757812,752.7750244140625,752.5800170898438,752.72998046875,25998
2026-07-16 17:32:00+00:00,752.5900268554688,752.5900268554688,752.8099975585938,752.5900268554688,752.719970703125,19312
2026-07-16 17:33:00+00:00,752.1950073242188,752.1950073242188,752.6199951171875,752.1900024414062,752.5999755859375,41268
2026-07-16 17:34:00+00:00,752.1099853515625,752.1099853515625,752.2100219726562,752.0399169921875,752.1950073242188,39757
2026-07-16 17:35:00+00:00,752.0399780273438,752.0399780273438,752.1500244140625,752.010009765625,752.1199951171875,13450
2026-07-16 17:36:00+00:00,752.0900268554688,752.0900268554688,752.2001953125,752.0399780273438,752.0499877929688,42807
2026-07-16 17:37:00+00:00,751.8400268554688,751.8400268554688,752.1099853515625,751.8200073242188,752.0900268554688,35506
2026-07-16 17:38:00+00:00,751.780029296875,751.780029296875,751.969970703125,751.6900024414062,751.8499755859375,183026
2026-07-16 17:39:00+00:00,751.6500244140625,751.6500244140625,751.780029296875,751.5399780273438,751.780029296875,103064
2026-07-16 17:40:00+00:00,751.3800048828125,751.3800048828125,751.6400146484375,751.3099975585938,751.6400146484375,319311
2026-07-16 17:41:00+00:00,751.280029296875,751.280029296875,751.4412231445312,751.17041015625,751.385009765625,69521
2026-07-16 17:42:00+00:00,751.27001953125,751.27001953125,751.510009765625,751.1749877929688,751.27001953125,169597
2026-07-16 17:43:00+00:00,751.2449951171875,751.2449951171875,751.2899780273438,751.0999755859375,751.280029296875,63681
2026-07-16 17:44:00+00:00,751.4199829101562,751.4199829101562,751.4199829101562,751.239990234375,751.239990234375,42214
2026-07-16 17:45:00+00:00,751.1799926757812,751.1799926757812,751.4299926757812,751.0800170898438,751.4299926757812,47860
2026-07-16 17:46:00+00:00,751.4299926757812,751.4299926757812,751.4400024414062,751.0850219726562,751.1799926757812,59884
2026-07-16 17:47:00+00:00,751.6199951171875,751.6199951171875,751.7000122070312,751.4299926757812,751.4400024414062,63348
2026-07-16 17:48:00+00:00,751.75,751.75,751.75,751.4600219726562,751.5700073242188,143315
2026-07-16 17:49:00+00:00,751.6799926757812,751.6799926757812,751.8900146484375,751.6599731445312,751.760009765625,31286
2026-07-16 17:50:00+00:00,751.6599731445312,751.6599731445312,751.760009765625,751.5999755859375,751.6950073242188,19005
2026-07-16 17:51:00+00:00,751.5700073242188,751.5700073242188,751.6900024414062,751.5599975585938,751.6400146484375,19863
2026-07-16 17:52:00+00:00,751.4400024414062,751.4400024414062,751.5599975585938,751.3699951171875,751.5599975585938,31347
2026-07-16 17:53:00+00:00,751.780029296875,751.780029296875,751.7999877929688,751.4199829101562,751.4299926757812,35563
2026-07-16 17:54:00+00:00,751.5800170898438,751.5800170898438,751.8900146484375,751.5650024414062,751.77001953125,48392
2026-07-16 17:55:00+00:00,751.2899780273438,751.2899780273438,751.5800170898438,751.260009765625,751.5700073242188,40321
2026-07-16 17:56:00+00:00,751.2899780273438,751.2899780273438,751.3300170898438,751.1099853515625,751.2999877929688,25430
2026-07-16 17:57:00+00:00,751.1199951171875,751.1199951171875,751.2999877929688,751.0850219726562,751.27001953125,43291
2026-07-16 17:58:00+00:00,751.260009765625,751.260009765625,751.3200073242188,751.1199951171875,751.125,37757
2026-07-16 17:59:00+00:00,751.3099975585938,751.3099975585938,751.3900146484375,751.219970703125,751.260009765625,50954
2026-07-16 18:00:00+00:00,751.4199829101562,751.4199829101562,751.47998046875,751.1099853515625,751.3300170898438,78272
2026-07-16 18:01:00+00:00,751.3099975585938,751.3099975585938,751.47998046875,751.260009765625,751.4400024414062,32423
2026-07-16 18:02:00+00:00,751.1699829101562,751.1699829101562,751.3350219726562,751.0800170898438,751.3099975585938,38644
2026-07-16 18:03:00+00:00,751.0650024414062,751.0650024414062,751.1749877929688,751.0,751.1599731445312,101555
2026-07-16 18:04:00+00:00,750.8900146484375,750.8900146484375,751.1699829101562,750.8900146484375,751.0599975585938,47355
2026-07-16 18:05:00+00:00,750.7899780273438,750.7899780273438,750.9199829101562,750.719970703125,750.9000244140625,63996
2026-07-16 18:06:00+00:00,750.8499755859375,750.8499755859375,750.9199829101562,750.7349853515625,750.77001953125,92710
2026-07-16 18:07:00+00:00,750.6749877929688,750.6749877929688,750.9450073242188,750.5,750.8566284179688,110651
2026-07-16 18:08:00+00:00,750.72998046875,750.72998046875,750.8499755859375,750.4600219726562,750.6699829101562,219948
2026-07-16 18:09:00+00:00,750.739990234375,750.739990234375,750.9000854492188,750.6300048828125,750.7349853515625,62300
2026-07-16 18:10:00+00:00,750.9501953125,750.9501953125,751.1199951171875,750.719970703125,750.739990234375,80253
2026-07-16 18:11:00+00:00,751.219970703125,751.219970703125,751.4500122070312,750.9500122070312,750.969970703125,125899
2026-07-16 18:12:00+00:00,751.02001953125,751.02001953125,751.3900146484375,751.0050048828125,751.219970703125,51511
2026-07-16 18:13:00+00:00,751.1199951171875,751.1199951171875,751.125,750.930908203125,751.010009765625,85871
2026-07-16 18:14:00+00:00,750.72998046875,750.72998046875,751.1900024414062,750.7100219726562,751.1300048828125,82898
2026-07-16 18:15:00+00:00,750.6500244140625,750.6500244140625,750.719970703125,750.4600219726562,750.7000122070312,179529
2026-07-16 18:16:00+00:00,751.3098754882812,751.3098754882812,751.3200073242188,750.6500244140625,750.6599731445312,71886
2026-07-16 18:17:00+00:00,751.25,751.25,751.3400268554688,751.219970703125,751.2999877929688,68209
2026-07-16 18:18:00+00:00,751.135009765625,751.135009765625,751.2999877929688,751.0999755859375,751.260009765625,59818
2026-07-16 18:19:00+00:00,751.2000122070312,751.2000122070312,751.2899780273438,751.0900268554688,751.1300048828125,48216
2026-07-16 18:20:00+00:00,751.3599243164062,751.3599243164062,751.47998046875,751.1400146484375,751.1900024414062,101889
2026-07-16 18:21:00+00:00,751.5900268554688,751.5900268554688,751.6300048828125,751.3300170898438,751.3599853515625,62595
2026-07-16 18:22:00+00:00,751.5499877929688,751.5499877929688,751.7100219726562,751.510009765625,751.5700073242188,56107
2026-07-16 18:23:00+00:00,751.375,751.375,751.5800170898438,751.2409057617188,751.5599975585938,61014
2026-07-16 18:24:00+00:00,751.3400268554688,751.3400268554688,751.47998046875,751.2999877929688,751.3800048828125,55907
2026-07-16 18:25:00+00:00,751.1199951171875,751.1199951171875,751.5,751.1099853515625,751.3599853515625,32467
2026-07-16 18:26:00+00:00,751.3300170898438,751.3300170898438,751.4000244140625,751.0300903320312,751.1099853515625,175933
2026-07-16 18:27:00+00:00,751.1900024414062,751.1900024414062,751.4299926757812,751.1500244140625,751.3400268554688,39384
2026-07-16 18:28:00+00:00,751.0999755859375,751.0999755859375,751.3800048828125,751.0700073242188,751.1900024414062,59156
2026-07-16 18:29:00+00:00,750.9099731445312,750.9099731445312,751.10498046875,750.8699951171875,751.0800170898438,82958
2026-07-16 18:30:00+00:00,750.75,750.75,750.9299926757812,750.6099853515625,750.9199829101562,43872
2026-07-16 18:31:00+00:00,750.6799926757812,750.6799926757812,750.780029296875,750.6104736328125,750.760009765625,37469
2026-07-16 18:32:00+00:00,750.6300048828125,750.6300048828125,750.8200073242188,750.5999755859375,750.6699829101562,67124
2026-07-16 18:33:00+00:00,750.655029296875,750.655029296875,750.780029296875,750.5499877929688,750.6099853515625,25024
2026-07-16 18:34:00+00:00,750.719970703125,750.719970703125,750.7899780273438,750.5700073242188,750.6799926757812,35036
2026-07-16 18:35:00+00:00,750.6400146484375,750.6400146484375,750.6799926757812,750.5349731445312,750.6799926757812,50223
2026-07-16 18:36:00+00:00,750.4400024414062,750.4400024414062,750.6500244140625,750.3499755859375,750.6400146484375,68258
2026-07-16 18:37:00+00:00,750.510009765625,750.510009765625,750.6300048828125,750.3800048828125,750.4299926757812,41497
2026-07-16 18:38:00+00:00,750.5999755859375,750.5999755859375,750.6400146484375,750.489990234375,750.5,42175
2026-07-16 18:39:00+00:00,750.3599853515625,750.3599853515625,750.6199951171875,750.3599853515625,750.5999755859375,60565
2026-07-16 18:40:00+00:00,750.0750122070312,750.0750122070312,750.4299926757812,749.9199829101562,750.3599853515625,261196
2026-07-16 18:41:00+00:00,750.1900024414062,750.1900024414062,750.2100219726562,750.030029296875,750.0650024414062,47530
2026-07-16 18:42:00+00:00,750.4390258789062,750.4390258789062,750.4400024414062,750.0700073242188,750.2100219726562,83633
2026-07-16 18:43:00+00:00,750.52001953125,750.52001953125,750.7000122070312,750.4299926757812,750.4400024414062,80898
2026-07-16 18:44:00+00:00,750.52001953125,750.52001953125,750.6849975585938,750.4299926757812,750.52001953125,41783
2026-07-16 18:45:00+00:00,750.5599975585938,750.5599975585938,750.72998046875,750.2999877929688,750.5,47971
2026-07-16 18:46:00+00:00,750.6099853515625,750.6099853515625,750.7000122070312,750.5,750.5900268554688,50043
2026-07-16 18:47:00+00:00,750.6400146484375,750.6400146484375,750.75,750.530029296875,750.6300048828125,38633
2026-07-16 18:48:00+00:00,750.8499755859375,750.8499755859375,750.8499755859375,750.6199951171875,750.6199951171875,41318
2026-07-16 18:49:00+00:00,750.77001953125,750.77001953125,750.9000244140625,750.719970703125,750.8400268554688,108225
2026-07-16 18:50:00+00:00,750.8900146484375,750.8900146484375,750.9299926757812,750.6900024414062,750.760009765625,40226
2026-07-16 18:51:00+00:00,750.6900024414062,750.6900024414062,750.9099731445312,750.6900024414062,750.8900146484375,34719
2026-07-16 18:52:00+00:00,750.4299926757812,750.4299926757812,750.7130737304688,750.3800048828125,750.7100219726562,60322
2026-07-16 18:53:00+00:00,750.3900146484375,750.3900146484375,750.469970703125,750.260009765625,750.4349975585938,83034
2026-07-16 18:54:00+00:00,750.219970703125,750.219970703125,750.4299926757812,750.219970703125,750.4000244140625,45771
2026-07-16 18:55:00+00:00,750.1599731445312,750.1599731445312,750.27001953125,750.1099853515625,750.219970703125,330032
2026-07-16 18:56:00+00:00,750.3200073242188,750.3200073242188,750.4299926757812,750.1400146484375,750.1699829101562,105703
2026-07-16 18:57:00+00:00,750.2100219726562,750.2100219726562,750.47998046875,750.1799926757812,750.3300170898438,92818
2026-07-16 18:58:00+00:00,750.4099731445312,750.4099731445312,750.4099731445312,750.1699829101562,750.1900024414062,33651
2026-07-16 18:59:00+00:00,750.22998046875,750.22998046875,750.3900146484375,750.219970703125,750.3900146484375,34915
2026-07-16 19:00:00+00:00,750.4299926757812,750.4299926757812,750.4299926757812,750.0900268554688,750.219970703125,70715
2026-07-16 19:01:00+00:00,750.3200073242188,750.3200073242188,750.4299926757812,750.1500244140625,750.4199829101562,43190
2026-07-16 19:02:00+00:00,750.5700073242188,750.5700073242188,750.7000122070312,750.2899780273438,750.3099975585938,43122
2026-07-16 19:03:00+00:00,750.5750122070312,750.5750122070312,750.6500244140625,750.3900146484375,750.5599975585938,102386
2026-07-16 19:04:00+00:00,750.530029296875,750.530029296875,750.6900024414062,750.4500122070312,750.5599975585938,38419
2026-07-16 19:05:00+00:00,750.6599731445312,750.6599731445312,750.6799926757812,750.3699951171875,750.510009765625,42503
2026-07-16 19:06:00+00:00,750.2999877929688,750.2999877929688,750.6799926757812,750.260009765625,750.6500244140625,54148
2026-07-16 19:07:00+00:00,750.0,750.0,750.3300170898438,749.9199829101562,750.2999877929688,152054
2026-07-16 19:08:00+00:00,749.9299926757812,749.9299926757812,750.0800170898438,749.8300170898438,750.0,63398
2026-07-16 19:09:00+00:00,749.77001953125,749.77001953125,749.9299926757812,749.760009765625,749.9199829101562,81603
2026-07-16 19:10:00+00:00,749.7100219726562,749.7100219726562,749.8499755859375,749.614990234375,749.75,69565
2026-07-16 19:11:00+00:00,749.6599731445312,749.6599731445312,749.8300170898438,749.6500244140625,749.7150268554688,83591
2026-07-16 19:12:00+00:00,749.6199951171875,749.6199951171875,749.7000122070312,749.5800170898438,749.6799926757812,65096
2026-07-16 19:13:00+00:00,749.6500244140625,749.6500244140625,749.77001953125,749.5800170898438,749.6300048828125,79183
2026-07-16 19:14:00+00:00,749.760009765625,749.760009765625,749.77001953125,749.6300048828125,749.6699829101562,58332
2026-07-16 19:15:00+00:00,749.6900024414062,749.6900024414062,749.739990234375,749.5704956054688,749.739990234375,86511
2026-07-16 19:16:00+00:00,749.77001953125,749.77001953125,749.8800048828125,749.6699829101562,749.6900024414062,102290
2026-07-16 19:17:00+00:00,749.5,749.5,749.8300170898438,749.4600219726562,749.77001953125,178432
2026-07-16 19:18:00+00:00,749.719970703125,749.719970703125,749.75,749.4000854492188,749.47998046875,168101
2026-07-16 19:19:00+00:00,749.760009765625,749.760009765625,749.7999877929688,749.6300048828125,749.7100219726562,166664
2026-07-16 19:20:00+00:00,749.719970703125,749.719970703125,749.8900146484375,749.7000122070312,749.760009765625,183198
2026-07-16 19:21:00+00:00,749.9500122070312,749.9500122070312,749.97998046875,749.6599731445312,749.7100219726562,107672
2026-07-16 19:22:00+00:00,749.72998046875,749.72998046875,750.010009765625,749.6900024414062,749.9600219726562,264796
2026-07-16 19:23:00+00:00,749.5999755859375,749.5999755859375,749.760009765625,749.5650024414062,749.72998046875,193066
2026-07-16 19:24:00+00:00,749.510009765625,749.510009765625,749.6199951171875,749.5,749.5800170898438,164429
2026-07-16 19:25:00+00:00,749.3200073242188,749.3200073242188,749.6300048828125,749.2899780273438,749.5150146484375,170656
2026-07-16 19:26:00+00:00,748.9849853515625,748.9849853515625,749.3300170898438,748.969970703125,749.3200073242188,141357
2026-07-16 19:27:00+00:00,749.0150146484375,749.0150146484375,749.090087890625,748.8599853515625,748.969970703125,102117
2026-07-16 19:28:00+00:00,749.1699829101562,749.1699829101562,749.2000122070312,749.0,749.0399780273438,106456
2026-07-16 19:29:00+00:00,749.0999755859375,749.0999755859375,749.3099975585938,749.0599975585938,749.1699829101562,112041
2026-07-16 19:30:00+00:00,748.9400024414062,748.9400024414062,749.1599731445312,748.8200073242188,749.0800170898438,164163
2026-07-16 19:31:00+00:00,748.5800170898438,748.5800170898438,748.9600219726562,748.5599975585938,748.9400024414062,127165
2026-07-16 19:32:00+00:00,748.7999877929688,748.7999877929688,748.8400268554688,748.4299926757812,748.5800170898438,128448
2026-07-16 19:33:00+00:00,748.8021240234375,748.8021240234375,748.8699951171875,748.6599731445312,748.8049926757812,154228
2026-07-16 19:34:00+00:00,748.6900024414062,748.6900024414062,748.8499755859375,748.6699829101562,748.8200073242188,177211
2026-07-16 19:35:00+00:00,748.5399169921875,748.5399169921875,748.8200073242188,748.510009765625,748.6799926757812,152191
2026-07-16 19:36:00+00:00,748.4802856445312,748.4802856445312,748.6699829101562,748.469970703125,748.52001953125,97823
2026-07-16 19:37:00+00:00,748.72998046875,748.72998046875,748.739990234375,748.4000244140625,748.47998046875,111130
2026-07-16 19:38:00+00:00,749.010009765625,749.010009765625,749.030029296875,748.6900024414062,748.719970703125,160094
2026-07-16 19:39:00+00:00,749.030029296875,749.030029296875,749.1500244140625,748.97998046875,749.010009765625,105290
2026-07-16 19:40:00+00:00,748.9299926757812,748.9299926757812,749.02001953125,748.719970703125,749.02001953125,569305
2026-07-16 19:41:00+00:00,749.010009765625,749.010009765625,749.1599731445312,748.9099731445312,748.9099731445312,406802
2026-07-16 19:42:00+00:00,749.0549926757812,749.0549926757812,749.1199951171875,748.9000244140625,749.0150146484375,167589
2026-07-16 19:43:00+00:00,748.8499755859375,748.8499755859375,749.0900268554688,748.8300170898438,749.0499877929688,244358
2026-07-16 19:44:00+00:00,748.52001953125,748.52001953125,748.8699951171875,748.47998046875,748.8499755859375,419868
2026-07-16 19:45:00+00:00,748.5549926757812,748.5549926757812,748.6300048828125,748.260009765625,748.510009765625,313088
2026-07-16 19:46:00+00:00,748.3499755859375,748.3499755859375,748.6099853515625,748.2999877929688,748.5599975585938,406681
2026-07-16 19:47:00+00:00,748.260009765625,748.260009765625,748.489990234375,748.260009765625,748.3499755859375,298167
2026-07-16 19:48:00+00:00,748.0800170898438,748.0800170898438,748.2650146484375,748.030029296875,748.260009765625,288555
2026-07-16 19:49:00+00:00,748.2100219726562,748.2100219726562,748.219970703125,747.8800048828125,748.0800170898438,212758
2026-07-16 19:50:00+00:00,749.010009765625,749.010009765625,749.1400146484375,748.1900024414062,748.2100219726562,832680
2026-07-16 19:51:00+00:00,749.47998046875,749.47998046875,749.530029296875,748.9500122070312,749.0,601563
2026-07-16 19:52:00+00:00,749.6199951171875,749.6199951171875,749.72998046875,749.3800048828125,749.489990234375,467914
2026-07-16 19:53:00+00:00,749.780029296875,749.780029296875,749.8699951171875,749.530029296875,749.6300048828125,391096
2026-07-16 19:54:00+00:00,749.97998046875,749.97998046875,750.0499877929688,749.6599731445312,749.780029296875,471175
2026-07-16 19:55:00+00:00,750.4099731445312,750.4099731445312,750.5599975585938,749.989990234375,749.989990234375,560220
2026-07-16 19:56:00+00:00,750.3499755859375,750.3499755859375,750.4099731445312,750.1199951171875,750.4099731445312,806906
2026-07-16 19:57:00+00:00,750.2100219726562,750.2100219726562,750.4500122070312,750.0800170898438,750.3400268554688,596447
2026-07-16 19:58:00+00:00,750.510009765625,750.510009765625,750.510009765625,750.1400146484375,750.219970703125,632880
2026-07-16 19:59:00+00:00,750.760009765625,750.760009765625,751.0399780273438,750.469970703125,750.489990234375,1037587
2026-07-17 13:30:00+00:00,742.3519287109375,742.3519287109375,742.510009765625,741.7999877929688,742.0800170898438,2309011
2026-07-17 13:31:00+00:00,742.510009765625,742.510009765625,742.6199951171875,742.0999755859375,742.3599853515625,448343
2026-07-17 13:32:00+00:00,741.8499755859375,741.8499755859375,742.5599975585938,741.8400268554688,742.530029296875,432921
2026-07-17 13:33:00+00:00,741.3200073242188,741.3200073242188,742.0,741.280029296875,741.8699951171875,241059
2026-07-17 13:34:00+00:00,741.032470703125,741.032470703125,741.4400024414062,741.010009765625,741.3300170898438,214679
2026-07-17 13:35:00+00:00,740.8900146484375,740.8900146484375,741.3300170898438,740.7999877929688,741.0399780273438,242101
2026-07-17 13:36:00+00:00,741.0,741.0,741.4500122070312,740.8699951171875,740.8900146484375,502507
2026-07-17 13:37:00+00:00,741.2000122070312,741.2000122070312,741.25,740.8900146484375,741.0,240569
2026-07-17 13:38:00+00:00,741.2100219726562,741.2100219726562,741.530029296875,740.989990234375,741.2100219726562,231994
2026-07-17 13:39:00+00:00,741.52001953125,741.52001953125,741.6599731445312,741.1699829101562,741.219970703125,1037112
2026-07-17 13:40:00+00:00,741.8699951171875,741.8699951171875,742.289306640625,741.3900146484375,741.5,316764
2026-07-17 13:41:00+00:00,742.1400146484375,742.1400146484375,742.6699829101562,741.8300170898438,741.8900146484375,225982
2026-07-17 13:42:00+00:00,741.364990234375,741.364990234375,742.25,741.3400268554688,742.1599731445312,315985
2026-07-17 13:43:00+00:00,741.2349853515625,741.2349853515625,741.5599975585938,741.1799926757812,741.364990234375,167763
2026-07-17 13:44:00+00:00,741.0349731445312,741.0349731445312,741.25,740.840087890625,741.239990234375,258637
2026-07-17 13:45:00+00:00,741.9400024414062,741.9400024414062,742.0499877929688,740.9500122070312,741.0499877929688,288356
2026-07-17 13:46:00+00:00,741.8900146484375,741.8900146484375,742.4099731445312,741.8900146484375,741.9199829101562,190217
2026-07-17 13:47:00+00:00,742.6799926757812,742.6799926757812,742.7150268554688,741.6900024414062,741.8699951171875,168938
2026-07-17 13:48:00+00:00,743.0349731445312,743.0349731445312,743.1300048828125,742.6300048828125,742.6699829101562,230227
2026-07-17 13:49:00+00:00,743.030029296875,743.030029296875,743.1400146484375,742.6699829101562,743.02001953125,172584
2026-07-17 13:50:00+00:00,743.2000122070312,743.2000122070312,743.3300170898438,743.0,743.010009765625,112464
2026-07-17 13:51:00+00:00,743.0999755859375,743.0999755859375,743.5,743.0,743.2100219726562,126567
2026-07-17 13:52:00+00:00,743.52001953125,743.52001953125,743.719970703125,743.030029296875,743.1099853515625,145002
2026-07-17 13:53:00+00:00,743.9849853515625,743.9849853515625,744.0499877929688,743.4199829101562,743.510009765625,111326
2026-07-17 13:54:00+00:00,743.88671875,743.88671875,744.2000122070312,743.8400268554688,744.0150146484375,145116
2026-07-17 13:55:00+00:00,744.0800170898438,744.0800170898438,744.3699951171875,743.5999755859375,743.8800048828125,136173
2026-07-17 13:56:00+00:00,744.0599975585938,744.0599975585938,744.2999877929688,743.885009765625,744.0399780273438,148739
2026-07-17 13:57:00+00:00,744.3499755859375,744.3499755859375,744.4650268554688,743.9500122070312,744.0800170898438,124074
2026-07-17 13:58:00+00:00,744.7650146484375,744.7650146484375,744.8099975585938,744.3499755859375,744.3499755859375,179731
2026-07-17 13:59:00+00:00,744.8101196289062,744.8101196289062,744.8300170898438,744.5999755859375,744.760009765625,119210
2026-07-17 14:00:00+00:00,745.5999755859375,745.5999755859375,745.6099853515625,744.6701049804688,744.8099975585938,172130
2026-07-17 14:01:00+00:00,745.219970703125,745.219970703125,745.6699829101562,745.1599731445312,745.5700073242188,162003
2026-07-17 14:02:00+00:00,745.489990234375,745.489990234375,745.6699829101562,745.1900024414062,745.2249755859375,142523
2026-07-17 14:03:00+00:00,745.4299926757812,745.4299926757812,745.7725219726562,745.3101196289062,745.52001953125,141100
2026-07-17 14:04:00+00:00,745.3400268554688,745.3400268554688,745.635009765625,745.25,745.4099731445312,181998
2026-07-17 14:05:00+00:00,745.77001953125,745.77001953125,746.1400146484375,745.2999877929688,745.3200073242188,195341
2026-07-17 14:06:00+00:00,746.27001953125,746.27001953125,746.4600219726562,745.7000122070312,745.719970703125,130966
2026-07-17 14:07:00+00:00,746.0700073242188,746.0700073242188,746.375,745.969970703125,746.25,129191
2026-07-17 14:08:00+00:00,746.1699829101562,746.1699829101562,746.3499755859375,746.030029296875,746.0700073242188,90150
2026-07-17 14:09:00+00:00,746.3200073242188,746.3200073242188,746.4000244140625,745.9450073242188,746.155029296875,166643
2026-07-17 14:10:00+00:00,746.6099853515625,746.6099853515625,746.7999877929688,746.2999877929688,746.3200073242188,127343
2026-07-17 14:11:00+00:00,746.5900268554688,746.5900268554688,746.739990234375,746.469970703125,746.6500244140625,85247
2026-07-17 14:12:00+00:00,746.3099975585938,746.3099975585938,746.6900024414062,746.2100219726562,746.5999755859375,218566
2026-07-17 14:13:00+00:00,746.1799926757812,746.1799926757812,746.5,746.0499877929688,746.3300170898438,124240
2026-07-17 14:14:00+00:00,746.280029296875,746.280029296875,746.3599853515625,745.9099731445312,746.1699829101562,233170
2026-07-17 14:15:00+00:00,746.9400024414062,746.9400024414062,747.0399780273438,746.1699829101562,746.2661743164062,260850
2026-07-17 14:16:00+00:00,746.85498046875,746.85498046875,747.010009765625,746.5599975585938,746.9450073242188,137520
2026-07-17 14:17:00+00:00,746.760009765625,746.760009765625,747.2899780273438,746.760009765625,746.8699951171875,169373
2026-07-17 14:18:00+00:00,746.8400268554688,746.8400268554688,746.8900146484375,746.6199951171875,746.77001953125,78074
2026-07-17 14:19:00+00:00,746.5700073242188,746.5700073242188,746.8699951171875,746.4849853515625,746.8300170898438,76143
2026-07-17 14:20:00+00:00,746.27001953125,746.27001953125,746.72998046875,746.27001953125,746.564208984375,98980
2026-07-17 14:21:00+00:00,746.5800170898438,746.5800170898438,746.6799926757812,746.2100219726562,746.27001953125,182030
2026-07-17 14:22:00+00:00,746.7000122070312,746.7000122070312,746.839111328125,746.3300170898438,746.5999755859375,102243
2026-07-17 14:23:00+00:00,746.5800170898438,746.5800170898438,746.780029296875,746.4400024414062,746.6799926757812,93906
2026-07-17 14:24:00+00:00,746.8699951171875,746.8699951171875,747.0599975585938,746.5999755859375,746.6099853515625,87687
2026-07-17 14:25:00+00:00,746.9099731445312,746.9099731445312,747.2100219726562,746.8200073242188,746.8699951171875,76006
2026-07-17 14:26:00+00:00,746.77001953125,746.77001953125,746.9099731445312,746.6950073242188,746.89501953125,104650
2026-07-17 14:27:00+00:00,746.780029296875,746.780029296875,747.02001953125,746.5900268554688,746.75,78162
2026-07-17 14:28:00+00:00,746.47998046875,746.47998046875,746.7999877929688,746.3900146484375,746.77001953125,2067321
2026-07-17 14:29:00+00:00,746.3350219726562,746.3350219726562,746.469970703125,746.1699829101562,746.469970703125,73021
2026-07-17 14:30:00+00:00,746.4400024414062,746.4400024414062,746.52001953125,746.1699829101562,746.3400268554688,97800
2026-07-17 14:31:00+00:00,746.1199951171875,746.1199951171875,746.5999755859375,746.1099853515625,746.4299926757812,107421
2026-07-17 14:32:00+00:00,745.760009765625,745.760009765625,746.1799926757812,745.75,746.1099853515625,81991
2026-07-17 14:33:00+00:00,745.77001953125,745.77001953125,746.0900268554688,745.5999755859375,745.75,171232
2026-07-17 14:34:00+00:00,745.989990234375,745.989990234375,746.3201293945312,745.77001953125,745.7999877929688,117692
2026-07-17 14:35:00+00:00,746.4400024414062,746.4400024414062,746.47998046875,745.7337036132812,745.9949951171875,116467
2026-07-17 14:36:00+00:00,746.4650268554688,746.4650268554688,746.719970703125,746.2999877929688,746.4299926757812,84393
2026-07-17 14:37:00+00:00,746.3400268554688,746.3400268554688,746.5999755859375,746.1900024414062,746.4000244140625,68096
2026-07-17 14:38:00+00:00,746.5599975585938,746.5599975585938,746.7899780273438,746.3200073242188,746.3200073242188,111821
2026-07-17 14:39:00+00:00,746.72998046875,746.72998046875,746.72998046875,746.4299926757812,746.5599975585938,97643
2026-07-17 14:40:00+00:00,746.4400024414062,746.4400024414062,746.7750244140625,746.3900146484375,746.719970703125,48772
2026-07-17 14:41:00+00:00,746.4400024414062,746.4400024414062,746.655029296875,746.3400268554688,746.4500122070312,74078
2026-07-17 14:42:00+00:00,746.239990234375,746.239990234375,746.5999755859375,746.0999755859375,746.469970703125,133110
2026-07-17 14:43:00+00:00,745.8200073242188,745.8200073242188,746.260009765625,745.780029296875,746.260009765625,75700
2026-07-17 14:44:00+00:00,745.8800048828125,745.8800048828125,746.02001953125,745.75,745.780029296875,179014
2026-07-17 14:45:00+00:00,745.7899780273438,745.7899780273438,745.9650268554688,745.6599731445312,745.8599853515625,74667
2026-07-17 14:46:00+00:00,745.8099975585938,745.8099975585938,745.8099975585938,745.260009765625,745.7949829101562,120922
2026-07-17 14:47:00+00:00,746.4000244140625,746.4000244140625,746.5900268554688,745.760009765625,745.8200073242188,146118
2026-07-17 14:48:00+00:00,745.8699951171875,745.8699951171875,746.469970703125,745.8099975585938,746.3800048828125,100548
2026-07-17 14:49:00+00:00,745.6849975585938,745.6849975585938,746.0,745.6699829101562,745.8900146484375,302159
2026-07-17 14:50:00+00:00,745.6699829101562,745.6699829101562,745.8099975585938,745.4600219726562,745.6900024414062,61586
2026-07-17 14:51:00+00:00,745.25,745.25,745.6799926757812,745.22998046875,745.6799926757812,51334
2026-07-17 14:52:00+00:00,745.4400024414062,745.4400024414062,745.8300170898438,745.2000122070312,745.2000122070312,66312
2026-07-17 14:53:00+00:00,745.2999877929688,745.2999877929688,745.469970703125,745.22998046875,745.4099731445312,67160
2026-07-17 14:54:00+00:00,745.4199829101562,745.4199829101562,745.4342041015625,745.2100219726562,745.2899780273438,68291
2026-07-17 14:55:00+00:00,746.0999755859375,746.0999755859375,746.1900024414062,745.3699951171875,745.3900146484375,130775
2026-07-17 14:56:00+00:00,745.4600219726562,745.4600219726562,746.1400146484375,745.3599853515625,746.0900268554688,57968
2026-07-17 14:57:00+00:00,745.4149780273438,745.4149780273438,745.77001953125,745.4149780273438,745.469970703125,42692
2026-07-17 14:58:00+00:00,744.919921875,744.919921875,745.469970703125,744.8499755859375,745.4246826171875,101424
2026-07-17 14:59:00+00:00,745.0499877929688,745.0499877929688,745.0800170898438,744.8800048828125,744.9199829101562,84140
2026-07-17 15:00:00+00:00,744.6199951171875,744.6199951171875,745.2235107421875,744.5850219726562,745.0499877929688,266882
2026-07-17 15:01:00+00:00,744.5499877929688,744.5499877929688,744.6900024414062,744.3099975585938,744.6199951171875,122859
2026-07-17 15:02:00+00:00,744.5800170898438,744.5800170898438,744.6950073242188,744.3699951171875,744.530029296875,96142
2026-07-17 15:03:00+00:00,744.2310791015625,744.2310791015625,744.5900268554688,744.219970703125,744.5650024414062,210437
2026-07-17 15:04:00+00:00,744.22998046875,744.22998046875,744.4000244140625,744.1400146484375,744.239990234375,136514
2026-07-17 15:05:00+00:00,744.5750122070312,744.5750122070312,744.6300048828125,744.1484985351562,744.22998046875,144650
2026-07-17 15:06:00+00:00,744.489990234375,744.489990234375,744.5900268554688,744.22998046875,744.5399780273438,48216
2026-07-17 15:07:00+00:00,744.4349975585938,744.4349975585938,744.9000244140625,744.260009765625,744.47998046875,73750
2026-07-17 15:08:00+00:00,744.9299926757812,744.9299926757812,744.989990234375,744.4500122070312,744.4500122070312,74639
2026-07-17 15:09:00+00:00,744.8699951171875,744.8699951171875,745.010009765625,744.5900268554688,744.905029296875,52236
2026-07-17 15:10:00+00:00,744.5791015625,744.5791015625,745.2100219726562,744.4891967773438,744.8800048828125,62764
2026-07-17 15:11:00+00:00,744.3300170898438,744.3300170898438,744.6500244140625,744.280029296875,744.5599975585938,44841
2026-07-17 15:12:00+00:00,744.4000244140625,744.4000244140625,744.6900024414062,744.219970703125,744.3300170898438,57743
2026-07-17 15:13:00+00:00,744.1799926757812,744.1799926757812,744.5499877929688,744.1500244140625,744.4199829101562,171498
2026-07-17 15:14:00+00:00,744.3200073242188,744.3200073242188,744.3699951171875,744.1099853515625,744.1799926757812,57690
2026-07-17 15:15:00+00:00,744.0499877929688,744.0499877929688,744.4099731445312,744.0499877929688,744.3599853515625,48888
2026-07-17 15:16:00+00:00,744.0999755859375,744.0999755859375,744.2899780273438,743.9920043945312,744.0800170898438,59341
2026-07-17 15:17:00+00:00,744.1599731445312,744.1599731445312,744.219970703125,743.97998046875,744.1300048828125,65190
2026-07-17 15:18:00+00:00,744.5,744.5,744.5399780273438,743.97998046875,744.0999755859375,202575
2026-07-17 15:19:00+00:00,744.5399780273438,744.5399780273438,744.8499755859375,744.4099731445312,744.510009765625,71464
2026-07-17 15:20:00+00:00,744.5599975585938,744.5599975585938,744.5700073242188,744.0399780273438,744.5499877929688,39963
2026-07-17 15:21:00+00:00,744.6300048828125,744.6300048828125,744.760009765625,744.4400024414062,744.5499877929688,306377
2026-07-17 15:22:00+00:00,744.7100219726562,744.7100219726562,744.8900146484375,744.3900146484375,744.6300048828125,37350
2026-07-17 15:23:00+00:00,744.1807250976562,744.1807250976562,744.9000244140625,744.1799926757812,744.7100219726562,29974
2026-07-17 15:24:00+00:00,744.2908935546875,744.2908935546875,744.3200073242188,743.9600219726562,744.1699829101562,82605
2026-07-17 15:25:00+00:00,744.780029296875,744.780029296875,744.8300170898438,744.280029296875,744.3099975585938,60327
2026-07-17 15:26:00+00:00,744.9600219726562,744.9600219726562,745.0599975585938,744.7100219726562,744.77001953125,109250
2026-07-17 15:27:00+00:00,744.97998046875,744.97998046875,745.1799926757812,744.8400268554688,744.9849853515625,48985
2026-07-17 15:28:00+00:00,745.1799926757812,745.1799926757812,745.3400268554688,744.9000854492188,744.9400024414062,49791
2026-07-17 15:29:00+00:00,745.4450073242188,745.4450073242188,745.5700073242188,745.1199951171875,745.1699829101562,64488
2026-07-17 15:30:00+00:00,745.8400268554688,745.8400268554688,745.9000244140625,745.260009765625,745.4400024414062,459234
2026-07-17 15:31:00+00:00,745.5999755859375,745.5999755859375,745.8900146484375,745.5399780273438,745.8599853515625,50928
2026-07-17 15:32:00+00:00,745.6900024414062,745.6900024414062,745.77001953125,744.8599853515625,745.5999755859375,198907
2026-07-17 15:33:00+00:00,745.489990234375,745.489990234375,745.8200073242188,745.4500122070312,745.6599731445312,50744
2026-07-17 15:34:00+00:00,745.0399780273438,745.0399780273438,745.469970703125,744.9000244140625,745.4500122070312,51381
2026-07-17 15:35:00+00:00,744.75,744.75,745.02001953125,744.4401245117188,745.010009765625,67465
2026-07-17 15:36:00+00:00,744.9099731445312,744.9099731445312,745.0789794921875,744.6400146484375,744.7498779296875,79940
2026-07-17 15:37:00+00:00,745.1300048828125,745.1300048828125,745.280029296875,744.8300170898438,744.885009765625,72209
2026-07-17 15:38:00+00:00,745.6400146484375,745.6400146484375,745.7000122070312,744.8599853515625,745.1300048828125,58448
2026-07-17 15:39:00+00:00,745.6599731445312,745.6599731445312,745.77001953125,745.4600219726562,745.6400146484375,67484
2026-07-17 15:40:00+00:00,745.6400146484375,745.6400146484375,745.9000244140625,745.5700073242188,745.6400146484375,89730
2026-07-17 15:41:00+00:00,745.3200073242188,745.3200073242188,745.6500244140625,745.1500244140625,745.6500244140625,113832
2026-07-17 15:42:00+00:00,745.22998046875,745.22998046875,745.5,745.02001953125,745.3250122070312,32989
2026-07-17 15:43:00+00:00,745.1799926757812,745.1799926757812,745.3800048828125,744.97998046875,745.2128295898438,40938
2026-07-17 15:44:00+00:00,745.5,745.5,745.5399780273438,745.0499877929688,745.1799926757812,37165
2026-07-17 15:45:00+00:00,745.0499877929688,745.0499877929688,745.52001953125,745.010009765625,745.489990234375,123618
2026-07-17 15:46:00+00:00,745.4124755859375,745.4124755859375,745.4249877929688,744.8099975585938,745.0399780273438,170759
2026-07-17 15:47:00+00:00,745.5599975585938,745.5599975585938,745.5700073242188,745.3800048828125,745.3900146484375,47444
2026-07-17 15:48:00+00:00,745.239990234375,745.239990234375,745.6099853515625,745.219970703125,745.5599975585938,126196
2026-07-17 15:49:00+00:00,745.5709838867188,745.5709838867188,745.5999755859375,745.22998046875,745.2449951171875,37197
2026-07-17 15:50:00+00:00,745.2349853515625,745.2349853515625,745.5800170898438,745.1699829101562,745.5800170898438,44310
2026-07-17 15:51:00+00:00,745.3300170898438,745.3300170898438,745.5150146484375,745.2100219726562,745.239990234375,40242
2026-07-17 15:52:00+00:00,745.4299926757812,745.4299926757812,745.4431762695312,745.2100219726562,745.3699951171875,43978
2026-07-17 15:53:00+00:00,745.511474609375,745.511474609375,745.5900268554688,745.3300170898438,745.4400024414062,43557
2026-07-17 15:54:00+00:00,746.0908813476562,746.0908813476562,746.0908813476562,745.5399780273438,745.5499877929688,73054
2026-07-17 15:55:00+00:00,746.4099731445312,746.4099731445312,746.4400024414062,746.0018920898438,746.0900268554688,89356
2026-07-17 15:56:00+00:00,746.5050048828125,746.5050048828125,746.5596923828125,746.3400268554688,746.4500122070312,74539
2026-07-17 15:57:00+00:00,746.5399780273438,746.5399780273438,746.6799926757812,746.3300170898438,746.489990234375,77992
2026-07-17 15:58:00+00:00,746.8400268554688,746.8400268554688,746.8400268554688,746.510009765625,746.5750122070312,112652
2026-07-17 15:59:00+00:00,746.8699951171875,746.8699951171875,747.0599975585938,746.8099975585938,746.8499755859375,81984
2026-07-17 16:00:00+00:00,746.9249877929688,746.9249877929688,747.0999755859375,746.8499755859375,746.8800048828125,75787
2026-07-17 16:01:00+00:00,745.8599853515625,745.8599853515625,747.0399780273438,745.8200073242188,746.95751953125,517104
2026-07-17 16:02:00+00:00,745.739990234375,745.739990234375,746.1099853515625,745.6199951171875,745.9099731445312,105945
2026-07-17 16:03:00+00:00,745.4550170898438,745.4550170898438,745.72998046875,745.1799926757812,745.72998046875,88693
2026-07-17 16:04:00+00:00,745.5499877929688,745.5499877929688,745.5499877929688,745.2999877929688,745.4299926757812,58190
2026-07-17 16:05:00+00:00,745.3795166015625,745.3795166015625,745.5499877929688,745.1799926757812,745.5499877929688,57888
2026-07-17 16:06:00+00:00,745.3699951171875,745.3699951171875,745.4400024414062,745.0499877929688,745.3499755859375,90310
2026-07-17 16:07:00+00:00,745.0499877929688,745.0499877929688,745.6199951171875,744.8300170898438,745.3499755859375,66553
2026-07-17 16:08:00+00:00,745.22998046875,745.22998046875,745.280029296875,744.9349975585938,745.0700073242188,52792
2026-07-17 16:09:00+00:00,745.9500122070312,745.9500122070312,745.9600219726562,745.2000122070312,745.2000122070312,2247079
2026-07-17 16:10:00+00:00,746.1099853515625,746.1099853515625,746.3699951171875,745.9199829101562,745.9450073242188,142314
2026-07-17 16:11:00+00:00,745.7999877929688,745.7999877929688,746.2000122070312,745.7999877929688,746.1300048828125,43578
2026-07-17 16:12:00+00:00,745.97998046875,745.97998046875,746.030029296875,745.7000122070312,745.760009765625,44356
2026-07-17 16:13:00+00:00,746.02001953125,746.02001953125,746.0999755859375,745.8800048828125,746.0,29832
2026-07-17 16:14:00+00:00,746.27001953125,746.27001953125,746.3469848632812,746.0299072265625,746.0299072265625,48506
2026-07-17 16:15:00+00:00,746.3099975585938,746.3099975585938,746.4000244140625,746.1300048828125,746.2899780273438,53192
2026-07-17 16:16:00+00:00,746.0900268554688,746.0900268554688,746.3900146484375,746.0599975585938,746.3099975585938,50545
2026-07-17 16:17:00+00:00,746.3099975585938,746.3099975585938,746.489990234375,746.010009765625,746.0700073242188,75911
2026-07-17 16:18:00+00:00,746.2899780273438,746.2899780273438,746.5700073242188,746.25,746.3300170898438,60520
2026-07-17 16:19:00+00:00,746.364990234375,746.364990234375,746.489990234375,746.260009765625,746.2899780273438,55738
2026-07-17 16:20:00+00:00,746.27001953125,746.27001953125,746.52001953125,746.25,746.3599853515625,51555
2026-07-17 16:21:00+00:00,745.8200073242188,745.8200073242188,746.280029296875,745.77001953125,746.25,60191
2026-07-17 16:22:00+00:00,745.4299926757812,745.4299926757812,745.9199829101562,745.4199829101562,745.8099975585938,58731
2026-07-17 16:23:00+00:00,745.3400268554688,745.3400268554688,745.4299926757812,745.260009765625,745.4199829101562,55914
2026-07-17 16:24:00+00:00,745.239990234375,745.239990234375,745.5499877929688,745.2100219726562,745.3300170898438,179200
2026-07-17 16:25:00+00:00,745.5700073242188,745.5700073242188,745.6199951171875,745.1420288085938,745.27001953125,52158
2026-07-17 16:26:00+00:00,745.6900024414062,745.6900024414062,745.6900024414062,745.3300170898438,745.5599975585938,35397
2026-07-17 16:27:00+00:00,746.2899780273438,746.2899780273438,746.5,745.6799926757812,745.6799926757812,149484
2026-07-17 16:28:00+00:00,746.1900024414062,746.1900024414062,746.3900146484375,746.1699829101562,746.280029296875,47458
2026-07-17 16:29:00+00:00,745.9400024414062,745.9400024414062,746.2899780273438,745.9000244140625,746.1699829101562,48805
2026-07-17 16:30:00+00:00,745.573974609375,745.573974609375,746.1760864257812,745.5399780273438,745.9500122070312,56065
2026-07-17 16:31:00+00:00,745.7000122070312,745.7000122070312,745.75,745.5399780273438,745.5900268554688,30562
2026-07-17 16:32:00+00:00,745.8499755859375,745.8499755859375,745.8900146484375,745.5599975585938,745.7100219726562,40828
2026-07-17 16:33:00+00:00,745.8400268554688,745.8400268554688,745.9400024414062,745.5999755859375,745.8499755859375,31133
2026-07-17 16:34:00+00:00,745.5599975585938,745.5599975585938,745.8400268554688,745.5599975585938,745.8250122070312,169737
2026-07-17 16:35:00+00:00,745.7100219726562,745.7100219726562,745.9400024414062,745.5599975585938,745.60498046875,34562
2026-07-17 16:36:00+00:00,745.9249877929688,745.9249877929688,745.97998046875,745.5599975585938,745.7100219726562,30622
2026-07-17 16:37:00+00:00,745.7100219726562,745.7100219726562,746.010009765625,745.7000122070312,745.9400024414062,34036
2026-07-17 16:38:00+00:00,745.8599853515625,745.8599853515625,745.9000244140625,745.5999755859375,745.719970703125,43916
2026-07-17 16:39:00+00:00,745.9099731445312,745.9099731445312,746.0499877929688,745.719970703125,745.840087890625,54164
2026-07-17 16:40:00+00:00,745.719970703125,745.719970703125,746.010009765625,745.5999755859375,745.9000244140625,32275
2026-07-17 16:41:00+00:00,745.8300170898438,745.8300170898438,745.8499755859375,745.6799926757812,745.739990234375,39450
2026-07-17 16:42:00+00:00,746.0399780273438,746.0399780273438,746.1199951171875,745.8200073242188,745.8499755859375,46265
2026-07-17 16:43:00+00:00,746.280029296875,746.280029296875,746.4500122070312,746.0399780273438,746.0599975585938,69261
2026-07-17 16:44:00+00:00,746.4099731445312,746.4099731445312,746.4099731445312,746.0900268554688,746.280029296875,39874
2026-07-17 16:45:00+00:00,746.2899780273438,746.2899780273438,746.4400024414062,746.260009765625,746.4299926757812,24270
2026-07-17 16:46:00+00:00,746.3150024414062,746.3150024414062,746.3699951171875,746.22998046875,746.27001953125,25396
2026-07-17 16:47:00+00:00,746.6953125,746.6953125,746.7000122070312,746.260009765625,746.3200073242188,53971
2026-07-17 16:48:00+00:00,746.9199829101562,746.9199829101562,747.0,746.6799926757812,746.6799926757812,105067
2026-07-17 16:49:00+00:00,746.8685302734375,746.8685302734375,747.010009765625,746.77001953125,746.9199829101562,90831
2026-07-17 16:50:00+00:00,746.6900024414062,746.6900024414062,747.0700073242188,746.5800170898438,746.8599853515625,66059
2026-07-17 16:51:00+00:00,747.1799926757812,747.1799926757812,747.260009765625,746.6699829101562,746.7100219726562,108023
2026-07-17 16:52:00+00:00,747.0700073242188,747.0700073242188,747.27001953125,746.9000244140625,747.1500244140625,112831
2026-07-17 16:53:00+00:00,746.8800048828125,746.8800048828125,747.1287231445312,746.8599853515625,747.0800170898438,81835
2026-07-17 16:54:00+00:00,746.8510131835938,746.8510131835938,746.969970703125,746.7100219726562,746.8800048828125,77056
2026-07-17 16:55:00+00:00,746.5,746.5,746.9500122070312,746.5,746.8599853515625,62748
2026-07-17 16:56:00+00:00,746.4299926757812,746.4299926757812,746.5599975585938,746.22998046875,746.489990234375,63903
2026-07-17 16:57:00+00:00,746.22998046875,746.22998046875,746.4400024414062,746.1798706054688,746.4400024414062,50999
2026-07-17 16:58:00+00:00,746.3099975585938,746.3099975585938,746.3900146484375,746.1300048828125,746.2100219726562,43664
2026-07-17 16:59:00+00:00,746.3200073242188,746.3200073242188,746.4600219726562,746.260009765625,746.3298950195312,38229
2026-07-17 17:00:00+00:00,746.8699951171875,746.8699951171875,746.8699951171875,746.219970703125,746.3699951171875,42477
2026-07-17 17:01:00+00:00,746.8599853515625,746.8599853515625,747.1699829101562,746.8099975585938,746.856201171875,94751
2026-07-17 17:02:00+00:00,746.739990234375,746.739990234375,746.8699951171875,746.580078125,746.8699951171875,57379
2026-07-17 17:03:00+00:00,746.780029296875,746.780029296875,746.8499755859375,746.6199951171875,746.75,90431
2026-07-17 17:04:00+00:00,746.6900024414062,746.6900024414062,746.8400268554688,746.5800170898438,746.780029296875,61957
2026-07-17 17:05:00+00:00,746.5800170898438,746.5800170898438,746.6799926757812,746.4500122070312,746.6599731445312,67895
2026-07-17 17:06:00+00:00,746.9099731445312,746.9099731445312,746.9099731445312,746.510009765625,746.5700073242188,30398
2026-07-17 17:07:00+00:00,746.8300170898438,746.8300170898438,746.97998046875,746.7899780273438,746.9199829101562,46814
2026-07-17 17:08:00+00:00,746.8499755859375,746.8499755859375,746.9600219726562,746.8200073242188,746.8300170898438,47141
2026-07-17 17:09:00+00:00,746.9600219726562,746.9600219726562,747.0,746.8099975585938,746.8800048828125,36456
2026-07-17 17:10:00+00:00,746.97998046875,746.97998046875,747.0399780273438,746.8300170898438,746.969970703125,39430
2026-07-17 17:11:00+00:00,746.9400024414062,746.9400024414062,747.1199951171875,746.9400024414062,747.010009765625,54425
2026-07-17 17:12:00+00:00,746.719970703125,746.719970703125,747.0800170898438,746.719970703125,746.9500122070312,65345
2026-07-17 17:13:00+00:00,746.655029296875,746.655029296875,746.7999877929688,746.594970703125,746.739990234375,75418
2026-07-17 17:14:00+00:00,746.4199829101562,746.4199829101562,746.6799926757812,746.3900146484375,746.6799926757812,30610
2026-07-17 17:15:00+00:00,746.5900268554688,746.5900268554688,746.6099853515625,746.2338256835938,746.4000244140625,105027
2026-07-17 17:16:00+00:00,746.85498046875,746.85498046875,746.8599853515625,746.5599975585938,746.5900268554688,40629
2026-07-17 17:17:00+00:00,746.739990234375,746.739990234375,746.97998046875,746.7050170898438,746.8499755859375,46871
2026-07-17 17:18:00+00:00,746.530029296875,746.530029296875,746.8099975585938,746.510009765625,746.75,43756
2026-07-17 17:19:00+00:00,746.280029296875,746.280029296875,746.5700073242188,746.260009765625,746.52001953125,60892
2026-07-17 17:20:00+00:00,746.1510009765625,746.1510009765625,746.2999877929688,745.969970703125,746.27001953125,77427
2026-07-17 17:21:00+00:00,746.0700073242188,746.0700073242188,746.1900024414062,745.989990234375,746.1599731445312,52391
2026-07-17 17:22:00+00:00,746.3699951171875,746.3699951171875,746.3699951171875,746.0700073242188,746.0700073242188,54771
2026-07-17 17:23:00+00:00,746.2750244140625,746.2750244140625,746.4400024414062,746.2100219726562,746.3900146484375,177179
2026-07-17 17:24:00+00:00,746.2899780273438,746.2899780273438,746.3599853515625,746.1500244140625,746.280029296875,72709
2026-07-17 17:25:00+00:00,746.6199951171875,746.6199951171875,746.6199951171875,746.27001953125,746.2999877929688,60964
2026-07-17 17:26:00+00:00,746.8800048828125,746.8800048828125,746.9149780273438,746.635009765625,746.64697265625,76901
2026-07-17 17:27:00+00:00,746.8900146484375,746.8900146484375,746.9500122070312,746.780029296875,746.8699951171875,1050680
2026-07-17 17:28:00+00:00,746.8599853515625,746.8599853515625,747.02001953125,746.8200073242188,746.885009765625,57695
2026-07-17 17:29:00+00:00,746.8699951171875,746.8699951171875,747.010009765625,746.7999877929688,746.864990234375,80413
2026-07-17 17:30:00+00:00,746.97998046875,746.97998046875,746.97998046875,746.7899780273438,746.8800048828125,65683
2026-07-17 17:31:00+00:00,746.760009765625,746.760009765625,746.989990234375,746.72998046875,746.9749755859375,48982
2026-07-17 17:32:00+00:00,746.6799926757812,746.6799926757812,746.8200073242188,746.6400146484375,746.7789916992188,50082
2026-07-17 17:33:00+00:00,746.7000122070312,746.7000122070312,746.8400268554688,746.6099853515625,746.6799926757812,46755
2026-07-17 17:34:00+00:00,746.6099853515625,746.6099853515625,746.719970703125,746.5399780273438,746.6900024414062,47739
2026-07-17 17:35:00+00:00,746.0814819335938,746.0814819335938,746.6799926757812,746.0599975585938,746.6199951171875,63696
2026-07-17 17:36:00+00:00,746.0399780273438,746.0399780273438,746.219970703125,745.9600219726562,746.0999755859375,59500
2026-07-17 17:37:00+00:00,746.1898803710938,746.1898803710938,746.260009765625,746.02001953125,746.0399780273438,234016
2026-07-17 17:38:00+00:00,745.9400024414062,745.9400024414062,746.1799926757812,745.9219970703125,746.1799926757812,165865
2026-07-17 17:39:00+00:00,746.02001953125,746.02001953125,746.0700073242188,745.9099731445312,745.9301147460938,55041
2026-07-17 17:40:00+00:00,745.719970703125,745.719970703125,746.0599975585938,745.6099853515625,746.010009765625,102522
2026-07-17 17:41:00+00:00,745.7999877929688,745.7999877929688,745.7999877929688,745.510009765625,745.72998046875,75052
2026-07-17 17:42:00+00:00,745.6599731445312,745.6599731445312,745.9099731445312,745.6099853515625,745.780029296875,48564
2026-07-17 17:43:00+00:00,745.6649780273438,745.6649780273438,745.719970703125,745.5700073242188,745.6599731445312,44303
2026-07-17 17:44:00+00:00,745.5999755859375,745.5999755859375,745.6599731445312,745.510009765625,745.6599731445312,37277
2026-07-17 17:45:00+00:00,745.760009765625,745.760009765625,745.8909301757812,745.47998046875,745.5999755859375,72993
2026-07-17 17:46:00+00:00,745.4401245117188,745.4401245117188,745.7899780273438,745.4199829101562,745.780029296875,45454
2026-07-17 17:47:00+00:00,745.5349731445312,745.5349731445312,745.5900268554688,745.4099731445312,745.4500122070312,43524
2026-07-17 17:48:00+00:00,745.5,745.5,745.6699829101562,745.4199829101562,745.5349731445312,62021
2026-07-17 17:49:00+00:00,745.5700073242188,745.5700073242188,745.5700073242188,745.4000244140625,745.5,61288
2026-07-17 17:50:00+00:00,745.114990234375,745.114990234375,745.6400146484375,745.0999755859375,745.5700073242188,40210
2026-07-17 17:51:00+00:00,745.010009765625,745.010009765625,745.1699829101562,744.9500122070312,745.1199951171875,63842
2026-07-17 17:52:00+00:00,744.9600219726562,744.9600219726562,745.14501953125,744.8499755859375,745.02001953125,66350
2026-07-17 17:53:00+00:00,744.8900146484375,744.8900146484375,744.9766845703125,744.760009765625,744.9600219726562,81806
2026-07-17 17:54:00+00:00,744.9000244140625,744.9000244140625,745.1699829101562,744.8900146484375,744.9199829101562,41878
2026-07-17 17:55:00+00:00,744.7899780273438,744.7899780273438,744.9995727539062,744.7025756835938,744.8905029296875,56918
2026-07-17 17:56:00+00:00,744.5599975585938,744.5599975585938,744.8300170898438,744.5449829101562,744.7999877929688,73101
2026-07-17 17:57:00+00:00,744.5549926757812,744.5549926757812,744.6799926757812,744.4550170898438,744.5598754882812,95657
2026-07-17 17:58:00+00:00,744.530029296875,744.530029296875,744.5750122070312,744.3800048828125,744.5399780273438,67795
2026-07-17 17:59:00+00:00,744.5800170898438,744.5800170898438,744.6594848632812,744.469970703125,744.530029296875,60135
2026-07-17 18:00:00+00:00,744.4500122070312,744.4500122070312,744.77001953125,744.3800048828125,744.5800170898438,88901
2026-07-17 18:01:00+00:00,744.510009765625,744.510009765625,744.7100219726562,744.4299926757812,744.4500122070312,93861
2026-07-17 18:02:00+00:00,744.8800048828125,744.8800048828125,745.02001953125,744.47998046875,744.5,150253
2026-07-17 18:03:00+00:00,745.0800170898438,745.0800170898438,745.0900268554688,744.8499755859375,744.8699951171875,105045
2026-07-17 18:04:00+00:00,744.6475219726562,744.6475219726562,745.1400146484375,744.6099853515625,745.0800170898438,78317
2026-07-17 18:05:00+00:00,744.52001953125,744.52001953125,744.6400146484375,744.2999877929688,744.6400146484375,79324
2026-07-17 18:06:00+00:00,744.280029296875,744.280029296875,744.5599975585938,744.1599731445312,744.5,203035
2026-07-17 18:07:00+00:00,744.4099731445312,744.4099731445312,744.4400024414062,744.1699829101562,744.27001953125,47904
2026-07-17 18:08:00+00:00,744.3900146484375,744.3900146484375,744.489990234375,744.2000122070312,744.4199829101562,48850
2026-07-17 18:09:00+00:00,744.3300170898438,744.3300170898438,744.510009765625,744.280029296875,744.4099731445312,37201
2026-07-17 18:10:00+00:00,744.3099975585938,744.3099975585938,744.489990234375,744.25,744.3099975585938,69274
2026-07-17 18:11:00+00:00,744.2550048828125,744.2550048828125,744.3099975585938,744.1300048828125,744.2999877929688,78126
2026-07-17 18:12:00+00:00,744.1799926757812,744.1799926757812,744.3400268554688,744.1599731445312,744.2550048828125,61135
2026-07-17 18:13:00+00:00,744.22998046875,744.22998046875,744.27001953125,744.0900268554688,744.1900024414062,52688
2026-07-17 18:14:00+00:00,744.1099853515625,744.1099853515625,744.3200073242188,744.0900268554688,744.25,39892
2026-07-17 18:15:00+00:00,743.7150268554688,743.7150268554688,744.2030029296875,743.6400146484375,744.1199951171875,91217
2026-07-17 18:16:00+00:00,743.719970703125,743.719970703125,743.8200073242188,743.6099853515625,743.7100219726562,95821
2026-07-17 18:17:00+00:00,743.7999877929688,743.7999877929688,743.8800048828125,743.6599731445312,743.72998046875,80034
2026-07-17 18:18:00+00:00,743.7100219726562,743.7100219726562,743.9199829101562,743.6599731445312,743.7999877929688,47442
2026-07-17 18:19:00+00:00,743.8300170898438,743.8300170898438,743.869873046875,743.5859985351562,743.7000122070312,41085
2026-07-17 18:20:00+00:00,743.7100219726562,743.7100219726562,743.8900146484375,743.5499877929688,743.8499755859375,31351
2026-07-17 18:21:00+00:00,743.75,743.75,743.8599853515625,743.6489868164062,743.6799926757812,555017
2026-07-17 18:22:00+00:00,743.9600219726562,743.9600219726562,743.9600219726562,743.760009765625,743.760009765625,200113
2026-07-17 18:23:00+00:00,744.0399780273438,744.0399780273438,744.1699829101562,743.8200073242188,743.9450073242188,71245
2026-07-17 18:24:00+00:00,743.739990234375,743.739990234375,744.0999755859375,743.6599731445312,744.0700073242188,97000
2026-07-17 18:25:00+00:00,743.5452880859375,743.5452880859375,743.72998046875,743.52001953125,743.72998046875,41090
2026-07-17 18:26:00+00:00,743.4249877929688,743.4249877929688,743.6475219726562,743.4199829101562,743.5499877929688,56412
2026-07-17 18:27:00+00:00,743.3900146484375,743.3900146484375,743.5,743.239990234375,743.4199829101562,233978
2026-07-17 18:28:00+00:00,743.530029296875,743.530029296875,743.5908813476562,743.3099975585938,743.4202270507812,70731
2026-07-17 18:29:00+00:00,743.7100219726562,743.7100219726562,743.75,743.5399780273438,743.5399780273438,67558
2026-07-17 18:30:00+00:00,744.2349853515625,744.2349853515625,744.3400268554688,743.6300048828125,743.6900024414062,116131
2026-07-17 18:31:00+00:00,743.9500122070312,743.9500122070312,744.3200073242188,743.9500122070312,744.239990234375,77133
2026-07-17 18:32:00+00:00,743.6599731445312,743.6599731445312,744.0750122070312,743.6199951171875,743.9400024414062,81109
2026-07-17 18:33:00+00:00,743.489990234375,743.489990234375,743.8499755859375,743.4600219726562,743.6599731445312,54860
2026-07-17 18:34:00+00:00,743.6611938476562,743.6611938476562,743.6950073242188,743.4199829101562,743.489990234375,66752
2026-07-17 18:35:00+00:00,743.6199951171875,743.6199951171875,743.760009765625,743.510009765625,743.6699829101562,46121
2026-07-17 18:36:00+00:00,743.780029296875,743.780029296875,743.8800048828125,743.6199951171875,743.6199951171875,50370
2026-07-17 18:37:00+00:00,743.77001953125,743.77001953125,743.8800048828125,743.6699829101562,743.77001953125,29597
2026-07-17 18:38:00+00:00,743.8800048828125,743.8800048828125,743.9500122070312,743.6699829101562,743.760009765625,37327
2026-07-17 18:39:00+00:00,743.72998046875,743.72998046875,743.8800048828125,743.6599731445312,743.8699951171875,36167
2026-07-17 18:40:00+00:00,743.4349975585938,743.4349975585938,743.7999877929688,743.4185180664062,743.75,44684
2026-07-17 18:41:00+00:00,743.4400024414062,743.4400024414062,743.530029296875,743.3599853515625,743.4349975585938,45051
2026-07-17 18:42:00+00:00,743.2855834960938,743.2855834960938,743.6500244140625,743.25,743.4600219726562,45965
2026-07-17 18:43:00+00:00,743.1500244140625,743.1500244140625,743.4000244140625,743.1400146484375,743.2990112304688,82258
2026-07-17 18:44:00+00:00,743.260009765625,743.260009765625,743.3499755859375,743.0999755859375,743.1400146484375,98426
2026-07-17 18:45:00+00:00,743.3200073242188,743.3200073242188,743.4400024414062,743.094970703125,743.239990234375,226430
2026-07-17 18:46:00+00:00,743.6099853515625,743.6099853515625,743.6300048828125,743.1900024414062,743.3300170898438,78849
2026-07-17 18:47:00+00:00,743.9000244140625,743.9000244140625,743.9000244140625,743.52001953125,743.6199951171875,314363
2026-07-17 18:48:00+00:00,744.1300048828125,744.1300048828125,744.1599731445312,743.8300170898438,743.9149780273438,88333
2026-07-17 18:49:00+00:00,743.8905029296875,743.8905029296875,744.25,743.8499755859375,744.1099853515625,87581
2026-07-17 18:50:00+00:00,743.8900146484375,743.8900146484375,743.989990234375,743.6799926757812,743.8995971679688,64823
2026-07-17 18:51:00+00:00,743.9500122070312,743.9500122070312,744.1199951171875,743.8599853515625,743.869873046875,96581
2026-07-17 18:52:00+00:00,744.010009765625,744.010009765625,744.1300048828125,743.8699951171875,743.9500122070312,53064
2026-07-17 18:53:00+00:00,744.25,744.25,744.3599853515625,744.0,744.02001953125,91384
2026-07-17 18:54:00+00:00,744.5599975585938,744.5599975585938,744.5798950195312,744.1400146484375,744.25,91521
2026-07-17 18:55:00+00:00,744.4400024414062,744.4400024414062,744.6199951171875,744.4099731445312,744.5650024414062,76194
2026-07-17 18:56:00+00:00,744.3900146484375,744.3900146484375,744.530029296875,744.3300170898438,744.4199829101562,46332
2026-07-17 18:57:00+00:00,744.510009765625,744.510009765625,744.5399780273438,744.1599731445312,744.4099731445312,62231
2026-07-17 18:58:00+00:00,744.5700073242188,744.5700073242188,744.6199951171875,744.4299926757812,744.510009765625,73334
2026-07-17 18:59:00+00:00,744.3699951171875,744.3699951171875,744.6599731445312,744.3599853515625,744.5900268554688,78466
2026-07-17 19:00:00+00:00,744.0499877929688,744.0499877929688,744.469970703125,744.0,744.3900146484375,81831
2026-07-17 19:01:00+00:00,743.9299926757812,743.9299926757812,744.1400146484375,743.7999877929688,744.0700073242188,143060
2026-07-17 19:02:00+00:00,743.7999877929688,743.7999877929688,744.0599975585938,743.7999877929688,743.9000244140625,41091
2026-07-17 19:03:00+00:00,744.0,744.0,744.0,743.739990234375,743.7999877929688,43906
2026-07-17 19:04:00+00:00,743.8599853515625,743.8599853515625,744.0900268554688,743.7999877929688,743.97998046875,98714
2026-07-17 19:05:00+00:00,743.8699951171875,743.8699951171875,743.9400024414062,743.6699829101562,743.8699951171875,59805
2026-07-17 19:06:00+00:00,743.6300048828125,743.6300048828125,743.989990234375,743.5900268554688,743.8599853515625,51246
2026-07-17 19:07:00+00:00,743.47998046875,743.47998046875,743.6599731445312,743.4500122070312,743.6500244140625,35488
2026-07-17 19:08:00+00:00,743.469970703125,743.469970703125,743.6099853515625,743.4199829101562,743.4500122070312,52631
2026-07-17 19:09:00+00:00,743.4099731445312,743.4099731445312,743.530029296875,743.3800048828125,743.4600219726562,39634
2026-07-17 19:10:00+00:00,743.22998046875,743.22998046875,743.47998046875,743.1400146484375,743.4099731445312,92513
2026-07-17 19:11:00+00:00,743.219970703125,743.219970703125,743.25,743.0399780273438,743.22998046875,34495
2026-07-17 19:12:00+00:00,742.97998046875,742.97998046875,743.280029296875,742.96142578125,743.219970703125,103090
2026-07-17 19:13:00+00:00,742.9400024414062,742.9400024414062,743.0900268554688,742.8920288085938,742.989990234375,174591
2026-07-17 19:14:00+00:00,742.760009765625,742.760009765625,742.9299926757812,742.719970703125,742.9199829101562,363504
2026-07-17 19:15:00+00:00,742.5999755859375,742.5999755859375,742.8300170898438,742.5700073242188,742.739990234375,77679
2026-07-17 19:16:00+00:00,742.7100219726562,742.7100219726562,742.9000244140625,742.5900268554688,742.6300048828125,114430
2026-07-17 19:17:00+00:00,742.760009765625,742.760009765625,742.8400268554688,742.6300048828125,742.72998046875,82964
2026-07-17 19:18:00+00:00,742.6400146484375,742.6400146484375,742.9500122070312,742.5800170898438,742.760009765625,115283
2026-07-17 19:19:00+00:00,742.9199829101562,742.9199829101562,742.97998046875,742.6199951171875,742.6400146484375,87371
2026-07-17 19:20:00+00:00,742.7899780273438,742.7899780273438,742.9000244140625,742.6199951171875,742.9000244140625,85120
2026-07-17 19:21:00+00:00,742.6799926757812,742.6799926757812,742.8200073242188,742.6599731445312,742.780029296875,59385
2026-07-17 19:22:00+00:00,742.6599731445312,742.6599731445312,742.719970703125,742.5700073242188,742.6799926757812,90867
2026-07-17 19:23:00+00:00,742.5650024414062,742.5650024414062,742.7100219726562,742.5599975585938,742.6500244140625,112731
2026-07-17 19:24:00+00:00,742.3599853515625,742.3599853515625,742.6099853515625,742.3400268554688,742.5599975585938,99351
2026-07-17 19:25:00+00:00,742.219970703125,742.219970703125,742.3699951171875,742.1300048828125,742.330078125,167792
2026-07-17 19:26:00+00:00,742.6099853515625,742.6099853515625,742.6199951171875,742.2100219726562,742.22998046875,109125
2026-07-17 19:27:00+00:00,742.8300170898438,742.8300170898438,742.9199829101562,742.5499267578125,742.6099853515625,164883
2026-07-17 19:28:00+00:00,743.1799926757812,743.1799926757812,743.280029296875,742.8400268554688,742.8400268554688,160380
2026-07-17 19:29:00+00:00,743.1599731445312,743.1599731445312,743.27001953125,743.010009765625,743.1799926757812,144664
2026-07-17 19:30:00+00:00,742.97998046875,742.97998046875,743.6199951171875,742.9099731445312,743.1699829101562,364600
2026-07-17 19:31:00+00:00,743.239990234375,743.239990234375,743.27001953125,742.77001953125,742.969970703125,296379
2026-07-17 19:32:00+00:00,743.0,743.0,743.219970703125,742.85498046875,743.219970703125,272412
2026-07-17 19:33:00+00:00,743.1699829101562,743.1699829101562,743.1799926757812,742.9199829101562,742.97998046875,105819
2026-07-17 19:34:00+00:00,743.030029296875,743.030029296875,743.27001953125,742.8900146484375,743.1699829101562,88195
2026-07-17 19:35:00+00:00,742.97998046875,742.97998046875,743.1799926757812,742.9199829101562,743.030029296875,127870
2026-07-17 19:36:00+00:00,743.1400146484375,743.1400146484375,743.1799926757812,742.8699951171875,742.9849853515625,243978
2026-07-17 19:37:00+00:00,743.3499755859375,743.3499755859375,743.530029296875,743.0850219726562,743.1300048828125,117639
2026-07-17 19:38:00+00:00,743.0,743.0,743.4099731445312,743.0,743.3499755859375,154792
2026-07-17 19:39:00+00:00,742.8300170898438,742.8300170898438,742.989990234375,742.72998046875,742.969970703125,199904
2026-07-17 19:40:00+00:00,742.8900146484375,742.8900146484375,743.0999755859375,742.5999755859375,742.8300170898438,172717
2026-07-17 19:41:00+00:00,743.2899780273438,743.2899780273438,743.3400268554688,742.8499755859375,742.8699951171875,160387
2026-07-17 19:42:00+00:00,743.25,743.25,743.3599853515625,742.9000244140625,743.2899780273438,142677
2026-07-17 19:43:00+00:00,743.4000244140625,743.4000244140625,743.4500122070312,743.25,743.25,116252
2026-07-17 19:44:00+00:00,743.47998046875,743.47998046875,743.6199951171875,743.4099731445312,743.4099731445312,144630
2026-07-17 19:45:00+00:00,743.7199096679688,743.7199096679688,743.9500122070312,743.3699951171875,743.47998046875,214602
2026-07-17 19:46:00+00:00,743.5800170898438,743.5800170898438,743.739990234375,743.4199829101562,743.7100219726562,196028
2026-07-17 19:47:00+00:00,743.8900146484375,743.8900146484375,743.9199829101562,743.5900268554688,743.5900268554688,136392
2026-07-17 19:48:00+00:00,743.89697265625,743.89697265625,744.0399780273438,743.8499755859375,743.8800048828125,239373
2026-07-17 19:49:00+00:00,744.0399780273438,744.0399780273438,744.0399780273438,743.719970703125,743.9099731445312,334516
2026-07-17 19:50:00+00:00,743.719970703125,743.719970703125,744.2899780273438,743.6599731445312,744.030029296875,278348
2026-07-17 19:51:00+00:00,744.1599731445312,744.1599731445312,744.25,743.6599731445312,743.719970703125,191580
2026-07-17 19:52:00+00:00,743.72998046875,743.72998046875,744.1599731445312,743.5700073242188,744.1500244140625,874903
2026-07-17 19:53:00+00:00,743.75,743.75,743.8300170898438,743.5999755859375,743.719970703125,178159
2026-07-17 19:54:00+00:00,743.969970703125,743.969970703125,744.0189819335938,743.47998046875,743.75,236267
2026-07-17 19:55:00+00:00,744.0296020507812,744.0296020507812,744.0700073242188,743.6704711914062,744.0,518377
2026-07-17 19:56:00+00:00,744.3099975585938,744.3099975585938,744.4000244140625,744.030029296875,744.030029296875,256442
2026-07-17 19:57:00+00:00,744.0650024414062,744.0650024414062,744.3300170898438,743.9810180664062,744.3099975585938,343004
2026-07-17 19:58:00+00:00,744.010009765625,744.010009765625,744.0999755859375,743.844970703125,744.0599975585938,751227
2026-07-17 19:59:00+00:00,743.155029296875,743.155029296875,744.0599975585938,742.9199829101562,744.0,1313243
2026-07-20 13:30:00+00:00,747.6199951171875,747.6199951171875,747.7100219726562,746.7999877929688,747.0599975585938,1302054
2026-07-20 13:31:00+00:00,747.5,747.5,747.8400268554688,747.4500122070312,747.6400146484375,166887
2026-07-20 13:32:00+00:00,747.9010009765625,747.9010009765625,747.969970703125,747.5399780273438,747.5900268554688,158512
2026-07-20 13:33:00+00:00,747.6701049804688,747.6701049804688,747.9600219726562,747.6400146484375,747.8800048828125,95375
2026-07-20 13:34:00+00:00,748.0499877929688,748.0499877929688,748.0499877929688,747.5499877929688,747.6699829101562,128948
2026-07-20 13:35:00+00:00,747.8493041992188,747.8493041992188,748.2562255859375,747.72998046875,748.030029296875,172932
2026-07-20 13:36:00+00:00,748.280029296875,748.280029296875,748.2994995117188,747.8400268554688,747.8405151367188,176959
2026-07-20 13:37:00+00:00,748.5499877929688,748.5499877929688,748.6199951171875,748.2000122070312,748.27001953125,186186
2026-07-20 13:38:00+00:00,748.25,748.25,748.7100219726562,748.1300048828125,748.5499877929688,165166
2026-07-20 13:39:00+00:00,748.1699829101562,748.1699829101562,748.27001953125,747.8900146484375,748.25,132151
2026-07-20 13:40:00+00:00,748.1599731445312,748.1599731445312,748.3400268554688,748.0599975585938,748.1699829101562,104123
2026-07-20 13:41:00+00:00,748.2100219726562,748.2100219726562,748.4099731445312,748.1599731445312,748.2150268554688,119467
2026-07-20 13:42:00+00:00,748.25,748.25,748.27001953125,748.0650024414062,748.2000122070312,99937
2026-07-20 13:43:00+00:00,748.47998046875,748.47998046875,748.5700073242188,748.1799926757812,748.25,94778
2026-07-20 13:44:00+00:00,748.5599975585938,748.5599975585938,748.5900268554688,748.3800048828125,748.4500122070312,93404
2026-07-20 13:45:00+00:00,748.1699829101562,748.1699829101562,748.72998046875,748.1699829101562,748.5700073242188,177362
2026-07-20 13:46:00+00:00,748.02001953125,748.02001953125,748.2999877929688,747.885009765625,748.1699829101562,228839
2026-07-20 13:47:00+00:00,747.8400268554688,747.8400268554688,748.02001953125,747.77001953125,747.989990234375,106936
2026-07-20 13:48:00+00:00,747.8300170898438,747.8300170898438,747.9500122070312,747.7100219726562,747.8499755859375,99558
2026-07-20 13:49:00+00:00,747.5800170898438,747.5800170898438,747.8900146484375,747.530029296875,747.8200073242188,192897
2026-07-20 13:50:00+00:00,747.6199951171875,747.6199951171875,747.8400268554688,747.5449829101562,747.5800170898438,103775
2026-07-20 13:51:00+00:00,747.1799926757812,747.1799926757812,747.760009765625,747.1599731445312,747.6199951171875,112316
2026-07-20 13:52:00+00:00,746.719970703125,746.719970703125,747.2000122070312,746.4600219726562,747.1699829101562,265266
2026-07-20 13:53:00+00:00,746.4600219726562,746.4600219726562,746.780029296875,746.25,746.72998046875,157777
2026-07-20 13:54:00+00:00,746.4550170898438,746.4550170898438,746.6400146484375,746.3300170898438,746.4849853515625,235742
2026-07-20 13:55:00+00:00,746.1901245117188,746.1901245117188,746.489990234375,746.1500244140625,746.4500122070312,219457
2026-07-20 13:56:00+00:00,746.1400146484375,746.1400146484375,746.219970703125,745.8300170898438,746.1900024414062,131488
2026-07-20 13:57:00+00:00,745.7999877929688,745.7999877929688,746.1300048828125,745.77001953125,746.1199951171875,82810
2026-07-20 13:58:00+00:00,745.6300048828125,745.6300048828125,745.989990234375,745.5900268554688,745.8099975585938,124940
2026-07-20 13:59:00+00:00,745.6900024414062,745.6900024414062,745.8599853515625,745.52001953125,745.6199951171875,113100
2026-07-20 14:00:00+00:00,745.8798828125,745.8798828125,745.97998046875,745.5499877929688,745.6799926757812,99269
2026-07-20 14:01:00+00:00,745.7000122070312,745.7000122070312,745.9600219726562,745.3900146484375,745.8800048828125,100653
2026-07-20 14:02:00+00:00,746.0317993164062,746.0317993164062,746.0399780273438,745.6199951171875,745.6699829101562,140920
2026-07-20 14:03:00+00:00,746.2100219726562,746.2100219726562,746.2100219726562,745.9600219726562,746.0399780273438,93715
2026-07-20 14:04:00+00:00,745.885009765625,745.885009765625,746.3599853515625,745.8699951171875,746.2100219726562,89617
2026-07-20 14:05:00+00:00,745.8099975585938,745.8099975585938,746.1199951171875,745.77001953125,745.9000244140625,198790
2026-07-20 14:06:00+00:00,745.6300048828125,745.6300048828125,745.8900146484375,745.510009765625,745.8099975585938,69865
2026-07-20 14:07:00+00:00,745.5800170898438,745.5800170898438,745.7000122070312,745.3599853515625,745.6400146484375,61958
2026-07-20 14:08:00+00:00,745.3800048828125,745.3800048828125,745.7999877929688,745.3699951171875,745.60498046875,70990
2026-07-20 14:09:00+00:00,745.4000244140625,745.4000244140625,745.5399780273438,745.27001953125,745.3800048828125,74101
2026-07-20 14:10:00+00:00,745.030029296875,745.030029296875,745.3800048828125,744.9749755859375,745.3400268554688,99224
2026-07-20 14:11:00+00:00,744.9400024414062,744.9400024414062,745.1900024414062,744.8200073242188,745.030029296875,87104
2026-07-20 14:12:00+00:00,744.8699951171875,744.8699951171875,745.0,744.77001953125,744.9400024414062,90072
2026-07-20 14:13:00+00:00,745.0900268554688,745.0900268554688,745.1199951171875,744.7650146484375,744.8499755859375,65138
2026-07-20 14:14:00+00:00,744.989990234375,744.989990234375,745.280029296875,744.8599853515625,745.090087890625,72528
2026-07-20 14:15:00+00:00,745.3800048828125,745.3800048828125,745.4299926757812,744.8699951171875,745.02001953125,79336
2026-07-20 14:16:00+00:00,744.885009765625,744.885009765625,745.47998046875,744.8300170898438,745.3699951171875,114796
2026-07-20 14:17:00+00:00,744.8300170898438,744.8300170898438,745.0,744.72998046875,744.8900146484375,75817
2026-07-20 14:18:00+00:00,744.969970703125,744.969970703125,744.969970703125,744.739990234375,744.8300170898438,72510
2026-07-20 14:19:00+00:00,744.9000244140625,744.9000244140625,745.0900268554688,744.6300048828125,744.9600219726562,77973
2026-07-20 14:20:00+00:00,744.5399780273438,744.5399780273438,744.8800048828125,744.3800048828125,744.8499755859375,113609
2026-07-20 14:21:00+00:00,744.52001953125,744.52001953125,744.5700073242188,744.260009765625,744.5399780273438,138409
2026-07-20 14:22:00+00:00,744.739990234375,744.739990234375,744.7589111328125,744.3599853515625,744.510009765625,109074
2026-07-20 14:23:00+00:00,745.0291137695312,745.0291137695312,745.1300048828125,744.6799926757812,744.7003784179688,60736
2026-07-20 14:24:00+00:00,744.969970703125,744.969970703125,745.2100219726562,744.9600219726562,745.030029296875,139691
2026-07-20 14:25:00+00:00,745.2100219726562,745.2100219726562,745.3599853515625,744.9099731445312,744.969970703125,105327
2026-07-20 14:26:00+00:00,745.3400268554688,745.3400268554688,745.3699951171875,744.989990234375,745.2100219726562,48532
2026-07-20 14:27:00+00:00,745.239990234375,745.239990234375,745.469970703125,745.1699829101562,745.3499755859375,77624
2026-07-20 14:28:00+00:00,745.3300170898438,745.3300170898438,745.3900146484375,745.0599975585938,745.25,69158
2026-07-20 14:29:00+00:00,745.6799926757812,745.6799926757812,745.739990234375,745.3200073242188,745.3599853515625,54479
2026-07-20 14:30:00+00:00,745.8400268554688,745.8400268554688,745.9600219726562,745.47998046875,745.6900024414062,125486
2026-07-20 14:31:00+00:00,745.8099975585938,745.8099975585938,745.9000244140625,745.52001953125,745.8400268554688,56047
2026-07-20 14:32:00+00:00,745.4343872070312,745.4343872070312,745.85498046875,745.25,745.8099975585938,203155
2026-07-20 14:33:00+00:00,745.25,745.25,745.4199829101562,745.2000122070312,745.4199829101562,42266
2026-07-20 14:34:00+00:00,745.260009765625,745.260009765625,745.47998046875,745.0399780273438,745.25,48436
2026-07-20 14:35:00+00:00,745.3200073242188,745.3200073242188,745.3900146484375,745.0700073242188,745.260009765625,44999
2026-07-20 14:36:00+00:00,745.0599975585938,745.0599975585938,745.4099731445312,745.030029296875,745.3599853515625,109439
2026-07-20 14:37:00+00:00,745.3099975585938,745.3099975585938,745.3200073242188,744.9598999023438,745.0399780273438,46985
2026-07-20 14:38:00+00:00,745.3599853515625,745.3599853515625,745.4299926757812,745.1500244140625,745.2899780273438,42783
2026-07-20 14:39:00+00:00,745.3300170898438,745.3300170898438,745.530029296875,745.239990234375,745.3499755859375,209017
2026-07-20 14:40:00+00:00,745.6749877929688,745.6749877929688,745.7899780273438,745.3300170898438,745.3499755859375,28534
2026-07-20 14:41:00+00:00,745.0800170898438,745.0800170898438,745.719970703125,745.0599975585938,745.6199951171875,31886
2026-07-20 14:42:00+00:00,745.0499877929688,745.0499877929688,745.3300170898438,744.8200073242188,745.0700073242188,101695
2026-07-20 14:43:00+00:00,744.8699951171875,744.8699951171875,745.280029296875,744.8300170898438,745.0700073242188,28209
2026-07-20 14:44:00+00:00,744.8900146484375,744.8900146484375,745.0399780273438,744.7520141601562,744.8499755859375,68550
2026-07-20 14:45:00+00:00,745.280029296875,745.280029296875,745.3400268554688,744.4901123046875,744.8800048828125,120941
2026-07-20 14:46:00+00:00,745.510009765625,745.510009765625,745.739990234375,745.2899780273438,745.3099975585938,70350
2026-07-20 14:47:00+00:00,745.0800170898438,745.0800170898438,745.67529296875,745.0700073242188,745.510009765625,38726
2026-07-20 14:48:00+00:00,744.8599853515625,744.8599853515625,745.1199951171875,744.6900024414062,745.0700073242188,55723
2026-07-20 14:49:00+00:00,744.6400146484375,744.6400146484375,744.969970703125,744.5999755859375,744.8300170898438,38108
2026-07-20 14:50:00+00:00,744.6400146484375,744.6400146484375,744.8599853515625,744.510009765625,744.6199951171875,49208
2026-07-20 14:51:00+00:00,744.7899780273438,744.7899780273438,744.9400024414062,744.5599975585938,744.6599731445312,56180
2026-07-20 14:52:00+00:00,744.5,744.5,744.9400024414062,744.464599609375,744.780029296875,38070
2026-07-20 14:53:00+00:00,744.260009765625,744.260009765625,744.5,744.1500244140625,744.489990234375,332341
2026-07-20 14:54:00+00:00,744.3250122070312,744.3250122070312,744.5399780273438,744.22998046875,744.22998046875,63798
2026-07-20 14:55:00+00:00,744.4400024414062,744.4400024414062,744.4400024414062,744.1799926757812,744.3200073242188,59648
2026-07-20 14:56:00+00:00,743.969970703125,743.969970703125,744.489990234375,743.9199829101562,744.4299926757812,67612
2026-07-20 14:57:00+00:00,744.1599731445312,744.1599731445312,744.1900024414062,743.9000244140625,743.9600219726562,116707
2026-07-20 14:58:00+00:00,743.8499755859375,743.8499755859375,744.3200073242188,743.8200073242188,744.1699829101562,87351
2026-07-20 14:59:00+00:00,744.1099853515625,744.1099853515625,744.2249755859375,743.6900024414062,743.8499755859375,98506
2026-07-20 15:00:00+00:00,744.2349853515625,744.2349853515625,744.239990234375,743.8049926757812,744.1400146484375,74712
2026-07-20 15:01:00+00:00,744.4700927734375,744.4700927734375,744.5,744.1099853515625,744.239990234375,47608
2026-07-20 15:02:00+00:00,744.7000122070312,744.7000122070312,744.7000122070312,744.3599853515625,744.5,55137
2026-07-20 15:03:00+00:00,744.5599975585938,744.5599975585938,744.8800048828125,744.4949951171875,744.7100219726562,62527
2026-07-20 15:04:00+00:00,744.5800170898438,744.5800170898438,744.6599731445312,744.385009765625,744.5599975585938,57810
2026-07-20 15:05:00+00:00,743.9299926757812,743.9299926757812,744.739990234375,743.8499755859375,744.5599975585938,79922
2026-07-20 15:06:00+00:00,744.2899780273438,744.2899780273438,744.2899780273438,743.9600219726562,743.9600219726562,191749
2026-07-20 15:07:00+00:00,744.7000122070312,744.7000122070312,744.77001953125,744.260009765625,744.2899780273438,47542
2026-07-20 15:08:00+00:00,745.010009765625,745.010009765625,745.27001953125,744.6199951171875,744.6900024414062,94349
2026-07-20 15:09:00+00:00,745.4099731445312,745.4099731445312,745.4849853515625,744.9400024414062,745.0,89009
2026-07-20 15:10:00+00:00,744.969970703125,744.969970703125,745.4600219726562,744.969970703125,745.4000244140625,63161
2026-07-20 15:11:00+00:00,744.8046875,744.8046875,745.02001953125,744.6799926757812,744.9299926757812,55499
2026-07-20 15:12:00+00:00,744.77001953125,744.77001953125,745.0700073242188,744.719970703125,744.8200073242188,33257
2026-07-20 15:13:00+00:00,744.969970703125,744.969970703125,745.0,744.7050170898438,744.7650146484375,34418
2026-07-20 15:14:00+00:00,744.7999877929688,744.7999877929688,745.010009765625,744.6699829101562,744.9600219726562,40068
2026-07-20 15:15:00+00:00,745.1599731445312,745.1599731445312,745.1699829101562,744.6099853515625,744.7999877929688,54227
2026-07-20 15:16:00+00:00,745.27001953125,745.27001953125,745.2899780273438,745.0499877929688,745.1500244140625,84454
2026-07-20 15:17:00+00:00,745.3800048828125,745.3800048828125,745.4000244140625,745.1699829101562,745.2750244140625,34958
2026-07-20 15:18:00+00:00,745.3900146484375,745.3900146484375,745.530029296875,745.3099975585938,745.3900146484375,46699
2026-07-20 15:19:00+00:00,745.27001953125,745.27001953125,745.39501953125,745.080078125,745.3900146484375,75092
2026-07-20 15:20:00+00:00,745.3699951171875,745.3699951171875,745.4000244140625,745.0700073242188,745.260009765625,75045
2026-07-20 15:21:00+00:00,745.530029296875,745.530029296875,745.739990234375,745.3486938476562,745.3800048828125,82258
2026-07-20 15:22:00+00:00,745.6900024414062,745.6900024414062,745.7100219726562,745.510009765625,745.5499267578125,45205
2026-07-20 15:23:00+00:00,745.6099853515625,745.6099853515625,745.969970703125,745.6099853515625,745.6799926757812,64445
2026-07-20 15:24:00+00:00,745.75,745.75,745.8699951171875,745.5900268554688,745.6300048828125,49122
2026-07-20 15:25:00+00:00,745.72998046875,745.72998046875,745.9600219726562,745.6799926757812,745.719970703125,61617
2026-07-20 15:26:00+00:00,745.614990234375,745.614990234375,745.969970703125,745.614990234375,745.75,170003
2026-07-20 15:27:00+00:00,745.5800170898438,745.5800170898438,745.7999877929688,745.5426025390625,745.6300048828125,40563
2026-07-20 15:28:00+00:00,745.280029296875,745.280029296875,745.635009765625,745.22998046875,745.5800170898438,178247
2026-07-20 15:29:00+00:00,745.8699951171875,745.8699951171875,745.8900146484375,745.219970703125,745.27001953125,53418
2026-07-20 15:30:00+00:00,745.9099731445312,745.9099731445312,745.97998046875,745.77001953125,745.8900146484375,53139
2026-07-20 15:31:00+00:00,745.97998046875,745.97998046875,746.02001953125,745.8798828125,745.9099731445312,33494
2026-07-20 15:32:00+00:00,745.8599853515625,745.8599853515625,746.0158081054688,745.8599853515625,745.989990234375,20218
2026-07-20 15:33:00+00:00,745.8699951171875,745.8699951171875,745.9400024414062,745.7949829101562,745.8800048828125,40294
2026-07-20 15:34:00+00:00,745.8800048828125,745.8800048828125,745.97998046875,745.780029296875,745.8499755859375,45197
2026-07-20 15:35:00+00:00,745.8200073242188,745.8200073242188,745.9299926757812,745.6799926757812,745.9000244140625,44752
2026-07-20 15:36:00+00:00,745.7999877929688,745.7999877929688,745.8699951171875,745.7000122070312,745.780029296875,42832
2026-07-20 15:37:00+00:00,745.4400024414062,745.4400024414062,745.8300170898438,745.4000244140625,745.7999877929688,52644
2026-07-20 15:38:00+00:00,745.6300048828125,745.6300048828125,745.6300048828125,745.3900146484375,745.4400024414062,33698
2026-07-20 15:39:00+00:00,745.4600219726562,745.4600219726562,745.780029296875,745.4500122070312,745.6500244140625,40137
2026-07-20 15:40:00+00:00,745.3900146484375,745.3900146484375,745.5,745.280029296875,745.469970703125,40054
2026-07-20 15:41:00+00:00,745.6099853515625,745.6099853515625,745.72998046875,745.3499755859375,745.375,68069
2026-07-20 15:42:00+00:00,745.6900024414062,745.6900024414062,745.8499145507812,745.5700073242188,745.6199951171875,28245
2026-07-20 15:43:00+00:00,745.6500244140625,745.6500244140625,745.9199829101562,745.6400146484375,745.6799926757812,42303
2026-07-20 15:44:00+00:00,745.969970703125,745.969970703125,745.969970703125,745.5499877929688,745.64501953125,35475
2026-07-20 15:45:00+00:00,745.72998046875,745.72998046875,745.989990234375,745.6300048828125,745.97998046875,49544
2026-07-20 15:46:00+00:00,745.7100219726562,745.7100219726562,745.8200073242188,745.6099853515625,745.739990234375,27586
2026-07-20 15:47:00+00:00,745.5,745.5,745.8400268554688,745.3499755859375,745.739990234375,58650
2026-07-20 15:48:00+00:00,745.27001953125,745.27001953125,745.47998046875,745.1900024414062,745.47998046875,73712
2026-07-20 15:49:00+00:00,745.2999877929688,745.2999877929688,745.469970703125,745.0999755859375,745.25,45405
2026-07-20 15:50:00+00:00,745.3900146484375,745.3900146484375,745.3900146484375,745.1300048828125,745.2899780273438,167239
2026-07-20 15:51:00+00:00,745.7000122070312,745.7000122070312,745.7899780273438,745.3900146484375,745.3900146484375,57241
2026-07-20 15:52:00+00:00,745.7949829101562,745.7949829101562,745.8599853515625,745.6099853515625,745.7050170898438,48848
2026-07-20 15:53:00+00:00,746.0999755859375,746.0999755859375,746.1199951171875,745.7550048828125,745.7899780273438,59583
2026-07-20 15:54:00+00:00,746.219970703125,746.219970703125,746.3599853515625,746.0999755859375,746.0999755859375,67387
2026-07-20 15:55:00+00:00,746.3699951171875,746.3699951171875,746.4199829101562,746.22998046875,746.22998046875,83517
2026-07-20 15:56:00+00:00,746.4000244140625,746.4000244140625,746.4199829101562,746.2736206054688,746.3699951171875,72768
2026-07-20 15:57:00+00:00,746.1799926757812,746.1799926757812,746.4400024414062,746.114990234375,746.3900146484375,56142
2026-07-20 15:58:00+00:00,746.0999755859375,746.0999755859375,746.2899780273438,746.030029296875,746.155029296875,50298
2026-07-20 15:59:00+00:00,745.989990234375,745.989990234375,746.1500244140625,745.9400024414062,746.1199951171875,48160
2026-07-20 16:00:00+00:00,746.1599731445312,746.1599731445312,746.2399291992188,745.9099731445312,746.0,50975
2026-07-20 16:01:00+00:00,745.97998046875,745.97998046875,746.25,745.97998046875,746.1699829101562,29559
2026-07-20 16:02:00+00:00,745.7100219726562,745.7100219726562,745.989990234375,745.6199951171875,745.969970703125,60944
2026-07-20 16:03:00+00:00,746.1699829101562,746.1699829101562,746.1699829101562,745.5800170898438,745.72998046875,222200
2026-07-20 16:04:00+00:00,746.1599731445312,746.1599731445312,746.239990234375,746.1199951171875,746.1699829101562,44291
2026-07-20 16:05:00+00:00,746.5399780273438,746.5399780273438,746.5499877929688,746.1599731445312,746.1599731445312,76815
2026-07-20 16:06:00+00:00,746.6300048828125,746.6300048828125,746.6500244140625,746.4105224609375,746.5399780273438,321587
2026-07-20 16:07:00+00:00,746.6400146484375,746.6400146484375,746.6900024414062,746.5700073242188,746.6199951171875,65941
2026-07-20 16:08:00+00:00,746.72998046875,746.72998046875,746.780029296875,746.6699829101562,746.6699829101562,76552
2026-07-20 16:09:00+00:00,746.7999877929688,746.7999877929688,746.8350219726562,746.7100219726562,746.75,47846
2026-07-20 16:10:00+00:00,746.9299926757812,746.9299926757812,746.969970703125,746.719970703125,746.780029296875,83604
2026-07-20 16:11:00+00:00,746.885009765625,746.885009765625,746.989990234375,746.8300170898438,746.9299926757812,46134
2026-07-20 16:12:00+00:00,746.8300170898438,746.8300170898438,747.0050048828125,746.822509765625,746.8900146484375,73133
2026-07-20 16:13:00+00:00,746.72998046875,746.72998046875,746.9400024414062,746.6400146484375,746.8350219726562,50223
2026-07-20 16:14:00+00:00,746.7899780273438,746.7899780273438,746.8599853515625,746.6599731445312,746.72998046875,44503
2026-07-20 16:15:00+00:00,746.469970703125,746.469970703125,746.844970703125,746.4600219726562,746.8300170898438,37441
2026-07-20 16:16:00+00:00,746.52001953125,746.52001953125,746.5399780273438,746.3099975585938,746.469970703125,138816
2026-07-20 16:17:00+00:00,746.6500244140625,746.6500244140625,746.6500244140625,746.4425048828125,746.52001953125,55869
2026-07-20 16:18:00+00:00,746.6599731445312,746.6599731445312,746.7100219726562,746.5399780273438,746.6599731445312,44137
2026-07-20 16:19:00+00:00,746.6799926757812,746.6799926757812,746.7100219726562,746.5999755859375,746.6699829101562,38659
2026-07-20 16:20:00+00:00,746.75,746.75,746.7899780273438,746.6500244140625,746.7000122070312,45801
2026-07-20 16:21:00+00:00,746.7000122070312,746.7000122070312,746.760009765625,746.6599731445312,746.75,38818
2026-07-20 16:22:00+00:00,746.7100219726562,746.7100219726562,746.760009765625,746.6199951171875,746.7050170898438,39630
2026-07-20 16:23:00+00:00,746.8400268554688,746.8400268554688,746.8800048828125,746.7100219726562,746.7150268554688,41083
2026-07-20 16:24:00+00:00,746.780029296875,746.780029296875,746.8699951171875,746.6599731445312,746.8400268554688,61987
2026-07-20 16:25:00+00:00,746.37939453125,746.37939453125,746.8300170898438,746.3200073242188,746.780029296875,58245
2026-07-20 16:26:00+00:00,746.27001953125,746.27001953125,746.3800048828125,746.1699829101562,746.3800048828125,85559
2026-07-20 16:27:00+00:00,746.3900146484375,746.3900146484375,746.52001953125,746.27001953125,746.280029296875,82020
2026-07-20 16:28:00+00:00,746.3499755859375,746.3499755859375,746.4099731445312,746.2899780273438,746.3800048828125,60787
2026-07-20 16:29:00+00:00,746.5,746.5,746.5399169921875,746.3400268554688,746.35498046875,37287
2026-07-20 16:30:00+00:00,746.4149780273438,746.4149780273438,746.780029296875,746.3699951171875,746.489990234375,67655
2026-07-20 16:31:00+00:00,746.4299926757812,746.4299926757812,746.5,746.3099975585938,746.4099731445312,59511
2026-07-20 16:32:00+00:00,746.219970703125,746.219970703125,746.4500122070312,746.1900024414062,746.4199829101562,46608
2026-07-20 16:33:00+00:00,745.8499755859375,745.8499755859375,746.239990234375,745.8499755859375,746.219970703125,79417
2026-07-20 16:34:00+00:00,745.8300170898438,745.8300170898438,746.030029296875,745.7999877929688,745.8400268554688,75198
2026-07-20 16:35:00+00:00,745.9199829101562,745.9199829101562,746.02001953125,745.8099975585938,745.8200073242188,51706
2026-07-20 16:36:00+00:00,745.9500122070312,745.9500122070312,746.0,745.8499755859375,745.9199829101562,39953
2026-07-20 16:37:00+00:00,746.094970703125,746.094970703125,746.0999755859375,745.8200073242188,745.9600219726562,37132
2026-07-20 16:38:00+00:00,746.0731201171875,746.0731201171875,746.1400146484375,745.9199829101562,746.0850219726562,44146
2026-07-20 16:39:00+00:00,746.3499755859375,746.3499755859375,746.3699951171875,746.0499877929688,746.0700073242188,67805
2026-07-20 16:40:00+00:00,746.280029296875,746.280029296875,746.52001953125,746.1849975585938,746.3300170898438,51345
2026-07-20 16:41:00+00:00,745.3599853515625,745.3599853515625,746.3800048828125,744.5,746.260009765625,749728
2026-07-20 16:42:00+00:00,745.4500122070312,745.4500122070312,745.6500244140625,745.239990234375,745.3800048828125,94460
2026-07-20 16:43:00+00:00,745.6099853515625,745.6099853515625,745.6900024414062,745.3800048828125,745.47998046875,71351
2026-07-20 16:44:00+00:00,745.4299926757812,745.4299926757812,745.6699829101562,745.281005859375,745.6099853515625,77504
2026-07-20 16:45:00+00:00,745.4199829101562,745.4199829101562,745.489990234375,745.260009765625,745.4099731445312,67102
2026-07-20 16:46:00+00:00,745.8599853515625,745.8599853515625,745.8699951171875,745.2100219726562,745.4000244140625,73330
2026-07-20 16:47:00+00:00,745.9299926757812,745.9299926757812,746.1199951171875,745.8499145507812,745.8800048828125,216919
2026-07-20 16:48:00+00:00,745.97998046875,745.97998046875,746.0499877929688,745.9099731445312,745.9400024414062,30243
2026-07-20 16:49:00+00:00,746.1300048828125,746.1300048828125,746.1799926757812,745.9400024414062,745.9600219726562,33332
2026-07-20 16:50:00+00:00,745.77001953125,745.77001953125,746.155029296875,745.6799926757812,746.1199951171875,52055
2026-07-20 16:51:00+00:00,745.5900268554688,745.5900268554688,745.8800048828125,745.52001953125,745.780029296875,43314
2026-07-20 16:52:00+00:00,745.5250244140625,745.5250244140625,745.5999755859375,745.3599853515625,745.5599975585938,66324
2026-07-20 16:53:00+00:00,745.47998046875,745.47998046875,745.5399780273438,745.3400268554688,745.530029296875,37936
2026-07-20 16:54:00+00:00,744.969970703125,744.969970703125,745.489990234375,744.9099731445312,745.489990234375,116495
2026-07-20 16:55:00+00:00,745.1400146484375,745.1400146484375,745.1900024414062,744.9400024414062,744.969970703125,210787
2026-07-20 16:56:00+00:00,744.780029296875,744.780029296875,745.1599731445312,744.75,745.1500244140625,54356
2026-07-20 16:57:00+00:00,744.9500122070312,744.9500122070312,745.010009765625,744.72998046875,744.77001953125,74028
2026-07-20 16:58:00+00:00,744.8699951171875,744.8699951171875,745.1699829101562,744.8699951171875,744.9099731445312,99490
2026-07-20 16:59:00+00:00,745.0,745.0,745.0499877929688,744.8099975585938,744.875,42762
2026-07-20 17:00:00+00:00,745.1719970703125,745.1719970703125,745.2000122070312,744.9149780273438,745.010009765625,129977
2026-07-20 17:01:00+00:00,744.7000122070312,744.7000122070312,745.2100219726562,744.5900268554688,745.1799926757812,44328
2026-07-20 17:02:00+00:00,744.75,744.75,744.7999877929688,744.6099853515625,744.6900024414062,71312
2026-07-20 17:03:00+00:00,744.6799926757812,744.6799926757812,744.8400268554688,744.6300048828125,744.75,28252
2026-07-20 17:04:00+00:00,744.552490234375,744.552490234375,744.719970703125,744.5499877929688,744.6799926757812,34076
2026-07-20 17:05:00+00:00,744.4000244140625,744.4000244140625,744.5999755859375,744.3021240234375,744.5399780273438,66103
2026-07-20 17:06:00+00:00,744.4500122070312,744.4500122070312,744.489990234375,744.25,744.4000854492188,47560
2026-07-20 17:07:00+00:00,744.297607421875,744.297607421875,744.47998046875,744.27001953125,744.4600219726562,50855
2026-07-20 17:08:00+00:00,744.2899780273438,744.2899780273438,744.3300170898438,744.1300048828125,744.2999877929688,47655
2026-07-20 17:09:00+00:00,744.5900268554688,744.5900268554688,744.6500244140625,744.280029296875,744.2999877929688,76530
2026-07-20 17:10:00+00:00,744.280029296875,744.280029296875,744.6400146484375,744.2100219726562,744.5900268554688,61375
2026-07-20 17:11:00+00:00,744.219970703125,744.219970703125,744.3099975585938,744.1799926757812,744.2999877929688,47739
2026-07-20 17:12:00+00:00,744.1900024414062,744.1900024414062,744.2899780273438,744.1500244140625,744.2100219726562,51432
2026-07-20 17:13:00+00:00,744.1500244140625,744.1500244140625,744.2899780273438,744.0499877929688,744.2000122070312,59322
2026-07-20 17:14:00+00:00,743.9000244140625,743.9000244140625,744.1400146484375,743.8400268554688,744.1400146484375,74376
2026-07-20 17:15:00+00:00,743.6300048828125,743.6300048828125,743.8900146484375,743.5700073242188,743.8900146484375,93420
2026-07-20 17:16:00+00:00,743.6500244140625,743.6500244140625,743.75,743.5599975585938,743.6400146484375,81855
2026-07-20 17:17:00+00:00,744.0,744.0,744.02001953125,743.6099853515625,743.6799926757812,70370
2026-07-20 17:18:00+00:00,744.1699829101562,744.1699829101562,744.1699829101562,744.0,744.02001953125,64111
2026-07-20 17:19:00+00:00,744.1199951171875,744.1199951171875,744.260009765625,744.010009765625,744.1799926757812,73266
2026-07-20 17:20:00+00:00,744.1099853515625,744.1099853515625,744.1599731445312,743.969970703125,744.114990234375,178040
2026-07-20 17:21:00+00:00,744.239990234375,744.239990234375,744.2598876953125,744.0800170898438,744.1099853515625,42168
2026-07-20 17:22:00+00:00,744.340087890625,744.340087890625,744.489990234375,744.25,744.25,73029
2026-07-20 17:23:00+00:00,744.2899780273438,744.2899780273438,744.4199829101562,744.1699829101562,744.3499755859375,0
2026-07-20 17:24:00+00:00,744.1099853515625,744.1099853515625,744.280029296875,744.0499877929688,744.27001953125,64636
2026-07-20 17:25:00+00:00,744.219970703125,744.219970703125,744.219970703125,743.97998046875,744.0999755859375,47527
2026-07-20 17:26:00+00:00,744.3505249023438,744.3505249023438,744.3599853515625,744.0599975585938,744.2150268554688,54684
2026-07-20 17:27:00+00:00,743.9600219726562,743.9600219726562,744.3699951171875,743.8900146484375,744.3400268554688,68047
2026-07-20 17:28:00+00:00,744.02001953125,744.02001953125,744.0399780273438,743.9099731445312,743.969970703125,50380
2026-07-20 17:29:00+00:00,744.1199951171875,744.1199951171875,744.1699829101562,743.97998046875,744.030029296875,38218
2026-07-20 17:30:00+00:00,744.1300048828125,744.1300048828125,744.3115844726562,743.9600219726562,744.1300048828125,69821
2026-07-20 17:31:00+00:00,744.010009765625,744.010009765625,744.1300048828125,743.969970703125,744.1099853515625,42706
2026-07-20 17:32:00+00:00,744.1699829101562,744.1699829101562,744.2000122070312,743.9500122070312,744.0,52304
2026-07-20 17:33:00+00:00,744.1400756835938,744.1400756835938,744.25,744.0599975585938,744.1699829101562,31834
2026-07-20 17:34:00+00:00,744.3250122070312,744.3250122070312,744.4201049804688,744.1300048828125,744.1500244140625,46852
2026-07-20 17:35:00+00:00,744.489990234375,744.489990234375,744.5399780273438,744.260009765625,744.2999877929688,38507
2026-07-20 17:36:00+00:00,744.14990234375,744.14990234375,744.510009765625,744.0900268554688,744.47998046875,56302
2026-07-20 17:37:00+00:00,744.0900268554688,744.0900268554688,744.1699829101562,744.02001953125,744.1300048828125,51469
2026-07-20 17:38:00+00:00,744.0800170898438,744.0800170898438,744.1790161132812,744.0,744.0900268554688,56164
2026-07-20 17:39:00+00:00,744.010009765625,744.010009765625,744.25,743.989990234375,744.0800170898438,64811
2026-07-20 17:40:00+00:00,743.8300170898438,743.8300170898438,744.0499877929688,743.75,744.030029296875,53468
2026-07-20 17:41:00+00:00,743.8699951171875,743.8699951171875,743.9149780273438,743.6799926757812,743.8300170898438,43625
2026-07-20 17:42:00+00:00,743.9099731445312,743.9099731445312,743.9500122070312,743.7999877929688,743.8599853515625,32798
2026-07-20 17:43:00+00:00,743.69921875,743.69921875,743.97998046875,743.5900268554688,743.9099731445312,46603
2026-07-20 17:44:00+00:00,743.760009765625,743.760009765625,743.7849731445312,743.6500244140625,743.6799926757812,168175
2026-07-20 17:45:00+00:00,744.22998046875,744.22998046875,744.25,743.6300048828125,743.77001953125,124983
2026-07-20 17:46:00+00:00,744.1500244140625,744.1500244140625,744.3400268554688,744.02001953125,744.22998046875,41117
2026-07-20 17:47:00+00:00,744.2100219726562,744.2100219726562,744.2100219726562,744.0700073242188,744.14501953125,26451
2026-07-20 17:48:00+00:00,744.3099975585938,744.3099975585938,744.3499755859375,744.1699829101562,744.219970703125,29880
2026-07-20 17:49:00+00:00,744.25,744.25,744.3389892578125,744.125,744.3001098632812,59526
2026-07-20 17:50:00+00:00,744.3300170898438,744.3300170898438,744.4600219726562,744.219970703125,744.219970703125,38412
2026-07-20 17:51:00+00:00,744.5549926757812,744.5549926757812,744.5875854492188,744.2100219726562,744.3599853515625,67957
2026-07-20 17:52:00+00:00,744.7000122070312,744.7000122070312,744.7650146484375,744.5399780273438,744.5499877929688,46940
2026-07-20 17:53:00+00:00,744.72998046875,744.72998046875,744.7680053710938,744.594970703125,744.6900024414062,61589
2026-07-20 17:54:00+00:00,744.6500244140625,744.6500244140625,744.9199829101562,744.6400146484375,744.72998046875,75451
2026-07-20 17:55:00+00:00,744.5499877929688,744.5499877929688,744.6699829101562,744.4600219726562,744.6500244140625,53702
2026-07-20 17:56:00+00:00,744.3099975585938,744.3099975585938,744.6199951171875,744.2100830078125,744.5499877929688,108408
2026-07-20 17:57:00+00:00,744.5700073242188,744.5700073242188,744.625,744.375,744.3800048828125,38139
2026-07-20 17:58:00+00:00,744.510009765625,744.510009765625,744.6900024414062,744.4400024414062,744.5900268554688,32078
2026-07-20 17:59:00+00:00,744.5499877929688,744.5499877929688,744.5700073242188,744.4299926757812,744.510009765625,29434
2026-07-20 18:00:00+00:00,744.9199829101562,744.9199829101562,744.9500122070312,744.5499877929688,744.5499877929688,84053
2026-07-20 18:01:00+00:00,745.0999755859375,745.0999755859375,745.1699829101562,744.9400024414062,744.9400024414062,111545
2026-07-20 18:02:00+00:00,745.0999755859375,745.0999755859375,745.1090087890625,744.9000244140625,745.0900268554688,74820
2026-07-20 18:03:00+00:00,744.8800048828125,744.8800048828125,745.1500244140625,744.75,745.10498046875,54789
2026-07-20 18:04:00+00:00,744.8499755859375,744.8499755859375,744.9099731445312,744.780029296875,744.8800048828125,38428
2026-07-20 18:05:00+00:00,744.8150024414062,744.8150024414062,744.9299926757812,744.77001953125,744.8400268554688,93236
2026-07-20 18:06:00+00:00,744.9000244140625,744.9000244140625,744.9000244140625,744.6799926757812,744.8200073242188,34656
2026-07-20 18:07:00+00:00,744.7100219726562,744.7100219726562,744.9400024414062,744.6900024414062,744.885009765625,36529
2026-07-20 18:08:00+00:00,744.6300048828125,744.6300048828125,744.719970703125,744.530029296875,744.7000122070312,39511
2026-07-20 18:09:00+00:00,744.875,744.875,744.8900146484375,744.6199951171875,744.6199951171875,35964
2026-07-20 18:10:00+00:00,744.8800048828125,744.8800048828125,744.9199829101562,744.7249755859375,744.9000244140625,45831
2026-07-20 18:11:00+00:00,744.9000244140625,744.9000244140625,744.9199829101562,744.7100219726562,744.8800048828125,31930
2026-07-20 18:12:00+00:00,745.0499877929688,745.0499877929688,745.1699829101562,744.8900146484375,744.9000244140625,49350
2026-07-20 18:13:00+00:00,745.1400146484375,745.1400146484375,745.219970703125,745.0499877929688,745.0700073242188,40714
2026-07-20 18:14:00+00:00,745.030029296875,745.030029296875,745.1699829101562,745.0,745.1599731445312,51608
2026-07-20 18:15:00+00:00,744.989990234375,744.989990234375,745.1099853515625,744.9500122070312,745.02001953125,59694
2026-07-20 18:16:00+00:00,745.1099853515625,745.1099853515625,745.1799926757812,744.8800048828125,744.989990234375,64345
2026-07-20 18:17:00+00:00,745.1900024414062,745.1900024414062,745.3800048828125,745.1199951171875,745.1199951171875,52745
2026-07-20 18:18:00+00:00,745.1400146484375,745.1400146484375,745.280029296875,744.9600219726562,745.1950073242188,53813
2026-07-20 18:19:00+00:00,745.239990234375,745.239990234375,745.239990234375,745.0700073242188,745.1300048828125,156746
2026-07-20 18:20:00+00:00,745.1500244140625,745.1500244140625,745.2899780273438,745.0900268554688,745.219970703125,36191
2026-07-20 18:21:00+00:00,744.969970703125,744.969970703125,745.2000122070312,744.7899780273438,745.1500244140625,112455
2026-07-20 18:22:00+00:00,744.7100219726562,744.7100219726562,744.969970703125,744.6500244140625,744.969970703125,174111
2026-07-20 18:23:00+00:00,744.5399780273438,744.5399780273438,744.739990234375,744.4299926757812,744.719970703125,90135
2026-07-20 18:24:00+00:00,744.280029296875,744.280029296875,744.5499877929688,744.25,744.5399780273438,206099
2026-07-20 18:25:00+00:00,744.5700073242188,744.5700073242188,744.6199951171875,744.1300048828125,744.2899780273438,139924
2026-07-20 18:26:00+00:00,744.594970703125,744.594970703125,744.6900024414062,744.52001953125,744.5700073242188,79371
2026-07-20 18:27:00+00:00,744.5,744.5,744.6199951171875,744.4400024414062,744.5900268554688,41029
2026-07-20 18:28:00+00:00,744.6400146484375,744.6400146484375,744.6599731445312,744.4199829101562,744.489990234375,38603
2026-07-20 18:29:00+00:00,744.469970703125,744.469970703125,744.7999877929688,744.469970703125,744.6300048828125,44989
2026-07-20 18:30:00+00:00,744.0798950195312,744.0798950195312,744.489990234375,744.0399780273438,744.469970703125,188858
2026-07-20 18:31:00+00:00,744.0800170898438,744.0800170898438,744.1500244140625,743.9400024414062,744.0700073242188,69628
2026-07-20 18:32:00+00:00,744.0650024414062,744.0650024414062,744.1500244140625,743.9600219726562,744.0800170898438,53426
2026-07-20 18:33:00+00:00,743.8699951171875,743.8699951171875,744.0499877929688,743.780029296875,744.0499877929688,62227
2026-07-20 18:34:00+00:00,743.6649780273438,743.6649780273438,743.8800048828125,743.47998046875,743.8699951171875,99734
2026-07-20 18:35:00+00:00,743.9199829101562,743.9199829101562,744.010009765625,743.6400146484375,743.6599731445312,51173
2026-07-20 18:36:00+00:00,744.1799926757812,744.1799926757812,744.280029296875,743.9199829101562,743.9299926757812,38675
2026-07-20 18:37:00+00:00,743.9849853515625,743.9849853515625,744.2949829101562,743.97998046875,744.1900024414062,51369
2026-07-20 18:38:00+00:00,743.8099975585938,743.8099975585938,744.1500244140625,743.8099975585938,743.9600219726562,45945
2026-07-20 18:39:00+00:00,743.5750122070312,743.5750122070312,743.8400268554688,743.4400024414062,743.8400268554688,153485
2026-07-20 18:40:00+00:00,743.27001953125,743.27001953125,743.6199951171875,743.27001953125,743.5750122070312,142796
2026-07-20 18:41:00+00:00,743.22998046875,743.22998046875,743.3099975585938,743.030029296875,743.27001953125,129546
2026-07-20 18:42:00+00:00,743.0900268554688,743.0900268554688,743.27001953125,743.0,743.25,79429
2026-07-20 18:43:00+00:00,742.9299926757812,742.9299926757812,743.1500244140625,742.8300170898438,743.1199951171875,77440
2026-07-20 18:44:00+00:00,742.5449829101562,742.5449829101562,742.989990234375,742.530029296875,742.9400024414062,117169
2026-07-20 18:45:00+00:00,742.5999755859375,742.5999755859375,742.760009765625,742.4299926757812,742.5499877929688,111611
2026-07-20 18:46:00+00:00,742.969970703125,742.969970703125,743.0,742.5599975585938,742.6099853515625,319159
2026-07-20 18:47:00+00:00,742.969970703125,742.969970703125,743.0499877929688,742.8300170898438,742.9749755859375,140993
2026-07-20 18:48:00+00:00,742.9000244140625,742.9000244140625,743.0,742.8499755859375,742.955322265625,48910
2026-07-20 18:49:00+00:00,742.7000122070312,742.7000122070312,742.97998046875,742.6400146484375,742.9000244140625,64503
2026-07-20 18:50:00+00:00,742.8099975585938,742.8099975585938,742.9000244140625,742.5599975585938,742.7100219726562,61550
2026-07-20 18:51:00+00:00,742.7100219726562,742.7100219726562,742.8400268554688,742.6599731445312,742.7999877929688,44437
2026-07-20 18:52:00+00:00,742.9099731445312,742.9099731445312,742.97998046875,742.760009765625,742.760009765625,57779
2026-07-20 18:53:00+00:00,742.97998046875,742.97998046875,743.0900268554688,742.8099975585938,742.9000244140625,54817
2026-07-20 18:54:00+00:00,743.0999755859375,743.0999755859375,743.22998046875,742.9199829101562,743.0,83845
2026-07-20 18:55:00+00:00,743.0800170898438,743.0800170898438,743.1199951171875,742.9199829101562,743.094970703125,77204
2026-07-20 18:56:00+00:00,743.0,743.0,743.1400146484375,742.9400024414062,743.0700073242188,51183
2026-07-20 18:57:00+00:00,742.72998046875,742.72998046875,743.010009765625,742.72998046875,743.010009765625,52585
2026-07-20 18:58:00+00:00,742.739990234375,742.739990234375,742.760009765625,742.47998046875,742.719970703125,75991
2026-07-20 18:59:00+00:00,742.719970703125,742.719970703125,742.9000244140625,742.6900024414062,742.739990234375,51244
2026-07-20 19:00:00+00:00,743.1400146484375,743.1400146484375,743.1599731445312,742.719970703125,742.760009765625,46717
2026-07-20 19:01:00+00:00,743.1500244140625,743.1500244140625,743.1900024414062,743.0499877929688,743.155029296875,50425
2026-07-20 19:02:00+00:00,742.739990234375,742.739990234375,743.1699829101562,742.719970703125,743.1323852539062,230473
2026-07-20 19:03:00+00:00,742.5499877929688,742.5499877929688,742.75,742.47998046875,742.72998046875,213520
2026-07-20 19:04:00+00:00,742.5900268554688,742.5900268554688,742.6799926757812,742.4199829101562,742.5399780273438,75805
2026-07-20 19:05:00+00:00,742.4199829101562,742.4199829101562,742.719970703125,742.3599853515625,742.5900268554688,121707
2026-07-20 19:06:00+00:00,742.7050170898438,742.7050170898438,742.7050170898438,742.25,742.4099731445312,149193
2026-07-20 19:07:00+00:00,742.64501953125,742.64501953125,742.7050170898438,742.489990234375,742.6849975585938,106921
2026-07-20 19:08:00+00:00,742.5599975585938,742.5599975585938,742.6599731445312,742.5,742.6500244140625,68497
2026-07-20 19:09:00+00:00,742.6950073242188,742.6950073242188,742.8209838867188,742.52001953125,742.5700073242188,78779
2026-07-20 19:10:00+00:00,742.989990234375,742.989990234375,743.0999755859375,742.6799926757812,742.6994018554688,115405
2026-07-20 19:11:00+00:00,742.530029296875,742.530029296875,742.97998046875,742.4849853515625,742.97998046875,131580
2026-07-20 19:12:00+00:00,742.4000244140625,742.4000244140625,742.5599975585938,742.3800048828125,742.5200805664062,59382
2026-07-20 19:13:00+00:00,742.0133056640625,742.0133056640625,742.3995971679688,741.97998046875,742.3900146484375,126434
2026-07-20 19:14:00+00:00,741.7000122070312,741.7000122070312,742.0599975585938,741.7000122070312,742.02001953125,158942
2026-07-20 19:15:00+00:00,741.8599853515625,741.8599853515625,741.9400024414062,741.5103149414062,741.7100219726562,602247
2026-07-20 19:16:00+00:00,741.989990234375,741.989990234375,742.010009765625,741.7849731445312,741.85498046875,93319
2026-07-20 19:17:00+00:00,741.9600219726562,741.9600219726562,742.2100219726562,741.7100219726562,742.0,120481
2026-07-20 19:18:00+00:00,741.97998046875,741.97998046875,741.989990234375,741.8099975585938,741.9600219726562,70085
2026-07-20 19:19:00+00:00,741.9199829101562,741.9199829101562,742.0999755859375,741.9199829101562,741.97998046875,83917
2026-07-20 19:20:00+00:00,741.9000244140625,741.9000244140625,742.2000122070312,741.8599853515625,741.9299926757812,74383
2026-07-20 19:21:00+00:00,741.9349975585938,741.9349975585938,742.1599731445312,741.8699951171875,741.8900146484375,273373
2026-07-20 19:22:00+00:00,741.9600219726562,741.9600219726562,742.1400146484375,741.9345703125,741.9345703125,89284
2026-07-20 19:23:00+00:00,742.2999877929688,742.2999877929688,742.2999877929688,741.7899780273438,741.9600219726562,89988
2026-07-20 19:24:00+00:00,742.2999877929688,742.2999877929688,742.4299926757812,742.1799926757812,742.2999877929688,87778
2026-07-20 19:25:00+00:00,742.0599975585938,742.0599975585938,742.3900146484375,742.0499877929688,742.3200073242188,68705
2026-07-20 19:26:00+00:00,741.969970703125,741.969970703125,742.052490234375,741.8800048828125,742.0499877929688,63603
2026-07-20 19:27:00+00:00,742.0792236328125,742.0792236328125,742.0800170898438,741.8599853515625,741.97998046875,129542
2026-07-20 19:28:00+00:00,742.0,742.0,742.1699829101562,741.969970703125,742.0599975585938,109466
2026-07-20 19:29:00+00:00,742.72998046875,742.72998046875,742.9199829101562,741.969970703125,742.0,312152
2026-07-20 19:30:00+00:00,742.4299926757812,742.4299926757812,742.969970703125,742.4000244140625,742.739990234375,184046
2026-07-20 19:31:00+00:00,742.969970703125,742.969970703125,743.0,742.3400268554688,742.4199829101562,118332
2026-07-20 19:32:00+00:00,743.1900024414062,743.1900024414062,743.2000122070312,742.8900146484375,742.97998046875,93050
2026-07-20 19:33:00+00:00,742.9400024414062,742.9400024414062,743.2000122070312,742.8900146484375,743.1799926757812,225224
2026-07-20 19:34:00+00:00,742.97998046875,742.97998046875,743.1300048828125,742.9000244140625,742.9500122070312,89266
2026-07-20 19:35:00+00:00,742.6500244140625,742.6500244140625,743.0549926757812,742.6199951171875,742.9600219726562,110563
2026-07-20 19:36:00+00:00,742.6099853515625,742.6099853515625,742.8300170898438,742.530029296875,742.6400146484375,122833
2026-07-20 19:37:00+00:00,742.6199951171875,742.6199951171875,742.719970703125,742.510009765625,742.6199951171875,83766
2026-07-20 19:38:00+00:00,742.8300170898438,742.8300170898438,742.97998046875,742.510009765625,742.5999755859375,213233
2026-07-20 19:39:00+00:00,742.97998046875,742.97998046875,743.1300048828125,742.77001953125,742.8400268554688,116998
2026-07-20 19:40:00+00:00,743.1500244140625,743.1500244140625,743.1900024414062,742.8200073242188,742.969970703125,139823
2026-07-20 19:41:00+00:00,743.2349853515625,743.2349853515625,743.3099975585938,743.0800170898438,743.1500244140625,116633
2026-07-20 19:42:00+00:00,742.9000244140625,742.9000244140625,743.3400268554688,742.8099975585938,743.25,161346
2026-07-20 19:43:00+00:00,743.0401000976562,743.0401000976562,743.0700073242188,742.7999877929688,742.8800048828125,83979
2026-07-20 19:44:00+00:00,742.989990234375,742.989990234375,743.0700073242188,742.9099731445312,743.0399780273438,66636
2026-07-20 19:45:00+00:00,742.7999877929688,742.7999877929688,743.25,742.72998046875,743.0,137449
2026-07-20 19:46:00+00:00,743.0549926757812,743.0549926757812,743.0599975585938,742.7000122070312,742.780029296875,154307
2026-07-20 19:47:00+00:00,742.8200073242188,742.8200073242188,743.0700073242188,742.8099975585938,743.0599975585938,483595
2026-07-20 19:48:00+00:00,742.8599853515625,742.8599853515625,742.8699951171875,742.7100219726562,742.8099975585938,92459
2026-07-20 19:49:00+00:00,743.0800170898438,743.0800170898438,743.0999755859375,742.8499755859375,742.8699951171875,125854
2026-07-20 19:50:00+00:00,742.52001953125,742.52001953125,743.0700073242188,742.3499755859375,743.0700073242188,502363
2026-07-20 19:51:00+00:00,742.25,742.25,742.5599975585938,742.155029296875,742.52001953125,344675
2026-07-20 19:52:00+00:00,742.2100219726562,742.2100219726562,742.3800048828125,741.760009765625,742.239990234375,489020
2026-07-20 19:53:00+00:00,742.0150146484375,742.0150146484375,742.219970703125,742.0050048828125,742.2100219726562,184811
2026-07-20 19:54:00+00:00,742.2000122070312,742.2000122070312,742.22998046875,741.9099731445312,742.010009765625,373801
2026-07-20 19:55:00+00:00,741.9099731445312,741.9099731445312,742.239990234375,741.6900024414062,742.1799926757812,617878
2026-07-20 19:56:00+00:00,742.135009765625,742.135009765625,742.1500244140625,741.6900024414062,741.9099731445312,563446
2026-07-20 19:57:00+00:00,741.9949951171875,741.9949951171875,742.2100219726562,741.97998046875,742.1199951171875,527621
2026-07-20 19:58:00+00:00,742.0399780273438,742.0399780273438,742.1099853515625,741.9199829101562,742.010009765625,558619
2026-07-20 19:59:00+00:00,742.1400146484375,742.1400146484375,742.1500244140625,741.6099853515625,742.030029296875,2093757
2026-07-21 13:30:00+00:00,745.75,745.75,746.6799926757812,745.75,746.2899780273438,1286456
2026-07-21 13:31:00+00:00,745.47998046875,745.47998046875,745.739990234375,745.25,745.72998046875,236382
2026-07-21 13:32:00+00:00,745.4400024414062,745.4400024414062,745.5800170898438,745.2949829101562,745.47998046875,95279
2026-07-21 13:33:00+00:00,745.14501953125,745.14501953125,745.489990234375,745.1199951171875,745.4349975585938,92895
2026-07-21 13:34:00+00:00,745.5999755859375,745.5999755859375,745.719970703125,745.1199951171875,745.1799926757812,189999
2026-07-21 13:35:00+00:00,745.844970703125,745.844970703125,745.8499755859375,745.3900146484375,745.6099853515625,192252
2026-07-21 13:36:00+00:00,745.6099853515625,745.6099853515625,746.231689453125,745.5800170898438,745.8499755859375,279008
2026-07-21 13:37:00+00:00,745.4500122070312,745.4500122070312,745.6900024414062,745.27001953125,745.5900268554688,169115
2026-07-21 13:38:00+00:00,745.4650268554688,745.4650268554688,745.5999755859375,745.2999877929688,745.4400024414062,90514
2026-07-21 13:39:00+00:00,745.280029296875,745.280029296875,745.6875,745.280029296875,745.4600219726562,94023
2026-07-21 13:40:00+00:00,744.8499755859375,744.8499755859375,745.3099975585938,744.6298828125,745.260009765625,225629
2026-07-21 13:41:00+00:00,744.510009765625,744.510009765625,744.8499755859375,744.3599853515625,744.8300170898438,90399
2026-07-21 13:42:00+00:00,744.47998046875,744.47998046875,744.719970703125,744.4199829101562,744.52001953125,105257
2026-07-21 13:43:00+00:00,744.52001953125,744.52001953125,744.8800048828125,744.47998046875,744.489990234375,98515
2026-07-21 13:44:00+00:00,744.510009765625,744.510009765625,744.6400146484375,744.2708740234375,744.510009765625,80552
2026-07-21 13:45:00+00:00,744.5399780273438,744.5399780273438,744.6849975585938,744.4099731445312,744.52001953125,109850
2026-07-21 13:46:00+00:00,744.489990234375,744.489990234375,744.7899780273438,744.4149780273438,744.5499877929688,60758
2026-07-21 13:47:00+00:00,744.4400024414062,744.4400024414062,744.5900268554688,744.1799926757812,744.4849853515625,70795
2026-07-21 13:48:00+00:00,744.8300170898438,744.8300170898438,744.9199829101562,744.4149780273438,744.4199829101562,65638
2026-07-21 13:49:00+00:00,744.9500122070312,744.9500122070312,745.0,744.7100219726562,744.8508911132812,113085
2026-07-21 13:50:00+00:00,744.8900146484375,744.8900146484375,745.3499755859375,744.75,744.969970703125,118219
2026-07-21 13:51:00+00:00,744.469482421875,744.469482421875,744.97998046875,744.4400024414062,744.89501953125,87325
2026-07-21 13:52:00+00:00,744.77001953125,744.77001953125,744.8150024414062,744.260009765625,744.4450073242188,58694
2026-07-21 13:53:00+00:00,745.119873046875,745.119873046875,745.1599731445312,744.6500244140625,744.760009765625,56457
2026-07-21 13:54:00+00:00,745.0700073242188,745.0700073242188,745.2100219726562,744.7940063476562,745.1199951171875,65520
2026-07-21 13:55:00+00:00,744.8699951171875,744.8699951171875,745.3400268554688,744.760009765625,745.0499877929688,79003
2026-07-21 13:56:00+00:00,744.7949829101562,744.7949829101562,744.9199829101562,744.6300048828125,744.8699951171875,41376
2026-07-21 13:57:00+00:00,744.9249877929688,744.9249877929688,744.9400024414062,744.6300048828125,744.7899780273438,45261
2026-07-21 13:58:00+00:00,744.8300170898438,744.8300170898438,744.9299926757812,744.6099853515625,744.9299926757812,63586
2026-07-21 13:59:00+00:00,745.3599853515625,745.3599853515625,745.364990234375,744.77001953125,744.8350219726562,114900
2026-07-21 14:00:00+00:00,745.614990234375,745.614990234375,745.869873046875,745.2999877929688,745.3699951171875,142445
2026-07-21 14:01:00+00:00,745.4600219726562,745.4600219726562,745.7249755859375,745.3505249023438,745.5700073242188,70660
2026-07-21 14:02:00+00:00,745.3699951171875,745.3699951171875,745.5800170898438,745.3099975585938,745.4550170898438,56626
2026-07-21 14:03:00+00:00,745.3800048828125,745.3800048828125,745.510009765625,744.9600219726562,745.3699951171875,50143
2026-07-21 14:04:00+00:00,745.4199829101562,745.4199829101562,745.4500122070312,745.2299194335938,745.3900146484375,28849
2026-07-21 14:05:00+00:00,745.3289794921875,745.3289794921875,745.489990234375,745.02001953125,745.4199829101562,46324
2026-07-21 14:06:00+00:00,745.7000122070312,745.7000122070312,745.77001953125,745.260009765625,745.3300170898438,51445
2026-07-21 14:07:00+00:00,745.3200073242188,745.3200073242188,745.7150268554688,745.219970703125,745.6950073242188,51957
2026-07-21 14:08:00+00:00,745.4000244140625,745.4000244140625,745.5599975585938,745.2000122070312,745.2999877929688,35167
2026-07-21 14:09:00+00:00,745.1950073242188,745.1950073242188,745.5650024414062,745.0999755859375,745.4199829101562,27465
2026-07-21 14:10:00+00:00,745.1900024414062,745.1900024414062,745.3099975585938,744.9500122070312,745.1900024414062,60539
2026-07-21 14:11:00+00:00,745.1199951171875,745.1199951171875,745.27001953125,744.97998046875,745.2000122070312,59086
2026-07-21 14:12:00+00:00,745.2100219726562,745.2100219726562,745.375,745.1199951171875,745.1199951171875,42649
2026-07-21 14:13:00+00:00,745.5399780273438,745.5399780273438,745.5800170898438,745.1351928710938,745.1699829101562,77198
2026-07-21 14:14:00+00:00,745.7449951171875,745.7449951171875,745.8599853515625,745.5,745.510009765625,45188
2026-07-21 14:15:00+00:00,745.0700073242188,745.0700073242188,745.719970703125,744.9099731445312,745.719970703125,67832
2026-07-21 14:16:00+00:00,744.9600219726562,744.9600219726562,745.0999755859375,744.7899780273438,745.0999755859375,48845
2026-07-21 14:17:00+00:00,745.3699951171875,745.3699951171875,745.409912109375,744.9000244140625,744.969970703125,24781
2026-07-21 14:18:00+00:00,746.0,746.0,746.1699829101562,745.3699951171875,745.3900146484375,103550
2026-07-21 14:19:00+00:00,746.02001953125,746.02001953125,746.0640258789062,745.8800048828125,746.0,57129
2026-07-21 14:20:00+00:00,745.8300170898438,745.8300170898438,746.1900024414062,745.7999877929688,746.0150146484375,67665
2026-07-21 14:21:00+00:00,745.52001953125,745.52001953125,745.9299926757812,745.4550170898438,745.8200073242188,51747
2026-07-21 14:22:00+00:00,745.8699951171875,745.8699951171875,745.969970703125,745.5198974609375,745.530029296875,50887
2026-07-21 14:23:00+00:00,746.02001953125,746.02001953125,746.0598754882812,745.7999877929688,745.875,29552
2026-07-21 14:24:00+00:00,745.97998046875,745.97998046875,746.0900268554688,745.8499755859375,746.02001953125,24601
2026-07-21 14:25:00+00:00,746.3400268554688,746.3400268554688,746.469970703125,745.9299926757812,745.9600219726562,60130
2026-07-21 14:26:00+00:00,746.4500122070312,746.4500122070312,746.47998046875,746.22998046875,746.3499755859375,53882
2026-07-21 14:27:00+00:00,746.739990234375,746.739990234375,746.7899780273438,746.3900146484375,746.4324951171875,92664
2026-07-21 14:28:00+00:00,746.5999755859375,746.5999755859375,746.989990234375,746.5599975585938,746.7899780273438,82075
2026-07-21 14:29:00+00:00,746.8699951171875,746.8699951171875,746.8699951171875,746.5650024414062,746.5800170898438,161938
2026-07-21 14:30:00+00:00,746.969970703125,746.969970703125,747.0800170898438,746.7999877929688,746.8499755859375,85997
2026-07-21 14:31:00+00:00,747.1649780273438,747.1649780273438,747.25,746.875,746.97998046875,76414
2026-07-21 14:32:00+00:00,746.8200073242188,746.8200073242188,747.1900024414062,746.77001953125,747.1699829101562,77659
2026-07-21 14:33:00+00:00,746.7000122070312,746.7000122070312,746.8699951171875,746.6699829101562,746.8200073242188,55558
2026-07-21 14:34:00+00:00,746.7999877929688,746.7999877929688,746.9500122070312,746.5800170898438,746.6900024414062,44384
2026-07-21 14:35:00+00:00,746.6799926757812,746.6799926757812,747.02001953125,746.6099853515625,746.7949829101562,52704
2026-07-21 14:36:00+00:00,746.5399780273438,746.5399780273438,746.75,746.4299926757812,746.6799926757812,58025
2026-07-21 14:37:00+00:00,746.5399780273438,746.5399780273438,746.5900268554688,746.405029296875,746.5449829101562,52264
2026-07-21 14:38:00+00:00,746.25,746.25,746.5900268554688,746.14501953125,746.5499877929688,99651
2026-07-21 14:39:00+00:00,746.2999877929688,746.2999877929688,746.3400268554688,746.0900268554688,746.25,38905
2026-07-21 14:40:00+00:00,746.3200073242188,746.3200073242188,746.4249877929688,746.1524047851562,746.2999877929688,26107
2026-07-21 14:41:00+00:00,745.9199829101562,745.9199829101562,746.280029296875,745.8900146484375,746.280029296875,108764
2026-07-21 14:42:00+00:00,746.0700073242188,746.0700073242188,746.0850219726562,745.77001953125,745.9299926757812,63703
2026-07-21 14:43:00+00:00,746.510009765625,746.510009765625,746.5900268554688,746.0700073242188,746.0700073242188,44254
2026-07-21 14:44:00+00:00,746.5999755859375,746.5999755859375,746.635009765625,746.510009765625,746.52001953125,55336
2026-07-21 14:45:00+00:00,746.7899780273438,746.7899780273438,746.9400024414062,746.6099853515625,746.6099853515625,78510
2026-07-21 14:46:00+00:00,746.7700805664062,746.7700805664062,746.97998046875,746.7000122070312,746.780029296875,64704
2026-07-21 14:47:00+00:00,746.6699829101562,746.6699829101562,746.7899780273438,746.4500122070312,746.760009765625,124526
2026-07-21 14:48:00+00:00,746.9600219726562,746.9600219726562,747.260009765625,746.6314697265625,746.6799926757812,85250
2026-07-21 14:49:00+00:00,746.9099731445312,746.9099731445312,747.0499877929688,746.8800048828125,746.9500122070312,48238
2026-07-21 14:50:00+00:00,746.9199829101562,746.9199829101562,746.9600219726562,746.7100219726562,746.9099731445312,62978
2026-07-21 14:51:00+00:00,746.8399047851562,746.8399047851562,746.9099731445312,746.6699829101562,746.8900146484375,19457
2026-07-21 14:52:00+00:00,746.7000122070312,746.7000122070312,746.9500122070312,746.6699829101562,746.8400268554688,21175
2026-07-21 14:53:00+00:00,746.635009765625,746.635009765625,746.719970703125,746.5800170898438,746.6900024414062,42702
2026-07-21 14:54:00+00:00,746.6900024414062,746.6900024414062,746.7192993164062,746.5,746.625,19738
2026-07-21 14:55:00+00:00,746.6900024414062,746.6900024414062,746.739990234375,746.5759887695312,746.6799926757812,26192
2026-07-21 14:56:00+00:00,746.3300170898438,746.3300170898438,746.7150268554688,746.260009765625,746.6950073242188,74734
2026-07-21 14:57:00+00:00,746.5,746.5,746.5900268554688,746.3300170898438,746.3499755859375,30300
2026-07-21 14:58:00+00:00,746.6799926757812,746.6799926757812,746.719970703125,746.5,746.5,34400
2026-07-21 14:59:00+00:00,746.739990234375,746.739990234375,746.7899780273438,746.6099853515625,746.6599731445312,37075
2026-07-21 15:00:00+00:00,746.7999877929688,746.7999877929688,746.8900146484375,746.7000122070312,746.77001953125,48929
2026-07-21 15:01:00+00:00,746.3900146484375,746.3900146484375,746.8300170898438,746.3400268554688,746.8099975585938,39330
2026-07-21 15:02:00+00:00,745.9650268554688,745.9650268554688,746.4000244140625,745.9199829101562,746.3900146484375,126520
2026-07-21 15:03:00+00:00,746.0599975585938,746.0599975585938,746.0599975585938,745.8300170898438,745.9600219726562,59626
2026-07-21 15:04:00+00:00,746.0009765625,746.0009765625,746.1400146484375,745.9400024414062,746.0399780273438,36088
2026-07-21 15:05:00+00:00,746.135009765625,746.135009765625,746.1699829101562,745.8499755859375,746.0,25128
2026-07-21 15:06:00+00:00,746.4099731445312,746.4099731445312,746.4400024414062,746.1400146484375,746.1400146484375,84116
2026-07-21 15:07:00+00:00,746.6599731445312,746.6599731445312,746.719970703125,746.3800048828125,746.405029296875,58030
2026-07-21 15:08:00+00:00,746.72998046875,746.72998046875,746.75,746.5499877929688,746.6500244140625,44788
2026-07-21 15:09:00+00:00,746.97998046875,746.97998046875,747.0700073242188,746.719970703125,746.739990234375,80791
2026-07-21 15:10:00+00:00,747.0001220703125,747.0001220703125,747.1799926757812,746.9400024414062,746.97998046875,82273
2026-07-21 15:11:00+00:00,747.0802001953125,747.0802001953125,747.0999755859375,746.9550170898438,747.0,41849
2026-07-21 15:12:00+00:00,747.39111328125,747.39111328125,747.4400024414062,747.0800170898438,747.0800170898438,88327
2026-07-21 15:13:00+00:00,747.1795043945312,747.1795043945312,747.52001953125,747.1566772460938,747.4000244140625,73054
2026-07-21 15:14:00+00:00,747.2097778320312,747.2097778320312,747.280029296875,747.125,747.1599731445312,51641
2026-07-21 15:15:00+00:00,747.2301025390625,747.2301025390625,747.3200073242188,747.1900024414062,747.2100219726562,46843
2026-07-21 15:16:00+00:00,747.2288208007812,747.2288208007812,747.3101196289062,747.1588134765625,747.2349853515625,41085
2026-07-21 15:17:00+00:00,747.4400024414062,747.4400024414062,747.4400024414062,747.2000122070312,747.22998046875,31556
2026-07-21 15:18:00+00:00,747.4299926757812,747.4299926757812,747.5,747.3300170898438,747.4500122070312,32597
2026-07-21 15:19:00+00:00,747.4099731445312,747.4099731445312,747.5499877929688,747.3400268554688,747.4400024414062,50874
2026-07-21 15:20:00+00:00,747.3699951171875,747.3699951171875,747.510009765625,747.3499755859375,747.4099731445312,60500
2026-07-21 15:21:00+00:00,747.6599731445312,747.6599731445312,747.97998046875,747.3200073242188,747.3699951171875,84059
2026-07-21 15:22:00+00:00,747.5900268554688,747.5900268554688,747.77001953125,747.5599975585938,747.6599731445312,80279
2026-07-21 15:23:00+00:00,747.5800170898438,747.5800170898438,747.6199951171875,747.47998046875,747.6099853515625,43515
2026-07-21 15:24:00+00:00,747.656005859375,747.656005859375,747.719970703125,747.5599975585938,747.5789184570312,158141
2026-07-21 15:25:00+00:00,747.7150268554688,747.7150268554688,747.739990234375,747.6099853515625,747.6544189453125,39775
2026-07-21 15:26:00+00:00,747.889892578125,747.889892578125,747.9099731445312,747.7000122070312,747.7100219726562,28019
2026-07-21 15:27:00+00:00,747.905029296875,747.905029296875,748.0051879882812,747.864990234375,747.9000244140625,52144
2026-07-21 15:28:00+00:00,747.9199829101562,747.9199829101562,747.97998046875,747.7899780273438,747.905029296875,30876
2026-07-21 15:29:00+00:00,748.0,748.0,748.010009765625,747.8353881835938,747.9400024414062,40621
2026-07-21 15:30:00+00:00,747.8499755859375,747.8499755859375,748.0,747.8001098632812,747.97998046875,46721
2026-07-21 15:31:00+00:00,747.739990234375,747.739990234375,747.9299926757812,747.739990234375,747.8400268554688,39157
2026-07-21 15:32:00+00:00,747.8200073242188,747.8200073242188,747.9099731445312,747.7000122070312,747.72998046875,64142
2026-07-21 15:33:00+00:00,747.5700073242188,747.5700073242188,747.8699951171875,747.4099731445312,747.8150024414062,175884
2026-07-21 15:34:00+00:00,747.7750244140625,747.7750244140625,747.8200073242188,747.5599975585938,747.5750122070312,38467
2026-07-21 15:35:00+00:00,747.52001953125,747.52001953125,747.9299926757812,747.4299926757812,747.7899780273438,121925
2026-07-21 15:36:00+00:00,747.6900024414062,747.6900024414062,747.75,747.489990234375,747.52001953125,27440
2026-07-21 15:37:00+00:00,747.5700073242188,747.5700073242188,747.7050170898438,747.5599975585938,747.6799926757812,19272
2026-07-21 15:38:00+00:00,747.52001953125,747.52001953125,747.6400146484375,747.4600219726562,747.5745849609375,24070
2026-07-21 15:39:00+00:00,747.5800170898438,747.5800170898438,747.6749877929688,747.510009765625,747.510009765625,74519
2026-07-21 15:40:00+00:00,747.6500244140625,747.6500244140625,747.6599731445312,747.530029296875,747.5599975585938,68325
2026-07-21 15:41:00+00:00,747.72998046875,747.72998046875,747.8588256835938,747.6599731445312,747.6599731445312,61244
2026-07-21 15:42:00+00:00,747.739990234375,747.739990234375,747.7869873046875,747.6699829101562,747.739990234375,23670
2026-07-21 15:43:00+00:00,747.6900024414062,747.6900024414062,747.7550048828125,747.5599975585938,747.75,42859
2026-07-21 15:44:00+00:00,747.594970703125,747.594970703125,747.780029296875,747.5198974609375,747.6900024414062,39014
2026-07-21 15:45:00+00:00,747.5499877929688,747.5499877929688,747.6699829101562,747.530029296875,747.580322265625,36504
2026-07-21 15:46:00+00:00,747.6069946289062,747.6069946289062,747.6300048828125,747.5499877929688,747.5750122070312,23963
2026-07-21 15:47:00+00:00,747.6799926757812,747.6799926757812,747.7344970703125,747.5499877929688,747.5999755859375,28580
2026-07-21 15:48:00+00:00,747.77001953125,747.77001953125,747.8099975585938,747.6799926757812,747.7000122070312,36877
2026-07-21 15:49:00+00:00,747.8115234375,747.8115234375,747.9199829101562,747.760009765625,747.77001953125,39970
2026-07-21 15:50:00+00:00,747.8201293945312,747.8201293945312,747.97998046875,747.77001953125,747.8200073242188,146785
2026-07-21 15:51:00+00:00,747.8699951171875,747.8699951171875,747.9400024414062,747.8200073242188,747.8200073242188,44249
2026-07-21 15:52:00+00:00,747.77001953125,747.77001953125,747.969970703125,747.760009765625,747.8800048828125,36955
2026-07-21 15:53:00+00:00,747.8599853515625,747.8599853515625,747.885009765625,747.739990234375,747.780029296875,19011
2026-07-21 15:54:00+00:00,747.719970703125,747.719970703125,747.8798828125,747.7000122070312,747.8599853515625,23841
2026-07-21 15:55:00+00:00,747.7100219726562,747.7100219726562,747.8599853515625,747.6500244140625,747.77001953125,16595
2026-07-21 15:56:00+00:00,747.82177734375,747.82177734375,747.9000244140625,747.6699829101562,747.719970703125,13597
2026-07-21 15:57:00+00:00,747.739990234375,747.739990234375,747.8300170898438,747.6900024414062,747.8300170898438,12814
2026-07-21 15:58:00+00:00,747.7000122070312,747.7000122070312,747.780029296875,747.6500244140625,747.719970703125,78633
2026-07-21 15:59:00+00:00,747.52001953125,747.52001953125,747.6900024414062,747.469970703125,747.6900024414062,57342
2026-07-21 16:00:00+00:00,747.7000122070312,747.7000122070312,747.780029296875,747.489990234375,747.52001953125,73487
2026-07-21 16:01:00+00:00,747.8099975585938,747.8099975585938,747.8099975585938,747.7100219726562,747.7150268554688,21385
2026-07-21 16:02:00+00:00,747.864990234375,747.864990234375,747.8900146484375,747.7899780273438,747.8099975585938,26249
2026-07-21 16:03:00+00:00,747.989990234375,747.989990234375,747.989990234375,747.8599853515625,747.864990234375,43931
2026-07-21 16:04:00+00:00,748.219970703125,748.219970703125,748.22998046875,748.0,748.0,70361
2026-07-21 16:05:00+00:00,748.219970703125,748.219970703125,748.2255249023438,748.1300048828125,748.2255249023438,35648
2026-07-21 16:06:00+00:00,748.1849975585938,748.1849975585938,748.2899780273438,748.1599731445312,748.2150268554688,47731
2026-07-21 16:07:00+00:00,748.1500854492188,748.1500854492188,748.1799926757812,748.0700073242188,748.1799926757812,27176
2026-07-21 16:08:00+00:00,748.1300048828125,748.1300048828125,748.3099975585938,748.1099853515625,748.1749877929688,25056
2026-07-21 16:09:00+00:00,748.1500244140625,748.1500244140625,748.22998046875,748.0999755859375,748.1300048828125,22197
2026-07-21 16:10:00+00:00,748.1799926757812,748.1799926757812,748.2050170898438,748.1099853515625,748.1497802734375,33440
2026-07-21 16:11:00+00:00,748.1799926757812,748.1799926757812,748.27001953125,748.1599731445312,748.1799926757812,41247
2026-07-21 16:12:00+00:00,748.1220092773438,748.1220092773438,748.1900024414062,748.0399780273438,748.1799926757812,21829
2026-07-21 16:13:00+00:00,748.135009765625,748.135009765625,748.1500244140625,748.0599975585938,748.1199951171875,25328
2026-07-21 16:14:00+00:00,748.22998046875,748.22998046875,748.25,748.1199951171875,748.1400146484375,41741
2026-07-21 16:15:00+00:00,748.4099731445312,748.4099731445312,748.510009765625,748.219970703125,748.239990234375,277688
2026-07-21 16:16:00+00:00,748.4299926757812,748.4299926757812,748.489990234375,748.3800048828125,748.4199829101562,57792
2026-07-21 16:17:00+00:00,748.4000244140625,748.4000244140625,748.4600219726562,748.4000244140625,748.4201049804688,49985
2026-07-21 16:18:00+00:00,748.3699951171875,748.3699951171875,748.530029296875,748.3599853515625,748.4000244140625,41155
2026-07-21 16:19:00+00:00,748.469970703125,748.469970703125,748.469970703125,748.3400268554688,748.375,29594
2026-07-21 16:20:00+00:00,748.4600219726562,748.4600219726562,748.5150146484375,748.4099731445312,748.47998046875,28884
2026-07-21 16:21:00+00:00,748.5700073242188,748.5700073242188,748.5800170898438,748.4099731445312,748.4400024414062,28897
2026-07-21 16:22:00+00:00,748.6099243164062,748.6099243164062,748.6500244140625,748.510498046875,748.5999755859375,50932
2026-07-21 16:23:00+00:00,748.6500244140625,748.6500244140625,748.75,748.5700073242188,748.60498046875,47009
2026-07-21 16:24:00+00:00,748.5800170898438,748.5800170898438,748.7000122070312,748.5399780273438,748.6599731445312,47248
2026-07-21 16:25:00+00:00,748.5499877929688,748.5499877929688,748.6494750976562,748.5499877929688,748.5800170898438,24573
2026-07-21 16:26:00+00:00,748.530029296875,748.530029296875,748.5599975585938,748.4400024414062,748.5399780273438,27364
2026-07-21 16:27:00+00:00,748.5399780273438,748.5399780273438,748.5999755859375,748.47998046875,748.5399780273438,20213
2026-07-21 16:28:00+00:00,748.7000122070312,748.7000122070312,748.7000122070312,748.52001953125,748.5499877929688,24453
2026-07-21 16:29:00+00:00,748.6599731445312,748.6599731445312,748.7000122070312,748.6099853515625,748.7000122070312,22854
2026-07-21 16:30:00+00:00,748.719970703125,748.719970703125,748.719970703125,748.5700073242188,748.6400146484375,49046
2026-07-21 16:31:00+00:00,748.530029296875,748.530029296875,748.780029296875,748.4801025390625,748.719970703125,49002
2026-07-21 16:32:00+00:00,748.5800170898438,748.5800170898438,748.6199951171875,748.530029296875,748.530029296875,27065
2026-07-21 16:33:00+00:00,748.6500244140625,748.6500244140625,748.6699829101562,748.5599975585938,748.5900268554688,33200
2026-07-21 16:34:00+00:00,748.6849975585938,748.6849975585938,748.7050170898438,748.6300048828125,748.6500244140625,28638
2026-07-21 16:35:00+00:00,748.625,748.625,748.680908203125,748.5599975585938,748.680908203125,24202
2026-07-21 16:36:00+00:00,748.64990234375,748.64990234375,748.6599731445312,748.489990234375,748.6199951171875,21353
2026-07-21 16:37:00+00:00,748.64501953125,748.64501953125,748.64990234375,748.52001953125,748.6199951171875,21091
2026-07-21 16:38:00+00:00,748.7100219726562,748.7100219726562,748.7100219726562,748.6400146484375,748.6500244140625,20335
2026-07-21 16:39:00+00:00,748.6699829101562,748.6699829101562,748.719970703125,748.6300048828125,748.719970703125,14487
2026-07-21 16:40:00+00:00,748.6599731445312,748.6599731445312,748.739990234375,748.6500244140625,748.6699829101562,20968
2026-07-21 16:41:00+00:00,748.531982421875,748.531982421875,748.6898803710938,748.531982421875,748.6599731445312,33178
2026-07-21 16:42:00+00:00,748.52001953125,748.52001953125,748.6400146484375,748.5,748.536376953125,29648
2026-07-21 16:43:00+00:00,748.60498046875,748.60498046875,748.6199951171875,748.510009765625,748.52001953125,19223
2026-07-21 16:44:00+00:00,748.6099853515625,748.6099853515625,748.6099853515625,748.5499877929688,748.60498046875,17479
2026-07-21 16:45:00+00:00,748.530029296875,748.530029296875,748.6500244140625,748.52001953125,748.6300048828125,23171
2026-07-21 16:46:00+00:00,748.510009765625,748.510009765625,748.5499877929688,748.4000244140625,748.5401000976562,29267
2026-07-21 16:47:00+00:00,748.530029296875,748.530029296875,748.594970703125,748.510009765625,748.510009765625,22557
2026-07-21 16:48:00+00:00,748.510009765625,748.510009765625,748.5399780273438,748.4600219726562,748.530029296875,22753
2026-07-21 16:49:00+00:00,748.489990234375,748.489990234375,748.5499877929688,748.469970703125,748.510009765625,27452
2026-07-21 16:50:00+00:00,748.6046142578125,748.6046142578125,748.6046142578125,748.4500122070312,748.489990234375,31009
2026-07-21 16:51:00+00:00,748.7999877929688,748.7999877929688,748.7999877929688,748.5999755859375,748.60009765625,50402
2026-07-21 16:52:00+00:00,748.875,748.875,748.9249877929688,748.7899780273438,748.8099975585938,62749
2026-07-21 16:53:00+00:00,748.8699951171875,748.8699951171875,748.9099731445312,748.7999877929688,748.875,29796
2026-07-21 16:54:00+00:00,748.9598999023438,748.9598999023438,748.9949951171875,748.8400268554688,748.8599853515625,41406
2026-07-21 16:55:00+00:00,749.0,749.0,749.0399780273438,748.9000244140625,748.9600219726562,67714
2026-07-21 16:56:00+00:00,748.8599853515625,748.8599853515625,749.030029296875,748.8599853515625,749.0,436432
2026-07-21 16:57:00+00:00,748.8372802734375,748.8372802734375,748.9500122070312,748.8023071289062,748.8599853515625,61784
2026-07-21 16:58:00+00:00,748.7899780273438,748.7899780273438,748.9000244140625,748.77001953125,748.844970703125,29270
2026-07-21 16:59:00+00:00,748.6900024414062,748.6900024414062,748.7999877929688,748.6799926757812,748.7899780273438,25630
2026-07-21 17:00:00+00:00,748.77001953125,748.77001953125,748.8300170898438,748.6884155273438,748.6884155273438,40502
2026-07-21 17:01:00+00:00,748.72998046875,748.72998046875,748.77001953125,748.6599731445312,748.77001953125,25478
2026-07-21 17:02:00+00:00,748.7000122070312,748.7000122070312,748.7349853515625,748.5999755859375,748.72998046875,29647
2026-07-21 17:03:00+00:00,748.6199951171875,748.6199951171875,748.760009765625,748.5900268554688,748.6950073242188,31645
2026-07-21 17:04:00+00:00,748.6199951171875,748.6199951171875,748.6400146484375,748.5805053710938,748.6199951171875,43071
2026-07-21 17:05:00+00:00,748.7100219726562,748.7100219726562,748.7349853515625,748.5800170898438,748.6199951171875,51758
2026-07-21 17:06:00+00:00,748.6699829101562,748.6699829101562,748.72998046875,748.647705078125,748.7098999023438,53805
2026-07-21 17:07:00+00:00,748.6599731445312,748.6599731445312,748.739990234375,748.6500244140625,748.6699829101562,44120
2026-07-21 17:08:00+00:00,748.7302856445312,748.7302856445312,748.75,748.6199951171875,748.6400756835938,48272
2026-07-21 17:09:00+00:00,748.7100219726562,748.7100219726562,748.85498046875,748.7050170898438,748.75,158400
2026-07-21 17:10:00+00:00,748.5700073242188,748.5700073242188,748.739990234375,748.530029296875,748.719970703125,33570
2026-07-21 17:11:00+00:00,748.5800170898438,748.5800170898438,748.6099853515625,748.5399780273438,748.5700073242188,547917
2026-07-21 17:12:00+00:00,748.5900268554688,748.5900268554688,748.6749877929688,748.5800170898438,748.5800170898438,45627
2026-07-21 17:13:00+00:00,748.6199951171875,748.6199951171875,748.739990234375,748.5800170898438,748.5900268554688,0
2026-07-21 17:14:00+00:00,748.5999755859375,748.5999755859375,748.7100219726562,748.5999755859375,748.6199951171875,69497
2026-07-21 17:15:00+00:00,748.4500122070312,748.4500122070312,748.6599731445312,748.4400024414062,748.6099853515625,39437
2026-07-21 17:16:00+00:00,748.4550170898438,748.4550170898438,748.510009765625,748.3800048828125,748.4450073242188,60974
2026-07-21 17:17:00+00:00,748.4600219726562,748.4600219726562,748.5499877929688,748.4199829101562,748.4600219726562,43989
2026-07-21 17:18:00+00:00,748.5,748.5,748.510009765625,748.4299926757812,748.4500122070312,40205
2026-07-21 17:19:00+00:00,748.35498046875,748.35498046875,748.5399780273438,748.3300170898438,748.52001953125,150980
2026-07-21 17:20:00+00:00,748.3300170898438,748.3300170898438,748.3499755859375,748.2905883789062,748.3499755859375,34527
2026-07-21 17:21:00+00:00,748.2899780273438,748.2899780273438,748.47998046875,748.25,748.3300170898438,57239
2026-07-21 17:22:00+00:00,748.3599853515625,748.3599853515625,748.4099731445312,748.280029296875,748.2899780273438,29678
2026-07-21 17:23:00+00:00,748.3400268554688,748.3400268554688,748.4500122070312,748.3300170898438,748.3499755859375,40004
2026-07-21 17:24:00+00:00,748.4000244140625,748.4000244140625,748.469970703125,748.3200073242188,748.3599853515625,31491
2026-07-21 17:25:00+00:00,748.3699951171875,748.3699951171875,748.47998046875,748.3400268554688,748.4199829101562,30144
2026-07-21 17:26:00+00:00,748.375,748.375,748.4199829101562,748.3200073242188,748.3699951171875,23020
2026-07-21 17:27:00+00:00,748.3099975585938,748.3099975585938,748.4000244140625,748.3099975585938,748.3699951171875,16884
2026-07-21 17:28:00+00:00,748.2899780273438,748.2899780273438,748.3049926757812,748.239990234375,748.2999877929688,59533
2026-07-21 17:29:00+00:00,748.3599853515625,748.3599853515625,748.3699951171875,748.25,748.280029296875,46033
2026-07-21 17:30:00+00:00,748.4450073242188,748.4450073242188,748.52001953125,748.3499755859375,748.3599853515625,47171
2026-07-21 17:31:00+00:00,748.530029296875,748.530029296875,748.5399780273438,748.4000244140625,748.4400024414062,52864
2026-07-21 17:32:00+00:00,748.5399780273438,748.5399780273438,748.5700073242188,748.4749755859375,748.52001953125,39915
2026-07-21 17:33:00+00:00,748.4000854492188,748.4000854492188,748.5545043945312,748.3900146484375,748.5399780273438,31223
2026-07-21 17:34:00+00:00,748.3599853515625,748.3599853515625,748.4099731445312,748.2150268554688,748.4000244140625,53907
2026-07-21 17:35:00+00:00,748.4099731445312,748.4099731445312,748.4199829101562,748.3400268554688,748.3499755859375,58568
2026-07-21 17:36:00+00:00,748.5700073242188,748.5700073242188,748.5800170898438,748.4141235351562,748.4199829101562,30963
2026-07-21 17:37:00+00:00,748.5900268554688,748.5900268554688,748.6400146484375,748.52001953125,748.5700073242188,50515
2026-07-21 17:38:00+00:00,748.6599731445312,748.6599731445312,748.7999877929688,748.5700073242188,748.5999755859375,58873
2026-07-21 17:39:00+00:00,748.7000122070312,748.7000122070312,748.719970703125,748.6099853515625,748.6500244140625,48760
2026-07-21 17:40:00+00:00,748.5999755859375,748.5999755859375,748.72998046875,748.5800170898438,748.7000122070312,42002
2026-07-21 17:41:00+00:00,748.5800170898438,748.5800170898438,748.6300048828125,748.5499877929688,748.5999755859375,23807
2026-07-21 17:42:00+00:00,748.530029296875,748.530029296875,748.5900268554688,748.510009765625,748.5700073242188,34606
2026-07-21 17:43:00+00:00,748.6199951171875,748.6199951171875,748.6199951171875,748.510009765625,748.530029296875,20476
2026-07-21 17:44:00+00:00,748.669921875,748.669921875,748.6900024414062,748.5908813476562,748.6300048828125,21493
2026-07-21 17:45:00+00:00,748.5599975585938,748.5599975585938,748.72998046875,748.5599975585938,748.6599731445312,35020
2026-07-21 17:46:00+00:00,748.60009765625,748.60009765625,748.7000122070312,748.5499877929688,748.5800170898438,40904
2026-07-21 17:47:00+00:00,748.6799926757812,748.6799926757812,748.739990234375,748.6076049804688,748.6099853515625,20466
2026-07-21 17:48:00+00:00,748.7100219726562,748.7100219726562,748.75,748.6599731445312,748.7100219726562,22316
2026-07-21 17:49:00+00:00,748.8200073242188,748.8200073242188,748.8599853515625,748.7100219726562,748.72998046875,43070
2026-07-21 17:50:00+00:00,748.8599853515625,748.8599853515625,748.9299926757812,748.8099975585938,748.8400268554688,48509
2026-07-21 17:51:00+00:00,748.7899780273438,748.7899780273438,748.85498046875,748.75,748.8499755859375,169891
2026-07-21 17:52:00+00:00,748.8300170898438,748.8300170898438,748.8389892578125,748.75,748.77001953125,25100
2026-07-21 17:53:00+00:00,748.7750244140625,748.7750244140625,748.8800048828125,748.7750244140625,748.8200073242188,26683
2026-07-21 17:54:00+00:00,748.6799926757812,748.6799926757812,748.8099975585938,748.6599731445312,748.780029296875,35914
2026-07-21 17:55:00+00:00,748.655029296875,748.655029296875,748.719970703125,748.6400146484375,748.6749877929688,42438
2026-07-21 17:56:00+00:00,748.5599975585938,748.5599975585938,748.719970703125,748.52001953125,748.6599731445312,41026
2026-07-21 17:57:00+00:00,748.530029296875,748.530029296875,748.64501953125,748.4400024414062,748.5599975585938,69018
2026-07-21 17:58:00+00:00,748.551513671875,748.551513671875,748.5999755859375,748.5,748.5499877929688,41191
2026-07-21 17:59:00+00:00,748.5900268554688,748.5900268554688,748.6699829101562,748.5499877929688,748.5599975585938,39279
2026-07-21 18:00:00+00:00,748.6799926757812,748.6799926757812,748.72900390625,748.530029296875,748.5900268554688,28629
2026-07-21 18:01:00+00:00,748.6599731445312,748.6599731445312,748.77001953125,748.5999755859375,748.6799926757812,40009
2026-07-21 18:02:00+00:00,748.4600219726562,748.4600219726562,748.719970703125,748.3699951171875,748.6500244140625,82689
2026-07-21 18:03:00+00:00,748.260009765625,748.260009765625,748.4600219726562,748.260009765625,748.4500122070312,81587
2026-07-21 18:04:00+00:00,748.3200073242188,748.3200073242188,748.469970703125,748.260009765625,748.260009765625,62663
2026-07-21 18:05:00+00:00,748.3306884765625,748.3306884765625,748.3900146484375,748.280029296875,748.2999877929688,39157
2026-07-21 18:06:00+00:00,748.4000244140625,748.4000244140625,748.4199829101562,748.27001953125,748.3400268554688,40117
2026-07-21 18:07:00+00:00,748.4099731445312,748.4099731445312,748.4600219726562,748.3499755859375,748.405029296875,22964
2026-07-21 18:08:00+00:00,748.4600219726562,748.4600219726562,748.5499877929688,748.4099731445312,748.4099731445312,32633
2026-07-21 18:09:00+00:00,748.4550170898438,748.4550170898438,748.5,748.4199829101562,748.4500122070312,28186
2026-07-21 18:10:00+00:00,748.3900146484375,748.3900146484375,748.4400024414062,748.3400268554688,748.4400024414062,36128
2026-07-21 18:11:00+00:00,748.47998046875,748.47998046875,748.489990234375,748.3699951171875,748.4000244140625,42028
2026-07-21 18:12:00+00:00,748.4000244140625,748.4000244140625,748.5490112304688,748.4000244140625,748.47998046875,35771
2026-07-21 18:13:00+00:00,748.3599853515625,748.3599853515625,748.4199829101562,748.3583984375,748.4099731445312,30673
2026-07-21 18:14:00+00:00,748.1599731445312,748.1599731445312,748.3599853515625,748.1199951171875,748.3499755859375,100981
2026-07-21 18:15:00+00:00,748.1799926757812,748.1799926757812,748.2100219726562,748.0900268554688,748.1699829101562,79073
2026-07-21 18:16:00+00:00,748.1801147460938,748.1801147460938,748.25,748.1400146484375,748.1799926757812,36207
2026-07-21 18:17:00+00:00,748.25,748.25,748.25,748.1849975585938,748.1849975585938,34038
2026-07-21 18:18:00+00:00,748.14990234375,748.14990234375,748.27001953125,748.0999755859375,748.260009765625,34746
2026-07-21 18:19:00+00:00,748.2100219726562,748.2100219726562,748.2100219726562,748.0999755859375,748.1300048828125,35240
2026-07-21 18:20:00+00:00,748.2150268554688,748.2150268554688,748.219970703125,748.1099853515625,748.1900024414062,27583
2026-07-21 18:21:00+00:00,748.2100219726562,748.2100219726562,748.239990234375,748.1199951171875,748.2100219726562,51173
2026-07-21 18:22:00+00:00,748.3200073242188,748.3200073242188,748.3499755859375,748.1900024414062,748.2100219726562,42248
2026-07-21 18:23:00+00:00,748.3099975585938,748.3099975585938,748.3400268554688,748.239990234375,748.3200073242188,30097
2026-07-21 18:24:00+00:00,748.2999877929688,748.2999877929688,748.4000244140625,748.219970703125,748.2999877929688,49440
2026-07-21 18:25:00+00:00,748.1799926757812,748.1799926757812,748.2999877929688,748.1599731445312,748.2899780273438,42551
2026-07-21 18:26:00+00:00,748.1201171875,748.1201171875,748.1900024414062,748.0999755859375,748.1849975585938,38845
2026-07-21 18:27:00+00:00,748.1099243164062,748.1099243164062,748.1900024414062,748.0650024414062,748.125,70364
2026-07-21 18:28:00+00:00,748.1400146484375,748.1400146484375,748.1500244140625,748.0850219726562,748.0999755859375,37155
2026-07-21 18:29:00+00:00,748.2100219726562,748.2100219726562,748.25,748.125,748.1300048828125,127665
2026-07-21 18:30:00+00:00,748.0800170898438,748.0800170898438,748.260009765625,748.0800170898438,748.219970703125,29988
2026-07-21 18:31:00+00:00,747.989990234375,747.989990234375,748.0999755859375,747.9500122070312,748.0999755859375,58452
2026-07-21 18:32:00+00:00,748.0,748.0,748.0599975585938,747.9400024414062,747.97998046875,55496
2026-07-21 18:33:00+00:00,748.0349731445312,748.0349731445312,748.0349731445312,747.9600219726562,748.010009765625,35144
2026-07-21 18:34:00+00:00,747.969970703125,747.969970703125,748.0999755859375,747.969970703125,748.0399780273438,39206
2026-07-21 18:35:00+00:00,748.1649780273438,748.1649780273438,748.1649780273438,747.9600219726562,747.969970703125,32356
2026-07-21 18:36:00+00:00,748.1199951171875,748.1199951171875,748.1900024414062,748.0999755859375,748.1699829101562,44470
2026-07-21 18:37:00+00:00,748.1500244140625,748.1500244140625,748.1599731445312,748.0999755859375,748.1400146484375,24664
2026-07-21 18:38:00+00:00,748.2449951171875,748.2449951171875,748.27001953125,748.1199951171875,748.1500244140625,86880
2026-07-21 18:39:00+00:00,748.1500244140625,748.1500244140625,748.260009765625,748.1400146484375,748.239990234375,38847
2026-07-21 18:40:00+00:00,748.1799926757812,748.1799926757812,748.1799926757812,748.02001953125,748.1500244140625,35157
2026-07-21 18:41:00+00:00,748.1500244140625,748.1500244140625,748.2999877929688,748.1400146484375,748.1799926757812,36652
2026-07-21 18:42:00+00:00,748.3098754882812,748.3098754882812,748.3200073242188,748.1500244140625,748.1599731445312,41514
2026-07-21 18:43:00+00:00,748.4600219726562,748.4600219726562,748.4600219726562,748.239990234375,748.2899780273438,41576
2026-07-21 18:44:00+00:00,748.5399780273438,748.5399780273438,748.6099853515625,748.4400024414062,748.452880859375,60455
2026-07-21 18:45:00+00:00,748.5900268554688,748.5900268554688,748.6400146484375,748.52001953125,748.530029296875,47869
2026-07-21 18:46:00+00:00,748.5800170898438,748.5800170898438,748.6099853515625,748.52001953125,748.5800170898438,28379
2026-07-21 18:47:00+00:00,748.4500122070312,748.4500122070312,748.580078125,748.3800048828125,748.580078125,32793
2026-07-21 18:48:00+00:00,748.4299926757812,748.4299926757812,748.469970703125,748.4000244140625,748.4500122070312,22481
2026-07-21 18:49:00+00:00,748.4500122070312,748.4500122070312,748.52001953125,748.3900146484375,748.4199829101562,30347
2026-07-21 18:50:00+00:00,748.4600219726562,748.4600219726562,748.510009765625,748.4400024414062,748.469970703125,40368
2026-07-21 18:51:00+00:00,748.4299926757812,748.4299926757812,748.489990234375,748.4299926757812,748.4600219726562,32066
2026-07-21 18:52:00+00:00,748.405029296875,748.405029296875,748.469970703125,748.3800048828125,748.4450073242188,46307
2026-07-21 18:53:00+00:00,748.3200073242188,748.3200073242188,748.4199829101562,748.280029296875,748.4000244140625,39605
2026-07-21 18:54:00+00:00,748.25927734375,748.25927734375,748.3300170898438,748.25,748.3099975585938,27591
2026-07-21 18:55:00+00:00,748.3800048828125,748.3800048828125,748.5700073242188,748.25,748.25,85136
2026-07-21 18:56:00+00:00,748.3099975585938,748.3099975585938,748.4400024414062,748.22998046875,748.3699951171875,52133
2026-07-21 18:57:00+00:00,748.27001953125,748.27001953125,748.3200073242188,748.239990234375,748.3198852539062,100559
2026-07-21 18:58:00+00:00,748.25,748.25,748.3099975585938,748.239990234375,748.27001953125,34439
2026-07-21 18:59:00+00:00,748.3699951171875,748.3699951171875,748.4000244140625,748.239990234375,748.239990234375,42229
2026-07-21 19:00:00+00:00,748.2899780273438,748.2899780273438,748.469970703125,748.27001953125,748.3800048828125,74121
2026-07-21 19:01:00+00:00,748.2349853515625,748.2349853515625,748.2999877929688,748.1500244140625,748.2999877929688,39412
2026-07-21 19:02:00+00:00,748.22998046875,748.22998046875,748.2999267578125,748.2100219726562,748.239990234375,38062
2026-07-21 19:03:00+00:00,748.25,748.25,748.27001953125,748.2000122070312,748.219970703125,27220
2026-07-21 19:04:00+00:00,748.27001953125,748.27001953125,748.3699951171875,748.239990234375,748.239990234375,46935
2026-07-21 19:05:00+00:00,748.2808837890625,748.2808837890625,748.3699951171875,748.2000122070312,748.25,40283
2026-07-21 19:06:00+00:00,748.3504028320312,748.3504028320312,748.4199829101562,748.2899780273438,748.2899780273438,100400
2026-07-21 19:07:00+00:00,748.3200073242188,748.3200073242188,748.4099731445312,748.2999877929688,748.3798828125,33138
2026-07-21 19:08:00+00:00,748.22998046875,748.22998046875,748.3499145507812,748.2100219726562,748.3200073242188,55455
2026-07-21 19:09:00+00:00,748.135009765625,748.135009765625,748.2899780273438,748.1199951171875,748.219970703125,47796
2026-07-21 19:10:00+00:00,748.1300048828125,748.1300048828125,748.2000122070312,748.0900268554688,748.1400146484375,60795
2026-07-21 19:11:00+00:00,748.219970703125,748.219970703125,748.2249755859375,748.1199951171875,748.1300048828125,55368
2026-07-21 19:12:00+00:00,748.260009765625,748.260009765625,748.3300170898438,748.1900024414062,748.22998046875,44840
2026-07-21 19:13:00+00:00,748.2000122070312,748.2000122070312,748.2999877929688,748.1900024414062,748.239990234375,94169
2026-07-21 19:14:00+00:00,748.239990234375,748.239990234375,748.4299926757812,748.1799926757812,748.2000122070312,53147
2026-07-21 19:15:00+00:00,748.3250122070312,748.3250122070312,748.3300170898438,748.1900024414062,748.25,24072
2026-07-21 19:16:00+00:00,748.4299926757812,748.4299926757812,748.4400024414062,748.3099975585938,748.3250122070312,66733
2026-07-21 19:17:00+00:00,748.4000244140625,748.4000244140625,748.4600219726562,748.3499755859375,748.4299926757812,29816
2026-07-21 19:18:00+00:00,748.3499755859375,748.3499755859375,748.4199829101562,748.3499755859375,748.3900146484375,39035
2026-07-21 19:19:00+00:00,748.3099975585938,748.3099975585938,748.3800048828125,748.2802124023438,748.3400268554688,30658
2026-07-21 19:20:00+00:00,748.3599853515625,748.3599853515625,748.3900146484375,748.219970703125,748.3099975585938,36603
2026-07-21 19:21:00+00:00,748.22998046875,748.22998046875,748.3848266601562,748.219970703125,748.3599853515625,26010
2026-07-21 19:22:00+00:00,748.260009765625,748.260009765625,748.260009765625,748.1900024414062,748.219970703125,54494
2026-07-21 19:23:00+00:00,748.239990234375,748.239990234375,748.3099975585938,748.2100219726562,748.260009765625,27809
2026-07-21 19:24:00+00:00,748.3099975585938,748.3099975585938,748.3400268554688,748.239990234375,748.27001953125,38584
2026-07-21 19:25:00+00:00,748.280029296875,748.280029296875,748.3400268554688,748.260009765625,748.2899780273438,189092
2026-07-21 19:26:00+00:00,748.3400268554688,748.3400268554688,748.3599853515625,748.219970703125,748.280029296875,57413
2026-07-21 19:27:00+00:00,748.2899780273438,748.2899780273438,748.4600219726562,748.25,748.3300170898438,42128
2026-07-21 19:28:00+00:00,748.2999877929688,748.2999877929688,748.3800048828125,748.260009765625,748.27001953125,49532
2026-07-21 19:29:00+00:00,748.260009765625,748.260009765625,748.3200073242188,748.239990234375,748.2999877929688,36939
2026-07-21 19:30:00+00:00,748.3099975585938,748.3099975585938,748.3499755859375,748.2000122070312,748.25,74602
2026-07-21 19:31:00+00:00,748.2449951171875,748.2449951171875,748.3900146484375,748.2100219726562,748.3200073242188,70396
2026-07-21 19:32:00+00:00,748.2550048828125,748.2550048828125,748.3300170898438,748.2100219726562,748.260009765625,73088
2026-07-21 19:33:00+00:00,748.2000122070312,748.2000122070312,748.27001953125,748.1599731445312,748.2550048828125,89668
2026-07-21 19:34:00+00:00,748.1799926757812,748.1799926757812,748.25,748.1500244140625,748.2000122070312,53731
2026-07-21 19:35:00+00:00,748.3699951171875,748.3699951171875,748.3699951171875,748.1199951171875,748.1699829101562,89824
2026-07-21 19:36:00+00:00,748.4600219726562,748.4600219726562,748.5,748.3599853515625,748.3599853515625,55863
2026-07-21 19:37:00+00:00,748.5499877929688,748.5499877929688,748.5700073242188,748.4299926757812,748.4400024414062,69701
2026-07-21 19:38:00+00:00,748.469970703125,748.469970703125,748.530029296875,748.4400024414062,748.530029296875,59396
2026-07-21 19:39:00+00:00,748.4099731445312,748.4099731445312,748.47998046875,748.3699951171875,748.4600219726562,57605
2026-07-21 19:40:00+00:00,748.3400268554688,748.3400268554688,748.4400024414062,748.3200073242188,748.4005126953125,295535
2026-07-21 19:41:00+00:00,748.27001953125,748.27001953125,748.3699951171875,748.239990234375,748.3499755859375,92020
2026-07-21 19:42:00+00:00,748.3099975585938,748.3099975585938,748.3499755859375,748.25,748.2750244140625,87724
2026-07-21 19:43:00+00:00,748.4500122070312,748.4500122070312,748.4500122070312,748.260009765625,748.2899780273438,59841
2026-07-21 19:44:00+00:00,748.530029296875,748.530029296875,748.5880126953125,748.3900146484375,748.4550170898438,207644
2026-07-21 19:45:00+00:00,748.4400024414062,748.4400024414062,748.5399780273438,748.4298706054688,748.530029296875,88477
2026-07-21 19:46:00+00:00,748.4400024414062,748.4400024414062,748.489990234375,748.4149780273438,748.4500122070312,98325
2026-07-21 19:47:00+00:00,748.3599853515625,748.3599853515625,748.4400024414062,748.2449951171875,748.4400024414062,118349
2026-07-21 19:48:00+00:00,748.4401245117188,748.4401245117188,748.52001953125,748.3499755859375,748.3699951171875,158533
2026-07-21 19:49:00+00:00,748.60498046875,748.60498046875,748.6400146484375,748.4400024414062,748.4400024414062,141367
2026-07-21 19:50:00+00:00,748.3900146484375,748.3900146484375,748.7000122070312,748.2899780273438,748.5900268554688,450265
2026-07-21 19:51:00+00:00,748.389892578125,748.389892578125,748.52001953125,748.3099975585938,748.4000244140625,200475
2026-07-21 19:52:00+00:00,748.4400024414062,748.4400024414062,748.530029296875,748.3699951171875,748.3699951171875,200678
2026-07-21 19:53:00+00:00,748.4400024414062,748.4400024414062,748.5599975585938,748.3900146484375,748.469970703125,197838
2026-07-21 19:54:00+00:00,748.3800048828125,748.3800048828125,748.52001953125,748.3499755859375,748.4500122070312,227921
2026-07-21 19:55:00+00:00,748.2999877929688,748.2999877929688,748.5,748.25,748.3800048828125,229544
2026-07-21 19:56:00+00:00,748.52001953125,748.52001953125,748.5800170898438,748.2899780273438,748.2999877929688,243219
2026-07-21 19:57:00+00:00,748.4500122070312,748.4500122070312,748.5499877929688,748.4099731445312,748.510009765625,202305
2026-07-21 19:58:00+00:00,748.3049926757812,748.3049926757812,748.4600219726562,748.280029296875,748.4600219726562,452280
2026-07-21 19:59:00+00:00,748.3300170898438,748.3300170898438,748.510009765625,748.0900268554688,748.2899780273438,616297
2026-07-22 13:30:00+00:00,746.8900146484375,746.8900146484375,747.2000122070312,746.3699951171875,746.6199951171875,1313921
2026-07-22 13:31:00+00:00,747.389892578125,747.389892578125,747.4799194335938,746.8499755859375,746.9099731445312,123432
2026-07-22 13:32:00+00:00,747.47998046875,747.47998046875,747.5700073242188,747.1599731445312,747.3499755859375,114957
2026-07-22 13:33:00+00:00,747.2100219726562,747.2100219726562,747.5399780273438,747.1500244140625,747.469970703125,80465
2026-07-22 13:34:00+00:00,747.3150024414062,747.3150024414062,747.3400268554688,747.0401000976562,747.1900024414062,90421
2026-07-22 13:35:00+00:00,747.3400268554688,747.3400268554688,747.3699951171875,747.02001953125,747.3099975585938,103556
2026-07-22 13:36:00+00:00,747.25,747.25,747.489990234375,747.0800170898438,747.3499755859375,88479
2026-07-22 13:37:00+00:00,747.4400024414062,747.4400024414062,747.4400024414062,747.2000122070312,747.2501220703125,65188
2026-07-22 13:38:00+00:00,747.1599731445312,747.1599731445312,747.4249877929688,747.1099853515625,747.4199829101562,88535
2026-07-22 13:39:00+00:00,747.4000244140625,747.4000244140625,747.469970703125,747.0399780273438,747.1799926757812,52514
2026-07-22 13:40:00+00:00,747.169921875,747.169921875,747.4099731445312,747.0900268554688,747.4099731445312,76511
2026-07-22 13:41:00+00:00,747.280029296875,747.280029296875,747.4600219726562,747.1400146484375,747.1599731445312,110764
2026-07-22 13:42:00+00:00,747.1900024414062,747.1900024414062,747.469970703125,747.1099853515625,747.2899780273438,93372
2026-07-22 13:43:00+00:00,747.510009765625,747.510009765625,747.52001953125,747.1699829101562,747.1900024414062,40446
2026-07-22 13:44:00+00:00,747.5700073242188,747.5700073242188,747.7000122070312,747.469970703125,747.5700073242188,64940
2026-07-22 13:45:00+00:00,747.9400024414062,747.9400024414062,748.0250244140625,747.5700073242188,747.5999755859375,89620
2026-07-22 13:46:00+00:00,747.9500122070312,747.9500122070312,748.0599975585938,747.85498046875,747.9400024414062,96929
2026-07-22 13:47:00+00:00,747.7100219726562,747.7100219726562,747.9600219726562,747.6900024414062,747.9500122070312,41400
2026-07-22 13:48:00+00:00,747.8699951171875,747.8699951171875,747.9232788085938,747.6400146484375,747.7000122070312,77334
2026-07-22 13:49:00+00:00,747.760009765625,747.760009765625,747.9500122070312,747.6799926757812,747.8699951171875,81912
2026-07-22 13:50:00+00:00,747.469970703125,747.469970703125,747.7999877929688,747.4500122070312,747.739990234375,77100
2026-07-22 13:51:00+00:00,747.5399780273438,747.5399780273438,747.7899780273438,747.39501953125,747.4600219726562,90278
2026-07-22 13:52:00+00:00,747.8400268554688,747.8400268554688,748.0700073242188,747.530029296875,747.530029296875,152238
2026-07-22 13:53:00+00:00,747.9199829101562,747.9199829101562,747.969970703125,747.77001953125,747.8499755859375,102133
2026-07-22 13:54:00+00:00,748.1500244140625,748.1500244140625,748.1799926757812,747.9080200195312,747.9299926757812,77795
2026-07-22 13:55:00+00:00,748.1900024414062,748.1900024414062,748.2100219726562,748.02001953125,748.1300048828125,74134
2026-07-22 13:56:00+00:00,748.405029296875,748.405029296875,748.4500122070312,748.0700073242188,748.1799926757812,111889
2026-07-22 13:57:00+00:00,748.6400146484375,748.6400146484375,748.6900024414062,748.3200073242188,748.4094848632812,142030
2026-07-22 13:58:00+00:00,748.5399780273438,748.5399780273438,748.6500244140625,748.4600219726562,748.6400146484375,73144
2026-07-22 13:59:00+00:00,748.780029296875,748.780029296875,748.7849731445312,748.4400024414062,748.530029296875,95145
2026-07-22 14:00:00+00:00,748.8499755859375,748.8499755859375,748.9400024414062,748.52001953125,748.77001953125,133545
2026-07-22 14:01:00+00:00,748.7999877929688,748.7999877929688,748.9000244140625,748.6699829101562,748.8499755859375,78539
2026-07-22 14:02:00+00:00,748.8300170898438,748.8300170898438,748.8300170898438,748.6099853515625,748.7999877929688,74619
2026-07-22 14:03:00+00:00,748.7100219726562,748.7100219726562,748.9650268554688,748.6300048828125,748.8400268554688,69639
2026-07-22 14:04:00+00:00,748.969970703125,748.969970703125,748.969970703125,748.6900024414062,748.6900024414062,36788
2026-07-22 14:05:00+00:00,749.3699951171875,749.3699951171875,749.3800048828125,748.9400024414062,748.969970703125,143294
2026-07-22 14:06:00+00:00,749.1099853515625,749.1099853515625,749.3800048828125,749.1099853515625,749.3599853515625,46856
2026-07-22 14:07:00+00:00,748.8099975585938,748.8099975585938,749.1799926757812,748.7899780273438,749.1199951171875,70031
2026-07-22 14:08:00+00:00,748.6500244140625,748.6500244140625,748.7999877929688,748.5700073242188,748.7918701171875,77653
2026-07-22 14:09:00+00:00,748.5401000976562,748.5401000976562,748.7100219726562,748.510009765625,748.6199951171875,48356
2026-07-22 14:10:00+00:00,748.6099853515625,748.6099853515625,748.6600952148438,748.4110107421875,748.5399780273438,109280
2026-07-22 14:11:00+00:00,748.664794921875,748.664794921875,748.7750244140625,748.610107421875,748.610107421875,56381
2026-07-22 14:12:00+00:00,748.5700073242188,748.5700073242188,748.7252807617188,748.5499877929688,748.635009765625,25561
2026-07-22 14:13:00+00:00,748.2150268554688,748.2150268554688,748.5700073242188,748.2150268554688,748.5700073242188,57351
2026-07-22 14:14:00+00:00,748.239990234375,748.239990234375,748.3599853515625,748.110107421875,748.22998046875,41374
2026-07-22 14:15:00+00:00,748.0599975585938,748.0599975585938,748.3200073242188,747.9099731445312,748.260009765625,86711
2026-07-22 14:16:00+00:00,747.9998779296875,747.9998779296875,748.1599731445312,747.8800048828125,748.0,44913
2026-07-22 14:17:00+00:00,748.0499877929688,748.0499877929688,748.0900268554688,747.7999877929688,748.010009765625,33318
2026-07-22 14:18:00+00:00,747.9099731445312,747.9099731445312,748.1300048828125,747.8499755859375,748.0399780273438,29873
2026-07-22 14:19:00+00:00,748.1300048828125,748.1300048828125,748.1300048828125,747.77001953125,747.9000244140625,56943
2026-07-22 14:20:00+00:00,748.3499755859375,748.3499755859375,748.4299926757812,748.0100708007812,748.1400146484375,76960
2026-07-22 14:21:00+00:00,748.260009765625,748.260009765625,748.4099731445312,748.2000122070312,748.3400268554688,36611
2026-07-22 14:22:00+00:00,747.8699951171875,747.8699951171875,748.280029296875,747.8200073242188,748.2100219726562,79999
2026-07-22 14:23:00+00:00,747.5599975585938,747.5599975585938,747.8699951171875,747.3800048828125,747.8699951171875,124182
2026-07-22 14:24:00+00:00,747.5999755859375,747.5999755859375,747.6400146484375,747.4199829101562,747.5599975585938,72989
2026-07-22 14:25:00+00:00,747.5900268554688,747.5900268554688,747.8099975585938,747.52001953125,747.6300048828125,61351
2026-07-22 14:26:00+00:00,747.2650756835938,747.2650756835938,747.625,747.22998046875,747.5900268554688,48586
2026-07-22 14:27:00+00:00,747.2849731445312,747.2849731445312,747.39501953125,747.0900268554688,747.260009765625,70329
2026-07-22 14:28:00+00:00,747.2750244140625,747.2750244140625,747.4400024414062,747.1400146484375,747.27001953125,58009
2026-07-22 14:29:00+00:00,747.2999877929688,747.2999877929688,747.4299926757812,747.1400146484375,747.280029296875,73236
2026-07-22 14:30:00+00:00,747.280029296875,747.280029296875,747.489990234375,747.1699829101562,747.2899780273438,152738
2026-07-22 14:31:00+00:00,747.39990234375,747.39990234375,747.4000244140625,747.1799926757812,747.27001953125,43293
2026-07-22 14:32:00+00:00,747.7550048828125,747.7550048828125,747.7899780273438,747.3900146484375,747.4099731445312,97608
2026-07-22 14:33:00+00:00,747.3499755859375,747.3499755859375,747.7899780273438,747.3499755859375,747.75,61644
2026-07-22 14:34:00+00:00,747.239990234375,747.239990234375,747.4299926757812,747.2100219726562,747.3599853515625,50573
2026-07-22 14:35:00+00:00,747.239990234375,747.239990234375,747.3300170898438,747.1026000976562,747.260009765625,81872
2026-07-22 14:36:00+00:00,747.3400268554688,747.3400268554688,747.4000244140625,747.1799926757812,747.2393188476562,54047
2026-07-22 14:37:00+00:00,747.2100219726562,747.2100219726562,747.4500122070312,747.2100219726562,747.3499755859375,169369
2026-07-22 14:38:00+00:00,747.2899780273438,747.2899780273438,747.344970703125,747.1099853515625,747.22998046875,37791
2026-07-22 14:39:00+00:00,747.3099975585938,747.3099975585938,747.3200073242188,747.05078125,747.3099975585938,53396
2026-07-22 14:40:00+00:00,747.2899780273438,747.2899780273438,747.4500122070312,747.1912841796875,747.2999877929688,40373
2026-07-22 14:41:00+00:00,746.9500122070312,746.9500122070312,747.2949829101562,746.904296875,747.25,88128
2026-07-22 14:42:00+00:00,746.989990234375,746.989990234375,747.0599975585938,746.760009765625,746.9600219726562,67767
2026-07-22 14:43:00+00:00,746.9063110351562,746.9063110351562,746.989990234375,746.81201171875,746.989990234375,22671
2026-07-22 14:44:00+00:00,746.780029296875,746.780029296875,746.9500122070312,746.780029296875,746.9000244140625,31672
2026-07-22 14:45:00+00:00,747.0499877929688,747.0499877929688,747.125,746.6799926757812,746.7899780273438,76526
2026-07-22 14:46:00+00:00,747.2899780273438,747.2899780273438,747.4500122070312,747.030029296875,747.0850219726562,128213
2026-07-22 14:47:00+00:00,747.1900024414062,747.1900024414062,747.3699951171875,747.1199951171875,747.3099975585938,30144
2026-07-22 14:48:00+00:00,747.280029296875,747.280029296875,747.469970703125,747.1599731445312,747.1900024414062,35306
2026-07-22 14:49:00+00:00,747.3699951171875,747.3699951171875,747.3900146484375,747.0599975585938,747.2999877929688,27497
2026-07-22 14:50:00+00:00,747.340087890625,747.340087890625,747.405029296875,747.2100219726562,747.3800048828125,60842
2026-07-22 14:51:00+00:00,747.4099731445312,747.4099731445312,747.4199829101562,747.0900268554688,747.3400268554688,104381
2026-07-22 14:52:00+00:00,747.219970703125,747.219970703125,747.4650268554688,747.1599731445312,747.4149780273438,69955
2026-07-22 14:53:00+00:00,747.3200073242188,747.3200073242188,747.52001953125,747.1799926757812,747.2000122070312,33647
2026-07-22 14:54:00+00:00,747.4199829101562,747.4199829101562,747.6500244140625,747.3179931640625,747.3179931640625,80092
2026-07-22 14:55:00+00:00,747.3300170898438,747.3300170898438,747.3900146484375,747.1500244140625,747.3900146484375,48019
2026-07-22 14:56:00+00:00,747.4000244140625,747.4000244140625,747.5130004882812,747.27001953125,747.3099975585938,55392
2026-07-22 14:57:00+00:00,747.7100219726562,747.7100219726562,747.72998046875,747.4000244140625,747.4000244140625,35168
2026-07-22 14:58:00+00:00,747.9500122070312,747.9500122070312,747.9600219726562,747.7100219726562,747.7100219726562,100437
2026-07-22 14:59:00+00:00,747.9349975585938,747.9349975585938,747.9769897460938,747.8004760742188,747.9500122070312,41414
2026-07-22 15:00:00+00:00,748.1300048828125,748.1300048828125,748.1599731445312,747.9299926757812,747.9299926757812,60335
2026-07-22 15:01:00+00:00,747.9450073242188,747.9450073242188,748.135009765625,747.9400024414062,748.1199951171875,52808
2026-07-22 15:02:00+00:00,748.094970703125,748.094970703125,748.1099853515625,747.8900146484375,747.9299926757812,37541
2026-07-22 15:03:00+00:00,748.1900024414062,748.1900024414062,748.25,748.0800170898438,748.0800170898438,76673
2026-07-22 15:04:00+00:00,748.3049926757812,748.3049926757812,748.4400024414062,748.1799926757812,748.1900024414062,50581
2026-07-22 15:05:00+00:00,748.4249877929688,748.4249877929688,748.4500122070312,748.2000122070312,748.2999877929688,75041
2026-07-22 15:06:00+00:00,748.5,748.5,748.5900268554688,748.3800048828125,748.4199829101562,56304
2026-07-22 15:07:00+00:00,748.6099853515625,748.6099853515625,748.6199951171875,748.4600219726562,748.489990234375,94992
2026-07-22 15:08:00+00:00,748.6699829101562,748.6699829101562,748.6799926757812,748.47998046875,748.5900268554688,69619
2026-07-22 15:09:00+00:00,748.6099853515625,748.6099853515625,748.75,748.5800170898438,748.6699829101562,37985
2026-07-22 15:10:00+00:00,748.9699096679688,748.9699096679688,748.969970703125,748.5900268554688,748.6099853515625,75340
2026-07-22 15:11:00+00:00,748.780029296875,748.780029296875,749.039306640625,748.75,748.969970703125,70713
2026-07-22 15:12:00+00:00,748.9199829101562,748.9199829101562,748.9199829101562,748.7100219726562,748.7899780273438,40814
2026-07-22 15:13:00+00:00,748.8499755859375,748.8499755859375,748.9500122070312,748.7899780273438,748.9099731445312,33144
2026-07-22 15:14:00+00:00,748.875,748.875,748.89501953125,748.760009765625,748.844970703125,55833
2026-07-22 15:15:00+00:00,748.89501953125,748.89501953125,748.9849853515625,748.8150024414062,748.8800048828125,82798
2026-07-22 15:16:00+00:00,748.8900146484375,748.8900146484375,748.9199829101562,748.77001953125,748.8900146484375,44624
2026-07-22 15:17:00+00:00,748.7150268554688,748.7150268554688,748.9099731445312,748.7150268554688,748.8800048828125,36073
2026-07-22 15:18:00+00:00,748.5499877929688,748.5499877929688,748.7100219726562,748.52001953125,748.7100219726562,71670
2026-07-22 15:19:00+00:00,748.8599853515625,748.8599853515625,748.8599853515625,748.5499877929688,748.5499877929688,146883
2026-07-22 15:20:00+00:00,749.119873046875,749.119873046875,749.1199951171875,748.8300170898438,748.8699951171875,44122
2026-07-22 15:21:00+00:00,748.9600219726562,748.9600219726562,749.1699829101562,748.9500122070312,749.1199951171875,23797
2026-07-22 15:22:00+00:00,749.0399780273438,749.0399780273438,749.0399780273438,748.890380859375,748.9550170898438,22770
2026-07-22 15:23:00+00:00,749.0900268554688,749.0900268554688,749.0900268554688,748.9299926757812,749.0349731445312,28382
2026-07-22 15:24:00+00:00,749.3099975585938,749.3099975585938,749.4000244140625,749.0999755859375,749.0999755859375,58301
2026-07-22 15:25:00+00:00,749.5,749.5,749.5,749.2606811523438,749.3200073242188,70722
2026-07-22 15:26:00+00:00,749.5399780273438,749.5399780273438,749.6099853515625,749.469970703125,749.469970703125,36916
2026-07-22 15:27:00+00:00,749.590087890625,749.590087890625,749.6799926757812,749.5,749.5349731445312,55258
2026-07-22 15:28:00+00:00,749.6199951171875,749.6199951171875,749.6400146484375,749.5599975585938,749.594970703125,62446
2026-07-22 15:29:00+00:00,749.4099731445312,749.4099731445312,749.6699829101562,749.385009765625,749.5999755859375,48666
2026-07-22 15:30:00+00:00,749.5,749.5,749.510009765625,749.2650146484375,749.4199829101562,73938
2026-07-22 15:31:00+00:00,749.3900146484375,749.3900146484375,749.5,749.3699951171875,749.4799194335938,39050
2026-07-22 15:32:00+00:00,749.2899780273438,749.2899780273438,749.4000854492188,749.25,749.3900146484375,36592
2026-07-22 15:33:00+00:00,749.0900268554688,749.0900268554688,749.3200073242188,749.0900268554688,749.2949829101562,54429
2026-07-22 15:34:00+00:00,748.9600219726562,748.9600219726562,749.0999755859375,748.9199829101562,749.0900268554688,54355
2026-07-22 15:35:00+00:00,749.0999755859375,749.0999755859375,749.1400146484375,748.97998046875,748.9849853515625,25986
2026-07-22 15:36:00+00:00,749.0700073242188,749.0700073242188,749.1199951171875,748.9400024414062,749.1099853515625,69591
2026-07-22 15:37:00+00:00,749.02001953125,749.02001953125,749.0800170898438,748.8200073242188,749.0750122070312,33346
2026-07-22 15:38:00+00:00,748.9199829101562,748.9199829101562,749.0449829101562,748.8150024414062,749.030029296875,39351
2026-07-22 15:39:00+00:00,748.9149780273438,748.9149780273438,748.9199829101562,748.7506713867188,748.9149780273438,16614
2026-07-22 15:40:00+00:00,749.1699829101562,749.1699829101562,749.1900024414062,748.8499755859375,748.9149780273438,31850
2026-07-22 15:41:00+00:00,749.0999755859375,749.0999755859375,749.2100219726562,749.010009765625,749.1799926757812,23539
2026-07-22 15:42:00+00:00,749.010009765625,749.010009765625,749.1900024414062,749.010009765625,749.1400146484375,20721
2026-07-22 15:43:00+00:00,748.9099731445312,748.9099731445312,749.0449829101562,748.8599853515625,749.030029296875,26822
2026-07-22 15:44:00+00:00,749.0,749.0,749.010009765625,748.9099731445312,748.9099731445312,20464
2026-07-22 15:45:00+00:00,749.25,749.25,749.27001953125,749.02001953125,749.02001953125,38243
2026-07-22 15:46:00+00:00,749.0900268554688,749.0900268554688,749.3300170898438,749.0800170898438,749.25,24523
2026-07-22 15:47:00+00:00,749.25,749.25,749.2587890625,749.0900268554688,749.0900268554688,147936
2026-07-22 15:48:00+00:00,749.3099975585938,749.3099975585938,749.3599853515625,749.2100219726562,749.22998046875,16799
2026-07-22 15:49:00+00:00,749.3800048828125,749.3800048828125,749.3800048828125,749.219970703125,749.3200073242188,24281
2026-07-22 15:50:00+00:00,749.3800048828125,749.3800048828125,749.4299926757812,749.3599853515625,749.3800048828125,27219
2026-07-22 15:51:00+00:00,749.4500122070312,749.4500122070312,749.5,749.3699951171875,749.3800048828125,42318
2026-07-22 15:52:00+00:00,749.5599975585938,749.5599975585938,749.5900268554688,749.4500122070312,749.4500122070312,39112
2026-07-22 15:53:00+00:00,749.3099975585938,749.3099975585938,749.5750122070312,749.2999877929688,749.5449829101562,24833
2026-07-22 15:54:00+00:00,749.280029296875,749.280029296875,749.35498046875,749.22998046875,749.3001098632812,20804
2026-07-22 15:55:00+00:00,749.385009765625,749.385009765625,749.385009765625,749.1799926757812,749.260009765625,16703
2026-07-22 15:56:00+00:00,749.3715209960938,749.3715209960938,749.4099731445312,749.3200073242188,749.3699951171875,22103
2026-07-22 15:57:00+00:00,749.3900146484375,749.3900146484375,749.4199829101562,749.25,749.3800048828125,31232
2026-07-22 15:58:00+00:00,749.5499877929688,749.5499877929688,749.5599975585938,749.4000244140625,749.4000244140625,27608
2026-07-22 15:59:00+00:00,749.760009765625,749.760009765625,749.7899780273438,749.5100708007812,749.5499877929688,59884
2026-07-22 16:00:00+00:00,749.7111206054688,749.7111206054688,749.8200073242188,749.6799926757812,749.760009765625,47673
2026-07-22 16:01:00+00:00,749.5700073242188,749.5700073242188,749.72998046875,749.530029296875,749.7000122070312,46340
2026-07-22 16:02:00+00:00,749.6218872070312,749.6218872070312,749.6400146484375,749.510009765625,749.5800170898438,32112
2026-07-22 16:03:00+00:00,749.6199951171875,749.6199951171875,749.6300048828125,749.489990234375,749.614990234375,32855
2026-07-22 16:04:00+00:00,749.6849975585938,749.6849975585938,749.7000122070312,749.5599975585938,749.6099853515625,32800
2026-07-22 16:05:00+00:00,749.760009765625,749.760009765625,749.7999877929688,749.5399780273438,749.6900024414062,51314
2026-07-22 16:06:00+00:00,749.8099975585938,749.8099975585938,749.9099731445312,749.77001953125,749.7899780273438,57052
2026-07-22 16:07:00+00:00,749.8400268554688,749.8400268554688,749.8699951171875,749.75,749.8099975585938,29329
2026-07-22 16:08:00+00:00,749.780029296875,749.780029296875,749.8499145507812,749.77001953125,749.8499145507812,42441
2026-07-22 16:09:00+00:00,749.7449951171875,749.7449951171875,749.8099975585938,749.719970703125,749.780029296875,49940
2026-07-22 16:10:00+00:00,749.7100219726562,749.7100219726562,749.75,749.6699829101562,749.739990234375,60016
2026-07-22 16:11:00+00:00,749.6099853515625,749.6099853515625,749.7899780273438,749.6099853515625,749.7100219726562,29777
2026-07-22 16:12:00+00:00,749.6599731445312,749.6599731445312,749.72998046875,749.5999755859375,749.6099853515625,37926
2026-07-22 16:13:00+00:00,749.6900024414062,749.6900024414062,749.719970703125,749.6500244140625,749.6699829101562,40101
2026-07-22 16:14:00+00:00,749.7100219726562,749.7100219726562,749.780029296875,749.6799926757812,749.6900024414062,32533
2026-07-22 16:15:00+00:00,749.739990234375,749.739990234375,749.8499755859375,749.6799926757812,749.7100219726562,31928
2026-07-22 16:16:00+00:00,749.6900024414062,749.6900024414062,749.7949829101562,749.6799926757812,749.719970703125,24803
2026-07-22 16:17:00+00:00,749.739990234375,749.739990234375,749.8200073242188,749.6799926757812,749.7000122070312,48793
2026-07-22 16:18:00+00:00,749.9600219726562,749.9600219726562,750.0,749.719970703125,749.72998046875,39237
2026-07-22 16:19:00+00:00,749.9749755859375,749.9749755859375,750.02001953125,749.9500122070312,749.969970703125,50590
2026-07-22 16:20:00+00:00,749.8699951171875,749.8699951171875,749.969970703125,749.780029296875,749.969970703125,46716
2026-07-22 16:21:00+00:00,749.8800048828125,749.8800048828125,749.9099731445312,749.7899780273438,749.8499755859375,42320
2026-07-22 16:22:00+00:00,749.844970703125,749.844970703125,749.9500122070312,749.7999877929688,749.8709716796875,30240
2026-07-22 16:23:00+00:00,749.7949829101562,749.7949829101562,749.8900146484375,749.7899780273438,749.8499755859375,42924
2026-07-22 16:24:00+00:00,749.8699951171875,749.8699951171875,749.8900146484375,749.7899780273438,749.7999877929688,72635
2026-07-22 16:25:00+00:00,749.844970703125,749.844970703125,749.9400024414062,749.7999877929688,749.8699951171875,55985
2026-07-22 16:26:00+00:00,749.7999877929688,749.7999877929688,749.8499755859375,749.6799926757812,749.844970703125,47148
2026-07-22 16:27:00+00:00,749.77001953125,749.77001953125,749.8909301757812,749.75,749.8099975585938,39549
2026-07-22 16:28:00+00:00,749.8200073242188,749.8200073242188,749.8200073242188,749.7000122070312,749.7650146484375,80306
2026-07-22 16:29:00+00:00,749.8499755859375,749.8499755859375,749.9000244140625,749.7999877929688,749.8300170898438,19647
2026-07-22 16:30:00+00:00,749.8200073242188,749.8200073242188,749.860107421875,749.75,749.8599853515625,22754
2026-07-22 16:31:00+00:00,749.8200073242188,749.8200073242188,749.9199829101562,749.7999877929688,749.8123168945312,39004
2026-07-22 16:32:00+00:00,749.85498046875,749.85498046875,749.864990234375,749.7899780273438,749.8300170898438,33713
2026-07-22 16:33:00+00:00,749.97998046875,749.97998046875,750.0,749.8599853515625,749.8599853515625,23383
2026-07-22 16:34:00+00:00,749.9299926757812,749.9299926757812,750.0048217773438,749.8900146484375,749.989990234375,59902
2026-07-22 16:35:00+00:00,749.8599853515625,749.8599853515625,749.9600219726562,749.8499755859375,749.9199829101562,26248
2026-07-22 16:36:00+00:00,749.8099975585938,749.8099975585938,749.9099731445312,749.7999877929688,749.8499755859375,25424
2026-07-22 16:37:00+00:00,749.8300170898438,749.8300170898438,749.89501953125,749.7899780273438,749.8099975585938,26251
2026-07-22 16:38:00+00:00,749.9199829101562,749.9199829101562,749.9500122070312,749.8300170898438,749.8300170898438,21085
2026-07-22 16:39:00+00:00,749.8699951171875,749.8699951171875,749.9400024414062,749.8200073242188,749.9299926757812,214840
2026-07-22 16:40:00+00:00,749.75,749.75,749.8900146484375,749.739990234375,749.8900146484375,20442
2026-07-22 16:41:00+00:00,749.780029296875,749.780029296875,749.8150024414062,749.719970703125,749.77001953125,30002
2026-07-22 16:42:00+00:00,749.7000122070312,749.7000122070312,749.7999877929688,749.6799926757812,749.760009765625,33466
2026-07-22 16:43:00+00:00,749.6978149414062,749.6978149414062,749.7498779296875,749.6400146484375,749.7150268554688,59895
2026-07-22 16:44:00+00:00,749.7550048828125,749.7550048828125,749.760009765625,749.6900024414062,749.6900024414062,35728
2026-07-22 16:45:00+00:00,749.7100219726562,749.7100219726562,749.9000244140625,749.7000122070312,749.760009765625,45354
2026-07-22 16:46:00+00:00,749.5999755859375,749.5999755859375,749.75,749.5499877929688,749.7139892578125,33360
2026-07-22 16:47:00+00:00,749.5499877929688,749.5499877929688,749.5900268554688,749.52001953125,749.5900268554688,43134
2026-07-22 16:48:00+00:00,749.6300048828125,749.6300048828125,749.639892578125,749.530029296875,749.5599975585938,28405
2026-07-22 16:49:00+00:00,749.60498046875,749.60498046875,749.6699829101562,749.5800170898438,749.6400146484375,29091
2026-07-22 16:50:00+00:00,749.6300048828125,749.6300048828125,749.6300048828125,749.530029296875,749.6099853515625,33271
2026-07-22 16:51:00+00:00,749.52001953125,749.52001953125,749.6799926757812,749.47998046875,749.6320190429688,29467
2026-07-22 16:52:00+00:00,749.6099853515625,749.6099853515625,749.6400146484375,749.489990234375,749.5289916992188,23880
2026-07-22 16:53:00+00:00,749.5499877929688,749.5499877929688,749.6199951171875,749.52001953125,749.6199951171875,21674
2026-07-22 16:54:00+00:00,749.52001953125,749.52001953125,749.5999755859375,749.52001953125,749.5700073242188,23994
2026-07-22 16:55:00+00:00,749.8200073242188,749.8200073242188,749.8400268554688,749.5,749.510009765625,34498
2026-07-22 16:56:00+00:00,749.8200073242188,749.8200073242188,749.8499755859375,749.780029296875,749.8200073242188,20345
2026-07-22 16:57:00+00:00,749.89501953125,749.89501953125,749.9500122070312,749.8250122070312,749.8250122070312,26640
2026-07-22 16:58:00+00:00,749.8800048828125,749.8800048828125,749.9249877929688,749.8300170898438,749.8800048828125,26128
2026-07-22 16:59:00+00:00,749.8300170898438,749.8300170898438,749.8900146484375,749.77001953125,749.8900146484375,38828
2026-07-22 17:00:00+00:00,749.9099731445312,749.9099731445312,749.9600219726562,749.72998046875,749.8350219726562,24861
2026-07-22 17:01:00+00:00,749.8200073242188,749.8200073242188,749.9299926757812,749.8099975585938,749.9099731445312,29402
2026-07-22 17:02:00+00:00,749.6599731445312,749.6599731445312,749.8300170898438,749.6500244140625,749.8300170898438,66835
2026-07-22 17:03:00+00:00,749.5599975585938,749.5599975585938,749.6900024414062,749.489990234375,749.6599731445312,51367
2026-07-22 17:04:00+00:00,749.5,749.5,749.5599975585938,749.3699951171875,749.5499877929688,61230
2026-07-22 17:05:00+00:00,749.5516967773438,749.5516967773438,749.5900268554688,749.47998046875,749.5,44328
2026-07-22 17:06:00+00:00,749.5499877929688,749.5499877929688,749.6099853515625,749.47998046875,749.5650024414062,33455
2026-07-22 17:07:00+00:00,749.75,749.75,749.75,749.5499877929688,749.5800170898438,32782
2026-07-22 17:08:00+00:00,749.6500244140625,749.6500244140625,749.739990234375,749.6099853515625,749.739990234375,445937
2026-07-22 17:09:00+00:00,749.6099853515625,749.6099853515625,749.6699829101562,749.5499877929688,749.6500244140625,23805
2026-07-22 17:10:00+00:00,749.5399780273438,749.5399780273438,749.6199951171875,749.47998046875,749.5999755859375,30088
2026-07-22 17:11:00+00:00,749.530029296875,749.530029296875,749.5599975585938,749.469970703125,749.5599975585938,222597
2026-07-22 17:12:00+00:00,749.4949951171875,749.4949951171875,749.5599975585938,749.4600219726562,749.5399780273438,25869
2026-07-22 17:13:00+00:00,749.4000244140625,749.4000244140625,749.4949951171875,749.4000244140625,749.4949951171875,29378
2026-07-22 17:14:00+00:00,749.3200073242188,749.3200073242188,749.4000244140625,749.25,749.4000244140625,53856
2026-07-22 17:15:00+00:00,749.2550048828125,749.2550048828125,749.3400268554688,749.1900024414062,749.3099975585938,40798
2026-07-22 17:16:00+00:00,749.280029296875,749.280029296875,749.3262939453125,749.2100219726562,749.25,380592
2026-07-22 17:17:00+00:00,749.3477172851562,749.3477172851562,749.4000244140625,749.25,749.27001953125,25931
2026-07-22 17:18:00+00:00,749.3200073242188,749.3200073242188,749.4299926757812,749.2899780273438,749.3400268554688,23517
2026-07-22 17:19:00+00:00,749.25,749.25,749.3499755859375,749.239990234375,749.2999877929688,31774
2026-07-22 17:20:00+00:00,749.1799926757812,749.1799926757812,749.260009765625,749.1400146484375,749.239990234375,37069
2026-07-22 17:21:00+00:00,749.0900268554688,749.0900268554688,749.260009765625,749.0900268554688,749.1599731445312,38980
2026-07-22 17:22:00+00:00,749.0349731445312,749.0349731445312,749.1300048828125,748.9500122070312,749.0900268554688,49276
2026-07-22 17:23:00+00:00,749.0999755859375,749.0999755859375,749.1400146484375,749.030029296875,749.0399780273438,41246
2026-07-22 17:24:00+00:00,749.1749877929688,749.1749877929688,749.2000122070312,749.0700073242188,749.119873046875,29372
2026-07-22 17:25:00+00:00,749.030029296875,749.030029296875,749.1699829101562,749.0,749.1699829101562,31428
2026-07-22 17:26:00+00:00,749.0800170898438,749.0800170898438,749.0900268554688,749.0062866210938,749.02001953125,34127
2026-07-22 17:27:00+00:00,749.1298828125,749.1298828125,749.1298828125,749.0499877929688,749.0599975585938,23476
2026-07-22 17:28:00+00:00,749.2000122070312,749.2000122070312,749.3900146484375,749.0599975585938,749.1199951171875,77519
2026-07-22 17:29:00+00:00,749.0444946289062,749.0444946289062,749.2449951171875,749.0444946289062,749.1900024414062,30440
2026-07-22 17:30:00+00:00,749.1699829101562,749.1699829101562,749.1900024414062,749.0399780273438,749.0499877929688,34380
2026-07-22 17:31:00+00:00,749.2100219726562,749.2100219726562,749.2899780273438,749.1599731445312,749.1599731445312,37188
2026-07-22 17:32:00+00:00,749.0900268554688,749.0900268554688,749.239990234375,749.0250244140625,749.2100219726562,32816
2026-07-22 17:33:00+00:00,749.0399780273438,749.0399780273438,749.1199951171875,748.97998046875,749.0999755859375,78845
2026-07-22 17:34:00+00:00,748.8800048828125,748.8800048828125,749.0399780273438,748.8599853515625,749.030029296875,61532
2026-07-22 17:35:00+00:00,748.969970703125,748.969970703125,749.030029296875,748.8499755859375,748.8800048828125,33581
2026-07-22 17:36:00+00:00,749.0700073242188,749.0700073242188,749.0800170898438,748.9400024414062,748.9450073242188,33267
2026-07-22 17:37:00+00:00,749.2000122070312,749.2000122070312,749.2899780273438,749.0499877929688,749.0700073242188,49944
2026-07-22 17:38:00+00:00,749.1649780273438,749.1649780273438,749.2899780273438,749.1199951171875,749.2050170898438,27342
2026-07-22 17:39:00+00:00,749.3599853515625,749.3599853515625,749.4099731445312,749.1400146484375,749.155029296875,66266
2026-07-22 17:40:00+00:00,749.1799926757812,749.1799926757812,749.3699951171875,749.1599731445312,749.3599853515625,29673
2026-07-22 17:41:00+00:00,749.1599731445312,749.1599731445312,749.2100219726562,749.0900268554688,749.1799926757812,30018
2026-07-22 17:42:00+00:00,749.2000122070312,749.2000122070312,749.25,749.1500244140625,749.1500244140625,24893
2026-07-22 17:43:00+00:00,749.0900268554688,749.0900268554688,749.2100219726562,749.0499877929688,749.1799926757812,76225
2026-07-22 17:44:00+00:00,749.1199951171875,749.1199951171875,749.1699829101562,749.0900268554688,749.0900268554688,14742
2026-07-22 17:45:00+00:00,749.1400146484375,749.1400146484375,749.1599731445312,749.0800170898438,749.1300048828125,40446
2026-07-22 17:46:00+00:00,749.1699829101562,749.1699829101562,749.22998046875,749.0700073242188,749.1199951171875,19609
2026-07-22 17:47:00+00:00,749.0599975585938,749.0599975585938,749.1699829101562,749.02001953125,749.1699829101562,19297
2026-07-22 17:48:00+00:00,749.0449829101562,749.0449829101562,749.0800170898438,749.0150146484375,749.0599975585938,21675
2026-07-22 17:49:00+00:00,749.0499877929688,749.0499877929688,749.1298828125,749.030029296875,749.0499877929688,25137
2026-07-22 17:50:00+00:00,749.0549926757812,749.0549926757812,749.0900268554688,748.97998046875,749.0399780273438,30964
2026-07-22 17:51:00+00:00,749.1400146484375,749.1400146484375,749.1500244140625,749.0599975585938,749.0599975585938,20201
2026-07-22 17:52:00+00:00,748.989990234375,748.989990234375,749.1384887695312,748.9600219726562,749.1384887695312,22974
2026-07-22 17:53:00+00:00,748.8699951171875,748.8699951171875,749.010009765625,748.8699951171875,748.97998046875,44460
2026-07-22 17:54:00+00:00,748.7100219726562,748.7100219726562,748.8699951171875,748.6920166015625,748.8599853515625,47979
2026-07-22 17:55:00+00:00,748.6599731445312,748.6599731445312,748.7000122070312,748.3900146484375,748.7000122070312,88867
2026-07-22 17:56:00+00:00,748.5900268554688,748.5900268554688,748.6900024414062,748.5599975585938,748.6799926757812,25509
2026-07-22 17:57:00+00:00,748.5599975585938,748.5599975585938,748.6900024414062,748.530029296875,748.5900268554688,449955
2026-07-22 17:58:00+00:00,748.5399780273438,748.5399780273438,748.6400146484375,748.510009765625,748.5499877929688,53072
2026-07-22 17:59:00+00:00,748.52001953125,748.52001953125,748.5399780273438,748.469970703125,748.530029296875,28217
2026-07-22 18:00:00+00:00,748.6699829101562,748.6699829101562,748.7100219726562,748.5050048828125,748.5150146484375,68821
2026-07-22 18:01:00+00:00,748.47998046875,748.47998046875,748.6663208007812,748.4371948242188,748.6500244140625,61174
2026-07-22 18:02:00+00:00,748.3311767578125,748.3311767578125,748.5150146484375,748.22998046875,748.489990234375,81560
2026-07-22 18:03:00+00:00,748.2750244140625,748.2750244140625,748.3900146484375,748.2349853515625,748.3300170898438,40794
2026-07-22 18:04:00+00:00,748.3800048828125,748.3800048828125,748.4000244140625,748.2000122070312,748.2999877929688,45570
2026-07-22 18:05:00+00:00,748.3800048828125,748.3800048828125,748.5399780273438,748.27001953125,748.3800048828125,144446
2026-07-22 18:06:00+00:00,748.4500122070312,748.4500122070312,748.5399780273438,748.3200073242188,748.3800048828125,49260
2026-07-22 18:07:00+00:00,748.6624755859375,748.6624755859375,748.6799926757812,748.4199829101562,748.4500122070312,29407
2026-07-22 18:08:00+00:00,748.489990234375,748.489990234375,748.6900024414062,748.489990234375,748.6599731445312,39938
2026-07-22 18:09:00+00:00,748.3289794921875,748.3289794921875,748.489990234375,748.3099975585938,748.489990234375,32018
2026-07-22 18:10:00+00:00,748.3599853515625,748.3599853515625,748.3699951171875,748.1799926757812,748.2999877929688,32486
2026-07-22 18:11:00+00:00,748.239990234375,748.239990234375,748.4000244140625,748.239990234375,748.3599853515625,17127
2026-07-22 18:12:00+00:00,748.0999755859375,748.0999755859375,748.25,748.0700073242188,748.22998046875,56575
2026-07-22 18:13:00+00:00,748.0910034179688,748.0910034179688,748.2100219726562,748.010009765625,748.0999755859375,83956
2026-07-22 18:14:00+00:00,748.0399780273438,748.0399780273438,748.1500244140625,748.0399780273438,748.0800170898438,42063
2026-07-22 18:15:00+00:00,748.0599975585938,748.0599975585938,748.1199951171875,748.0250244140625,748.030029296875,41017
2026-07-22 18:16:00+00:00,748.1799926757812,748.1799926757812,748.2999877929688,748.0399780273438,748.0599975585938,28393
2026-07-22 18:17:00+00:00,748.1699829101562,748.1699829101562,748.22998046875,748.0999755859375,748.1832885742188,21538
2026-07-22 18:18:00+00:00,748.3499755859375,748.3499755859375,748.3499755859375,748.1799926757812,748.1900024414062,62733
2026-07-22 18:19:00+00:00,748.22998046875,748.22998046875,748.3900146484375,748.1699829101562,748.3400268554688,49901
2026-07-22 18:20:00+00:00,748.4185791015625,748.4185791015625,748.4185791015625,748.1599731445312,748.25,30368
2026-07-22 18:21:00+00:00,748.3599853515625,748.3599853515625,748.5900268554688,748.3599853515625,748.4199829101562,73449
2026-07-22 18:22:00+00:00,748.3049926757812,748.3049926757812,748.3599853515625,748.280029296875,748.3599853515625,29916
2026-07-22 18:23:00+00:00,748.2000122070312,748.2000122070312,748.3200073242188,748.1699829101562,748.3049926757812,69674
2026-07-22 18:24:00+00:00,748.2225952148438,748.2225952148438,748.3699951171875,748.1900024414062,748.2000122070312,35239
2026-07-22 18:25:00+00:00,748.2650146484375,748.2650146484375,748.2800903320312,748.2100219726562,748.22998046875,27342
2026-07-22 18:26:00+00:00,748.2999877929688,748.2999877929688,748.3300170898438,748.2449951171875,748.280029296875,21676
2026-07-22 18:27:00+00:00,748.2999877929688,748.2999877929688,748.3599853515625,748.219970703125,748.2899780273438,36112
2026-07-22 18:28:00+00:00,748.489990234375,748.489990234375,748.5499877929688,748.280029296875,748.2999877929688,47645
2026-07-22 18:29:00+00:00,748.489990234375,748.489990234375,748.5499877929688,748.4400024414062,748.510009765625,56010
2026-07-22 18:30:00+00:00,748.3300170898438,748.3300170898438,748.489990234375,748.260009765625,748.489990234375,71975
2026-07-22 18:31:00+00:00,748.14501953125,748.14501953125,748.3499755859375,748.1099853515625,748.3400268554688,64049
2026-07-22 18:32:00+00:00,748.0775146484375,748.0775146484375,748.1699829101562,748.0499877929688,748.1400146484375,77410
2026-07-22 18:33:00+00:00,748.2100219726562,748.2100219726562,748.25,748.0899047851562,748.0900268554688,31971
2026-07-22 18:34:00+00:00,748.2000122070312,748.2000122070312,748.25,748.1599731445312,748.1900024414062,30955
2026-07-22 18:35:00+00:00,748.4500122070312,748.4500122070312,748.4500122070312,748.1599731445312,748.1900024414062,41449
2026-07-22 18:36:00+00:00,748.4199829101562,748.4199829101562,748.469970703125,748.3410034179688,748.447509765625,33773
2026-07-22 18:37:00+00:00,748.3599853515625,748.3599853515625,748.4400024414062,748.3400268554688,748.4299926757812,26592
2026-07-22 18:38:00+00:00,748.3800048828125,748.3800048828125,748.4600219726562,748.3499755859375,748.3800048828125,35096
2026-07-22 18:39:00+00:00,748.4099731445312,748.4099731445312,748.4149780273438,748.260009765625,748.3599853515625,51614
2026-07-22 18:40:00+00:00,748.2899780273438,748.2899780273438,748.4500122070312,748.2501220703125,748.4299926757812,38240
2026-07-22 18:41:00+00:00,748.4099731445312,748.4099731445312,748.4099731445312,748.22998046875,748.2899780273438,35014
2026-07-22 18:42:00+00:00,748.2916259765625,748.2916259765625,748.469970703125,748.2916259765625,748.4199829101562,45056
2026-07-22 18:43:00+00:00,748.3200073242188,748.3200073242188,748.3400268554688,748.2899780273438,748.3099975585938,14161
2026-07-22 18:44:00+00:00,748.2901000976562,748.2901000976562,748.3599853515625,748.2901000976562,748.3400268554688,155750
2026-07-22 18:45:00+00:00,748.5399780273438,748.5399780273438,748.5999755859375,748.280029296875,748.2899780273438,44742
2026-07-22 18:46:00+00:00,748.4949951171875,748.4949951171875,748.5499877929688,748.4099731445312,748.5399780273438,24118
2026-07-22 18:47:00+00:00,748.3800048828125,748.3800048828125,748.489990234375,748.340087890625,748.489990234375,19516
2026-07-22 18:48:00+00:00,748.4000244140625,748.4000244140625,748.489990234375,748.3300170898438,748.3699951171875,36034
2026-07-22 18:49:00+00:00,748.2224731445312,748.2224731445312,748.4099731445312,748.2048950195312,748.4000244140625,91668
2026-07-22 18:50:00+00:00,748.1699829101562,748.1699829101562,748.22998046875,748.1099853515625,748.219970703125,48995
2026-07-22 18:51:00+00:00,748.239990234375,748.239990234375,748.3400268554688,748.1599731445312,748.1599731445312,42359
2026-07-22 18:52:00+00:00,748.22998046875,748.22998046875,748.3099975585938,748.1699829101562,748.2427978515625,40221
2026-07-22 18:53:00+00:00,748.3800048828125,748.3800048828125,748.3800048828125,748.2100219726562,748.22998046875,42051
2026-07-22 18:54:00+00:00,748.52001953125,748.52001953125,748.5798950195312,748.3300170898438,748.357177734375,71950
2026-07-22 18:55:00+00:00,748.5599975585938,748.5599975585938,748.5900268554688,748.47998046875,748.5,44569
2026-07-22 18:56:00+00:00,748.4525146484375,748.4525146484375,748.5700073242188,748.37890625,748.5499877929688,36610
2026-07-22 18:57:00+00:00,748.5087890625,748.5087890625,748.510009765625,748.4299926757812,748.4500122070312,18187
2026-07-22 18:58:00+00:00,748.4949951171875,748.4949951171875,748.5399780273438,748.4600219726562,748.5150146484375,61572
2026-07-22 18:59:00+00:00,748.4099731445312,748.4099731445312,748.5499877929688,748.4099731445312,748.489990234375,22598
2026-07-22 19:00:00+00:00,748.3699951171875,748.3699951171875,748.4600219726562,748.3599853515625,748.4400024414062,45797
2026-07-22 19:01:00+00:00,748.2349853515625,748.2349853515625,748.4600219726562,748.1500244140625,748.3800048828125,61445
2026-07-22 19:02:00+00:00,748.2028198242188,748.2028198242188,748.260009765625,748.1799926757812,748.22998046875,35409
2026-07-22 19:03:00+00:00,748.3204956054688,748.3204956054688,748.3400268554688,748.1699829101562,748.1799926757812,35646
2026-07-22 19:04:00+00:00,748.239990234375,748.239990234375,748.4500122070312,748.239990234375,748.3200073242188,29984
2026-07-22 19:05:00+00:00,748.2100219726562,748.2100219726562,748.3099975585938,748.2000122070312,748.2449951171875,31943
2026-07-22 19:06:00+00:00,748.3099975585938,748.3099975585938,748.3099975585938,748.1500244140625,748.22998046875,27761
2026-07-22 19:07:00+00:00,748.2000122070312,748.2000122070312,748.3499755859375,748.1900024414062,748.3099975585938,45561
2026-07-22 19:08:00+00:00,748.27001953125,748.27001953125,748.3400268554688,748.2100219726562,748.219970703125,31922
2026-07-22 19:09:00+00:00,748.1900024414062,748.1900024414062,748.280029296875,748.1900024414062,748.27001953125,25413
2026-07-22 19:10:00+00:00,748.1599731445312,748.1599731445312,748.239990234375,748.1199951171875,748.2000122070312,36453
2026-07-22 19:11:00+00:00,748.0700073242188,748.0700073242188,748.1799926757812,748.02001953125,748.1559448242188,43602
2026-07-22 19:12:00+00:00,747.9199829101562,747.9199829101562,748.0800170898438,747.8699951171875,748.0800170898438,48592
2026-07-22 19:13:00+00:00,747.9299926757812,747.9299926757812,747.9901123046875,747.89501953125,747.9000244140625,42747
2026-07-22 19:14:00+00:00,747.8900146484375,747.8900146484375,747.9600219726562,747.8300170898438,747.9500122070312,77129
2026-07-22 19:15:00+00:00,747.9550170898438,747.9550170898438,748.0,747.8300170898438,747.9000244140625,41980
2026-07-22 19:16:00+00:00,748.1199951171875,748.1199951171875,748.1599731445312,747.9400024414062,747.9600219726562,42115
2026-07-22 19:17:00+00:00,748.0800170898438,748.0800170898438,748.1300048828125,748.010009765625,748.1099853515625,31033
2026-07-22 19:18:00+00:00,748.1099853515625,748.1099853515625,748.1400146484375,748.02001953125,748.0700073242188,32149
2026-07-22 19:19:00+00:00,748.1099853515625,748.1099853515625,748.1900024414062,748.0900268554688,748.114990234375,41922
2026-07-22 19:20:00+00:00,748.02001953125,748.02001953125,748.1199951171875,748.0050048828125,748.1099853515625,42001
2026-07-22 19:21:00+00:00,747.8900146484375,747.8900146484375,748.0399780273438,747.7999877929688,748.010009765625,45025
2026-07-22 19:22:00+00:00,747.97998046875,747.97998046875,748.02001953125,747.8400268554688,747.89501953125,31902
2026-07-22 19:23:00+00:00,747.9600219726562,747.9600219726562,748.02001953125,747.9199829101562,747.97998046875,54211
2026-07-22 19:24:00+00:00,747.8499755859375,747.8499755859375,747.99951171875,747.8499755859375,747.9550170898438,32497
2026-07-22 19:25:00+00:00,747.77001953125,747.77001953125,747.8900146484375,747.72998046875,747.8499755859375,113626
2026-07-22 19:26:00+00:00,747.7000122070312,747.7000122070312,747.8300170898438,747.6599731445312,747.77001953125,75595
2026-07-22 19:27:00+00:00,747.8699951171875,747.8699951171875,747.9000244140625,747.6500244140625,747.6900024414062,80073
2026-07-22 19:28:00+00:00,748.0549926757812,748.0549926757812,748.0999755859375,747.8599853515625,747.8599853515625,88398
2026-07-22 19:29:00+00:00,748.0,748.0,748.0700073242188,747.989990234375,748.0499877929688,57402
2026-07-22 19:30:00+00:00,747.760009765625,747.760009765625,748.0,747.75,748.0,88984
2026-07-22 19:31:00+00:00,747.7899780273438,747.7899780273438,747.8599853515625,747.739990234375,747.77001953125,104962
2026-07-22 19:32:00+00:00,747.7899780273438,747.7899780273438,747.8800048828125,747.760009765625,747.780029296875,50943
2026-07-22 19:33:00+00:00,747.72998046875,747.72998046875,747.8800048828125,747.72998046875,747.8099975585938,65899
2026-07-22 19:34:00+00:00,747.7100219726562,747.7100219726562,747.780029296875,747.6699829101562,747.72998046875,305278
2026-07-22 19:35:00+00:00,747.6599731445312,747.6599731445312,747.7999877929688,747.6599731445312,747.7100219726562,123538
2026-07-22 19:36:00+00:00,747.655029296875,747.655029296875,747.6699829101562,747.5050048828125,747.6699829101562,85988
2026-07-22 19:37:00+00:00,747.5900268554688,747.5900268554688,747.6799926757812,747.5599975585938,747.6599731445312,115687
2026-07-22 19:38:00+00:00,747.4749755859375,747.4749755859375,747.594970703125,747.375,747.5900268554688,139719
2026-07-22 19:39:00+00:00,747.4099731445312,747.4099731445312,747.4849853515625,747.3599853515625,747.469970703125,57722
2026-07-22 19:40:00+00:00,747.52001953125,747.52001953125,747.5900268554688,747.4199829101562,747.4215087890625,79139
2026-07-22 19:41:00+00:00,747.6500244140625,747.6500244140625,747.6599731445312,747.463623046875,747.52001953125,123791
2026-07-22 19:42:00+00:00,747.7949829101562,747.7949829101562,747.8300170898438,747.5999755859375,747.64501953125,113632
2026-07-22 19:43:00+00:00,747.8300170898438,747.8300170898438,747.8599853515625,747.7899780273438,747.7999877929688,123460
2026-07-22 19:44:00+00:00,747.7899780273438,747.7899780273438,747.9199829101562,747.7750244140625,747.8300170898438,116504
2026-07-22 19:45:00+00:00,747.7899780273438,747.7899780273438,747.989990234375,747.780029296875,747.7949829101562,148811
2026-07-22 19:46:00+00:00,747.7849731445312,747.7849731445312,747.9199829101562,747.77001953125,747.780029296875,134399
2026-07-22 19:47:00+00:00,747.8800048828125,747.8800048828125,747.9500122070312,747.7550048828125,747.780029296875,140081
2026-07-22 19:48:00+00:00,747.885009765625,747.885009765625,748.0050048828125,747.8400268554688,747.8699951171875,166581
2026-07-22 19:49:00+00:00,747.97998046875,747.97998046875,748.0700073242188,747.8900146484375,747.8900146484375,152835
2026-07-22 19:50:00+00:00,747.8599853515625,747.8599853515625,748.2999877929688,747.7999877929688,747.989990234375,279512
2026-07-22 19:51:00+00:00,747.7899780273438,747.7899780273438,747.9500122070312,747.6900024414062,747.8499755859375,134926
2026-07-22 19:52:00+00:00,747.9500122070312,747.9500122070312,748.0700073242188,747.7100219726562,747.77001953125,127623
2026-07-22 19:53:00+00:00,747.9400024414062,747.9400024414062,748.1199951171875,747.8599853515625,747.9595947265625,96370
2026-07-22 19:54:00+00:00,747.8099975585938,747.8099975585938,747.9600219726562,747.7050170898438,747.9299926757812,232541
2026-07-22 19:55:00+00:00,747.6900024414062,747.6900024414062,747.8400268554688,747.5499877929688,747.8200073242188,315782
2026-07-22 19:56:00+00:00,747.75,747.75,747.8800048828125,747.5900268554688,747.6900024414062,154781
2026-07-22 19:57:00+00:00,748.02001953125,748.02001953125,748.0800170898438,747.75,747.760009765625,545759
2026-07-22 19:58:00+00:00,747.9500122070312,747.9500122070312,748.239990234375,747.8699951171875,748.010009765625,751101
2026-07-22 19:59:00+00:00,747.3300170898438,747.3300170898438,748.22998046875,747.2949829101562,747.9500122070312,1332594
2026-07-23 13:30:00+00:00,739.02001953125,739.02001953125,739.4099731445312,738.469970703125,739.3699951171875,2648794
2026-07-23 13:31:00+00:00,739.77001953125,739.77001953125,739.77001953125,738.8400268554688,739.02001953125,542780
2026-07-23 13:32:00+00:00,740.3699951171875,740.3699951171875,740.4500122070312,739.77001953125,739.77001953125,466862
2026-07-23 13:33:00+00:00,740.739990234375,740.739990234375,740.7899780273438,740.1699829101562,740.3900146484375,305123
2026-07-23 13:34:00+00:00,741.3200073242188,741.3200073242188,741.3699951171875,740.75,740.75,238312
2026-07-23 13:35:00+00:00,741.25,741.25,741.6099853515625,741.0999755859375,741.2999877929688,168855
2026-07-23 13:36:00+00:00,741.3300170898438,741.3300170898438,741.3300170898438,740.8499755859375,741.239990234375,221312
2026-07-23 13:37:00+00:00,741.6300048828125,741.6300048828125,741.7100219726562,741.219970703125,741.3300170898438,115576
2026-07-23 13:38:00+00:00,741.4249877929688,741.4249877929688,741.8699951171875,741.2050170898438,741.6300048828125,145818
2026-07-23 13:39:00+00:00,741.4450073242188,741.4450073242188,741.6500244140625,741.1845092773438,741.4400024414062,141534
2026-07-23 13:40:00+00:00,741.5399780273438,741.5399780273438,741.75,741.4199829101562,741.4199829101562,99024
2026-07-23 13:41:00+00:00,741.844970703125,741.844970703125,741.844970703125,741.4400024414062,741.530029296875,115092
2026-07-23 13:42:00+00:00,742.239990234375,742.239990234375,742.2899780273438,741.719970703125,741.8300170898438,119268
2026-07-23 13:43:00+00:00,742.3800048828125,742.3800048828125,742.5599975585938,742.2100219726562,742.2449951171875,143542
2026-07-23 13:44:00+00:00,741.8200073242188,741.8200073242188,742.39501953125,741.8200073242188,742.3800048828125,135687
2026-07-23 13:45:00+00:00,741.8099975585938,741.8099975585938,741.9949951171875,741.2899169921875,741.8499755859375,188321
2026-07-23 13:46:00+00:00,741.5800170898438,741.5800170898438,741.7999877929688,741.260009765625,741.7999877929688,128857
2026-07-23 13:47:00+00:00,741.25,741.25,741.5999755859375,741.2100219726562,741.5800170898438,114404
2026-07-23 13:48:00+00:00,740.864990234375,740.864990234375,741.3200073242188,740.5,741.25,256207
2026-07-23 13:49:00+00:00,740.4000244140625,740.4000244140625,740.97998046875,740.1699829101562,740.8599853515625,119732
2026-07-23 13:50:00+00:00,740.3900146484375,740.3900146484375,740.52001953125,740.1400146484375,740.3699951171875,229944
2026-07-23 13:51:00+00:00,739.889892578125,739.889892578125,740.4099731445312,739.8300170898438,740.4000244140625,198454
2026-07-23 13:52:00+00:00,740.0999755859375,740.0999755859375,740.1199951171875,739.719970703125,739.8900146484375,150453
2026-07-23 13:53:00+00:00,740.25,740.25,740.3460083007812,739.9199829101562,740.0900268554688,163821
2026-07-23 13:54:00+00:00,740.9299926757812,740.9299926757812,740.9450073242188,740.1900024414062,740.25,289276
2026-07-23 13:55:00+00:00,740.75,740.75,741.280029296875,740.7341918945312,740.9500122070312,133455
2026-07-23 13:56:00+00:00,740.0900268554688,740.0900268554688,740.780029296875,740.0900268554688,740.739990234375,173490
2026-07-23 13:57:00+00:00,739.8400268554688,739.8400268554688,740.0999755859375,739.60498046875,740.0700073242188,130785
2026-07-23 13:58:00+00:00,739.7999877929688,739.7999877929688,739.8400268554688,739.2999877929688,739.7550048828125,112205
2026-07-23 13:59:00+00:00,739.5750122070312,739.5750122070312,739.9299926757812,739.5599975585938,739.8062744140625,126935
2026-07-23 14:00:00+00:00,740.280029296875,740.280029296875,740.6300048828125,739.5800170898438,739.5800170898438,163256
2026-07-23 14:01:00+00:00,739.760009765625,739.760009765625,740.3250122070312,739.739990234375,740.2750244140625,114513
2026-07-23 14:02:00+00:00,739.905029296875,739.905029296875,740.1500244140625,739.72998046875,739.7550048828125,80228
2026-07-23 14:03:00+00:00,740.02001953125,740.02001953125,740.1900024414062,739.8699951171875,739.9099731445312,92075
2026-07-23 14:04:00+00:00,740.344970703125,740.344970703125,740.52001953125,739.969970703125,740.0050048828125,81642
2026-07-23 14:05:00+00:00,740.7000122070312,740.7000122070312,740.7100219726562,740.0800170898438,740.3599853515625,75023
2026-07-23 14:06:00+00:00,740.60498046875,740.60498046875,740.9299926757812,740.5599975585938,740.719970703125,66834
2026-07-23 14:07:00+00:00,740.530029296875,740.530029296875,740.780029296875,740.3699951171875,740.6099853515625,62723
2026-07-23 14:08:00+00:00,739.3900146484375,739.3900146484375,740.760009765625,739.3200073242188,740.510009765625,99668
2026-07-23 14:09:00+00:00,739.3599853515625,739.3599853515625,739.52001953125,738.8699951171875,739.4199829101562,139332
2026-07-23 14:10:00+00:00,739.5800170898438,739.5800170898438,740.0499877929688,739.344970703125,739.344970703125,78191
2026-07-23 14:11:00+00:00,739.9500122070312,739.9500122070312,739.989501953125,739.2100219726562,739.6199951171875,72375
2026-07-23 14:12:00+00:00,740.3200073242188,740.3200073242188,740.3200073242188,739.7637939453125,739.9299926757812,99104
2026-07-23 14:13:00+00:00,740.0800170898438,740.0800170898438,740.5399780273438,740.0599975585938,740.3200073242188,78750
2026-07-23 14:14:00+00:00,739.6900024414062,739.6900024414062,740.260009765625,739.47998046875,740.0850219726562,117186
2026-07-23 14:15:00+00:00,739.6199951171875,739.6199951171875,739.989013671875,739.4600219726562,739.6599731445312,84443
2026-07-23 14:16:00+00:00,740.030029296875,740.030029296875,740.0700073242188,739.52001953125,739.614990234375,74199
2026-07-23 14:17:00+00:00,740.1699829101562,740.1699829101562,740.2249755859375,739.77001953125,740.0,81255
2026-07-23 14:18:00+00:00,740.0,740.0,740.3599853515625,739.989990234375,740.1599731445312,64901
2026-07-23 14:19:00+00:00,739.510009765625,739.510009765625,740.0,739.4099731445312,740.0,144764
2026-07-23 14:20:00+00:00,739.52001953125,739.52001953125,739.8300170898438,739.3800048828125,739.52001953125,71813
2026-07-23 14:21:00+00:00,740.1195068359375,740.1195068359375,740.1699829101562,739.469970703125,739.52001953125,90050
2026-07-23 14:22:00+00:00,740.22998046875,740.22998046875,740.4349975585938,739.9099731445312,740.0999755859375,137442
2026-07-23 14:23:00+00:00,739.8298950195312,739.8298950195312,740.3200073242188,739.780029296875,740.2100219726562,200885
2026-07-23 14:24:00+00:00,739.4400024414062,739.4400024414062,739.8800048828125,739.1699829101562,739.8099975585938,77503
2026-07-23 14:25:00+00:00,739.6699829101562,739.6699829101562,739.77001953125,739.25,739.4000244140625,67461
2026-07-23 14:26:00+00:00,739.27001953125,739.27001953125,739.6699829101562,739.010009765625,739.6699829101562,209944
2026-07-23 14:27:00+00:00,739.2000122070312,739.2000122070312,739.3599853515625,738.989990234375,739.3200073242188,117160
2026-07-23 14:28:00+00:00,739.239990234375,739.239990234375,739.6400146484375,739.1799926757812,739.1900024414062,100535
2026-07-23 14:29:00+00:00,739.7999877929688,739.7999877929688,739.9099731445312,739.2100219726562,739.2100219726562,50342
2026-07-23 14:30:00+00:00,739.5700073242188,739.5700073242188,740.0399780273438,739.3800048828125,739.739990234375,61099
2026-07-23 14:31:00+00:00,739.4099731445312,739.4099731445312,739.97998046875,739.3599853515625,739.5700073242188,43348
2026-07-23 14:32:00+00:00,739.0599975585938,739.0599975585938,739.5,738.9600219726562,739.4199829101562,59351
2026-07-23 14:33:00+00:00,738.7899780273438,738.7899780273438,739.1599731445312,738.6599731445312,739.0698852539062,92558
2026-07-23 14:34:00+00:00,738.969970703125,738.969970703125,739.1300048828125,738.6900024414062,738.780029296875,193414
2026-07-23 14:35:00+00:00,738.6500244140625,738.6500244140625,739.0700073242188,738.6099853515625,738.97998046875,134419
2026-07-23 14:36:00+00:00,738.875,738.875,738.9199829101562,738.5900268554688,738.6599731445312,59281
2026-07-23 14:37:00+00:00,740.2838134765625,740.2838134765625,740.2999877929688,738.8900146484375,738.9000244140625,267187
2026-07-23 14:38:00+00:00,739.9299926757812,739.9299926757812,740.280029296875,739.6649780273438,740.280029296875,221879
2026-07-23 14:39:00+00:00,740.3800048828125,740.3800048828125,740.510009765625,739.9099731445312,739.9600219726562,98016
2026-07-23 14:40:00+00:00,740.0,740.0,740.6400146484375,740.0,740.3800048828125,84522
2026-07-23 14:41:00+00:00,739.469970703125,739.469970703125,740.0700073242188,739.3200073242188,740.0098876953125,80696
2026-07-23 14:42:00+00:00,739.1799926757812,739.1799926757812,739.6500244140625,738.9400024414062,739.4400024414062,67800
2026-07-23 14:43:00+00:00,738.8599853515625,738.8599853515625,739.2999877929688,738.6699829101562,739.1749877929688,100461
2026-07-23 14:44:00+00:00,738.8699951171875,738.8699951171875,739.0698852539062,738.6699829101562,738.8499755859375,99021
2026-07-23 14:45:00+00:00,738.719970703125,738.719970703125,739.1199951171875,738.7100219726562,738.8599853515625,86141
2026-07-23 14:46:00+00:00,739.0800170898438,739.0800170898438,739.1900024414062,738.6699829101562,738.72998046875,69932
2026-07-23 14:47:00+00:00,739.1799926757812,739.1799926757812,739.469970703125,739.0900268554688,739.0900268554688,89310
2026-07-23 14:48:00+00:00,738.9500122070312,738.9500122070312,739.1799926757812,738.8499755859375,739.1649780273438,85680
2026-07-23 14:49:00+00:00,738.8300170898438,738.8300170898438,739.0499877929688,738.6704711914062,738.9400024414062,91930
2026-07-23 14:50:00+00:00,738.52001953125,738.52001953125,739.0700073242188,738.4400024414062,738.8400268554688,117603
2026-07-23 14:51:00+00:00,738.0599975585938,738.0599975585938,738.5399780273438,738.030029296875,738.52001953125,169306
2026-07-23 14:52:00+00:00,738.35498046875,738.35498046875,738.4500122070312,738.010009765625,738.0599975585938,106301
2026-07-23 14:53:00+00:00,738.1599731445312,738.1599731445312,738.3499755859375,738.010009765625,738.3499755859375,61059
2026-07-23 14:54:00+00:00,738.1400146484375,738.1400146484375,738.280029296875,738.010009765625,738.1400146484375,73535
2026-07-23 14:55:00+00:00,738.0900268554688,738.0900268554688,738.3499755859375,738.0700073242188,738.155029296875,69954
2026-07-23 14:56:00+00:00,738.4249877929688,738.4249877929688,738.4249877929688,738.094970703125,738.094970703125,68826
2026-07-23 14:57:00+00:00,738.5050048828125,738.5050048828125,738.5800170898438,738.3499755859375,738.4000244140625,66702
2026-07-23 14:58:00+00:00,738.2000122070312,738.2000122070312,738.5050048828125,738.1500244140625,738.5,73813
2026-07-23 14:59:00+00:00,738.3099975585938,738.3099975585938,738.530029296875,738.1400146484375,738.2100219726562,75618
2026-07-23 15:00:00+00:00,738.260009765625,738.260009765625,738.47998046875,738.1799926757812,738.3200073242188,83957
2026-07-23 15:01:00+00:00,737.9299926757812,737.9299926757812,738.280029296875,737.75,738.22998046875,108999
2026-07-23 15:02:00+00:00,737.739990234375,737.739990234375,738.030029296875,737.739990234375,737.9199829101562,93991
2026-07-23 15:03:00+00:00,737.75,737.75,737.97998046875,737.6400146484375,737.739990234375,83734
2026-07-23 15:04:00+00:00,737.6599731445312,737.6599731445312,737.7449951171875,737.5,737.739990234375,86306
2026-07-23 15:05:00+00:00,737.3099975585938,737.3099975585938,737.7000122070312,737.3099975585938,737.6699829101562,119008
2026-07-23 15:06:00+00:00,737.010009765625,737.010009765625,737.3198852539062,736.9400024414062,737.2999877929688,201253
2026-07-23 15:07:00+00:00,737.3400268554688,737.3400268554688,737.5,736.969970703125,737.010009765625,152011
2026-07-23 15:08:00+00:00,737.3300170898438,737.3300170898438,737.4199829101562,737.2000122070312,737.3300170898438,128873
2026-07-23 15:09:00+00:00,737.155029296875,737.155029296875,737.52001953125,737.1298828125,737.3099975585938,229925
2026-07-23 15:10:00+00:00,737.2100219726562,737.2100219726562,737.4099731445312,736.969970703125,737.1599731445312,126254
2026-07-23 15:11:00+00:00,736.830078125,736.830078125,737.2249755859375,736.8300170898438,737.2249755859375,95090
2026-07-23 15:12:00+00:00,736.6300048828125,736.6300048828125,736.8900146484375,736.510009765625,736.8300170898438,263272
2026-07-23 15:13:00+00:00,736.8200073242188,736.8200073242188,736.8499755859375,736.5499877929688,736.6099853515625,377413
2026-07-23 15:14:00+00:00,736.6500244140625,736.6500244140625,736.8599853515625,736.4500122070312,736.7899780273438,123405
2026-07-23 15:15:00+00:00,736.8900146484375,736.8900146484375,737.0698852539062,736.5800170898438,736.6199951171875,114649
2026-07-23 15:16:00+00:00,736.8499755859375,736.8499755859375,736.9500122070312,736.6199951171875,736.8599853515625,125989
2026-07-23 15:17:00+00:00,737.0850219726562,737.0850219726562,737.1900024414062,736.8300170898438,736.85498046875,93914
2026-07-23 15:18:00+00:00,736.998291015625,736.998291015625,737.1950073242188,736.9400024414062,737.0800170898438,184537
2026-07-23 15:19:00+00:00,737.1799926757812,737.1799926757812,737.2750244140625,736.9299926757812,737.0,118112
2026-07-23 15:20:00+00:00,737.47998046875,737.47998046875,737.6900024414062,737.2000122070312,737.2000122070312,143339
2026-07-23 15:21:00+00:00,736.9450073242188,736.9450073242188,737.5700073242188,736.89501953125,737.47998046875,82430
2026-07-23 15:22:00+00:00,736.2999877929688,736.2999877929688,737.1694946289062,735.97998046875,736.9199829101562,304817
2026-07-23 15:23:00+00:00,736.4899291992188,736.4899291992188,736.75,736.3099975585938,736.3099975585938,417686
2026-07-23 15:24:00+00:00,736.669921875,736.669921875,736.77001953125,736.4500122070312,736.4849853515625,71962
2026-07-23 15:25:00+00:00,736.2999877929688,736.2999877929688,736.7203979492188,736.1900024414062,736.6699829101562,363541
2026-07-23 15:26:00+00:00,736.1950073242188,736.1950073242188,736.3099975585938,736.030029296875,736.2899780273438,89232
2026-07-23 15:27:00+00:00,736.0499877929688,736.0499877929688,736.219970703125,736.010009765625,736.1699829101562,86653
2026-07-23 15:28:00+00:00,735.8400268554688,735.8400268554688,736.3300170898438,735.8200073242188,736.0599975585938,190633
2026-07-23 15:29:00+00:00,735.9298706054688,735.9298706054688,736.0399780273438,735.8099975585938,735.8300170898438,126962
2026-07-23 15:30:00+00:00,735.469970703125,735.469970703125,736.0050048828125,735.4099731445312,735.9099731445312,175605
2026-07-23 15:31:00+00:00,735.6799926757812,735.6799926757812,735.8400268554688,735.2100219726562,735.4400024414062,161824
2026-07-23 15:32:00+00:00,736.0399780273438,736.0399780273438,736.0499877929688,735.6799926757812,735.6849975585938,120544
2026-07-23 15:33:00+00:00,736.1599731445312,736.1599731445312,736.3300170898438,735.8599853515625,736.0499877929688,175975
2026-07-23 15:34:00+00:00,736.4099731445312,736.4099731445312,736.4199829101562,736.0599975585938,736.1649780273438,176953
2026-07-23 15:35:00+00:00,736.5800170898438,736.5800170898438,736.8099975585938,736.4000244140625,736.4099731445312,157188
2026-07-23 15:36:00+00:00,736.75,736.75,736.760009765625,736.3800048828125,736.5999755859375,68354
2026-07-23 15:37:00+00:00,736.8599853515625,736.8599853515625,737.2100219726562,736.510009765625,736.75,294550
2026-07-23 15:38:00+00:00,737.3461303710938,737.3461303710938,737.375,736.8599853515625,736.8900146484375,97183
2026-07-23 15:39:00+00:00,737.3480224609375,737.3480224609375,737.4400024414062,737.0499877929688,737.35498046875,79515
2026-07-23 15:40:00+00:00,737.3599853515625,737.3599853515625,737.6599731445312,737.3300170898438,737.3400268554688,72900
2026-07-23 15:41:00+00:00,737.4500122070312,737.4500122070312,737.469970703125,737.0505981445312,737.3099975585938,66807
2026-07-23 15:42:00+00:00,736.9400024414062,736.9400024414062,737.5789794921875,736.8820190429688,737.4500122070312,270141
2026-07-23 15:43:00+00:00,736.7349853515625,736.7349853515625,737.0399780273438,736.719970703125,736.9400024414062,61847
2026-07-23 15:44:00+00:00,736.6400146484375,736.6400146484375,736.9199829101562,736.6400146484375,736.7349853515625,72404
2026-07-23 15:45:00+00:00,736.7550048828125,736.7550048828125,736.89599609375,736.3599853515625,736.6400146484375,116970
2026-07-23 15:46:00+00:00,736.5700073242188,736.5700073242188,736.869873046875,736.4500122070312,736.760009765625,87900
2026-07-23 15:47:00+00:00,736.5499877929688,736.5499877929688,736.739990234375,736.47998046875,736.5700073242188,66931
2026-07-23 15:48:00+00:00,736.6400146484375,736.6400146484375,736.7899780273438,736.52001953125,736.5584106445312,45144
2026-07-23 15:49:00+00:00,736.8961791992188,736.8961791992188,736.969970703125,736.5499877929688,736.6199951171875,35914
2026-07-23 15:50:00+00:00,736.9299926757812,736.9299926757812,737.02001953125,736.5900268554688,736.8900146484375,79380
2026-07-23 15:51:00+00:00,736.739990234375,736.739990234375,736.989990234375,736.6500244140625,736.9450073242188,55216
2026-07-23 15:52:00+00:00,736.8800048828125,736.8800048828125,737.0449829101562,736.739990234375,736.75,50667
2026-07-23 15:53:00+00:00,736.9000244140625,736.9000244140625,736.97998046875,736.7999877929688,736.8900146484375,43913
2026-07-23 15:54:00+00:00,737.3200073242188,737.3200073242188,737.3300170898438,736.9099731445312,736.9099731445312,91101
2026-07-23 15:55:00+00:00,737.3599853515625,737.3599853515625,737.4500122070312,737.280029296875,737.3300170898438,53678
2026-07-23 15:56:00+00:00,737.4000244140625,737.4000244140625,737.5900268554688,737.2100219726562,737.3599853515625,93949
2026-07-23 15:57:00+00:00,737.4199829101562,737.4199829101562,737.4450073242188,737.1199951171875,737.4099731445312,35496
2026-07-23 15:58:00+00:00,737.7150268554688,737.7150268554688,737.7698974609375,737.4000244140625,737.4400024414062,69600
2026-07-23 15:59:00+00:00,737.844970703125,737.844970703125,737.9000244140625,737.7100219726562,737.719970703125,80281
2026-07-23 16:00:00+00:00,737.9299926757812,737.9299926757812,737.9299926757812,737.6199951171875,737.844970703125,118870
2026-07-23 16:01:00+00:00,737.8499755859375,737.8499755859375,737.9600219726562,737.530029296875,737.9299926757812,75874
2026-07-23 16:02:00+00:00,738.2000122070312,738.2000122070312,738.2000122070312,737.760009765625,737.8599853515625,94455
2026-07-23 16:03:00+00:00,738.1799926757812,738.1799926757812,738.3099975585938,738.010009765625,738.1900024414062,53787
2026-07-23 16:04:00+00:00,738.0349731445312,738.0349731445312,738.1599731445312,737.9199829101562,738.1199951171875,78760
2026-07-23 16:05:00+00:00,737.6099853515625,737.6099853515625,738.1292724609375,737.5698852539062,738.0399780273438,80107
2026-07-23 16:06:00+00:00,737.75,737.75,737.989990234375,737.5499877929688,737.5999755859375,81590
2026-07-23 16:07:00+00:00,737.8311157226562,737.8311157226562,737.9000244140625,737.7100219726562,737.75,32746
2026-07-23 16:08:00+00:00,738.3300170898438,738.3300170898438,738.3800048828125,737.8200073242188,737.8200073242188,92353
2026-07-23 16:09:00+00:00,738.469970703125,738.469970703125,738.469970703125,738.2125244140625,738.3200073242188,56481
2026-07-23 16:10:00+00:00,738.5900268554688,738.5900268554688,738.5999755859375,738.4400024414062,738.469970703125,105362
2026-07-23 16:11:00+00:00,738.6400146484375,738.6400146484375,738.719970703125,738.4199829101562,738.5850219726562,86414
2026-07-23 16:12:00+00:00,738.4801025390625,738.4801025390625,738.8350219726562,738.469970703125,738.6500854492188,78313
2026-07-23 16:13:00+00:00,738.469970703125,738.469970703125,738.7490234375,738.469970703125,738.489990234375,46479
2026-07-23 16:14:00+00:00,738.6199951171875,738.6199951171875,738.760009765625,738.4500122070312,738.4600219726562,92503
2026-07-23 16:15:00+00:00,738.719970703125,738.719970703125,738.7598876953125,738.52001953125,738.6199951171875,101558
2026-07-23 16:16:00+00:00,738.6199951171875,738.6199951171875,738.7349853515625,738.47998046875,738.7100219726562,54418
2026-07-23 16:17:00+00:00,738.7999877929688,738.7999877929688,738.8300170898438,738.6199951171875,738.6199951171875,992718
2026-07-23 16:18:00+00:00,738.6599731445312,738.6599731445312,738.8049926757812,738.6099853515625,738.7899780273438,85312
2026-07-23 16:19:00+00:00,738.5700073242188,738.5700073242188,738.6599731445312,738.219970703125,738.6599731445312,58226
2026-07-23 16:20:00+00:00,738.9299926757812,738.9299926757812,738.9400024414062,738.5700073242188,738.5828247070312,46330
2026-07-23 16:21:00+00:00,739.030029296875,739.030029296875,739.1300048828125,738.8599853515625,738.9400024414062,121796
2026-07-23 16:22:00+00:00,739.25,739.25,739.280029296875,738.9099731445312,739.030029296875,88225
2026-07-23 16:23:00+00:00,739.530029296875,739.530029296875,739.6599731445312,739.1799926757812,739.25,100343
2026-07-23 16:24:00+00:00,739.4600219726562,739.4600219726562,739.64501953125,739.414306640625,739.530029296875,127399
2026-07-23 16:25:00+00:00,739.4299926757812,739.4299926757812,739.5449829101562,739.3400268554688,739.4500122070312,80043
2026-07-23 16:26:00+00:00,739.1699829101562,739.1699829101562,739.4600219726562,739.1599731445312,739.4299926757812,68316
2026-07-23 16:27:00+00:00,739.4299926757812,739.4299926757812,739.489990234375,739.1500244140625,739.1799926757812,67189
2026-07-23 16:28:00+00:00,739.4249877929688,739.4249877929688,739.469970703125,739.3099975585938,739.4400024414062,42120
2026-07-23 16:29:00+00:00,739.4500122070312,739.4500122070312,739.6199951171875,739.3099975585938,739.4199829101562,120717
2026-07-23 16:30:00+00:00,739.364990234375,739.364990234375,739.469970703125,739.1799926757812,739.4500122070312,110497
2026-07-23 16:31:00+00:00,739.3599853515625,739.3599853515625,739.489990234375,739.29248046875,739.3800048828125,35882
2026-07-23 16:32:00+00:00,739.2899780273438,739.2899780273438,739.364990234375,739.1799926757812,739.35498046875,52050
2026-07-23 16:33:00+00:00,739.2550048828125,739.2550048828125,739.4400024414062,739.2100219726562,739.280029296875,66984
2026-07-23 16:34:00+00:00,739.1199951171875,739.1199951171875,739.3599853515625,739.0599975585938,739.27001953125,62761
2026-07-23 16:35:00+00:00,739.3099975585938,739.3099975585938,739.3900146484375,738.9400024414062,739.0999755859375,96629
2026-07-23 16:36:00+00:00,739.3499755859375,739.3499755859375,739.39501953125,739.1500244140625,739.3300170898438,52675
2026-07-23 16:37:00+00:00,739.260009765625,739.260009765625,739.3499755859375,739.1229858398438,739.3400268554688,83573
2026-07-23 16:38:00+00:00,739.5599975585938,739.5599975585938,739.5700073242188,739.1199951171875,739.260009765625,45280
2026-07-23 16:39:00+00:00,739.6998901367188,739.6998901367188,739.719970703125,739.5256958007812,739.5671997070312,55465
2026-07-23 16:40:00+00:00,739.3800048828125,739.3800048828125,739.7100219726562,739.2999877929688,739.7000122070312,36855
2026-07-23 16:41:00+00:00,739.2000122070312,739.2000122070312,739.4000244140625,739.1400146484375,739.4000244140625,53400
2026-07-23 16:42:00+00:00,739.0850219726562,739.0850219726562,739.1900024414062,738.97998046875,739.1900024414062,48239
2026-07-23 16:43:00+00:00,739.1300048828125,739.1300048828125,739.2100219726562,739.030029296875,739.0800170898438,38363
2026-07-23 16:44:00+00:00,738.969970703125,738.969970703125,739.1599731445312,738.969970703125,739.1400146484375,46046
2026-07-23 16:45:00+00:00,738.389892578125,738.389892578125,738.9600219726562,738.3800048828125,738.9600219726562,91499
2026-07-23 16:46:00+00:00,738.4000244140625,738.4000244140625,738.510009765625,738.3400268554688,738.4000244140625,58967
2026-07-23 16:47:00+00:00,738.3599853515625,738.3599853515625,738.52001953125,738.2750244140625,738.39501953125,84254
2026-07-23 16:48:00+00:00,738.1798706054688,738.1798706054688,738.4500122070312,738.0900268554688,738.4099731445312,47863
2026-07-23 16:49:00+00:00,738.0250244140625,738.0250244140625,738.2999877929688,738.010009765625,738.1749877929688,68948
2026-07-23 16:50:00+00:00,737.9400024414062,737.9400024414062,738.0900268554688,737.8099975585938,738.02001953125,50131
2026-07-23 16:51:00+00:00,737.9199829101562,737.9199829101562,738.1300048828125,737.8599853515625,737.9299926757812,48483
2026-07-23 16:52:00+00:00,738.010009765625,738.010009765625,738.3400268554688,737.9099731445312,737.9400024414062,67713
2026-07-23 16:53:00+00:00,737.8699951171875,737.8699951171875,738.0,737.75,737.989990234375,74928
2026-07-23 16:54:00+00:00,737.97998046875,737.97998046875,738.0399780273438,737.8400268554688,737.8576049804688,57964
2026-07-23 16:55:00+00:00,738.25,738.25,738.4057006835938,737.97998046875,737.97998046875,53360
2026-07-23 16:56:00+00:00,738.3499755859375,738.3499755859375,738.3499755859375,738.0999755859375,738.261474609375,92725
2026-07-23 16:57:00+00:00,738.2100219726562,738.2100219726562,738.4000244140625,738.1500244140625,738.3800048828125,40867
2026-07-23 16:58:00+00:00,738.1500244140625,738.1500244140625,738.2999877929688,738.1099853515625,738.2000122070312,25827
2026-07-23 16:59:00+00:00,738.6599731445312,738.6599731445312,738.7100219726562,738.1799926757812,738.1799926757812,58656
2026-07-23 17:00:00+00:00,738.8699951171875,738.8699951171875,738.9400024414062,738.3200073242188,738.6699829101562,60977
2026-07-23 17:01:00+00:00,738.7803955078125,738.7803955078125,738.8704833984375,738.6400146484375,738.8599853515625,25572
2026-07-23 17:02:00+00:00,738.7999877929688,738.7999877929688,738.7999877929688,738.4299926757812,738.7999877929688,28515
2026-07-23 17:03:00+00:00,738.719970703125,738.719970703125,738.8300170898438,738.6099853515625,738.780029296875,27644
2026-07-23 17:04:00+00:00,738.2100219726562,738.2100219726562,738.7318115234375,738.2000122070312,738.72998046875,32750
2026-07-23 17:05:00+00:00,738.0,738.0,738.219970703125,737.7899780273438,738.219970703125,300305
2026-07-23 17:06:00+00:00,737.9299926757812,737.9299926757812,738.1898803710938,737.8300170898438,737.969970703125,37687
2026-07-23 17:07:00+00:00,738.02001953125,738.02001953125,738.219970703125,737.8699951171875,737.9000244140625,19466
2026-07-23 17:08:00+00:00,738.1099853515625,738.1099853515625,738.4199829101562,737.9199829101562,738.02001953125,33982
2026-07-23 17:09:00+00:00,738.489990234375,738.489990234375,738.489990234375,737.9299926757812,738.1300048828125,32381
2026-07-23 17:10:00+00:00,738.6500244140625,738.6500244140625,738.8300170898438,738.4299926757812,738.4600219726562,132716
2026-07-23 17:11:00+00:00,738.5700073242188,738.5700073242188,738.6300048828125,738.4299926757812,738.5999755859375,50722
2026-07-23 17:12:00+00:00,738.7650146484375,738.7650146484375,738.8400268554688,738.5700073242188,738.5900268554688,125254
2026-07-23 17:13:00+00:00,738.5800170898438,738.5800170898438,738.8300170898438,738.530029296875,738.7899780273438,38326
2026-07-23 17:14:00+00:00,738.6099853515625,738.6099853515625,738.6799926757812,738.4450073242188,738.5999755859375,58281
2026-07-23 17:15:00+00:00,738.594970703125,738.594970703125,738.6699829101562,738.4550170898438,738.5599975585938,45008
2026-07-23 17:16:00+00:00,738.7319946289062,738.7319946289062,738.9000244140625,738.6099853515625,738.6199951171875,32943
2026-07-23 17:17:00+00:00,738.280029296875,738.280029296875,738.8699951171875,738.280029296875,738.760009765625,114525
2026-07-23 17:18:00+00:00,738.3400268554688,738.3400268554688,738.5223999023438,738.1599731445312,738.280029296875,114825
2026-07-23 17:19:00+00:00,738.5250244140625,738.5250244140625,738.5250244140625,738.260009765625,738.3699951171875,212110
2026-07-23 17:20:00+00:00,738.72998046875,738.72998046875,738.9600219726562,738.5599975585938,738.5650024414062,205693
2026-07-23 17:21:00+00:00,738.5800170898438,738.5800170898438,738.8800048828125,738.5800170898438,738.780029296875,969219
2026-07-23 17:22:00+00:00,738.510009765625,738.510009765625,738.6900024414062,738.4000244140625,738.5900268554688,86486
2026-07-23 17:23:00+00:00,738.8900146484375,738.8900146484375,738.8900756835938,738.4500122070312,738.510009765625,46419
2026-07-23 17:24:00+00:00,738.989990234375,738.989990234375,739.030029296875,738.760009765625,738.905029296875,198876
2026-07-23 17:25:00+00:00,739.0900268554688,739.0900268554688,739.1199951171875,738.9000854492188,738.97998046875,76454
2026-07-23 17:26:00+00:00,739.0900268554688,739.0900268554688,739.2000122070312,738.9400024414062,739.0700073242188,63482
2026-07-23 17:27:00+00:00,738.864990234375,738.864990234375,739.1500244140625,738.780029296875,739.0800170898438,64773
2026-07-23 17:28:00+00:00,738.9600219726562,738.9600219726562,738.969970703125,738.8300170898438,738.9000244140625,47282
2026-07-23 17:29:00+00:00,738.75,738.75,738.9600219726562,738.739990234375,738.9400024414062,122267
2026-07-23 17:30:00+00:00,738.6749877929688,738.6749877929688,738.7999877929688,738.489990234375,738.739990234375,61726
2026-07-23 17:31:00+00:00,738.260009765625,738.260009765625,738.7000122070312,738.1699829101562,738.6799926757812,474241
2026-07-23 17:32:00+00:00,738.1199951171875,738.1199951171875,738.27001953125,738.0599975585938,738.25,57404
2026-07-23 17:33:00+00:00,738.1500244140625,738.1500244140625,738.3099975585938,738.0499877929688,738.1300048828125,33421
2026-07-23 17:34:00+00:00,738.0900268554688,738.0900268554688,738.25,738.0599975585938,738.1400146484375,21104
2026-07-23 17:35:00+00:00,737.6489868164062,737.6489868164062,738.1199951171875,737.6296997070312,738.0549926757812,36780
2026-07-23 17:36:00+00:00,737.5700073242188,737.5700073242188,737.739990234375,737.47998046875,737.6099853515625,38487
2026-07-23 17:37:00+00:00,737.6199951171875,737.6199951171875,737.635009765625,737.4650268554688,737.5700073242188,33022
2026-07-23 17:38:00+00:00,737.6500244140625,737.6500244140625,737.8599853515625,737.5900268554688,737.6373901367188,29065
2026-07-23 17:39:00+00:00,737.6199951171875,737.6199951171875,737.8400268554688,737.5999755859375,737.6300048828125,16764
2026-07-23 17:40:00+00:00,737.3699951171875,737.3699951171875,737.7550048828125,737.280029296875,737.6199951171875,40582
2026-07-23 17:41:00+00:00,737.5399780273438,737.5399780273438,737.5549926757812,737.27001953125,737.3499755859375,37783
2026-07-23 17:42:00+00:00,737.5599975585938,737.5599975585938,737.6165161132812,737.4299926757812,737.5150146484375,32741
2026-07-23 17:43:00+00:00,737.75,737.75,737.780029296875,737.52001953125,737.5499877929688,44269
2026-07-23 17:44:00+00:00,737.7100219726562,737.7100219726562,737.8599853515625,737.594970703125,737.7100219726562,33712
2026-07-23 17:45:00+00:00,738.0999755859375,738.0999755859375,738.1995239257812,737.5,737.7000122070312,54981
2026-07-23 17:46:00+00:00,738.125,738.125,738.25,737.9099731445312,738.0999755859375,34863
2026-07-23 17:47:00+00:00,738.1400146484375,738.1400146484375,738.27001953125,738.0599975585938,738.1599731445312,26530
2026-07-23 17:48:00+00:00,738.1599731445312,738.1599731445312,738.2301025390625,737.97998046875,738.1400146484375,41208
2026-07-23 17:49:00+00:00,738.1599731445312,738.1599731445312,738.2899780273438,738.1500244140625,738.1500244140625,21860
2026-07-23 17:50:00+00:00,738.14501953125,738.14501953125,738.219970703125,737.9400024414062,738.1699829101562,39257
2026-07-23 17:51:00+00:00,737.9299926757812,737.9299926757812,738.1900024414062,737.9000244140625,738.1400146484375,15652
2026-07-23 17:52:00+00:00,738.1099853515625,738.1099853515625,738.2399291992188,737.9299926757812,737.9400024414062,21237
2026-07-23 17:53:00+00:00,737.9182739257812,737.9182739257812,738.1199951171875,737.8400268554688,738.0900268554688,26188
2026-07-23 17:54:00+00:00,737.7100219726562,737.7100219726562,737.9400024414062,737.7000122070312,737.9089965820312,38541
2026-07-23 17:55:00+00:00,737.5750122070312,737.5750122070312,737.7098999023438,737.4500122070312,737.6500244140625,42288
2026-07-23 17:56:00+00:00,737.3900146484375,737.3900146484375,737.5900268554688,737.280029296875,737.5625,31385
2026-07-23 17:57:00+00:00,737.2100219726562,737.2100219726562,737.4199829101562,737.1799926757812,737.3800048828125,28283
2026-07-23 17:58:00+00:00,737.25,737.25,737.2999877929688,737.1300048828125,737.1799926757812,28250
2026-07-23 17:59:00+00:00,737.1900024414062,737.1900024414062,737.2899780273438,737.1400146484375,737.260009765625,19567
2026-07-23 18:00:00+00:00,737.1799926757812,737.1799926757812,737.3099975585938,737.030029296875,737.1599731445312,81357
2026-07-23 18:01:00+00:00,737.0700073242188,737.0700073242188,737.1900024414062,736.9000244140625,737.1699829101562,33957
2026-07-23 18:02:00+00:00,737.094970703125,737.094970703125,737.0999755859375,736.969970703125,737.0670166015625,19359
2026-07-23 18:03:00+00:00,737.2349853515625,737.2349853515625,737.280029296875,737.10498046875,737.1300048828125,32947
2026-07-23 18:04:00+00:00,736.97998046875,736.97998046875,737.2999877929688,736.9500122070312,737.2349853515625,44886
2026-07-23 18:05:00+00:00,737.0,737.0,737.0399780273438,736.8699951171875,736.969970703125,42989
2026-07-23 18:06:00+00:00,737.0999755859375,737.0999755859375,737.1599731445312,736.9099731445312,736.969970703125,50022
2026-07-23 18:07:00+00:00,736.8350219726562,736.8350219726562,737.0999755859375,736.8001098632812,737.0999755859375,35232
2026-07-23 18:08:00+00:00,736.9749755859375,736.9749755859375,737.0527954101562,736.8099975585938,736.8200073242188,52837
2026-07-23 18:09:00+00:00,736.8619995117188,736.8619995117188,737.030029296875,736.8599853515625,736.969970703125,28131
2026-07-23 18:10:00+00:00,737.02001953125,737.02001953125,737.0900268554688,736.8699951171875,736.8900146484375,35315
2026-07-23 18:11:00+00:00,737.0900268554688,737.0900268554688,737.1300048828125,736.9099731445312,737.030029296875,50646
2026-07-23 18:12:00+00:00,737.2999877929688,737.2999877929688,737.3699951171875,737.0609741210938,737.0900268554688,301058
2026-07-23 18:13:00+00:00,737.2349853515625,737.2349853515625,737.3200073242188,737.1500244140625,737.2999877929688,46498
2026-07-23 18:14:00+00:00,737.02978515625,737.02978515625,737.3099975585938,736.969970703125,737.22998046875,160178
2026-07-23 18:15:00+00:00,737.219970703125,737.219970703125,737.22998046875,736.9400024414062,736.9719848632812,64876
2026-07-23 18:16:00+00:00,737.1900024414062,737.1900024414062,737.3599853515625,737.0999755859375,737.219970703125,70945
2026-07-23 18:17:00+00:00,736.9199829101562,736.9199829101562,737.2550048828125,736.8800048828125,737.219970703125,45723
2026-07-23 18:18:00+00:00,736.9299926757812,736.9299926757812,737.1300048828125,736.8800048828125,736.9099731445312,66024
2026-07-23 18:19:00+00:00,737.0,737.0,737.030029296875,736.8200073242188,736.9199829101562,33509
2026-07-23 18:20:00+00:00,737.02001953125,737.02001953125,737.1300048828125,736.969970703125,737.02001953125,52820
2026-07-23 18:21:00+00:00,737.27001953125,737.27001953125,737.280029296875,736.9400024414062,737.0,43650
2026-07-23 18:22:00+00:00,737.1199951171875,737.1199951171875,737.280029296875,737.1099853515625,737.25,21467
2026-07-23 18:23:00+00:00,737.280029296875,737.280029296875,737.280029296875,737.0499877929688,737.1099853515625,23203
2026-07-23 18:24:00+00:00,737.4099731445312,737.4099731445312,737.4400024414062,737.25,737.260009765625,42520
2026-07-23 18:25:00+00:00,737.25,737.25,737.489990234375,737.1500244140625,737.4199829101562,53948
2026-07-23 18:26:00+00:00,737.1099853515625,737.1099853515625,737.3200073242188,737.0999755859375,737.27001953125,42519
2026-07-23 18:27:00+00:00,737.0349731445312,737.0349731445312,737.27001953125,737.0349731445312,737.1099853515625,43495
2026-07-23 18:28:00+00:00,737.239990234375,737.239990234375,737.3499755859375,737.0599975585938,737.0599975585938,38003
2026-07-23 18:29:00+00:00,737.4199829101562,737.4199829101562,737.4500122070312,737.260009765625,737.280029296875,40298
2026-07-23 18:30:00+00:00,737.489990234375,737.489990234375,737.607421875,737.3200073242188,737.4149780273438,58856
2026-07-23 18:31:00+00:00,737.5599975585938,737.5599975585938,737.614990234375,737.4600219726562,737.4749755859375,80447
2026-07-23 18:32:00+00:00,737.4199829101562,737.4199829101562,737.6099853515625,737.3699951171875,737.5499877929688,56448
2026-07-23 18:33:00+00:00,737.489990234375,737.489990234375,737.489990234375,737.3499755859375,737.4099731445312,36966
2026-07-23 18:34:00+00:00,737.5999755859375,737.5999755859375,737.6599731445312,737.489990234375,737.5,46559
2026-07-23 18:35:00+00:00,737.2899780273438,737.2899780273438,737.6900024414062,737.2899780273438,737.5800170898438,69838
2026-07-23 18:36:00+00:00,737.0549926757812,737.0549926757812,737.3900146484375,737.0399780273438,737.2899780273438,101797
2026-07-23 18:37:00+00:00,737.0150146484375,737.0150146484375,737.1099853515625,736.8300170898438,737.0549926757812,62628
2026-07-23 18:38:00+00:00,736.9099731445312,736.9099731445312,737.0499877929688,736.8400268554688,737.010009765625,40952
2026-07-23 18:39:00+00:00,736.9299926757812,736.9299926757812,737.029296875,736.8400268554688,736.9099731445312,51976
2026-07-23 18:40:00+00:00,737.02001953125,737.02001953125,737.02001953125,736.8300170898438,736.9299926757812,67938
2026-07-23 18:41:00+00:00,736.739990234375,736.739990234375,737.02001953125,736.6799926757812,737.02001953125,58734
2026-07-23 18:42:00+00:00,736.8101196289062,736.8101196289062,736.8599853515625,736.6099853515625,736.72998046875,190154
2026-07-23 18:43:00+00:00,736.8099975585938,736.8099975585938,736.8699951171875,736.7000122070312,736.8300170898438,61207
2026-07-23 18:44:00+00:00,736.8400268554688,736.8400268554688,736.9000244140625,736.739990234375,736.8200073242188,37666
2026-07-23 18:45:00+00:00,737.0800170898438,737.0800170898438,737.1599731445312,736.8300170898438,736.8300170898438,78428
2026-07-23 18:46:00+00:00,737.1799926757812,737.1799926757812,737.22998046875,737.0999755859375,737.0999755859375,49355
2026-07-23 18:47:00+00:00,737.3800048828125,737.3800048828125,737.3900146484375,737.1799926757812,737.1799926757812,60185
2026-07-23 18:48:00+00:00,737.4000244140625,737.4000244140625,737.4500122070312,737.260009765625,737.4099731445312,54577
2026-07-23 18:49:00+00:00,737.2999877929688,737.2999877929688,737.4500122070312,737.2000122070312,737.4199829101562,341423
2026-07-23 18:50:00+00:00,737.1950073242188,737.1950073242188,737.3699951171875,737.1199951171875,737.2999877929688,103964
2026-07-23 18:51:00+00:00,737.1900024414062,737.1900024414062,737.3300170898438,737.1199951171875,737.2000122070312,39162
2026-07-23 18:52:00+00:00,737.1900024414062,737.1900024414062,737.2899780273438,737.0800170898438,737.2100219726562,49062
2026-07-23 18:53:00+00:00,737.1099853515625,737.1099853515625,737.25,737.0599975585938,737.1699829101562,40998
2026-07-23 18:54:00+00:00,736.719970703125,736.719970703125,737.1400146484375,736.6868286132812,737.1199951171875,61853
2026-07-23 18:55:00+00:00,736.7899780273438,736.7899780273438,736.8200073242188,736.6400146484375,736.7100219726562,166529
2026-07-23 18:56:00+00:00,736.8099975585938,736.8099975585938,736.8499755859375,736.6500244140625,736.8300170898438,157529
2026-07-23 18:57:00+00:00,736.7449951171875,736.7449951171875,736.8300170898438,736.7150268554688,736.8200073242188,68414
2026-07-23 18:58:00+00:00,736.8300170898438,736.8300170898438,736.8300170898438,736.6300048828125,736.75,46171
2026-07-23 18:59:00+00:00,737.0499877929688,737.0499877929688,737.0599975585938,736.7899780273438,736.8289794921875,52991
2026-07-23 19:00:00+00:00,737.27001953125,737.27001953125,737.3900146484375,737.0399780273438,737.0800170898438,96371
2026-07-23 19:01:00+00:00,737.1400146484375,737.1400146484375,737.27001953125,737.0900268554688,737.25,72569
2026-07-23 19:02:00+00:00,737.22998046875,737.22998046875,737.260009765625,737.0999755859375,737.1300048828125,45881
2026-07-23 19:03:00+00:00,736.8400268554688,736.8400268554688,737.219970703125,736.8300170898438,737.219970703125,73118
2026-07-23 19:04:00+00:00,736.7999877929688,736.7999877929688,736.9099731445312,736.780029296875,736.8200073242188,52708
2026-07-23 19:05:00+00:00,736.89501953125,736.89501953125,736.9000244140625,736.7000122070312,736.7999877929688,64349
2026-07-23 19:06:00+00:00,736.8800048828125,736.8800048828125,736.918701171875,736.7999877929688,736.8900146484375,35333
2026-07-23 19:07:00+00:00,736.780029296875,736.780029296875,736.905029296875,736.77001953125,736.8900146484375,40485
2026-07-23 19:08:00+00:00,736.9600219726562,736.9600219726562,736.9600219726562,736.7650146484375,736.780029296875,75989
2026-07-23 19:09:00+00:00,736.72998046875,736.72998046875,736.9600219726562,736.719970703125,736.9550170898438,41534
2026-07-23 19:10:00+00:00,736.5399780273438,736.5399780273438,736.719970703125,736.5,736.719970703125,0
2026-07-23 19:11:00+00:00,736.6699829101562,736.6699829101562,736.6950073242188,736.469970703125,736.530029296875,69446
2026-07-23 19:12:00+00:00,736.719970703125,736.719970703125,736.875,736.6699829101562,736.6699829101562,70895
2026-07-23 19:13:00+00:00,736.6699829101562,736.6699829101562,736.780029296875,736.6199951171875,736.72998046875,47522
2026-07-23 19:14:00+00:00,736.5999755859375,736.5999755859375,736.719970703125,736.5999755859375,736.669921875,38650
2026-07-23 19:15:00+00:00,736.760009765625,736.760009765625,736.8900146484375,736.5900268554688,736.5999755859375,56630
2026-07-23 19:16:00+00:00,736.8699951171875,736.8699951171875,736.9450073242188,736.72998046875,736.77001953125,55789
2026-07-23 19:17:00+00:00,737.010009765625,737.010009765625,737.1599731445312,736.8599853515625,736.8800048828125,116223
2026-07-23 19:18:00+00:00,736.9199829101562,736.9199829101562,737.030029296875,736.7899780273438,737.010009765625,54834
2026-07-23 19:19:00+00:00,736.9500122070312,736.9500122070312,737.0,736.8800048828125,736.9099731445312,56010
2026-07-23 19:20:00+00:00,737.27001953125,737.27001953125,737.3099975585938,736.9500122070312,736.969970703125,174998
2026-07-23 19:21:00+00:00,737.4199829101562,737.4199829101562,737.5217895507812,737.260009765625,737.280029296875,102317
2026-07-23 19:22:00+00:00,737.3400268554688,737.3400268554688,737.5599975585938,737.260009765625,737.4299926757812,75313
2026-07-23 19:23:00+00:00,737.4500122070312,737.4500122070312,737.489990234375,737.2999877929688,737.3099975585938,56731
2026-07-23 19:24:00+00:00,737.6199951171875,737.6199951171875,737.6300048828125,737.4199829101562,737.469970703125,41650
2026-07-23 19:25:00+00:00,737.760009765625,737.760009765625,737.9000244140625,737.6099853515625,737.6199951171875,107465
2026-07-23 19:26:00+00:00,737.7109985351562,737.7109985351562,737.8300170898438,737.6500244140625,737.75,196121
2026-07-23 19:27:00+00:00,737.72998046875,737.72998046875,737.8699951171875,737.6199951171875,737.719970703125,82618
2026-07-23 19:28:00+00:00,737.4299926757812,737.4299926757812,737.8250122070312,737.4000244140625,737.72998046875,62376
2026-07-23 19:29:00+00:00,737.47998046875,737.47998046875,737.5,737.3200073242188,737.4349975585938,45235
2026-07-23 19:30:00+00:00,737.6099853515625,737.6099853515625,737.739990234375,737.3900146484375,737.489990234375,95196
2026-07-23 19:31:00+00:00,737.010009765625,737.010009765625,737.6099853515625,736.989990234375,737.6099853515625,95384
2026-07-23 19:32:00+00:00,736.9600219726562,736.9600219726562,737.1699829101562,736.9299926757812,737.010009765625,120216
2026-07-23 19:33:00+00:00,736.9299926757812,736.9299926757812,737.0800170898438,736.6799926757812,736.9500122070312,117847
2026-07-23 19:34:00+00:00,737.1500244140625,737.1500244140625,737.280029296875,736.9398803710938,736.9400024414062,151988
2026-07-23 19:35:00+00:00,737.010009765625,737.010009765625,737.219970703125,736.989990234375,737.14501953125,230150
2026-07-23 19:36:00+00:00,737.0250244140625,737.0250244140625,737.0499877929688,736.8350219726562,737.0,105436
2026-07-23 19:37:00+00:00,737.0499267578125,737.0499267578125,737.1600952148438,736.9600219726562,737.02001953125,95389
2026-07-23 19:38:00+00:00,736.8599853515625,736.8599853515625,737.1400146484375,736.8300170898438,737.0399780273438,108325
2026-07-23 19:39:00+00:00,736.8900146484375,736.8900146484375,737.0399780273438,736.8499755859375,736.8499755859375,163027
2026-07-23 19:40:00+00:00,736.8300170898438,736.8300170898438,736.97998046875,736.7949829101562,736.8699951171875,105155
2026-07-23 19:41:00+00:00,736.7750244140625,736.7750244140625,736.8200073242188,736.6400146484375,736.8200073242188,89811
2026-07-23 19:42:00+00:00,736.4099731445312,736.4099731445312,736.7999877929688,736.3900146484375,736.77001953125,188086
2026-07-23 19:43:00+00:00,736.4500122070312,736.4500122070312,736.47998046875,736.27001953125,736.4000244140625,209915
2026-07-23 19:44:00+00:00,736.25,736.25,736.4550170898438,736.25,736.4500122070312,1161303
2026-07-23 19:45:00+00:00,736.22998046875,736.22998046875,736.4000244140625,736.1828002929688,736.260009765625,203675
2026-07-23 19:46:00+00:00,736.0,736.0,736.280029296875,735.97998046875,736.239990234375,118191
2026-07-23 19:47:00+00:00,736.1500244140625,736.1500244140625,736.2899780273438,735.8699951171875,736.010009765625,145970
2026-07-23 19:48:00+00:00,735.97998046875,735.97998046875,736.2100219726562,735.9600219726562,736.1500244140625,221303
2026-07-23 19:49:00+00:00,735.9249877929688,735.9249877929688,736.030029296875,735.719970703125,735.97998046875,299819
2026-07-23 19:50:00+00:00,736.780029296875,736.780029296875,736.97998046875,735.9299926757812,735.9299926757812,865598
2026-07-23 19:51:00+00:00,736.8099975585938,736.8099975585938,736.8400268554688,736.4400024414062,736.7849731445312,310721
2026-07-23 19:52:00+00:00,736.5999755859375,736.5999755859375,736.8900146484375,736.4400024414062,736.8099975585938,162034
2026-07-23 19:53:00+00:00,736.3400268554688,736.3400268554688,736.6099853515625,736.219970703125,736.5999755859375,329953
2026-07-23 19:54:00+00:00,736.7100219726562,736.7100219726562,736.72998046875,736.2000122070312,736.3400268554688,769102
2026-07-23 19:55:00+00:00,737.5349731445312,737.5349731445312,737.5499877929688,736.72998046875,736.72998046875,660955
2026-07-23 19:56:00+00:00,737.6199951171875,737.6199951171875,737.6599731445312,737.4248046875,737.530029296875,650487
2026-07-23 19:57:00+00:00,738.0405883789062,738.0405883789062,738.0850219726562,737.5900268554688,737.6199951171875,1111449
2026-07-23 19:58:00+00:00,738.4400024414062,738.4400024414062,738.530029296875,738.0499877929688,738.0599975585938,1175226
2026-07-23 19:59:00+00:00,738.1699829101562,738.1699829101562,738.6400146484375,738.0499877929688,738.4400024414062,1515683
2026-07-24 13:30:00+00:00,738.7750244140625,738.7750244140625,739.0499877929688,738.4600219726562,738.510009765625,1021021
2026-07-24 13:31:00+00:00,738.7999877929688,738.7999877929688,738.9000244140625,738.4199829101562,738.7899780273438,179421
2026-07-24 13:32:00+00:00,739.1799926757812,739.1799926757812,739.4000244140625,738.7899780273438,738.8099975585938,105626
2026-07-24 13:33:00+00:00,739.0700073242188,739.0700073242188,739.5,738.97998046875,739.1500244140625,107151
2026-07-24 13:34:00+00:00,739.277099609375,739.277099609375,739.3499755859375,739.0900268554688,739.1199951171875,53894
2026-07-24 13:35:00+00:00,739.369873046875,739.369873046875,739.6500244140625,739.239990234375,739.2899780273438,98452
2026-07-24 13:36:00+00:00,738.969970703125,738.969970703125,739.3200073242188,738.8800048828125,739.3200073242188,110745
2026-07-24 13:37:00+00:00,739.530029296875,739.530029296875,739.5999755859375,738.97998046875,738.97998046875,81382
2026-07-24 13:38:00+00:00,739.2899780273438,739.2899780273438,739.6599731445312,739.280029296875,739.5499877929688,70641
2026-07-24 13:39:00+00:00,739.1099853515625,739.1099853515625,739.27001953125,739.010009765625,739.27001953125,53885
2026-07-24 13:40:00+00:00,738.9199829101562,738.9199829101562,739.1400146484375,738.7899780273438,739.0999755859375,135465
2026-07-24 13:41:00+00:00,738.97802734375,738.97802734375,739.1400756835938,738.8599853515625,738.9600219726562,62156
2026-07-24 13:42:00+00:00,738.8499755859375,738.8499755859375,739.0599975585938,738.6699829101562,739.0,84769
2026-07-24 13:43:00+00:00,738.780029296875,738.780029296875,738.9299926757812,738.719970703125,738.844970703125,55987
2026-07-24 13:44:00+00:00,738.8101196289062,738.8101196289062,738.905029296875,738.6599731445312,738.77001953125,68251
2026-07-24 13:45:00+00:00,738.9724731445312,738.9724731445312,739.0800170898438,738.5700073242188,738.8099975585938,76838
2026-07-24 13:46:00+00:00,739.3150024414062,739.3150024414062,739.3200073242188,738.8200073242188,738.989990234375,97305
2026-07-24 13:47:00+00:00,739.4349975585938,739.4349975585938,739.5750122070312,739.219970703125,739.3049926757812,136096
2026-07-24 13:48:00+00:00,739.509521484375,739.509521484375,739.6900024414062,739.3300170898438,739.4500122070312,83168
2026-07-24 13:49:00+00:00,739.8200073242188,739.8200073242188,739.8800048828125,739.5,739.5,89121
2026-07-24 13:50:00+00:00,738.9600219726562,738.9600219726562,739.8099975585938,738.5599975585938,739.8099975585938,200465
2026-07-24 13:51:00+00:00,738.2999877929688,738.2999877929688,739.0399780273438,738.2000122070312,738.9760131835938,167974
2026-07-24 13:52:00+00:00,738.030029296875,738.030029296875,738.3200073242188,737.9000244140625,738.2899780273438,158671
2026-07-24 13:53:00+00:00,737.8599853515625,737.8599853515625,738.1099853515625,737.8499755859375,738.02001953125,104877
2026-07-24 13:54:00+00:00,737.8400268554688,737.8400268554688,737.989990234375,737.6900024414062,737.8599243164062,126629
2026-07-24 13:55:00+00:00,737.5399780273438,737.5399780273438,737.8699951171875,737.4299926757812,737.8300170898438,100982
2026-07-24 13:56:00+00:00,737.6500244140625,737.6500244140625,737.9199829101562,737.4500122070312,737.5499877929688,123485
2026-07-24 13:57:00+00:00,737.77001953125,737.77001953125,737.9500122070312,737.5800170898438,737.6699829101562,108745
2026-07-24 13:58:00+00:00,737.9550170898438,737.9550170898438,738.2000122070312,737.760009765625,737.8200073242188,86869
2026-07-24 13:59:00+00:00,737.530029296875,737.530029296875,737.989990234375,737.5,737.9400024414062,60194
2026-07-24 14:00:00+00:00,738.1998901367188,738.1998901367188,738.2000122070312,738.0900268554688,738.1099853515625,168498
2026-07-24 14:01:00+00:00,738.1400146484375,738.1400146484375,738.3699951171875,737.8900146484375,738.2000122070312,274854
2026-07-24 14:02:00+00:00,738.260009765625,738.260009765625,738.6701049804688,738.1400146484375,738.1400146484375,161117
2026-07-24 14:03:00+00:00,738.4251098632812,738.4251098632812,738.4600219726562,737.8699951171875,738.280029296875,94285
2026-07-24 14:04:00+00:00,737.7440185546875,737.7440185546875,738.530029296875,737.6799926757812,738.4299926757812,78313
2026-07-24 14:05:00+00:00,738.1300048828125,738.1300048828125,738.22998046875,737.6799926757812,737.7899780273438,84187
2026-07-24 14:06:00+00:00,738.02001953125,738.02001953125,738.22998046875,737.5700073242188,738.1099853515625,149510
2026-07-24 14:07:00+00:00,738.2999877929688,738.2999877929688,738.4299926757812,737.8400268554688,737.9949951171875,79217
2026-07-24 14:08:00+00:00,739.0,739.0,739.0399780273438,738.260009765625,738.3099975585938,82865
2026-07-24 14:09:00+00:00,739.2999877929688,739.2999877929688,739.489990234375,738.89501953125,739.0150146484375,93955
2026-07-24 14:10:00+00:00,739.4099731445312,739.4099731445312,739.4400024414062,739.0900268554688,739.2650146484375,80772
2026-07-24 14:11:00+00:00,739.280029296875,739.280029296875,739.4749755859375,739.22998046875,739.39501953125,74304
2026-07-24 14:12:00+00:00,738.9400024414062,738.9400024414062,739.3699951171875,738.875,739.260009765625,77990
2026-07-24 14:13:00+00:00,739.3200073242188,739.3200073242188,739.4199829101562,738.8250122070312,738.9400024414062,121374
2026-07-24 14:14:00+00:00,739.5394897460938,739.5394897460938,739.905029296875,739.3099975585938,739.3400268554688,578501
2026-07-24 14:15:00+00:00,739.0999755859375,739.0999755859375,739.7100219726562,739.0999755859375,739.5399780273438,81199
2026-07-24 14:16:00+00:00,739.0700073242188,739.0700073242188,739.2100219726562,738.8499755859375,739.10498046875,145289
2026-07-24 14:17:00+00:00,738.6199951171875,738.6199951171875,739.0800170898438,738.2999877929688,739.0700073242188,167790
2026-07-24 14:18:00+00:00,738.2454833984375,738.2454833984375,738.8400268554688,738.2249755859375,738.5900268554688,103744
2026-07-24 14:19:00+00:00,738.5349731445312,738.5349731445312,738.5499877929688,738.0,738.239990234375,495902
2026-07-24 14:20:00+00:00,738.6400146484375,738.6400146484375,738.7000122070312,738.1599731445312,738.530029296875,64100
2026-07-24 14:21:00+00:00,739.25,739.25,739.3499755859375,738.5399780273438,738.6300048828125,95239
2026-07-24 14:22:00+00:00,739.3599853515625,739.3599853515625,739.5499877929688,739.2100219726562,739.22998046875,70392
2026-07-24 14:23:00+00:00,739.8099975585938,739.8099975585938,739.9500122070312,739.3599853515625,739.364990234375,95067
2026-07-24 14:24:00+00:00,739.5399780273438,739.5399780273438,739.8200073242188,739.4299926757812,739.7999877929688,76488
2026-07-24 14:25:00+00:00,739.3300170898438,739.3300170898438,739.6599731445312,739.1099853515625,739.5599975585938,82811
2026-07-24 14:26:00+00:00,739.4600219726562,739.4600219726562,739.6300048828125,739.2100219726562,739.3499755859375,62137
2026-07-24 14:27:00+00:00,739.1300048828125,739.1300048828125,739.719970703125,738.969970703125,739.4600219726562,152107
2026-07-24 14:28:00+00:00,739.2899780273438,739.2899780273438,739.4000244140625,739.030029296875,739.1199951171875,54625
2026-07-24 14:29:00+00:00,739.1799926757812,739.1799926757812,739.489990234375,739.1799926757812,739.2899780273438,38669
2026-07-24 14:30:00+00:00,738.77001953125,738.77001953125,739.22998046875,738.5800170898438,739.1900024414062,98010
2026-07-24 14:31:00+00:00,739.02001953125,739.02001953125,739.0349731445312,738.6702880859375,738.760009765625,83553
2026-07-24 14:32:00+00:00,738.719970703125,738.719970703125,739.0399780273438,738.6400146484375,739.02001953125,66875
2026-07-24 14:33:00+00:00,738.7150268554688,738.7150268554688,738.969970703125,738.6099853515625,738.72998046875,61182
2026-07-24 14:34:00+00:00,738.3400268554688,738.3400268554688,738.8200073242188,738.3300170898438,738.7100219726562,103060
2026-07-24 14:35:00+00:00,738.7098999023438,738.7098999023438,738.7899780273438,738.280029296875,738.3350219726562,93914
2026-07-24 14:36:00+00:00,738.5100708007812,738.5100708007812,738.8200073242188,738.510009765625,738.7100219726562,45450
2026-07-24 14:37:00+00:00,738.4099731445312,738.4099731445312,738.635009765625,738.4000244140625,738.510009765625,42385
2026-07-24 14:38:00+00:00,738.3900146484375,738.3900146484375,738.6199951171875,738.3800048828125,738.4199829101562,42339
2026-07-24 14:39:00+00:00,738.0599975585938,738.0599975585938,738.5399780273438,737.9099731445312,738.3900146484375,107475
2026-07-24 14:40:00+00:00,738.219970703125,738.219970703125,738.3499755859375,737.9000244140625,738.030029296875,357048
2026-07-24 14:41:00+00:00,738.1599731445312,738.1599731445312,738.3400268554688,737.9400024414062,738.2100219726562,84961
2026-07-24 14:42:00+00:00,737.9749755859375,737.9749755859375,738.27001953125,737.8400268554688,738.1599731445312,108561
2026-07-24 14:43:00+00:00,738.030029296875,738.030029296875,738.135009765625,737.9000244140625,737.969970703125,52516
2026-07-24 14:44:00+00:00,737.905029296875,737.905029296875,738.3200073242188,737.8499755859375,738.0349731445312,64795
2026-07-24 14:45:00+00:00,737.530029296875,737.530029296875,737.9299926757812,737.52001953125,737.8900146484375,46118
2026-07-24 14:46:00+00:00,738.0700073242188,738.0700073242188,738.0700073242188,737.4299926757812,737.5299072265625,108975
2026-07-24 14:47:00+00:00,737.719970703125,737.719970703125,738.260009765625,737.5700073242188,738.0223999023438,66126
2026-07-24 14:48:00+00:00,737.9000244140625,737.9000244140625,737.905029296875,737.719970703125,737.719970703125,41570
2026-07-24 14:49:00+00:00,738.530029296875,738.530029296875,738.5499877929688,737.8624267578125,737.8900146484375,78524
2026-07-24 14:50:00+00:00,739.0800170898438,739.0800170898438,739.0900268554688,738.530029296875,738.5349731445312,91245
2026-07-24 14:51:00+00:00,739.18798828125,739.18798828125,739.2800903320312,738.9500122070312,739.0700073242188,79475
2026-07-24 14:52:00+00:00,738.7150268554688,738.7150268554688,739.2899780273438,738.6749877929688,739.1699829101562,103196
2026-07-24 14:53:00+00:00,739.2000122070312,739.2000122070312,739.3200073242188,738.6400146484375,738.7100219726562,57574
2026-07-24 14:54:00+00:00,739.010009765625,739.010009765625,739.2490234375,738.6799926757812,739.1900024414062,37121
2026-07-24 14:55:00+00:00,739.385009765625,739.385009765625,739.4400024414062,739.010009765625,739.010009765625,54816
2026-07-24 14:56:00+00:00,739.511474609375,739.511474609375,739.5250244140625,739.2501220703125,739.3699951171875,59520
2026-07-24 14:57:00+00:00,740.02001953125,740.02001953125,740.1199951171875,739.530029296875,739.5399780273438,131761
2026-07-24 14:58:00+00:00,740.4199829101562,740.4199829101562,740.4199829101562,739.8400268554688,740.0399780273438,86269
2026-07-24 14:59:00+00:00,740.5900268554688,740.5900268554688,740.7000122070312,740.4099731445312,740.4249877929688,125459
2026-07-24 15:00:00+00:00,740.8599853515625,740.8599853515625,740.8699951171875,740.3300170898438,740.5900268554688,140844
2026-07-24 15:01:00+00:00,740.47998046875,740.47998046875,740.9600219726562,740.4199829101562,740.8599853515625,88745
2026-07-24 15:02:00+00:00,740.489990234375,740.489990234375,740.5399780273438,740.25,740.4600219726562,733902
2026-07-24 15:03:00+00:00,740.3900146484375,740.3900146484375,740.5651245117188,740.2899780273438,740.47998046875,46952
2026-07-24 15:04:00+00:00,740.239990234375,740.239990234375,740.469970703125,740.2100219726562,740.4000244140625,56540
2026-07-24 15:05:00+00:00,740.4099731445312,740.4099731445312,740.489990234375,740.2150268554688,740.22998046875,50927
2026-07-24 15:06:00+00:00,740.0999755859375,740.0999755859375,740.5349731445312,740.0900268554688,740.3900146484375,65997
2026-07-24 15:07:00+00:00,740.2210083007812,740.2210083007812,740.22998046875,739.8400268554688,740.0900268554688,46087
2026-07-24 15:08:00+00:00,740.25,740.25,740.6400146484375,740.1699829101562,740.22998046875,88566
2026-07-24 15:09:00+00:00,739.6998901367188,739.6998901367188,740.3400268554688,739.6599731445312,740.25,58852
2026-07-24 15:10:00+00:00,740.72998046875,740.72998046875,740.9099731445312,739.5800170898438,739.6900024414062,190134
2026-07-24 15:11:00+00:00,740.9099731445312,740.9099731445312,741.8499755859375,740.6300048828125,740.6699829101562,229653
2026-07-24 15:12:00+00:00,740.9650268554688,740.9650268554688,741.280029296875,740.9000244140625,740.9249877929688,85513
2026-07-24 15:13:00+00:00,740.864990234375,740.864990234375,741.0700073242188,740.77001953125,740.9600219726562,121407
2026-07-24 15:14:00+00:00,741.8800048828125,741.8800048828125,742.1699829101562,740.8300170898438,740.8499755859375,146031
2026-07-24 15:15:00+00:00,742.8099975585938,742.8099975585938,743.0,741.7100219726562,741.8599853515625,346095
2026-07-24 15:16:00+00:00,742.1900024414062,742.1900024414062,743.0,742.1900024414062,742.780029296875,149224
2026-07-24 15:17:00+00:00,741.8599853515625,741.8599853515625,742.4249877929688,741.8400268554688,742.1900024414062,109968
2026-07-24 15:18:00+00:00,741.8300170898438,741.8300170898438,742.2166137695312,741.6300048828125,741.89501953125,59492
2026-07-24 15:19:00+00:00,741.4774780273438,741.4774780273438,742.0,741.3400268554688,741.8200073242188,71392
2026-07-24 15:20:00+00:00,742.0399780273438,742.0399780273438,742.27001953125,741.4099731445312,741.4949951171875,130599
2026-07-24 15:21:00+00:00,742.2100219726562,742.2100219726562,742.2999877929688,742.0,742.0050048828125,65649
2026-07-24 15:22:00+00:00,742.2150268554688,742.2150268554688,742.4072875976562,742.114990234375,742.2000122070312,86327
2026-07-24 15:23:00+00:00,742.5,742.5,742.6500244140625,742.1799926757812,742.1900024414062,59237
2026-07-24 15:24:00+00:00,742.3699951171875,742.3699951171875,742.6199951171875,742.3300170898438,742.5050048828125,111990
2026-07-24 15:25:00+00:00,742.6400146484375,742.6400146484375,742.6400146484375,742.3300170898438,742.39501953125,39269
2026-07-24 15:26:00+00:00,742.5499877929688,742.5499877929688,742.7899780273438,742.5499877929688,742.6699829101562,41614
2026-07-24 15:27:00+00:00,742.7800903320312,742.7800903320312,742.9000244140625,742.5499877929688,742.5499877929688,55091
2026-07-24 15:28:00+00:00,742.7899780273438,742.7899780273438,743.1300048828125,742.7899780273438,742.85498046875,83556
2026-07-24 15:29:00+00:00,742.6099853515625,742.6099853515625,742.8699951171875,742.4998779296875,742.8099975585938,193759
2026-07-24 15:30:00+00:00,742.5900268554688,742.5900268554688,742.6527099609375,742.3499755859375,742.5999755859375,75824
2026-07-24 15:31:00+00:00,742.7899780273438,742.7899780273438,742.9000244140625,742.5900268554688,742.5900268554688,37277
2026-07-24 15:32:00+00:00,742.3699951171875,742.3699951171875,742.8300170898438,742.3699951171875,742.780029296875,41655
2026-07-24 15:33:00+00:00,742.2999877929688,742.2999877929688,742.530029296875,742.219970703125,742.3599853515625,34366
2026-07-24 15:34:00+00:00,742.0800170898438,742.0800170898438,742.4600219726562,742.0499877929688,742.2999877929688,53474
2026-07-24 15:35:00+00:00,742.4299926757812,742.4299926757812,742.4500122070312,742.030029296875,742.0449829101562,54886
2026-07-24 15:36:00+00:00,742.5800170898438,742.5800170898438,742.5900268554688,742.27001953125,742.4600219726562,51252
2026-07-24 15:37:00+00:00,742.6849975585938,742.6849975585938,742.7100219726562,742.1900024414062,742.5800170898438,46488
2026-07-24 15:38:00+00:00,743.0,743.0,743.030029296875,742.6500244140625,742.6749877929688,36618
2026-07-24 15:39:00+00:00,743.0700073242188,743.0700073242188,743.1580200195312,742.969970703125,742.989990234375,128879
2026-07-24 15:40:00+00:00,743.010009765625,743.010009765625,743.25,743.010009765625,743.0599975585938,52817
2026-07-24 15:41:00+00:00,742.6699829101562,742.6699829101562,743.030029296875,742.5499877929688,743.02001953125,87971
2026-07-24 15:42:00+00:00,742.52001953125,742.52001953125,742.760009765625,742.4099731445312,742.6400756835938,45879
2026-07-24 15:43:00+00:00,742.1799926757812,742.1799926757812,742.6300048828125,742.0289916992188,742.5399780273438,57674
2026-07-24 15:44:00+00:00,742.2899780273438,742.2899780273438,742.4400024414062,742.1799926757812,742.1799926757812,28697
2026-07-24 15:45:00+00:00,742.4600219726562,742.4600219726562,742.6500244140625,742.27001953125,742.2899780273438,52097
2026-07-24 15:46:00+00:00,742.4149780273438,742.4149780273438,742.6199951171875,742.4149780273438,742.5,32796
2026-07-24 15:47:00+00:00,742.239990234375,742.239990234375,742.5800170898438,742.1799926757812,742.4199829101562,32871
2026-07-24 15:48:00+00:00,742.3499755859375,742.3499755859375,742.3800048828125,742.0,742.239990234375,64285
2026-07-24 15:49:00+00:00,742.1300048828125,742.1300048828125,742.3447875976562,742.0599975585938,742.3400268554688,33828
2026-07-24 15:50:00+00:00,742.6599731445312,742.6599731445312,742.6900024414062,742.1300048828125,742.135009765625,82812
2026-07-24 15:51:00+00:00,742.4400024414062,742.4400024414062,742.7899780273438,742.4299926757812,742.6599731445312,39612
2026-07-24 15:52:00+00:00,742.280029296875,742.280029296875,742.5650024414062,742.1900024414062,742.4401245117188,69037
2026-07-24 15:53:00+00:00,742.5900268554688,742.5900268554688,742.5900268554688,742.1799926757812,742.280029296875,127379
2026-07-24 15:54:00+00:00,742.5599975585938,742.5599975585938,742.72998046875,742.47998046875,742.5999755859375,33100
2026-07-24 15:55:00+00:00,742.6300048828125,742.6300048828125,742.7899780273438,742.52001953125,742.5599975585938,143692
2026-07-24 15:56:00+00:00,742.8524780273438,742.8524780273438,742.9000244140625,742.6400146484375,742.6500244140625,41194
2026-07-24 15:57:00+00:00,742.760009765625,742.760009765625,742.9500122070312,742.7501220703125,742.8499755859375,49796
2026-07-24 15:58:00+00:00,742.9400024414062,742.9400024414062,743.0,742.6500244140625,742.739990234375,30838
2026-07-24 15:59:00+00:00,743.0150146484375,743.0150146484375,743.1099853515625,742.9099731445312,742.9400024414062,45130
2026-07-24 16:00:00+00:00,742.72998046875,742.72998046875,743.0800170898438,742.6799926757812,743.0399780273438,510010
2026-07-24 16:01:00+00:00,742.844970703125,742.844970703125,742.8599853515625,742.6400146484375,742.72998046875,51961
2026-07-24 16:02:00+00:00,742.8499755859375,742.8499755859375,742.8900146484375,742.739990234375,742.8099975585938,38256
2026-07-24 16:03:00+00:00,742.97998046875,742.97998046875,743.0150146484375,742.8099975585938,742.8300170898438,28533
2026-07-24 16:04:00+00:00,743.2100219726562,743.2100219726562,743.239990234375,742.9600219726562,742.969970703125,38786
2026-07-24 16:05:00+00:00,743.1699829101562,743.1699829101562,743.2899780273438,743.10498046875,743.2000122070312,51175
2026-07-24 16:06:00+00:00,742.9949951171875,742.9949951171875,743.239990234375,742.9949951171875,743.1900024414062,234162
2026-07-24 16:07:00+00:00,743.4849853515625,743.4849853515625,743.52001953125,742.9400024414062,743.010009765625,81608
2026-07-24 16:08:00+00:00,743.3400268554688,743.3400268554688,743.5499877929688,743.2999877929688,743.47998046875,41375
2026-07-24 16:09:00+00:00,743.280029296875,743.280029296875,743.4099731445312,743.260009765625,743.3499755859375,45937
2026-07-24 16:10:00+00:00,743.6900024414062,743.6900024414062,743.719970703125,743.27001953125,743.2999877929688,74715
2026-07-24 16:11:00+00:00,743.4199829101562,743.4199829101562,743.719970703125,743.4000244140625,743.7050170898438,65061
2026-07-24 16:12:00+00:00,743.2899780273438,743.2899780273438,743.5615844726562,743.2899780273438,743.4099731445312,62073
2026-07-24 16:13:00+00:00,742.998291015625,742.998291015625,743.3400268554688,742.8900146484375,743.2899780273438,80541
2026-07-24 16:14:00+00:00,742.969970703125,742.969970703125,743.0900268554688,742.8499755859375,742.989990234375,58013
2026-07-24 16:15:00+00:00,742.9400024414062,742.9400024414062,743.0399780273438,742.8099975585938,743.0,55156
2026-07-24 16:16:00+00:00,742.97998046875,742.97998046875,743.0999755859375,742.8699951171875,742.9662475585938,38338
2026-07-24 16:17:00+00:00,742.9600219726562,742.9600219726562,743.030029296875,742.8900146484375,742.989990234375,30981
2026-07-24 16:18:00+00:00,743.1300048828125,743.1300048828125,743.22998046875,742.9199829101562,742.9600219726562,62643
2026-07-24 16:19:00+00:00,743.1347045898438,743.1347045898438,743.3200073242188,743.0700073242188,743.1099853515625,68435
2026-07-24 16:20:00+00:00,743.4199829101562,743.4199829101562,743.4400024414062,743.1300048828125,743.1448974609375,80586
2026-07-24 16:21:00+00:00,743.22998046875,743.22998046875,743.4500122070312,743.0999755859375,743.4249877929688,40898
2026-07-24 16:22:00+00:00,743.4650268554688,743.4650268554688,743.5,743.1900024414062,743.25,21272
2026-07-24 16:23:00+00:00,743.3800048828125,743.3800048828125,743.47998046875,743.3300170898438,743.47998046875,31315
2026-07-24 16:24:00+00:00,743.3599243164062,743.3599243164062,743.4400024414062,743.239990234375,743.3499755859375,26846
2026-07-24 16:25:00+00:00,743.47998046875,743.47998046875,743.489990234375,743.25,743.3599853515625,22541
2026-07-24 16:26:00+00:00,743.5,743.5,743.52001953125,743.4000244140625,743.489990234375,18476
2026-07-24 16:27:00+00:00,743.3499755859375,743.3499755859375,743.5700073242188,743.3499755859375,743.489990234375,37353
2026-07-24 16:28:00+00:00,743.3300170898438,743.3300170898438,743.4299926757812,743.2999877929688,743.3699951171875,40882
2026-07-24 16:29:00+00:00,743.1900024414062,743.1900024414062,743.3699951171875,743.1799926757812,743.3099975585938,58985
2026-07-24 16:30:00+00:00,742.6799926757812,742.6799926757812,743.1900024414062,742.489990234375,743.1699829101562,159977
2026-07-24 16:31:00+00:00,742.6649780273438,742.6649780273438,742.7899780273438,742.5599975585938,742.7098999023438,74597
2026-07-24 16:32:00+00:00,742.6400146484375,742.6400146484375,742.77001953125,742.469970703125,742.6900024414062,59114
2026-07-24 16:33:00+00:00,742.4299926757812,742.4299926757812,742.7100219726562,742.3599853515625,742.6199951171875,53024
2026-07-24 16:34:00+00:00,742.5,742.5,742.6599731445312,742.3900146484375,742.4299926757812,43595
2026-07-24 16:35:00+00:00,742.5599975585938,742.5599975585938,742.6699829101562,742.4100952148438,742.5150146484375,51521
2026-07-24 16:36:00+00:00,742.5399780273438,742.5399780273438,742.739990234375,742.5,742.5700073242188,50081
2026-07-24 16:37:00+00:00,742.6300048828125,742.6300048828125,742.6599731445312,742.3800048828125,742.5499877929688,17736
2026-07-24 16:38:00+00:00,742.260009765625,742.260009765625,742.6900024414062,742.260009765625,742.6199951171875,53921
2026-07-24 16:39:00+00:00,742.27001953125,742.27001953125,742.4199829101562,742.22998046875,742.25,37238
2026-07-24 16:40:00+00:00,742.030029296875,742.030029296875,742.260009765625,742.030029296875,742.260009765625,32242
2026-07-24 16:41:00+00:00,742.0700073242188,742.0700073242188,742.0800170898438,741.9199829101562,742.02001953125,53650
2026-07-24 16:42:00+00:00,741.97998046875,741.97998046875,742.0900268554688,741.8200073242188,742.0499877929688,48197
2026-07-24 16:43:00+00:00,741.8400268554688,741.8400268554688,742.0499877929688,741.72998046875,741.97998046875,53081
2026-07-24 16:44:00+00:00,741.6500244140625,741.6500244140625,741.8800048828125,741.6400146484375,741.8400268554688,48904
2026-07-24 16:45:00+00:00,741.780029296875,741.780029296875,741.8099975585938,741.530029296875,741.6400146484375,92038
2026-07-24 16:46:00+00:00,741.5399780273438,741.5399780273438,741.780029296875,741.5399780273438,741.75,83358
2026-07-24 16:47:00+00:00,741.25,741.25,741.6500244140625,741.2249755859375,741.5399780273438,56498
2026-07-24 16:48:00+00:00,741.1500244140625,741.1500244140625,741.25,741.0499877929688,741.2449951171875,101113
2026-07-24 16:49:00+00:00,741.1898803710938,741.1898803710938,741.260009765625,740.9500122070312,741.1199951171875,72406
2026-07-24 16:50:00+00:00,741.1199951171875,741.1199951171875,741.25,741.0399780273438,741.1900024414062,40715
2026-07-24 16:51:00+00:00,741.1400146484375,741.1400146484375,741.27001953125,741.0399780273438,741.1199951171875,96768
2026-07-24 16:52:00+00:00,740.97998046875,740.97998046875,741.1900024414062,740.9400024414062,741.1799926757812,52883
2026-07-24 16:53:00+00:00,740.9199829101562,740.9199829101562,741.02001953125,740.739990234375,740.9500122070312,33536
2026-07-24 16:54:00+00:00,741.0700073242188,741.0700073242188,741.260009765625,740.8901977539062,740.9298706054688,55624
2026-07-24 16:55:00+00:00,741.2100219726562,741.2100219726562,741.3800048828125,740.8699951171875,741.0490112304688,45189
2026-07-24 16:56:00+00:00,741.2899780273438,741.2899780273438,741.3200073242188,741.1199951171875,741.2399291992188,35842
2026-07-24 16:57:00+00:00,741.530029296875,741.530029296875,741.5399780273438,741.280029296875,741.281005859375,42358
2026-07-24 16:58:00+00:00,741.6300048828125,741.6300048828125,741.760009765625,741.47998046875,741.5599975585938,35468
2026-07-24 16:59:00+00:00,741.4500122070312,741.4500122070312,741.75,741.4400024414062,741.6199951171875,40504
2026-07-24 17:00:00+00:00,741.3499755859375,741.3499755859375,741.5999755859375,741.2802124023438,741.469970703125,32671
2026-07-24 17:01:00+00:00,741.3499755859375,741.3499755859375,741.3599853515625,741.02001953125,741.3300170898438,52805
2026-07-24 17:02:00+00:00,741.1900024414062,741.1900024414062,741.3699951171875,741.1400146484375,741.3699951171875,35362
2026-07-24 17:03:00+00:00,741.1099853515625,741.1099853515625,741.2899780273438,741.010009765625,741.2000122070312,26887
2026-07-24 17:04:00+00:00,741.1749877929688,741.1749877929688,741.260009765625,741.0800170898438,741.1199951171875,34990
2026-07-24 17:05:00+00:00,741.1900024414062,741.1900024414062,741.3300170898438,741.0999755859375,741.1699829101562,40472
2026-07-24 17:06:00+00:00,740.8900146484375,740.8900146484375,741.25,740.489990234375,741.2100219726562,188713
2026-07-24 17:07:00+00:00,740.6749877929688,740.6749877929688,740.8900146484375,740.6300048828125,740.830078125,52525
2026-07-24 17:08:00+00:00,740.5650024414062,740.5650024414062,740.72998046875,740.3900146484375,740.6500244140625,68144
2026-07-24 17:09:00+00:00,740.4182739257812,740.4182739257812,740.6500244140625,740.3800048828125,740.5449829101562,36686
2026-07-24 17:10:00+00:00,740.4901123046875,740.4901123046875,740.639404296875,740.2301025390625,740.4000244140625,42456
2026-07-24 17:11:00+00:00,740.6799926757812,740.6799926757812,740.8300170898438,740.4600219726562,740.47998046875,62986
2026-07-24 17:12:00+00:00,740.760009765625,740.760009765625,740.9400024414062,740.6900024414062,740.7000122070312,36543
2026-07-24 17:13:00+00:00,740.8400268554688,740.8400268554688,741.0,740.6799926757812,740.77001953125,69740
2026-07-24 17:14:00+00:00,740.9299926757812,740.9299926757812,741.0599975585938,740.8300170898438,740.8300170898438,43839
2026-07-24 17:15:00+00:00,740.760009765625,740.760009765625,741.0604248046875,740.760009765625,740.9500122070312,28483
2026-07-24 17:16:00+00:00,740.760009765625,740.760009765625,740.8499755859375,740.6599731445312,740.8099975585938,36207
2026-07-24 17:17:00+00:00,741.1500244140625,741.1500244140625,741.1699829101562,740.72998046875,740.780029296875,46454
2026-07-24 17:18:00+00:00,741.2789916992188,741.2789916992188,741.4099731445312,741.0499877929688,741.1699829101562,43899
2026-07-24 17:19:00+00:00,741.4099731445312,741.4099731445312,741.469970703125,741.219970703125,741.280029296875,29082
2026-07-24 17:20:00+00:00,741.3099975585938,741.3099975585938,741.489990234375,741.27001953125,741.41650390625,33144
2026-07-24 17:21:00+00:00,741.25,741.25,741.47998046875,741.25,741.3400268554688,29217
2026-07-24 17:22:00+00:00,741.010009765625,741.010009765625,741.3699951171875,740.9072265625,741.27001953125,32248
2026-07-24 17:23:00+00:00,740.969970703125,740.969970703125,741.1799926757812,740.9299926757812,741.0,23556
2026-07-24 17:24:00+00:00,741.2999877929688,741.2999877929688,741.2999877929688,740.9099731445312,740.97998046875,209367
2026-07-24 17:25:00+00:00,741.3099975585938,741.3099975585938,741.3599853515625,740.989990234375,741.2899780273438,27313
2026-07-24 17:26:00+00:00,741.52001953125,741.52001953125,741.5499877929688,741.3099975585938,741.3499755859375,65826
2026-07-24 17:27:00+00:00,741.7249755859375,741.7249755859375,741.7750244140625,741.510009765625,741.5349731445312,39030
2026-07-24 17:28:00+00:00,741.6900024414062,741.6900024414062,741.8400268554688,741.635009765625,741.719970703125,35054
2026-07-24 17:29:00+00:00,741.7100219726562,741.7100219726562,741.780029296875,741.5999755859375,741.7100219726562,29680
2026-07-24 17:30:00+00:00,741.7050170898438,741.7050170898438,741.8400268554688,741.530029296875,741.75,38129
2026-07-24 17:31:00+00:00,741.8099975585938,741.8099975585938,741.8770141601562,741.6099853515625,741.7000122070312,28210
2026-07-24 17:32:00+00:00,741.7236938476562,741.7236938476562,741.8900146484375,741.6199951171875,741.8099975585938,20437
2026-07-24 17:33:00+00:00,741.9340209960938,741.9340209960938,741.97998046875,741.7000122070312,741.77001953125,35847
2026-07-24 17:34:00+00:00,742.11181640625,742.11181640625,742.169189453125,741.8800048828125,741.9099731445312,33523
2026-07-24 17:35:00+00:00,742.0599975585938,742.0599975585938,742.1199951171875,741.97998046875,742.1099853515625,34007
2026-07-24 17:36:00+00:00,741.9099731445312,741.9099731445312,742.0999755859375,741.7999877929688,742.0399780273438,31682
2026-07-24 17:37:00+00:00,741.6599731445312,741.6599731445312,741.905029296875,741.6099853515625,741.9000244140625,40721
2026-07-24 17:38:00+00:00,741.7000122070312,741.7000122070312,741.7899780273438,741.5999755859375,741.6599731445312,23224
2026-07-24 17:39:00+00:00,741.510009765625,741.510009765625,741.739990234375,741.4299926757812,741.7100219726562,32818
2026-07-24 17:40:00+00:00,741.3300170898438,741.3300170898438,741.5399780273438,741.2899780273438,741.52001953125,48665
2026-07-24 17:41:00+00:00,741.280029296875,741.280029296875,741.344970703125,741.1300048828125,741.3400268554688,32399
2026-07-24 17:42:00+00:00,741.25,741.25,741.3400268554688,741.1599731445312,741.2999877929688,33956
2026-07-24 17:43:00+00:00,741.1801147460938,741.1801147460938,741.3056030273438,741.155029296875,741.22998046875,32285
2026-07-24 17:44:00+00:00,741.0800170898438,741.0800170898438,741.3499755859375,741.0700073242188,741.2100219726562,37379
2026-07-24 17:45:00+00:00,741.0700073242188,741.0700073242188,741.1254272460938,740.9299926757812,741.0700073242188,36762
2026-07-24 17:46:00+00:00,741.2750244140625,741.2750244140625,741.3298950195312,741.0399780273438,741.0399780273438,23560
2026-07-24 17:47:00+00:00,741.1099853515625,741.1099853515625,741.3900146484375,741.0900268554688,741.260009765625,32204
2026-07-24 17:48:00+00:00,741.0900268554688,741.0900268554688,741.1636962890625,740.9199829101562,741.1199951171875,41059
2026-07-24 17:49:00+00:00,741.3099975585938,741.3099975585938,741.3300170898438,741.0499877929688,741.0700073242188,28596
2026-07-24 17:50:00+00:00,741.4400024414062,741.4400024414062,741.4500122070312,741.2000122070312,741.3099975585938,34401
2026-07-24 17:51:00+00:00,741.0900268554688,741.0900268554688,741.5349731445312,741.0599975585938,741.4500122070312,27501
2026-07-24 17:52:00+00:00,741.0599975585938,741.0599975585938,741.1099853515625,740.969970703125,741.0700073242188,147998
2026-07-24 17:53:00+00:00,741.1300048828125,741.1300048828125,741.22998046875,741.0800170898438,741.155029296875,35222
2026-07-24 17:54:00+00:00,741.27001953125,741.27001953125,741.2999877929688,741.0800170898438,741.135009765625,25539
2026-07-24 17:55:00+00:00,741.1699829101562,741.1699829101562,741.3900146484375,741.1199951171875,741.2899780273438,21669
2026-07-24 17:56:00+00:00,741.3200073242188,741.3200073242188,741.3599853515625,741.1199951171875,741.1699829101562,109014
2026-07-24 17:57:00+00:00,741.1099853515625,741.1099853515625,741.2999877929688,741.0800170898438,741.2999877929688,45045
2026-07-24 17:58:00+00:00,741.1500244140625,741.1500244140625,741.27001953125,741.0800170898438,741.0999755859375,39361
2026-07-24 17:59:00+00:00,740.97998046875,740.97998046875,741.1900024414062,740.969970703125,741.1500244140625,29410
2026-07-24 18:00:00+00:00,741.1699829101562,741.1699829101562,741.1900024414062,740.9299926757812,740.989990234375,47308
2026-07-24 18:01:00+00:00,740.9199829101562,740.9199829101562,741.2899780273438,740.9000244140625,741.2000122070312,37644
2026-07-24 18:02:00+00:00,740.9099731445312,740.9099731445312,740.9600219726562,740.7899780273438,740.9099731445312,37300
2026-07-24 18:03:00+00:00,740.7999877929688,740.7999877929688,740.9600219726562,740.77001953125,740.9199829101562,41041
2026-07-24 18:04:00+00:00,740.8900146484375,740.8900146484375,740.9400024414062,740.77001953125,740.780029296875,25613
2026-07-24 18:05:00+00:00,740.8800048828125,740.8800048828125,740.9299926757812,740.75,740.8800048828125,53307
2026-07-24 18:06:00+00:00,740.8900146484375,740.8900146484375,741.0,740.8099975585938,740.8900146484375,182241
2026-07-24 18:07:00+00:00,741.2000122070312,741.2000122070312,741.2000122070312,740.8599853515625,740.8599853515625,48396
2026-07-24 18:08:00+00:00,741.0599975585938,741.0599975585938,741.27001953125,741.0599975585938,741.2100219726562,24174
2026-07-24 18:09:00+00:00,740.969970703125,740.969970703125,741.2100219726562,740.9500122070312,741.0800170898438,30556
2026-07-24 18:10:00+00:00,740.8599853515625,740.8599853515625,741.0750122070312,740.8099975585938,741.02001953125,42690
2026-07-24 18:11:00+00:00,740.7150268554688,740.7150268554688,740.8800048828125,740.6799926757812,740.8300170898438,48919
2026-07-24 18:12:00+00:00,740.6500244140625,740.6500244140625,740.7399291992188,740.5449829101562,740.7100219726562,63412
2026-07-24 18:13:00+00:00,740.5800170898438,740.5800170898438,740.75,740.5449829101562,740.6599731445312,49121
2026-07-24 18:14:00+00:00,740.5900268554688,740.5900268554688,740.6849975585938,740.47998046875,740.5499877929688,53471
2026-07-24 18:15:00+00:00,740.5499877929688,740.5499877929688,740.594970703125,740.469970703125,740.594970703125,182104
2026-07-24 18:16:00+00:00,740.5449829101562,740.5449829101562,740.5999755859375,740.4400024414062,740.5599975585938,43100
2026-07-24 18:17:00+00:00,740.5,740.5,740.6500244140625,740.47998046875,740.5449829101562,52567
2026-07-24 18:18:00+00:00,740.489990234375,740.489990234375,740.5499877929688,740.280029296875,740.489990234375,68769
2026-07-24 18:19:00+00:00,740.22998046875,740.22998046875,740.5399169921875,740.1400146484375,740.5,41298
2026-07-24 18:20:00+00:00,739.9249877929688,739.9249877929688,740.2000122070312,739.9249877929688,740.1900024414062,52171
2026-07-24 18:21:00+00:00,739.8300170898438,739.8300170898438,739.9949951171875,739.77001953125,739.9349975585938,90525
2026-07-24 18:22:00+00:00,739.8599853515625,739.8599853515625,739.9500122070312,739.77001953125,739.7999877929688,199853
2026-07-24 18:23:00+00:00,739.9000244140625,739.9000244140625,739.9400024414062,739.719970703125,739.8599853515625,51749
2026-07-24 18:24:00+00:00,739.8099975585938,739.8099975585938,739.969970703125,739.77001953125,739.9000244140625,39281
2026-07-24 18:25:00+00:00,739.60498046875,739.60498046875,739.8800048828125,739.426025390625,739.7999877929688,65358
2026-07-24 18:26:00+00:00,739.4299926757812,739.4299926757812,739.6300048828125,739.3699951171875,739.6099853515625,169088
2026-07-24 18:27:00+00:00,739.3300170898438,739.3300170898438,739.5150146484375,739.280029296875,739.4299926757812,60761
2026-07-24 18:28:00+00:00,739.1799926757812,739.1799926757812,739.3099975585938,739.1500244140625,739.3099975585938,92656
2026-07-24 18:29:00+00:00,739.0349731445312,739.0349731445312,739.3499755859375,739.0,739.1799926757812,85311
2026-07-24 18:30:00+00:00,739.0,739.0,739.1599731445312,738.969970703125,739.0499877929688,154176
2026-07-24 18:31:00+00:00,738.6900024414062,738.6900024414062,739.02001953125,738.5700073242188,739.0,100485
2026-07-24 18:32:00+00:00,738.6599731445312,738.6599731445312,738.8599853515625,738.6199951171875,738.6900024414062,85476
2026-07-24 18:33:00+00:00,738.3699951171875,738.3699951171875,738.8098754882812,738.3099975585938,738.6599731445312,105561
2026-07-24 18:34:00+00:00,738.173828125,738.173828125,738.4400024414062,738.0700073242188,738.3699951171875,147986
2026-07-24 18:35:00+00:00,738.155029296875,738.155029296875,738.22998046875,737.8300170898438,738.1900024414062,311490
2026-07-24 18:36:00+00:00,738.25927734375,738.25927734375,738.6300048828125,738.1099853515625,738.1699829101562,167736
2026-07-24 18:37:00+00:00,738.1599731445312,738.1599731445312,738.3900146484375,738.1300048828125,738.239990234375,72851
2026-07-24 18:38:00+00:00,738.4249877929688,738.4249877929688,738.5,738.0700073242188,738.1500244140625,194750
2026-07-24 18:39:00+00:00,738.27001953125,738.27001953125,738.4299926757812,737.9299926757812,738.4199829101562,132658
2026-07-24 18:40:00+00:00,737.8400268554688,737.8400268554688,738.27001953125,737.8200073242188,738.27001953125,66415
2026-07-24 18:41:00+00:00,737.75,737.75,738.0,737.75,737.8300170898438,103519
2026-07-24 18:42:00+00:00,737.8699951171875,737.8699951171875,737.9299926757812,737.6400146484375,737.739990234375,127416
2026-07-24 18:43:00+00:00,737.9500122070312,737.9500122070312,738.1300048828125,737.8400268554688,737.8900146484375,96230
2026-07-24 18:44:00+00:00,737.8499755859375,737.8499755859375,738.0800170898438,737.8099975585938,737.969970703125,45493
2026-07-24 18:45:00+00:00,738.3699951171875,738.3699951171875,738.39990234375,737.7899780273438,737.8699951171875,127464
2026-07-24 18:46:00+00:00,738.4299926757812,738.4299926757812,738.6900024414062,738.385009765625,738.385009765625,103985
2026-07-24 18:47:00+00:00,738.6199951171875,738.6199951171875,738.7000122070312,738.4201049804688,738.4400024414062,52791
2026-07-24 18:48:00+00:00,738.26318359375,738.26318359375,738.6900024414062,738.26318359375,738.6400146484375,49385
2026-07-24 18:49:00+00:00,738.3099975585938,738.3099975585938,738.3800048828125,738.219970703125,738.27001953125,58734
2026-07-24 18:50:00+00:00,738.1849975585938,738.1849975585938,738.4509887695312,738.030029296875,738.2899780273438,97736
2026-07-24 18:51:00+00:00,738.2899780273438,738.2899780273438,738.5,738.1699829101562,738.1799926757812,53094
2026-07-24 18:52:00+00:00,738.4099731445312,738.4099731445312,738.4199829101562,738.2100219726562,738.3300170898438,46320
2026-07-24 18:53:00+00:00,738.3599853515625,738.3599853515625,738.469970703125,738.2100219726562,738.4199829101562,165075
2026-07-24 18:54:00+00:00,738.2050170898438,738.2050170898438,738.3800048828125,738.0499877929688,738.3599853515625,54909
2026-07-24 18:55:00+00:00,738.3599853515625,738.3599853515625,738.3699951171875,738.1400146484375,738.1900024414062,33336
2026-07-24 18:56:00+00:00,738.5999755859375,738.5999755859375,738.6900024414062,738.27001953125,738.3599853515625,58467
2026-07-24 18:57:00+00:00,738.5401000976562,738.5401000976562,738.7100219726562,738.5401000976562,738.5599975585938,82073
2026-07-24 18:58:00+00:00,738.40087890625,738.40087890625,738.6099853515625,738.3800048828125,738.530029296875,54269
2026-07-24 18:59:00+00:00,738.3800048828125,738.3800048828125,738.5599975585938,738.3699951171875,738.4000244140625,74330
2026-07-24 19:00:00+00:00,738.530029296875,738.530029296875,738.6199951171875,738.27001953125,738.3900146484375,66606
2026-07-24 19:01:00+00:00,738.5800170898438,738.5800170898438,738.89501953125,738.4500122070312,738.5399780273438,192344
2026-07-24 19:02:00+00:00,738.3200073242188,738.3200073242188,738.6500244140625,738.2899780273438,738.5900268554688,198327
2026-07-24 19:03:00+00:00,738.280029296875,738.280029296875,738.4000244140625,738.219970703125,738.2999877929688,372975
2026-07-24 19:04:00+00:00,738.280029296875,738.280029296875,738.4099731445312,738.2100219726562,738.2899780273438,65446
2026-07-24 19:05:00+00:00,738.5,738.5,738.5900268554688,738.1500244140625,738.25,76674
2026-07-24 19:06:00+00:00,738.27001953125,738.27001953125,738.6500244140625,738.25,738.510009765625,265383
2026-07-24 19:07:00+00:00,737.7650146484375,737.7650146484375,738.280029296875,737.7349853515625,738.239990234375,142441
2026-07-24 19:08:00+00:00,737.8099975585938,737.8099975585938,737.9199829101562,737.7100219726562,737.77001953125,88613
2026-07-24 19:09:00+00:00,737.60498046875,737.60498046875,737.8300170898438,737.5599975585938,737.8093872070312,206098
2026-07-24 19:10:00+00:00,737.5800170898438,737.5800170898438,737.739990234375,737.469970703125,737.6099853515625,106907
2026-07-24 19:11:00+00:00,737.6799926757812,737.6799926757812,737.719970703125,737.52001953125,737.5700073242188,187280
2026-07-24 19:12:00+00:00,737.9199829101562,737.9199829101562,738.22998046875,737.6799926757812,737.6900024414062,149545
2026-07-24 19:13:00+00:00,737.8400268554688,737.8400268554688,737.969970703125,737.77001953125,737.9199829101562,160871
2026-07-24 19:14:00+00:00,737.5999755859375,737.5999755859375,737.8499755859375,737.5750122070312,737.8400268554688,101166
2026-07-24 19:15:00+00:00,737.5800170898438,737.5800170898438,737.7100219726562,737.52001953125,737.5999755859375,104758
2026-07-24 19:16:00+00:00,737.5499877929688,737.5499877929688,737.5999755859375,737.4099731445312,737.5499877929688,440142
2026-07-24 19:17:00+00:00,737.6099853515625,737.6099853515625,737.780029296875,737.489990234375,737.5700073242188,293643
2026-07-24 19:18:00+00:00,737.6500244140625,737.6500244140625,737.75,737.5499877929688,737.6099853515625,75017
2026-07-24 19:19:00+00:00,737.7999877929688,737.7999877929688,737.8300170898438,737.5700073242188,737.6500244140625,122623
2026-07-24 19:20:00+00:00,737.7349853515625,737.7349853515625,737.8200073242188,737.5800170898438,737.8200073242188,94568
2026-07-24 19:21:00+00:00,737.9249877929688,737.9249877929688,737.989990234375,737.6599731445312,737.7000122070312,60169
2026-07-24 19:22:00+00:00,737.9000244140625,737.9000244140625,738.02001953125,737.8200073242188,737.9199829101562,82731
2026-07-24 19:23:00+00:00,737.719970703125,737.719970703125,737.89501953125,737.6738891601562,737.89501953125,97674
2026-07-24 19:24:00+00:00,737.4299926757812,737.4299926757812,737.75,737.2899780273438,737.719970703125,185881
2026-07-24 19:25:00+00:00,737.4199829101562,737.4199829101562,737.5499877929688,737.2999877929688,737.4400024414062,89838
2026-07-24 19:26:00+00:00,737.510009765625,737.510009765625,737.5399780273438,737.3599853515625,737.4099731445312,80544
2026-07-24 19:27:00+00:00,737.5999755859375,737.5999755859375,737.8200073242188,737.5,737.510009765625,96036
2026-07-24 19:28:00+00:00,737.6799926757812,737.6799926757812,737.6799926757812,737.469970703125,737.5800170898438,75514
2026-07-24 19:29:00+00:00,737.6500244140625,737.6500244140625,737.8699951171875,737.5800170898438,737.6900024414062,117099
2026-07-24 19:30:00+00:00,737.7899780273438,737.7899780273438,737.9199829101562,737.6599731445312,737.719970703125,91520
2026-07-24 19:31:00+00:00,737.9600219726562,737.9600219726562,738.030029296875,737.72998046875,737.7999877929688,98064
2026-07-24 19:32:00+00:00,738.1799926757812,738.1799926757812,738.2100219726562,737.9400024414062,737.969970703125,193870
2026-07-24 19:33:00+00:00,738.2000122070312,738.2000122070312,738.3599853515625,738.0399780273438,738.1699829101562,311431
2026-07-24 19:34:00+00:00,738.0900268554688,738.0900268554688,738.3800048828125,738.0800170898438,738.1699829101562,127275
2026-07-24 19:35:00+00:00,738.530029296875,738.530029296875,738.64501953125,737.989990234375,738.0800170898438,221517
2026-07-24 19:36:00+00:00,738.2498779296875,738.2498779296875,738.6099243164062,738.1900024414062,738.530029296875,363723
2026-07-24 19:37:00+00:00,738.469970703125,738.469970703125,738.6599731445312,738.25,738.25,131162
2026-07-24 19:38:00+00:00,738.469970703125,738.469970703125,738.5599975585938,738.3699951171875,738.4600219726562,261408
2026-07-24 19:39:00+00:00,738.1099853515625,738.1099853515625,738.5590209960938,738.0499877929688,738.47998046875,96549
2026-07-24 19:40:00+00:00,738.1900024414062,738.1900024414062,738.3400268554688,738.0599975585938,738.1099853515625,262874
2026-07-24 19:41:00+00:00,738.0599975585938,738.0599975585938,738.1799926757812,737.9400024414062,738.1799926757812,178019
2026-07-24 19:42:00+00:00,738.0399780273438,738.0399780273438,738.0900268554688,737.9199829101562,738.0399780273438,143762
2026-07-24 19:43:00+00:00,738.0250244140625,738.0250244140625,738.1400146484375,737.7899780273438,738.0499877929688,75260
2026-07-24 19:44:00+00:00,738.280029296875,738.280029296875,738.3200073242188,737.9500122070312,738.030029296875,140827
2026-07-24 19:45:00+00:00,737.9375,737.9375,738.4400024414062,737.9199829101562,738.2999877929688,555144
2026-07-24 19:46:00+00:00,737.9000244140625,737.9000244140625,737.989990234375,737.8200073242188,737.9199829101562,121071
2026-07-24 19:47:00+00:00,737.8300170898438,737.8300170898438,738.0900268554688,737.8200073242188,737.9000244140625,112700
2026-07-24 19:48:00+00:00,737.8300170898438,737.8300170898438,738.02001953125,737.77001953125,737.8300170898438,117785
2026-07-24 19:49:00+00:00,738.3399047851562,738.3399047851562,738.3400268554688,737.75,737.8200073242188,162483
2026-07-24 19:50:00+00:00,737.8499755859375,737.8499755859375,738.510009765625,737.8200073242188,738.3400268554688,285211
2026-07-24 19:51:00+00:00,737.8099975585938,737.8099975585938,737.8599853515625,737.7000122070312,737.8499755859375,176622
2026-07-24 19:52:00+00:00,737.8200073242188,737.8200073242188,737.8200073242188,737.6400146484375,737.7899780273438,149718
2026-07-24 19:53:00+00:00,738.0,738.0,738.0499877929688,737.6900024414062,737.8200073242188,207431
2026-07-24 19:54:00+00:00,738.469970703125,738.469970703125,738.5800170898438,737.9500122070312,738.0,236127
2026-07-24 19:55:00+00:00,738.1400146484375,738.1400146484375,738.6099853515625,738.1400146484375,738.489990234375,460704
2026-07-24 19:56:00+00:00,738.239990234375,738.239990234375,738.3400268554688,738.0499877929688,738.1400146484375,601145
2026-07-24 19:57:00+00:00,738.4400024414062,738.4400024414062,738.510009765625,738.1900024414062,738.239990234375,921610
2026-07-24 19:58:00+00:00,738.469970703125,738.469970703125,738.5599975585938,738.3400268554688,738.4450073242188,604598
2026-07-24 19:59:00+00:00,738.8599853515625,738.8599853515625,739.0999755859375,738.1380004882812,738.469970703125,1238279
