Price,Adj Close,Close,High,Low,Open,Volume
Ticker,BTC-USD,BTC-USD,BTC-USD,BTC-USD,BTC-USD,BTC-USD
Datetime,,,,,,
2026-07-21 00:00:00+00:00,65146.4296875,65146.4296875,65192.12109375,65143.19921875,65192.12109375,0
2026-07-21 00:01:00+00:00,65134.03125,65134.03125,65158.71875,65132.76171875,65137.859375,0
2026-07-21 00:02:00+00:00,65147.51953125,65147.51953125,65151.30078125,65122.76171875,65142.3984375,0
2026-07-21 00:03:00+00:00,65140.5703125,65140.5703125,65164.140625,65136.46875,65140.1796875,0
2026-07-21 00:04:00+00:00,65195.8203125,65195.8203125,65195.8203125,65142.30078125,65142.30078125,0
2026-07-21 00:05:00+00:00,65155.01953125,65155.01953125,65192.12109375,65154.37109375,65192.12109375,39020544
2026-07-21 00:06:00+00:00,65162.6015625,65162.6015625,65168.62109375,65142.26171875,65153.140625,1902592
2026-07-21 00:07:00+00:00,65132.96875,65132.96875,65159.98046875,65132.96875,65159.98046875,0
2026-07-21 00:08:00+00:00,65141.55078125,65141.55078125,65147.96875,65132.96875,65132.96875,0
2026-07-21 00:09:00+00:00,65168.7109375,65168.7109375,65169.51171875,65152.48828125,65152.5,0
2026-07-21 00:10:00+00:00,65132.76171875,65132.76171875,65161.44921875,65132.76171875,65161.44921875,49053696
2026-07-21 00:11:00+00:00,65132.3984375,65132.3984375,65132.3984375,65112.0,65122.76171875,15693824
2026-07-21 00:12:00+00:00,65179.98828125,65179.98828125,65179.98828125,65118.37109375,65130.87890625,0
2026-07-21 00:13:00+00:00,65200.51171875,65200.51171875,65201.890625,65179.76953125,65181.76171875,0
2026-07-21 00:14:00+00:00,65143.890625,65143.890625,65193.01171875,65143.890625,65193.0,0
2026-07-21 00:15:00+00:00,65118.69140625,65118.69140625,65140.41015625,65118.69140625,65140.41015625,0
2026-07-21 00:16:00+00:00,65169.5,65169.5,65169.5,65106.80078125,65106.80078125,0
2026-07-21 00:17:00+00:00,65192.94921875,65192.94921875,65192.94921875,65162.4296875,65165.9609375,123920384
2026-07-21 00:18:00+00:00,65226.9296875,65226.9296875,65226.9296875,65183.3515625,65194.48828125,0
2026-07-21 00:19:00+00:00,65301.76953125,65301.76953125,65309.19140625,65233.62890625,65233.62890625,0
2026-07-21 00:20:00+00:00,65288.58984375,65288.58984375,65309.78125,65288.58984375,65294.5390625,0
2026-07-21 00:21:00+00:00,65310.83984375,65310.83984375,65332.578125,65284.01953125,65294.0,2383872
2026-07-21 00:22:00+00:00,65292.80078125,65292.80078125,65310.76953125,65292.80078125,65310.76953125,0
2026-07-21 00:23:00+00:00,65323.66015625,65323.66015625,65328.578125,65292.30078125,65307.08984375,0
2026-07-21 00:24:00+00:00,65352.01171875,65352.01171875,65352.01171875,65314.76171875,65314.7890625,0
2026-07-21 00:25:00+00:00,65364.69921875,65364.69921875,65390.37890625,65364.69921875,65381.46875,0
2026-07-21 00:26:00+00:00,65322.58984375,65322.58984375,65359.0703125,65322.58984375,65359.0703125,118972416
2026-07-21 00:27:00+00:00,65364.58984375,65364.58984375,65372.37109375,65321.98046875,65322.01171875,8128512
2026-07-21 00:28:00+00:00,65326.76171875,65326.76171875,65372.37109375,65326.76171875,65370.55078125,4952064
2026-07-21 00:29:00+00:00,65309.328125,65309.328125,65323.48828125,65308.0,65323.48828125,0
2026-07-21 00:30:00+00:00,65337.48046875,65337.48046875,65344.21875,65306.921875,65308.0,230850560
2026-07-21 00:31:00+00:00,65384.98046875,65384.98046875,65384.98046875,65341.1015625,65344.21875,94208
2026-07-21 00:32:00+00:00,65339.48046875,65339.48046875,65408.96875,65337.171875,65384.98046875,0
2026-07-21 00:33:00+00:00,65350.19921875,65350.19921875,65381.0390625,65350.0703125,65370.19140625,0
2026-07-21 00:34:00+00:00,65377.2890625,65377.2890625,65377.2890625,65338.0,65359.05859375,4827136
2026-07-21 00:35:00+00:00,65338.0,65338.0,65377.2890625,65338.0,65377.2890625,0
2026-07-21 00:36:00+00:00,65345.98828125,65345.98828125,65360.6015625,65334.05859375,65334.05859375,64741376
2026-07-21 00:37:00+00:00,65381.98046875,65381.98046875,65381.98046875,65330.6015625,65338.0,114688
2026-07-21 00:38:00+00:00,65358.51171875,65358.51171875,65385.03125,65352.01171875,65385.03125,0
2026-07-21 00:39:00+00:00,65403.578125,65403.578125,65403.578125,65358.51171875,65358.51171875,0
2026-07-21 00:40:00+00:00,65446.01953125,65446.01953125,65457.5703125,65403.578125,65403.578125,163840
2026-07-21 00:41:00+00:00,65458.76953125,65458.76953125,65459.23046875,65444.3984375,65453.73828125,5029888
2026-07-21 00:42:00+00:00,65492.62890625,65492.62890625,65503.37109375,65454.5703125,65454.5703125,0
2026-07-21 00:43:00+00:00,65444.0,65444.0,65500.0390625,65435.05859375,65493.12109375,25204736
2026-07-21 00:44:00+00:00,65446.7109375,65446.7109375,65472.48828125,65439.2890625,65439.2890625,0
2026-07-21 00:45:00+00:00,65450.0,65450.0,65473.48046875,65444.73046875,65456.94921875,0
2026-07-21 00:46:00+00:00,65481.48828125,65481.48828125,65481.48828125,65450.0,65450.0,2377728
2026-07-21 00:47:00+00:00,65462.69921875,65462.69921875,65494.01953125,65451.08984375,65488.53125,213239808
2026-07-21 00:48:00+00:00,65482.4609375,65482.4609375,65488.91015625,65466.1015625,65473.30078125,0
2026-07-21 00:49:00+00:00,65489.4296875,65489.4296875,65493.109375,65478.03125,65479.51171875,0
2026-07-21 00:50:00+00:00,65496.98046875,65496.98046875,65504.98046875,65484.3984375,65484.3984375,0
2026-07-21 00:51:00+00:00,65505.03125,65505.03125,65505.03125,65486.08984375,65490.0,0
2026-07-21 00:52:00+00:00,65461.609375,65461.609375,65512.03125,65461.609375,65505.0,0
2026-07-21 00:53:00+00:00,65457.9609375,65457.9609375,65472.01953125,65455.53125,65470.37109375,0
2026-07-21 00:54:00+00:00,65510.4296875,65510.4296875,65510.4296875,65455.83984375,65462.94140625,0
2026-07-21 00:55:00+00:00,65462.94921875,65462.94921875,65507.0,65462.94921875,65507.0,0
2026-07-21 00:56:00+00:00,65507.98046875,65507.98046875,65513.98046875,65465.890625,65465.890625,92690432
2026-07-21 00:57:00+00:00,65536.28125,65536.28125,65536.2890625,65507.98046875,65507.98046875,10201088
2026-07-21 00:58:00+00:00,65526.01953125,65526.01953125,65544.5625,65518.73046875,65520.9609375,1685504
2026-07-21 00:59:00+00:00,65522.30859375,65522.30859375,65532.96875,65522.30859375,65530.921875,0
2026-07-21 01:00:00+00:00,65510.01171875,65510.01171875,65511.87890625,65483.44140625,65509.5390625,0
2026-07-21 01:01:00+00:00,65468.28125,65468.28125,65503.75,65468.25,65500.05078125,737280
2026-07-21 01:02:00+00:00,65454.0,65454.0,65475.19921875,65433.26953125,65459.23828125,205418496
2026-07-21 01:03:00+00:00,65482.890625,65482.890625,65483.23828125,65454.01171875,65454.01171875,0
2026-07-21 01:04:00+00:00,65494.48828125,65494.48828125,65494.48828125,65474.078125,65479.62109375,0
2026-07-21 01:05:00+00:00,65488.01171875,65488.01171875,65519.98046875,65472.03125,65494.48828125,0
2026-07-21 01:06:00+00:00,65534.01953125,65534.01953125,65555.7109375,65497.859375,65497.859375,0
2026-07-21 01:07:00+00:00,65534.98046875,65534.98046875,65534.98046875,65499.08984375,65533.44140625,4734976
2026-07-21 01:08:00+00:00,65555.6875,65555.6875,65555.6875,65520.171875,65537.8125,0
2026-07-21 01:09:00+00:00,65595.8828125,65595.8828125,65595.8828125,65561.9765625,65561.9765625,0
2026-07-21 01:10:00+00:00,65586.0,65586.0,65618.0,65584.0,65588.203125,3762176
2026-07-21 01:11:00+00:00,65529.01171875,65529.01171875,65603.34375,65525.76171875,65577.96875,0
2026-07-21 01:12:00+00:00,65529.5390625,65529.5390625,65529.71875,65511.1796875,65520.01171875,0
2026-07-21 01:13:00+00:00,65514.890625,65514.890625,65532.0703125,65514.890625,65532.0703125,0
2026-07-21 01:14:00+00:00,65507.46875,65507.46875,65524.2109375,65507.46875,65507.46875,0
2026-07-21 01:15:00+00:00,65485.19921875,65485.19921875,65507.46875,65477.7890625,65507.46875,0
2026-07-21 01:16:00+00:00,65476.12109375,65476.12109375,65485.19921875,65472.859375,65485.19921875,18302976
2026-07-21 01:17:00+00:00,65440.69140625,65440.69140625,65476.140625,65440.69140625,65470.37109375,0
2026-07-21 01:18:00+00:00,65414.7109375,65414.7109375,65433.55859375,65402.01171875,65433.55859375,0
2026-07-21 01:19:00+00:00,65432.7109375,65432.7109375,65446.8984375,65403.58984375,65414.7109375,0
2026-07-21 01:20:00+00:00,65422.8515625,65422.8515625,65434.53125,65398.3515625,65432.69921875,0
2026-07-21 01:21:00+00:00,65444.3984375,65444.3984375,65455.1484375,65430.859375,65430.859375,3160064
2026-07-21 01:22:00+00:00,65438.390625,65438.390625,65438.3984375,65419.41015625,65422.140625,2402304
2026-07-21 01:23:00+00:00,65420.98046875,65420.98046875,65440.62109375,65419.41015625,65438.3984375,44552192
2026-07-21 01:24:00+00:00,65414.71875,65414.71875,65432.12109375,65414.71875,65427.2109375,0
2026-07-21 01:25:00+00:00,65432.96875,65432.96875,65432.96875,65403.58984375,65411.01171875,79872
2026-07-21 01:26:00+00:00,65425.83984375,65425.83984375,65425.83984375,65411.98828125,65418.44140625,0
2026-07-21 01:27:00+00:00,65439.05078125,65439.05078125,65439.05078125,65429.55078125,65429.55078125,2899968
2026-07-21 01:28:00+00:00,65432.96875,65432.96875,65439.05859375,65428.1015625,65439.05078125,485376
2026-07-21 01:29:00+00:00,65396.80859375,65396.80859375,65436.96875,65396.80859375,65432.96875,0
2026-07-21 01:30:00+00:00,65340.921875,65340.921875,65416.828125,65340.30859375,65404.3203125,181886976
2026-07-21 01:31:00+00:00,65325.671875,65325.671875,65338.96875,65304.48046875,65310.01171875,1761280
2026-07-21 01:32:00+00:00,65366.76171875,65366.76171875,65366.76171875,65325.671875,65325.671875,85420032
2026-07-21 01:33:00+00:00,65381.3203125,65381.3203125,65381.3203125,65363.3203125,65363.62109375,5412864
2026-07-21 01:34:00+00:00,65411.0,65411.0,65411.0,65381.3203125,65381.3203125,0
2026-07-21 01:35:00+00:00,65392.4609375,65392.4609375,65418.62109375,65392.4609375,65418.62109375,20332544
2026-07-21 01:36:00+00:00,65413.98828125,65413.98828125,65414.7109375,65388.75,65388.75,0
2026-07-21 01:37:00+00:00,65430.01171875,65430.01171875,65435.21875,65425.359375,65425.359375,7409664
2026-07-21 01:38:00+00:00,65425.98828125,65425.98828125,65433.3515625,65423.94140625,65430.01171875,24330240
2026-07-21 01:39:00+00:00,65358.01171875,65358.01171875,65426.0,65358.01171875,65426.0,0
2026-07-21 01:40:00+00:00,65339.6484375,65339.6484375,65341.140625,65318.98828125,65341.140625,0
2026-07-21 01:41:00+00:00,65321.9609375,65321.9609375,65339.6484375,65303.4296875,65339.6484375,0
2026-07-21 01:42:00+00:00,65307.140625,65307.140625,65320.16015625,65306.12109375,65310.83984375,17768448
2026-07-21 01:43:00+00:00,65287.05078125,65287.05078125,65309.62890625,65282.1796875,65309.62890625,0
2026-07-21 01:44:00+00:00,65299.21875,65299.21875,65305.7890625,65287.078125,65287.078125,0
2026-07-21 01:45:00+00:00,65277.44140625,65277.44140625,65296.0,65270.03125,65296.0,3133440
2026-07-21 01:46:00+00:00,65269.05859375,65269.05859375,65288.5703125,65269.05859375,65275.48828125,0
2026-07-21 01:47:00+00:00,65268.0,65268.0,65288.5703125,65268.0,65268.69140625,0
2026-07-21 01:48:00+00:00,65273.73828125,65273.73828125,65290.28125,65260.51171875,65260.51171875,3983360
2026-07-21 01:49:00+00:00,65241.37890625,65241.37890625,65287.1796875,65241.37890625,65270.0390625,0
2026-07-21 01:50:00+00:00,65262.80859375,65262.80859375,65262.80859375,65244.0703125,65245.0703125,212281344
2026-07-21 01:51:00+00:00,65240.33984375,65240.33984375,65257.7890625,65232.94140625,65257.7890625,0
2026-07-21 01:52:00+00:00,65239.28125,65239.28125,65244.1015625,65236.640625,65240.33984375,365285376
2026-07-21 01:53:00+00:00,65236.5703125,65236.5703125,65237.9609375,65226.08984375,65237.9609375,0
2026-07-21 01:54:00+00:00,65243.98046875,65243.98046875,65243.98046875,65236.5703125,65236.5703125,0
2026-07-21 01:55:00+00:00,65221.98828125,65221.98828125,65243.98046875,65217.71875,65243.98046875,0
2026-07-21 01:56:00+00:00,65196.2109375,65196.2109375,65226.8984375,65196.2109375,65221.98828125,0
2026-07-21 01:57:00+00:00,65196.4609375,65196.4609375,65201.2890625,65188.7890625,65201.2890625,0
2026-07-21 01:58:00+00:00,65193.83984375,65193.83984375,65196.46875,65193.83984375,65196.4609375,0
2026-07-21 01:59:00+00:00,65193.53125,65193.53125,65197.23828125,65189.0,65193.83984375,0
2026-07-21 02:00:00+00:00,65198.98828125,65198.98828125,65201.2890625,65191.37890625,65194.21875,0
2026-07-21 02:01:00+00:00,65217.8203125,65217.8203125,65232.94140625,65201.2890625,65201.2890625,0
2026-07-21 02:02:00+00:00,65257.05078125,65257.05078125,65257.05078125,65229.87890625,65229.87890625,0
2026-07-21 02:03:00+00:00,65270.01953125,65270.01953125,65270.01953125,65247.76953125,65252.0,5076992
2026-07-21 02:04:00+00:00,65280.55859375,65280.55859375,65306.98828125,65280.55859375,65283.921875,0
2026-07-21 02:05:00+00:00,65335.2109375,65335.2109375,65335.2109375,65286.23046875,65286.23046875,191451136
2026-07-21 02:06:00+00:00,65369.0390625,65369.0390625,65369.0390625,65337.51171875,65337.51171875,0
2026-07-21 02:07:00+00:00,65328.01171875,65328.01171875,65365.23828125,65319.76953125,65365.23828125,7903232
2026-07-21 02:08:00+00:00,65311.53125,65311.53125,65319.3203125,65311.53125,65319.3203125,0
2026-07-21 02:09:00+00:00,65266.91015625,65266.91015625,65311.53125,65266.91015625,65311.53125,0
2026-07-21 02:10:00+00:00,65232.9296875,65232.9296875,65261.28125,65232.9296875,65261.28125,0
2026-07-21 02:11:00+00:00,65241.140625,65241.140625,65268.0,65223.01953125,65229.21875,99891200
2026-07-21 02:12:00+00:00,65231.9296875,65231.9296875,65251.46875,65221.05078125,65251.46875,0
2026-07-21 02:13:00+00:00,65254.6484375,65254.6484375,65262.0,65229.01171875,65231.94140625,36284416
2026-07-21 02:14:00+00:00,65240.12109375,65240.12109375,65240.12109375,65215.28125,65221.0,0
2026-07-21 02:15:00+00:00,65173.5703125,65173.5703125,65234.109375,65173.5703125,65234.109375,798720
2026-07-21 02:16:00+00:00,65178.71875,65178.71875,65182.6796875,65162.44140625,65162.44140625,0
2026-07-21 02:17:00+00:00,65162.44921875,65162.44921875,65183.421875,65162.44921875,65176.48046875,32995328
2026-07-21 02:18:00+00:00,65155.91015625,65155.91015625,65166.44921875,65155.91015625,65166.44921875,0
2026-07-21 02:19:00+00:00,65130.890625,65130.890625,65152.58984375,65129.98046875,65152.58984375,0
2026-07-21 02:20:00+00:00,65139.9296875,65139.9296875,65143.94921875,65130.640625,65130.890625,0
2026-07-21 02:21:00+00:00,65175.51953125,65175.51953125,65175.51953125,65143.69921875,65143.69921875,0
2026-07-21 02:22:00+00:00,65195.98828125,65195.98828125,65198.640625,65176.359375,65176.359375,0
2026-07-21 02:23:00+00:00,65227.51171875,65227.51171875,65236.62890625,65218.48828125,65218.48828125,0
2026-07-21 02:24:00+00:00,65263.671875,65263.671875,65263.671875,65226.0390625,65228.7890625,0
2026-07-21 02:25:00+00:00,65247.37109375,65247.37109375,65268.359375,65244.69921875,65266.48046875,5572608
2026-07-21 02:26:00+00:00,65206.96875,65206.96875,65240.3515625,65201.98828125,65240.3515625,0
2026-07-21 02:27:00+00:00,65208.01171875,65208.01171875,65224.328125,65199.83984375,65211.1796875,0
2026-07-21 02:28:00+00:00,65202.98046875,65202.98046875,65212.2890625,65202.98046875,65207.19921875,2578432
2026-07-21 02:29:00+00:00,65218.96875,65218.96875,65223.7109375,65215.4296875,65220.0,0
2026-07-21 02:30:00+00:00,65236.578125,65236.578125,65236.578125,65215.4296875,65217.01171875,221863936
2026-07-21 02:31:00+00:00,65261.30078125,65261.30078125,65261.30078125,65240.3515625,65240.3515625,3756032
2026-07-21 02:32:00+00:00,65270.390625,65270.390625,65294.0,65268.01171875,65273.25,0
2026-07-21 02:33:00+00:00,65273.73046875,65273.73046875,65278.69921875,65270.390625,65270.390625,0
2026-07-21 02:34:00+00:00,65296.21875,65296.21875,65312.98046875,65282.171875,65282.171875,0
2026-07-21 02:35:00+00:00,65284.80078125,65284.80078125,65296.21875,65279.9609375,65296.21875,0
2026-07-21 02:36:00+00:00,65314.01953125,65314.01953125,65315.98828125,65280.640625,65280.640625,0
2026-07-21 02:37:00+00:00,65308.05859375,65308.05859375,65321.96875,65292.30078125,65314.01953125,16990208
2026-07-21 02:38:00+00:00,65294.55078125,65294.55078125,65312.1484375,65294.55078125,65308.05859375,9986048
2026-07-21 02:39:00+00:00,65289.1796875,65289.1796875,65292.28125,65275.0,65290.48828125,0
2026-07-21 02:40:00+00:00,65270.3203125,65270.3203125,65284.87890625,65270.3203125,65284.87109375,0
2026-07-21 02:41:00+00:00,65250.9609375,65250.9609375,65270.3203125,65247.76953125,65270.3203125,92653568
2026-07-21 02:42:00+00:00,65268.8203125,65268.8203125,65280.51953125,65250.9609375,65250.9609375,0
2026-07-21 02:43:00+00:00,65299.0,65299.0,65315.390625,65266.3203125,65266.3203125,1507328
2026-07-21 02:44:00+00:00,65305.359375,65305.359375,65308.0,65294.0,65299.0,0
2026-07-21 02:45:00+00:00,65299.94921875,65299.94921875,65307.12109375,65284.87109375,65305.3515625,201347072
2026-07-21 02:46:00+00:00,65294.75,65294.75,65309.69921875,65294.75,65309.69921875,0
2026-07-21 02:47:00+00:00,65265.0,65265.0,65294.75,65265.0,65294.75,0
2026-07-21 02:48:00+00:00,65279.98046875,65279.98046875,65279.98046875,65260.62890625,65264.98828125,0
2026-07-21 02:49:00+00:00,65287.98046875,65287.98046875,65288.44140625,65277.16015625,65279.98046875,0
2026-07-21 02:50:00+00:00,65302.08984375,65302.08984375,65302.1015625,65286.0703125,65287.98046875,0
2026-07-21 02:51:00+00:00,65315.69140625,65315.69140625,65315.69140625,65302.08984375,65302.08984375,0
2026-07-21 02:52:00+00:00,65297.05078125,65297.05078125,65327.48828125,65292.30078125,65315.69140625,2185216
2026-07-21 02:53:00+00:00,65307.7109375,65307.7109375,65316.16015625,65299.08984375,65299.08984375,0
2026-07-21 02:54:00+00:00,65338.578125,65338.578125,65338.578125,65313.46875,65313.46875,0
2026-07-21 02:55:00+00:00,65420.0,65420.0,65446.98046875,65343.328125,65343.328125,0
2026-07-21 02:56:00+00:00,65436.98828125,65436.98828125,65446.98046875,65422.140625,65422.140625,0
2026-07-21 02:57:00+00:00,65388.75,65388.75,65417.73828125,65388.75,65417.73828125,6174720
2026-07-21 02:58:00+00:00,65376.01953125,65376.01953125,65380.66015625,65363.53125,65376.01171875,0
2026-07-21 02:59:00+00:00,65366.94921875,65366.94921875,65380.66015625,65366.94921875,65380.6484375,0
2026-07-21 03:00:00+00:00,65392.08984375,65392.08984375,65392.08984375,65363.53125,65366.94921875,0
2026-07-21 03:01:00+00:00,65376.4609375,65376.4609375,65401.98828125,65366.01953125,65401.98828125,0
2026-07-21 03:02:00+00:00,65422.12890625,65422.12890625,65422.12890625,65381.328125,65384.94140625,0
2026-07-21 03:03:00+00:00,65407.30078125,65407.30078125,65440.48046875,65407.30078125,65422.12890625,191825920
2026-07-21 03:04:00+00:00,65388.26171875,65388.26171875,65389.9296875,65366.0,65386.109375,0
2026-07-21 03:05:00+00:00,65406.62890625,65406.62890625,65434.1015625,65399.87109375,65399.87109375,0
2026-07-21 03:06:00+00:00,65423.4609375,65423.4609375,65427.16015625,65407.30859375,65418.421875,2707456
2026-07-21 03:07:00+00:00,65479.21875,65479.21875,65485.2109375,65422.359375,65426.12109375,0
2026-07-21 03:08:00+00:00,65417.19921875,65417.19921875,65474.53125,65413.48046875,65474.53125,0
2026-07-21 03:09:00+00:00,65411.01171875,65411.01171875,65429.55859375,65411.01171875,65429.55859375,0
2026-07-21 03:10:00+00:00,65423.98828125,65423.98828125,65425.8515625,65403.58984375,65407.30078125,1249280
2026-07-21 03:11:00+00:00,65399.87890625,65399.87890625,65436.6015625,65391.12109375,65420.80859375,124528640
2026-07-21 03:12:00+00:00,65427.05859375,65427.05859375,65427.05859375,65403.58984375,65403.6015625,6481920
2026-07-21 03:13:00+00:00,65458.640625,65458.640625,65458.640625,65427.05859375,65427.05859375,3133440
2026-07-21 03:14:00+00:00,65442.48046875,65442.48046875,65449.98828125,65424.0,65449.98828125,0
2026-07-21 03:15:00+00:00,65471.98046875,65471.98046875,65489.0703125,65442.48046875,65442.48046875,16539648
2026-07-21 03:16:00+00:00,65418.4296875,65418.4296875,65476.48046875,65418.4296875,65475.0,937984
2026-07-21 03:17:00+00:00,65399.87890625,65399.87890625,65430.01953125,65399.87890625,65416.51171875,230062080
2026-07-21 03:18:00+00:00,65418.4296875,65418.4296875,65426.7109375,65408.01953125,65408.01953125,0
2026-07-21 03:19:00+00:00,65403.6015625,65403.6015625,65419.921875,65403.6015625,65419.921875,0
2026-07-21 03:20:00+00:00,65455.48046875,65455.48046875,65455.48046875,65406.21875,65409.7890625,0
2026-07-21 03:21:00+00:00,65422.140625,65422.140625,65440.69140625,65422.140625,65440.69140625,10012672
2026-07-21 03:22:00+00:00,65424.69140625,65424.69140625,65424.69921875,65418.4296875,65418.4296875,3301376
2026-07-21 03:23:00+00:00,65396.23828125,65396.23828125,65424.69140625,65396.171875,65424.69140625,8368128
2026-07-21 03:24:00+00:00,65438.01171875,65438.01171875,65438.01171875,65386.3203125,65396.171875,0
2026-07-21 03:25:00+00:00,65430.6796875,65430.6796875,65431.859375,65411.62890625,65431.859375,0
2026-07-21 03:26:00+00:00,65418.4296875,65418.4296875,65440.6796875,65418.4296875,65430.6796875,199313408
2026-07-21 03:27:00+00:00,65440.6796875,65440.6796875,65440.69140625,65407.30859375,65407.30859375,2816000
2026-07-21 03:28:00+00:00,65433.96875,65433.96875,65433.96875,65430.4609375,65433.96875,903168
2026-07-21 03:29:00+00:00,65440.6796875,65440.6796875,65440.69140625,65428.01171875,65433.96875,0
2026-07-21 03:30:00+00:00,65422.140625,65422.140625,65440.6796875,65408.80859375,65440.6796875,18972672
2026-07-21 03:31:00+00:00,65414.69140625,65414.69140625,65422.1484375,65404.80078125,65422.140625,0
2026-07-21 03:32:00+00:00,65407.5,65407.5,65410.5,65399.87890625,65410.01171875,0
2026-07-21 03:33:00+00:00,65420.53125,65420.53125,65429.55078125,65414.0390625,65414.0390625,0
2026-07-21 03:34:00+00:00,65437.4296875,65437.4296875,65440.6796875,65432.76953125,65435.98828125,0
2026-07-21 03:35:00+00:00,65447.98828125,65447.98828125,65447.98828125,65416.0,65437.4296875,19136512
2026-07-21 03:36:00+00:00,65436.98046875,65436.98046875,65459.23046875,65436.98046875,65449.55859375,1112064
2026-07-21 03:37:00+00:00,65448.1015625,65448.1015625,65448.1015625,65418.4296875,65436.98046875,0
2026-07-21 03:38:00+00:00,65458.19140625,65458.19140625,65458.19140625,65451.80859375,65451.80859375,5414912
2026-07-21 03:39:00+00:00,65477.51953125,65477.51953125,65477.51953125,65455.53125,65462.94140625,0
2026-07-21 03:40:00+00:00,65482.19140625,65482.19140625,65482.19140625,65459.23828125,65477.51953125,0
2026-07-21 03:41:00+00:00,65488.78125,65488.78125,65491.109375,65480.73828125,65491.109375,0
2026-07-21 03:42:00+00:00,65475.19140625,65475.19140625,65488.78125,65475.19140625,65488.78125,0
2026-07-21 03:43:00+00:00,65447.87890625,65447.87890625,65485.19921875,65445.71875,65475.19140625,4165632
2026-07-21 03:44:00+00:00,65481.01953125,65481.01953125,65481.98046875,65443.1015625,65453.69140625,0
2026-07-21 03:45:00+00:00,65441.98828125,65441.98828125,65472.828125,65433.28125,65472.828125,0
2026-07-21 03:46:00+00:00,65451.80859375,65451.80859375,65453.2890625,65441.140625,65449.359375,9172992
2026-07-21 03:47:00+00:00,65443.640625,65443.640625,65445.62890625,65442.0,65445.62890625,129140736
2026-07-21 03:48:00+00:00,65451.828125,65451.828125,65461.58984375,65443.640625,65443.640625,20936704
2026-07-21 03:49:00+00:00,65422.140625,65422.140625,65451.8203125,65422.140625,65451.8203125,0
2026-07-21 03:50:00+00:00,65418.421875,65418.421875,65428.03125,65403.58984375,65425.859375,66359296
2026-07-21 03:51:00+00:00,65493.25,65493.25,65493.25,65424.9609375,65424.9609375,0
2026-07-21 03:52:00+00:00,65474.76171875,65474.76171875,65495.55078125,65468.0,65495.55078125,1957888
2026-07-21 03:53:00+00:00,65484.62890625,65484.62890625,65489.98828125,65476.83984375,65476.83984375,0
2026-07-21 03:54:00+00:00,65497.21875,65497.21875,65503.75,65481.5,65484.62890625,0
2026-07-21 03:55:00+00:00,65476.01171875,65476.01171875,65491.19140625,65476.01171875,65487.21875,8560640
2026-07-21 03:56:00+00:00,65487.140625,65487.140625,65487.140625,65467.51953125,65476.01171875,44191744
2026-07-21 03:57:00+00:00,65482.01171875,65482.01171875,65487.140625,65476.69140625,65487.140625,6109184
2026-07-21 03:58:00+00:00,65533.51171875,65533.51171875,65542.6328125,65482.01171875,65482.01171875,5711872
2026-07-21 03:59:00+00:00,65528.21875,65528.21875,65538.6015625,65528.21875,65533.51953125,0
2026-07-21 04:00:00+00:00,65491.0390625,65491.0390625,65532.7109375,65491.0390625,65522.30859375,40028160
2026-07-21 04:01:00+00:00,65518.91015625,65518.91015625,65532.9609375,65483.91015625,65491.0390625,0
2026-07-21 04:02:00+00:00,65558.2265625,65558.2265625,65581.1796875,65543.890625,65543.890625,211734528
2026-07-21 04:03:00+00:00,65588.0,65588.0,65588.0,65548.2890625,65564.3203125,0
2026-07-21 04:04:00+00:00,65651.890625,65651.890625,65651.890625,65597.9921875,65597.9921875,0
2026-07-21 04:05:00+00:00,65645.84375,65645.84375,65648.4375,65615.0625,65641.03125,0
2026-07-21 04:06:00+00:00,65651.7578125,65651.7578125,65674.40625,65638.3984375,65638.3984375,0
2026-07-21 04:07:00+00:00,65665.109375,65665.109375,65673.453125,65651.4921875,65651.4921875,0
2026-07-21 04:08:00+00:00,65687.9921875,65687.9921875,65687.9921875,65665.109375,65671.4765625,6574080
2026-07-21 04:09:00+00:00,65607.609375,65607.609375,65695.4921875,65607.609375,65688.9765625,0
2026-07-21 04:10:00+00:00,65597.9296875,65597.9296875,65613.2578125,65597.703125,65605.96875,0
2026-07-21 04:11:00+00:00,65565.4609375,65565.4609375,65591.59375,65563.1171875,65591.59375,1497088
2026-07-21 04:12:00+00:00,65553.9921875,65553.9921875,65573.03125,65551.9921875,65564.078125,158203904
2026-07-21 04:13:00+00:00,65547.9609375,65547.9609375,65563.53125,65547.9609375,65551.9921875,0
2026-07-21 04:14:00+00:00,65559.1171875,65559.1171875,65562.828125,65544.5703125,65547.96875,0
2026-07-21 04:15:00+00:00,65551.59375,65551.59375,65562.421875,65530.01171875,65559.1171875,65325056
2026-07-21 04:16:00+00:00,65527.359375,65527.359375,65551.59375,65527.359375,65551.59375,0
2026-07-21 04:17:00+00:00,65521.1484375,65521.1484375,65527.359375,65518.6015625,65527.359375,1069056
2026-07-21 04:18:00+00:00,65545.9921875,65545.9921875,65545.9921875,65518.6015625,65519.98828125,8472576
2026-07-21 04:19:00+00:00,65567.7109375,65567.7109375,65589.46875,65557.6796875,65565.3984375,0
2026-07-21 04:20:00+00:00,65575.9921875,65575.9921875,65585.3828125,65566.9375,65567.71875,0
2026-07-21 04:21:00+00:00,65601.7265625,65601.7265625,65602.796875,65581.671875,65590.7109375,4804608
2026-07-21 04:22:00+00:00,65525.75,65525.75,65627.9921875,65525.75,65599.90625,1882112
2026-07-21 04:23:00+00:00,65538.8828125,65538.8828125,65541.9921875,65525.71875,65525.75,0
2026-07-21 04:24:00+00:00,65517.578125,65517.578125,65538.8671875,65514.890625,65538.8671875,0
2026-07-21 04:25:00+00:00,65519.98046875,65519.98046875,65530.55859375,65517.5703125,65517.5703125,0
2026-07-21 04:26:00+00:00,65492.62890625,65492.62890625,65519.98828125,65492.58984375,65519.98828125,38223872
2026-07-21 04:27:00+00:00,65489.55078125,65489.55078125,65500.48828125,65488.921875,65492.62890625,3491840
2026-07-21 04:28:00+00:00,65480.0,65480.0,65486.08984375,65480.0,65483.91015625,0
2026-07-21 04:29:00+00:00,65468.0,65468.0,65490.640625,65466.66015625,65486.078125,0
2026-07-21 04:30:00+00:00,65465.78125,65465.78125,65473.71875,65461.6484375,65471.2109375,15144960
2026-07-21 04:31:00+00:00,65470.37109375,65470.37109375,65489.98046875,65461.6484375,65465.78125,0
2026-07-21 04:32:00+00:00,65485.19921875,65485.19921875,65485.19921875,65460.0,65460.0,0
2026-07-21 04:33:00+00:00,65481.2109375,65481.2109375,65500.0390625,65474.328125,65490.109375,221933568
2026-07-21 04:34:00+00:00,65485.98828125,65485.98828125,65494.44921875,65481.5,65488.921875,0
2026-07-21 04:35:00+00:00,65472.0,65472.0,65485.98828125,65472.0,65485.98828125,0
2026-07-21 04:36:00+00:00,65486.23046875,65486.23046875,65486.23828125,65464.55859375,65466.66015625,0
2026-07-21 04:37:00+00:00,65519.25,65519.25,65524.80078125,65488.91015625,65488.91015625,0
2026-07-21 04:38:00+00:00,65529.71875,65529.71875,65529.71875,65524.16015625,65524.171875,0
2026-07-21 04:39:00+00:00,65493.23046875,65493.23046875,65529.71875,65493.23046875,65529.71875,0
2026-07-21 04:40:00+00:00,65478.51953125,65478.51953125,65493.23046875,65478.51953125,65493.23046875,24487936
2026-07-21 04:41:00+00:00,65477.23046875,65477.23046875,65477.23046875,65453.640625,65472.69921875,111118336
2026-07-21 04:42:00+00:00,65496.33984375,65496.33984375,65503.078125,65466.66015625,65477.23046875,0
2026-07-21 04:43:00+00:00,65495.12890625,65495.12890625,65496.3515625,65492.44921875,65496.3515625,3915776
2026-07-21 04:44:00+00:00,65498.0,65498.0,65500.0,65492.62890625,65495.12890625,0
2026-07-21 04:45:00+00:00,65474.69140625,65474.69140625,65492.1484375,65466.0,65492.1484375,261935104
2026-07-21 04:46:00+00:00,65484.7890625,65484.7890625,65504.828125,65474.078125,65474.69140625,1024000
2026-07-21 04:47:00+00:00,65489.98828125,65489.98828125,65503.76171875,65484.7890625,65484.80078125,20180992
2026-07-21 04:48:00+00:00,65485.48828125,65485.48828125,65489.98828125,65484.46875,65489.98828125,0
2026-07-21 04:49:00+00:00,65460.26171875,65460.26171875,65485.5,65460.26171875,65485.5,0
2026-07-21 04:50:00+00:00,65472.0,65472.0,65485.48828125,65465.48046875,65465.48046875,0
2026-07-21 04:51:00+00:00,65455.53125,65455.53125,65476.98046875,65455.53125,65472.0,686080
2026-07-21 04:52:00+00:00,65470.359375,65470.359375,65470.359375,65455.53125,65455.53125,3008512
2026-07-21 04:53:00+00:00,65445.08984375,65445.08984375,65477.421875,65445.08984375,65470.359375,0
2026-07-21 04:54:00+00:00,65455.421875,65455.421875,65455.421875,65431.26171875,65443.0,0
2026-07-21 04:55:00+00:00,65437.37109375,65437.37109375,65450.0,65433.26953125,65450.0,1292288
2026-07-21 04:56:00+00:00,65464.5,65464.5,65464.5,65437.37109375,65437.37109375,0
2026-07-21 04:57:00+00:00,65476.9609375,65476.9609375,65488.91015625,65469.44921875,65478.41015625,5644288
2026-07-21 04:58:00+00:00,65484.98828125,65484.98828125,65484.98828125,65476.9609375,65476.9609375,272384
2026-07-21 04:59:00+00:00,65472.01171875,65472.01171875,65484.98828125,65470.5,65484.98828125,0
2026-07-21 05:00:00+00:00,65468.6796875,65468.6796875,65468.6796875,65454.421875,65462.94921875,58185728
2026-07-21 05:01:00+00:00,65481.51171875,65481.51171875,65495.98046875,65462.30078125,65468.6796875,0
2026-07-21 05:02:00+00:00,65471.37890625,65471.37890625,65481.5,65462.3203125,65481.5,0
2026-07-21 05:03:00+00:00,65470.359375,65470.359375,65480.51953125,65454.0,65480.51953125,0
2026-07-21 05:04:00+00:00,65501.62890625,65501.62890625,65502.69140625,65479.41015625,65479.41015625,0
2026-07-21 05:05:00+00:00,65441.23046875,65441.23046875,65507.4609375,65441.23046875,65501.62890625,0
2026-07-21 05:06:00+00:00,65485.19921875,65485.19921875,65485.19921875,65443.2109375,65443.2109375,2504704
2026-07-21 05:07:00+00:00,65497.98828125,65497.98828125,65498.0,65476.5,65497.98828125,0
2026-07-21 05:08:00+00:00,65500.0390625,65500.0390625,65514.890625,65495.140625,65497.98828125,0
2026-07-21 05:09:00+00:00,65494.37109375,65494.37109375,65500.7890625,65485.2109375,65500.7890625,0
2026-07-21 05:10:00+00:00,65484.01171875,65484.01171875,65494.37890625,65484.01171875,65494.37890625,220176384
2026-07-21 05:11:00+00:00,65487.26953125,65487.26953125,65488.0,65468.0703125,65484.01171875,0
2026-07-21 05:12:00+00:00,65477.78125,65477.78125,65477.78125,65468.37890625,65474.078125,0
2026-07-21 05:13:00+00:00,65475.609375,65475.609375,65477.78125,65471.66015625,65477.78125,0
2026-07-21 05:14:00+00:00,65499.1484375,65499.1484375,65499.1484375,65474.578125,65477.78125,0
2026-07-21 05:15:00+00:00,65474.078125,65474.078125,65485.2109375,65474.078125,65485.2109375,0
2026-07-21 05:16:00+00:00,65447.94921875,65447.94921875,65471.859375,65447.94921875,65471.859375,0
2026-07-21 05:17:00+00:00,65483.12109375,65483.12109375,65491.01171875,65449.94921875,65449.94921875,0
2026-07-21 05:18:00+00:00,65477.7890625,65477.7890625,65480.0,65458.05859375,65480.0,0
2026-07-21 05:19:00+00:00,65446.16015625,65446.16015625,65477.78125,65446.16015625,65477.78125,0
2026-07-21 05:20:00+00:00,65466.640625,65466.640625,65466.6484375,65446.16015625,65446.16015625,0
2026-07-21 05:21:00+00:00,65476.890625,65476.890625,65477.78125,65461.0703125,65462.3984375,0
2026-07-21 05:22:00+00:00,65509.8984375,65509.8984375,65509.8984375,65476.48828125,65476.890625,0
2026-07-21 05:23:00+00:00,65517.71875,65517.71875,65517.71875,65503.76171875,65517.71875,0
2026-07-21 05:24:00+00:00,65555.703125,65555.703125,65555.703125,65517.71875,65517.71875,0
2026-07-21 05:25:00+00:00,65558.3515625,65558.3515625,65559.3984375,65555.6875,65555.6875,0
2026-07-21 05:26:00+00:00,65594.828125,65594.828125,65594.828125,65558.3515625,65558.3515625,0
2026-07-21 05:27:00+00:00,65587.25,65587.25,65606.0,65577.9609375,65606.0,21823488
2026-07-21 05:28:00+00:00,65575.0,65575.0,65596.5,65575.0,65590.703125,0
2026-07-21 05:29:00+00:00,65553.0078125,65553.0078125,65582.96875,65553.0078125,65573.6796875,0
2026-07-21 05:30:00+00:00,65559.40625,65559.40625,65567.421875,65557.171875,65564.6875,193304576
2026-07-21 05:31:00+00:00,65530.48046875,65530.48046875,65559.421875,65523.87890625,65553.53125,0
2026-07-21 05:32:00+00:00,65524.03125,65524.03125,65530.48046875,65523.6796875,65530.48046875,0
2026-07-21 05:33:00+00:00,65533.44140625,65533.44140625,65540.8515625,65519.1796875,65524.05859375,0
2026-07-21 05:34:00+00:00,65541.578125,65541.578125,65543.578125,65522.30859375,65525.6796875,0
2026-07-21 05:35:00+00:00,65548.2734375,65548.2734375,65548.2734375,65541.578125,65541.578125,91596800
2026-07-21 05:36:00+00:00,65548.2734375,65548.2734375,65551.9765625,65543.5390625,65548.2734375,4022272
2026-07-21 05:37:00+00:00,65550.15625,65550.15625,65550.171875,65548.2578125,65548.2734375,0
2026-07-21 05:38:00+00:00,65518.6015625,65518.6015625,65541.578125,65518.6015625,65541.578125,0
2026-07-21 05:39:00+00:00,65522.30859375,65522.30859375,65537.1484375,65520.8515625,65520.8515625,197898240
2026-07-21 05:40:00+00:00,65556.8984375,65556.8984375,65556.8984375,65522.30859375,65522.30859375,2502656
2026-07-21 05:41:00+00:00,65600.328125,65600.328125,65600.328125,65566.8203125,65566.8203125,0
2026-07-21 05:42:00+00:00,65631.9765625,65631.9765625,65631.9765625,65592.796875,65598.28125,0
2026-07-21 05:43:00+00:00,65586.6875,65586.6875,65637.3125,65586.6875,65631.9765625,0
2026-07-21 05:44:00+00:00,65600.2109375,65600.2109375,65600.2109375,65587.7734375,65587.7734375,0
2026-07-21 05:45:00+00:00,65600.0,65600.0,65600.0,65562.859375,65589.09375,0
2026-07-21 05:46:00+00:00,65622.2265625,65622.2265625,65639.3984375,65600.0,65600.0,25948160
2026-07-21 05:47:00+00:00,65650.578125,65650.578125,65651.890625,65622.3671875,65622.3671875,0
2026-07-21 05:48:00+00:00,65848.7890625,65848.7890625,65848.7890625,65647.9921875,65647.9921875,5728256
2026-07-21 05:49:00+00:00,65763.9921875,65763.9921875,65818.9375,65763.9765625,65816.1328125,0
2026-07-21 05:50:00+00:00,65697.046875,65697.046875,65783.21875,65697.046875,65764.671875,0
2026-07-21 05:51:00+00:00,65665.0234375,65665.0234375,65698.3671875,65656.71875,65698.3671875,46544896
2026-07-21 05:52:00+00:00,65729.3671875,65729.3671875,65752.3203125,65685.9921875,65685.9921875,1529856
2026-07-21 05:53:00+00:00,65715.4375,65715.4375,65754.3515625,65706.96875,65737.4765625,189140992
2026-07-21 05:54:00+00:00,65711.5234375,65711.5234375,65737.4765625,65711.5234375,65721.2734375,0
2026-07-21 05:55:00+00:00,65692.53125,65692.53125,65709.90625,65692.53125,65704.1015625,11233280
2026-07-21 05:56:00+00:00,65673.0,65673.0,65695.5234375,65673.0,65692.1328125,0
2026-07-21 05:57:00+00:00,65674.703125,65674.703125,65684.4609375,65674.703125,65678.1171875,4702208
2026-07-21 05:58:00+00:00,65692.1171875,65692.1171875,65692.1171875,65667.0,65674.703125,473088
2026-07-21 05:59:00+00:00,65704.1015625,65704.1015625,65722.640625,65692.1171875,65692.1171875,0
2026-07-21 06:00:00+00:00,65710.3671875,65710.3671875,65730.0625,65702.296875,65719.0390625,8124416
2026-07-21 06:01:00+00:00,65779.25,65779.25,65779.25,65709.03125,65709.03125,22775808
2026-07-21 06:02:00+00:00,65751.109375,65751.109375,65778.2890625,65749.4609375,65776.5234375,0
2026-07-21 06:03:00+00:00,65749.921875,65749.921875,65752.7421875,65741.203125,65751.109375,82751488
2026-07-21 06:04:00+00:00,65722.6484375,65722.6484375,65752.203125,65722.6484375,65749.6015625,0
2026-07-21 06:05:00+00:00,65718.6875,65718.6875,65737.859375,65703.4375,65737.859375,1098147840
2026-07-21 06:06:00+00:00,65705.0,65705.0,65736.3125,65705.0,65722.640625,0
2026-07-21 06:07:00+00:00,65662.0,65662.0,65691.0078125,65662.0,65691.0078125,0
2026-07-21 06:08:00+00:00,65658.71875,65658.71875,65664.71875,65647.5078125,65662.0,0
2026-07-21 06:09:00+00:00,65646.0234375,65646.0234375,65651.4765625,65644.7421875,65651.4765625,0
2026-07-21 06:10:00+00:00,65617.8984375,65617.8984375,65633.8828125,65596.8828125,65633.8828125,38039552
2026-07-21 06:11:00+00:00,65652.1484375,65652.1484375,65652.1484375,65614.1796875,65617.8984375,12888064
2026-07-21 06:12:00+00:00,65690.0,65690.0,65694.0,65656.0,65656.0,5111808
2026-07-21 06:13:00+00:00,65681.84375,65681.84375,65696.671875,65675.0,65675.078125,0
2026-07-21 06:14:00+00:00,65682.109375,65682.109375,65685.046875,65670.7109375,65678.1328125,1308672
2026-07-21 06:15:00+00:00,65667.0,65667.0,65682.1015625,65667.0,65680.453125,0
2026-07-21 06:16:00+00:00,65646.078125,65646.078125,65689.2265625,65646.078125,65670.3828125,0
2026-07-21 06:17:00+00:00,65651.390625,65651.390625,65652.171875,65637.3203125,65652.171875,260319232
2026-07-21 06:18:00+00:00,65641.6484375,65641.6484375,65651.390625,65638.5,65651.390625,0
2026-07-21 06:19:00+00:00,65652.15625,65652.15625,65670.0,65641.6484375,65641.6484375,0
2026-07-21 06:20:00+00:00,65615.0625,65615.0625,65645.0,65615.0625,65645.0,0
2026-07-21 06:21:00+00:00,65631.3984375,65631.3984375,65637.3125,65631.3984375,65633.609375,0
2026-07-21 06:22:00+00:00,65693.1484375,65693.1484375,65696.4296875,65648.4296875,65648.4296875,0
2026-07-21 06:23:00+00:00,65751.9921875,65751.9921875,65751.9921875,65694.796875,65694.796875,1099716608
2026-07-21 06:24:00+00:00,65759.75,65759.75,65773.4765625,65750.6796875,65750.6796875,0
2026-07-21 06:25:00+00:00,65739.140625,65739.140625,65756.921875,65734.0078125,65756.921875,8898560
2026-07-21 06:26:00+00:00,65754.296875,65754.296875,65760.9609375,65739.1328125,65739.1328125,0
2026-07-21 06:27:00+00:00,65768.5,65768.5,65768.5,65748.6171875,65754.296875,7251968
2026-07-21 06:28:00+00:00,65778.2890625,65778.2890625,65778.2890625,65752.34375,65770.8671875,231424
2026-07-21 06:29:00+00:00,65779.9609375,65779.9609375,65798.40625,65776.6796875,65776.6796875,0
2026-07-21 06:30:00+00:00,65794.8828125,65794.8828125,65794.8828125,65763.4609375,65774.59375,185976832
2026-07-21 06:31:00+00:00,65820.3671875,65820.3671875,65829.1015625,65793.0078125,65795.0390625,11665408
2026-07-21 06:32:00+00:00,65843.5703125,65843.5703125,65843.5703125,65817.640625,65817.6484375,53751808
2026-07-21 06:33:00+00:00,65867.2109375,65867.2109375,65867.2109375,65818.1015625,65840.171875,0
2026-07-21 06:34:00+00:00,65878.3203125,65878.3203125,65878.390625,65866.890625,65866.890625,0
2026-07-21 06:35:00+00:00,65908.1484375,65908.1484375,65931.7890625,65871.0625,65878.3203125,169984
2026-07-21 06:36:00+00:00,65939.84375,65939.84375,65945.2421875,65919.28125,65919.28125,0
2026-07-21 06:37:00+00:00,65930.4296875,65930.4296875,65946.8125,65922.9921875,65946.8125,63541248
2026-07-21 06:38:00+00:00,65899.9921875,65899.9921875,65930.4296875,65890.1484375,65930.4296875,0
2026-07-21 06:39:00+00:00,65911.84375,65911.84375,65911.84375,65897.0234375,65899.9921875,0
2026-07-21 06:40:00+00:00,65897.71875,65897.71875,65912.8671875,65879.71875,65912.8671875,0
2026-07-21 06:41:00+00:00,65893.296875,65893.296875,65893.296875,65867.359375,65871.9921875,0
2026-07-21 06:42:00+00:00,65905.5078125,65905.5078125,65910.0234375,65893.296875,65893.296875,0
2026-07-21 06:43:00+00:00,65890.4765625,65890.4765625,65905.5078125,65890.2421875,65905.5078125,0
2026-07-21 06:44:00+00:00,65920.0078125,65920.0078125,65920.0234375,65894.0703125,65894.8203125,0
2026-07-21 06:45:00+00:00,65905.0,65905.0,65928.2265625,65904.4765625,65920.0078125,185583616
2026-07-21 06:46:00+00:00,65852.5,65852.5,65894.953125,65852.5,65894.953125,0
2026-07-21 06:47:00+00:00,65842.0,65842.0,65852.5,65830.2421875,65852.5,0
2026-07-21 06:48:00+00:00,65848.8984375,65848.8984375,65848.8984375,65840.0,65841.3671875,0
2026-07-21 06:49:00+00:00,65868.046875,65868.046875,65878.4609375,65838.3828125,65848.8984375,0
2026-07-21 06:50:00+00:00,65885.890625,65885.890625,65897.2578125,65868.0390625,65868.0390625,0
2026-07-21 06:51:00+00:00,65841.359375,65841.359375,65879.4765625,65841.359375,65877.90625,0
2026-07-21 06:52:00+00:00,65847.2421875,65847.2421875,65859.1015625,65843.953125,65855.046875,0
2026-07-21 06:53:00+00:00,65861.2734375,65861.2734375,65861.2734375,65837.640625,65842.296875,0
2026-07-21 06:54:00+00:00,65871.9765625,65871.9765625,65871.9765625,65858.578125,65858.578125,0
2026-07-21 06:55:00+00:00,65848.7890625,65848.7890625,65867.328125,65848.7890625,65867.078125,0
2026-07-21 06:56:00+00:00,65861.3515625,65861.3515625,65861.3515625,65837.65625,65841.3671875,0
2026-07-21 06:57:00+00:00,65882.1796875,65882.1796875,65888.9765625,65858.5234375,65861.3515625,4419584
2026-07-21 06:58:00+00:00,65877.1796875,65877.1796875,65882.7265625,65877.1796875,65882.1796875,0
2026-07-21 06:59:00+00:00,65874.6796875,65874.6796875,65898.8125,65874.6796875,65877.1796875,0
2026-07-21 07:00:00+00:00,65860.328125,65860.328125,65881.96875,65850.5078125,65856.2109375,302950400
2026-07-21 07:01:00+00:00,65882.171875,65882.171875,65882.171875,65861.6484375,65861.6484375,718848
2026-07-21 07:02:00+00:00,65897.0234375,65897.0234375,65908.140625,65884.09375,65884.09375,0
2026-07-21 07:03:00+00:00,65896.1796875,65896.1796875,65896.1796875,65874.7578125,65878.46875,0
2026-07-21 07:04:00+00:00,65884.2109375,65884.2109375,65897.0078125,65874.7734375,65897.0078125,0
2026-07-21 07:05:00+00:00,65870.0625,65870.0625,65885.0,65863.6328125,65884.2109375,3061760
2026-07-21 07:06:00+00:00,65839.9921875,65839.9921875,65867.640625,65834.0078125,65867.640625,64919552
2026-07-21 07:07:00+00:00,65833.953125,65833.953125,65848.78125,65833.953125,65848.78125,1605632
2026-07-21 07:08:00+00:00,65829.703125,65829.703125,65839.9921875,65829.703125,65833.953125,0
2026-07-21 07:09:00+00:00,65832.203125,65832.203125,65834.296875,65822.4609375,65829.703125,0
2026-07-21 07:10:00+00:00,65822.8203125,65822.8203125,65837.6484375,65822.8203125,65833.9375,9357312
2026-07-21 07:11:00+00:00,65833.46875,65833.46875,65837.6484375,65822.8203125,65822.8203125,0
2026-07-21 07:12:00+00:00,65859.90625,65859.90625,65859.90625,65837.6484375,65837.6484375,11030528
2026-07-21 07:13:00+00:00,65867.34375,65867.34375,65878.0,65867.34375,65871.0390625,2209792
2026-07-21 07:14:00+00:00,65871.4296875,65871.4296875,65877.2578125,65863.6328125,65867.34375,0
2026-07-21 07:15:00+00:00,65871.0390625,65871.0390625,65883.3984375,65871.0390625,65873.8828125,16547840
2026-07-21 07:16:00+00:00,65882.6015625,65882.6015625,65882.6015625,65871.0390625,65871.046875,206848
2026-07-21 07:17:00+00:00,65904.4375,65904.4375,65911.0234375,65882.6015625,65883.921875,7383040
2026-07-21 07:18:00+00:00,65935.359375,65935.359375,65935.359375,65911.0234375,65911.0234375,0
2026-07-21 07:19:00+00:00,65945.2421875,65945.2421875,65945.2421875,65926.7109375,65926.7109375,0
2026-07-21 07:20:00+00:00,65896.90625,65896.90625,65956.3671875,65896.90625,65945.2421875,22564864
2026-07-21 07:21:00+00:00,65874.890625,65874.890625,65904.0,65869.9296875,65903.9921875,0
2026-07-21 07:22:00+00:00,65904.4375,65904.4375,65904.4375,65857.4375,65874.890625,1638400
2026-07-21 07:23:00+00:00,65885.8828125,65885.8828125,65911.1015625,65882.1796875,65907.1484375,0
2026-07-21 07:24:00+00:00,65859.921875,65859.921875,65879.6171875,65859.921875,65879.6171875,0
2026-07-21 07:25:00+00:00,65874.671875,65874.671875,65879.1328125,65853.328125,65853.328125,0
2026-07-21 07:26:00+00:00,65863.6328125,65863.6328125,65879.2734375,65863.6328125,65874.671875,0
2026-07-21 07:27:00+00:00,65884.796875,65884.796875,65885.546875,65863.6328125,65863.6328125,0
2026-07-21 07:28:00+00:00,65910.0234375,65910.0234375,65910.0234375,65875.9375,65875.9375,20103168
2026-07-21 07:29:00+00:00,65917.9921875,65917.9921875,65919.0234375,65911.25,65911.25,0
2026-07-21 07:30:00+00:00,65907.3828125,65907.3828125,65917.9921875,65898.4375,65917.9921875,54228992
2026-07-21 07:31:00+00:00,65909.921875,65909.921875,65910.828125,65903.3984375,65907.3828125,0
2026-07-21 07:32:00+00:00,65962.4296875,65962.4296875,65962.4296875,65909.921875,65909.921875,0
2026-07-21 07:33:00+00:00,65967.4765625,65967.4765625,66012.0234375,65966.390625,65966.390625,0
2026-07-21 07:34:00+00:00,65978.6328125,65978.6328125,65978.6328125,65956.3828125,65963.8515625,0
2026-07-21 07:35:00+00:00,65981.828125,65981.828125,65981.828125,65962.03125,65967.2109375,212926464
2026-07-21 07:36:00+00:00,65986.046875,65986.046875,66005.390625,65978.6328125,65981.828125,10770432
2026-07-21 07:37:00+00:00,65990.0,65990.0,66018.96875,65986.046875,65986.046875,5320704
2026-07-21 07:38:00+00:00,65985.0078125,65985.0078125,65990.0,65985.0,65990.0,0
2026-07-21 07:39:00+00:00,66004.6015625,66004.6015625,66008.9765625,65985.0,65985.0,0
2026-07-21 07:40:00+00:00,66015.1484375,66015.1484375,66028.6328125,66002.0078125,66002.0078125,11239424
2026-07-21 07:41:00+00:00,66000.8984375,66000.8984375,66023.1484375,66000.8984375,66004.6171875,143876096
2026-07-21 07:42:00+00:00,66034.9921875,66034.9921875,66034.9921875,66000.8984375,66000.8984375,0
2026-07-21 07:43:00+00:00,65983.2109375,65983.2109375,66076.890625,65983.2109375,66057.6328125,8001536
2026-07-21 07:44:00+00:00,65992.9921875,65992.9921875,65992.9921875,65980.0078125,65980.0078125,0
2026-07-21 07:45:00+00:00,65988.2578125,65988.2578125,65997.1796875,65986.5234375,65992.390625,72355840
2026-07-21 07:46:00+00:00,66086.2265625,66086.2265625,66115.90625,65986.0625,65986.0625,0
2026-07-21 07:47:00+00:00,66145.6015625,66145.6015625,66145.6015625,66071.390625,66082.5234375,46704640
2026-07-21 07:48:00+00:00,66085.1875,66085.1875,66138.921875,66077.5625,66138.921875,10528768
2026-07-21 07:49:00+00:00,66147.6484375,66147.6484375,66147.6484375,66071.390625,66082.5234375,0
2026-07-21 07:50:00+00:00,66127.0390625,66127.0390625,66157.0703125,66127.0390625,66145.953125,126709760
2026-07-21 07:51:00+00:00,66093.65625,66093.65625,66124.671875,66093.6484375,66108.4921875,9742336
2026-07-21 07:52:00+00:00,66161.1171875,66161.1171875,66161.1171875,66089.7734375,66089.7734375,0
2026-07-21 07:53:00+00:00,66141.8671875,66141.8671875,66161.1171875,66123.6015625,66161.1171875,0
2026-07-21 07:54:00+00:00,66167.5234375,66167.5234375,66189.8671875,66161.6171875,66161.6171875,0
2026-07-21 07:55:00+00:00,66171.828125,66171.828125,66175.2578125,66135.28125,66156.7265625,12750848
2026-07-21 07:56:00+00:00,66140.5390625,66140.5390625,66171.828125,66134.4609375,66171.828125,251119616
2026-07-21 07:57:00+00:00,66180.5390625,66180.5390625,66194.90625,66140.359375,66143.0625,5021696
2026-07-21 07:58:00+00:00,66158.046875,66158.046875,66178.9765625,66156.71875,66178.9765625,4012032
2026-07-21 07:59:00+00:00,66143.03125,66143.03125,66158.046875,66143.03125,66158.046875,0
2026-07-21 08:00:00+00:00,66145.6015625,66145.6015625,66172.34375,66134.4609375,66145.3515625,1232801792
2026-07-21 08:01:00+00:00,66125.9765625,66125.9765625,66143.96875,66121.8671875,66140.640625,1705984
2026-07-21 08:02:00+00:00,66145.578125,66145.578125,66145.578125,66123.34375,66140.609375,0
2026-07-21 08:03:00+00:00,66192.5390625,66192.5390625,66199.9921875,66167.8515625,66167.8515625,0
2026-07-21 08:04:00+00:00,66208.3125,66208.3125,66214.6484375,66180.2109375,66189.09375,0
2026-07-21 08:05:00+00:00,66178.0078125,66178.0078125,66212.1171875,66171.84375,66203.0390625,192561152
2026-07-21 08:06:00+00:00,66178.9765625,66178.9765625,66190.0,66167.8515625,66184.9921875,0
2026-07-21 08:07:00+00:00,66162.9921875,66162.9921875,66177.7421875,66155.9921875,66177.7421875,2029568
2026-07-21 08:08:00+00:00,66163.9921875,66163.9921875,66177.9375,66163.9921875,66171.421875,0
2026-07-21 08:09:00+00:00,66137.9921875,66137.9921875,66162.5,66135.2734375,66162.5,0
2026-07-21 08:10:00+00:00,66124.046875,66124.046875,66135.828125,66124.046875,66133.078125,23150592
2026-07-21 08:11:00+00:00,66097.2578125,66097.2578125,66127.546875,66086.2265625,66127.546875,234149888
2026-07-21 08:12:00+00:00,66115.90625,66115.90625,66125.171875,66095.796875,66104.0,0
2026-07-21 08:13:00+00:00,66174.9765625,66174.9765625,66174.9765625,66125.171875,66125.171875,0
2026-07-21 08:14:00+00:00,66230.921875,66230.921875,66238.3828125,66201.28125,66207.171875,0
2026-07-21 08:15:00+00:00,66202.15625,66202.15625,66240.3828125,66202.15625,66235.546875,0
2026-07-21 08:16:00+00:00,66229.9921875,66229.9921875,66231.9765625,66188.296875,66188.296875,3282944
2026-07-21 08:17:00+00:00,66197.0390625,66197.0390625,66212.7890625,66190.109375,66208.65625,17901568
2026-07-21 08:18:00+00:00,66216.0703125,66216.0703125,66216.0703125,66164.140625,66189.09375,4096
2026-07-21 08:19:00+00:00,66229.5,66229.5,66239.2734375,66218.6328125,66223.7265625,0
2026-07-21 08:20:00+00:00,66260.5390625,66260.5390625,66265.8984375,66227.2109375,66235.4609375,57163776
2026-07-21 08:21:00+00:00,66291.75,66291.75,66301.3984375,66260.5625,66260.5625,0
2026-07-21 08:22:00+00:00,66232.078125,66232.078125,66299.046875,66232.078125,66299.046875,11243520
2026-07-21 08:23:00+00:00,66295.171875,66295.171875,66295.171875,66246.109375,66246.109375,0
2026-07-21 08:24:00+00:00,66263.34375,66263.34375,66301.3984375,66234.3671875,66301.3984375,0
2026-07-21 08:25:00+00:00,66252.390625,66252.390625,66256.09375,66233.3203125,66252.0078125,40079360
2026-07-21 08:26:00+00:00,66272.96875,66272.96875,66282.15625,66257.359375,66257.359375,0
2026-07-21 08:27:00+00:00,66191.53125,66191.53125,66255.0,66191.53125,66255.0,0
2026-07-21 08:28:00+00:00,66188.421875,66188.421875,66228.53125,66185.609375,66213.1796875,3108864
2026-07-21 08:29:00+00:00,66177.0,66177.0,66196.8515625,66160.4296875,66196.8515625,0
2026-07-21 08:30:00+00:00,66184.15625,66184.15625,66184.2578125,66161.75,66177.1015625,79546368
2026-07-21 08:31:00+00:00,66153.359375,66153.359375,66181.703125,66153.359375,66177.7265625,0
2026-07-21 08:32:00+00:00,66195.359375,66195.359375,66197.5234375,66150.0078125,66153.0078125,0
2026-07-21 08:33:00+00:00,66200.46875,66200.46875,66222.0,66196.3515625,66204.2734375,0
2026-07-21 08:34:00+00:00,66184.7734375,66184.7734375,66204.96875,66173.90625,66180.03125,0
2026-07-21 08:35:00+00:00,66214.5703125,66214.5703125,66219.78125,66175.2734375,66175.2734375,202045440
2026-07-21 08:36:00+00:00,66226.8828125,66226.8828125,66226.8828125,66213.6484375,66226.15625,0
2026-07-21 08:37:00+00:00,66288.7734375,66288.7734375,66297.6796875,66219.8125,66227.9609375,0
2026-07-21 08:38:00+00:00,66257.75,66257.75,66316.7890625,66256.9609375,66292.640625,0
2026-07-21 08:39:00+00:00,66297.078125,66297.078125,66301.3984375,66275.7109375,66275.7109375,0
2026-07-21 08:40:00+00:00,66289.46875,66289.46875,66297.703125,66266.359375,66297.703125,0
2026-07-21 08:41:00+00:00,66254.1328125,66254.1328125,66281.1796875,66254.1328125,66281.1796875,0
2026-07-21 08:42:00+00:00,66241.953125,66241.953125,66255.03125,66238.59375,66249.46875,0
2026-07-21 08:43:00+00:00,66259.703125,66259.703125,66260.6015625,66221.9921875,66221.9921875,23607296
2026-07-21 08:44:00+00:00,66265.5625,66265.5625,66265.5703125,66251.9921875,66263.6796875,0
2026-07-21 08:45:00+00:00,66216.1171875,66216.1171875,66275.4375,66216.1171875,66268.0078125,0
2026-07-21 08:46:00+00:00,66279.1484375,66279.1484375,66287.9921875,66216.1171875,66216.1171875,0
2026-07-21 08:47:00+00:00,66267.5390625,66267.5390625,66291.96875,66264.09375,66272.0,0
2026-07-21 08:48:00+00:00,66202.8125,66202.8125,66271.2421875,66202.796875,66271.2421875,0
2026-07-21 08:49:00+00:00,66228.6875,66228.6875,66228.6875,66202.796875,66202.796875,0
2026-07-21 08:50:00+00:00,66204.953125,66204.953125,66228.6875,66204.953125,66228.6875,0
2026-07-21 08:51:00+00:00,66221.1015625,66221.1015625,66222.1015625,66196.203125,66201.25,0
2026-07-21 08:52:00+00:00,66230.4609375,66230.4609375,66230.90625,66222.1015625,66222.1015625,31672320
2026-07-21 08:53:00+00:00,66211.703125,66211.703125,66230.78125,66210.4296875,66222.40625,43100160
2026-07-21 08:54:00+00:00,66193.8203125,66193.8203125,66214.21875,66193.8203125,66211.703125,0
2026-07-21 08:55:00+00:00,66220.2265625,66220.2265625,66220.2265625,66176.28125,66191.09375,0
2026-07-21 08:56:00+00:00,66191.9296875,66191.9296875,66206.7890625,66176.8984375,66206.7890625,11567104
2026-07-21 08:57:00+00:00,66172.546875,66172.546875,66191.9296875,66172.53125,66191.9296875,5001216
2026-07-21 08:58:00+00:00,66177.28125,66177.28125,66182.6796875,66167.8515625,66172.5625,0
2026-07-21 08:59:00+00:00,66186.390625,66186.390625,66186.3984375,66183.140625,66183.140625,0
2026-07-21 09:00:00+00:00,66176.703125,66176.703125,66193.1171875,66175.2734375,66186.390625,14397440
2026-07-21 09:01:00+00:00,66164.140625,66164.140625,66182.6796875,66164.140625,66167.8515625,0
2026-07-21 09:02:00+00:00,66150.0234375,66150.0234375,66175.1015625,66150.0234375,66164.140625,0
2026-07-21 09:03:00+00:00,66149.2890625,66149.2890625,66155.953125,66135.0078125,66155.953125,0
2026-07-21 09:04:00+00:00,66146.6484375,66146.6484375,66156.7109375,66146.6484375,66149.2890625,0
2026-07-21 09:05:00+00:00,66163.3984375,66163.3984375,66163.3984375,66146.6484375,66146.6484375,0
2026-07-21 09:06:00+00:00,66176.5078125,66176.5078125,66176.5078125,66163.3984375,66163.3984375,5943296
2026-07-21 09:07:00+00:00,66151.8515625,66151.8515625,66171.140625,66151.7578125,66165.90625,0
2026-07-21 09:08:00+00:00,66167.84375,66167.84375,66167.84375,66145.59375,66151.8515625,44693504
2026-07-21 09:09:00+00:00,66167.6015625,66167.6015625,66167.6015625,66153.6015625,66163.21875,0
2026-07-21 09:10:00+00:00,66162.328125,66162.328125,66167.6015625,66160.03125,66167.6015625,5625856
2026-07-21 09:11:00+00:00,66134.65625,66134.65625,66161.0,66114.0,66161.0,0
2026-07-21 09:12:00+00:00,66134.4375,66134.4375,66145.578125,66114.9609375,66138.796875,0
2026-07-21 09:13:00+00:00,66153.578125,66153.578125,66153.578125,66134.4375,66134.4375,0
2026-07-21 09:14:00+00:00,66170.75,66170.75,66171.5,66153.9765625,66153.9765625,0
2026-07-21 09:15:00+00:00,66178.96875,66178.96875,66183.9296875,66170.75,66170.75,16721920
2026-07-21 09:16:00+00:00,66186.9609375,66186.9609375,66201.2265625,66175.2734375,66178.96875,0
2026-07-21 09:17:00+00:00,66201.1171875,66201.1171875,66201.1171875,66186.9609375,66186.9609375,215777280
2026-07-21 09:18:00+00:00,66201.1171875,66201.1171875,66201.1328125,66195.8828125,66196.296875,2713600
2026-07-21 09:19:00+00:00,66180.0,66180.0,66202.7265625,66180.0,66201.1171875,0
2026-07-21 09:20:00+00:00,66187.34375,66187.34375,66202.7265625,66180.0,66180.0,385024
2026-07-21 09:21:00+00:00,66145.3515625,66145.3515625,66187.34375,66145.3515625,66187.34375,1265664
2026-07-21 09:22:00+00:00,66156.2109375,66156.2109375,66156.2109375,66142.0078125,66150.9375,0
2026-07-21 09:23:00+00:00,66163.2421875,66163.2421875,66163.2421875,66156.2109375,66156.2109375,2033664
2026-07-21 09:24:00+00:00,66193.8125,66193.8125,66193.8125,66163.2421875,66163.2421875,0
2026-07-21 09:25:00+00:00,66200.2578125,66200.2578125,66200.2578125,66193.8125,66193.8125,0
2026-07-21 09:26:00+00:00,66183.890625,66183.890625,66200.5625,66179.0,66198.96875,12148736
2026-07-21 09:27:00+00:00,66196.28125,66196.28125,66197.3984375,66183.328125,66183.328125,0
2026-07-21 09:28:00+00:00,66201.9609375,66201.9609375,66204.9375,66190.109375,66196.28125,0
2026-07-21 09:29:00+00:00,66189.9921875,66189.9921875,66205.796875,66189.9921875,66201.9609375,0
2026-07-21 09:30:00+00:00,66186.3984375,66186.3984375,66204.9375,66185.390625,66201.2265625,1345536
2026-07-21 09:31:00+00:00,66255.7734375,66255.7734375,66255.7734375,66186.3984375,66186.3984375,0
2026-07-21 09:32:00+00:00,66270.0078125,66270.0078125,66275.1328125,66242.046875,66255.7734375,39868416
2026-07-21 09:33:00+00:00,66276.78125,66276.78125,66276.78125,66258.640625,66258.640625,20389888
2026-07-21 09:34:00+00:00,66237.9765625,66237.9765625,66276.7734375,66237.9765625,66276.7734375,0
2026-07-21 09:35:00+00:00,66268.0078125,66268.0078125,66268.0078125,66234.6328125,66237.9765625,1116160
2026-07-21 09:36:00+00:00,66288.171875,66288.171875,66288.171875,66271.2578125,66271.2578125,4632576
2026-07-21 09:37:00+00:00,66293.171875,66293.171875,66293.171875,66282.7578125,66282.921875,1359872
2026-07-21 09:38:00+00:00,66289.7890625,66289.7890625,66293.1796875,66289.7890625,66293.171875,36114432
2026-07-21 09:39:00+00:00,66272.9296875,66272.9296875,66277.078125,66256.890625,66274.1796875,0
2026-07-21 09:40:00+00:00,66245.7578125,66245.7578125,66273.40625,66245.7578125,66273.40625,2574336
2026-07-21 09:41:00+00:00,66247.046875,66247.046875,66253.2734375,66240.796875,66248.2265625,0
2026-07-21 09:42:00+00:00,66271.71875,66271.71875,66271.71875,66247.046875,66247.046875,17385472
2026-07-21 09:43:00+00:00,66264.5,66264.5,66271.71875,66253.96875,66271.71875,0
2026-07-21 09:44:00+00:00,66258.09375,66258.09375,66273.78125,66256.890625,66273.78125,0
2026-07-21 09:45:00+00:00,66257.0,66257.0,66270.0078125,66253.96875,66255.203125,1290240
2026-07-21 09:46:00+00:00,66268.796875,66268.796875,66270.0078125,66256.9921875,66256.9921875,2582528
2026-07-21 09:47:00+00:00,66267.1171875,66267.1171875,66268.796875,66264.96875,66268.796875,2764800
2026-07-21 09:48:00+00:00,66272.609375,66272.609375,66272.8984375,66257.0078125,66267.1171875,30720
2026-07-21 09:49:00+00:00,66272.609375,66272.609375,66272.6171875,66272.609375,66272.609375,0
2026-07-21 09:50:00+00:00,66235.9765625,66235.9765625,66272.609375,66230.921875,66272.609375,0
2026-07-21 09:51:00+00:00,66268.9296875,66268.9296875,66268.9296875,66231.90625,66235.9765625,1382400
2026-07-21 09:52:00+00:00,66279.1484375,66279.1484375,66289.9921875,66268.9296875,66268.9296875,0
2026-07-21 09:53:00+00:00,66291.9921875,66291.9921875,66301.40625,66275.4375,66279.1484375,15187968
2026-07-21 09:54:00+00:00,66300.84375,66300.84375,66304.421875,66285.890625,66291.9921875,0
2026-07-21 09:55:00+00:00,66310.09375,66310.09375,66310.09375,66297.703125,66300.84375,0
2026-07-21 09:56:00+00:00,66293.9921875,66293.9921875,66308.1015625,66293.9921875,66305.96875,0
2026-07-21 09:57:00+00:00,66253.1796875,66253.1796875,66293.9921875,66253.1796875,66293.9921875,1114112
2026-07-21 09:58:00+00:00,66223.59375,66223.59375,66241.28125,66222.78125,66238.34375,2408448
2026-07-21 09:59:00+00:00,66250.78125,66250.78125,66253.171875,66239.9921875,66239.9921875,0
2026-07-21 10:00:00+00:00,66246.5703125,66246.5703125,66265.6015625,66246.5703125,66260.6015625,0
2026-07-21 10:01:00+00:00,66252.2578125,66252.2578125,66252.7890625,66242.09375,66249.8828125,0
2026-07-21 10:02:00+00:00,66242.046875,66242.046875,66264.8125,66242.046875,66260.3515625,0
2026-07-21 10:03:00+00:00,66242.109375,66242.109375,66255.3203125,66237.09375,66242.046875,0
2026-07-21 10:04:00+00:00,66256.8828125,66256.8828125,66256.8828125,66232.0390625,66242.109375,0
2026-07-21 10:05:00+00:00,66264.3125,66264.3125,66274.640625,66256.84375,66256.8828125,4700160
2026-07-21 10:06:00+00:00,66266.5234375,66266.5234375,66266.5234375,66262.46875,66264.3125,0
2026-07-21 10:07:00+00:00,66229.6875,66229.6875,66262.828125,66229.6875,66262.828125,1232896
2026-07-21 10:08:00+00:00,66237.4921875,66237.4921875,66237.4921875,66229.703125,66232.5078125,171988992
2026-07-21 10:09:00+00:00,66256.8828125,66256.8828125,66256.8828125,66233.2734375,66237.4765625,0
2026-07-21 10:10:00+00:00,66331.09375,66331.09375,66331.09375,66260.859375,66260.859375,20625408
2026-07-21 10:11:00+00:00,66323.671875,66323.671875,66343.4921875,66323.671875,66333.9609375,24899584
2026-07-21 10:12:00+00:00,66295.6015625,66295.6015625,66307.09375,66295.6015625,66302.3515625,3428352
2026-07-21 10:13:00+00:00,66338.5,66338.5,66338.5,66310.9921875,66310.9921875,0
2026-07-21 10:14:00+00:00,66328.578125,66328.578125,66338.0078125,66308.0,66338.0078125,0
2026-07-21 10:15:00+00:00,66357.5,66357.5,66363.5703125,66328.578125,66328.578125,0
2026-07-21 10:16:00+00:00,66328.578125,66328.578125,66360.3203125,66328.578125,66350.8203125,3205120
2026-07-21 10:17:00+00:00,66328.578125,66328.578125,66338.0,66328.578125,66338.0,8212480
2026-07-21 10:18:00+00:00,66300.0,66300.0,66332.53125,66300.0,66330.9765625,2568192
2026-07-21 10:19:00+00:00,66332.34375,66332.34375,66340.5703125,66300.0,66305.9921875,0
2026-07-21 10:20:00+00:00,66304.59375,66304.59375,66333.671875,66304.59375,66332.34375,4050944
2026-07-21 10:21:00+00:00,66304.0,66304.0,66311.046875,66303.5234375,66303.5234375,5711872
2026-07-21 10:22:00+00:00,66318.3828125,66318.3828125,66325.34375,66277.7109375,66302.671875,401408
2026-07-21 10:23:00+00:00,66304.4921875,66304.4921875,66318.3828125,66304.4921875,66318.3828125,0
2026-07-21 10:24:00+00:00,66336.75,66336.75,66338.9921875,66298.046875,66298.046875,0
2026-07-21 10:25:00+00:00,66325.3515625,66325.3515625,66338.0390625,66325.3515625,66338.03125,2480128
2026-07-21 10:26:00+00:00,66326.0234375,66326.0234375,66327.6484375,66314.3671875,66325.3515625,12023808
2026-07-21 10:27:00+00:00,66343.1796875,66343.1796875,66343.1796875,66334.4375,66334.4375,4958208
2026-07-21 10:28:00+00:00,66339.0,66339.0,66357.1875,66339.0,66343.171875,1048576
2026-07-21 10:29:00+00:00,66355.703125,66355.703125,66358.6796875,66339.0,66339.0,0
2026-07-21 10:30:00+00:00,66334.453125,66334.453125,66350.0078125,66334.453125,66350.0078125,54484992
2026-07-21 10:31:00+00:00,66352.2265625,66352.2265625,66357.1875,66334.453125,66334.453125,5009408
2026-07-21 10:32:00+00:00,66358.90625,66358.90625,66361.3203125,66352.2265625,66352.2265625,0
2026-07-21 10:33:00+00:00,66346.8203125,66346.8203125,66366.2890625,66346.3828125,66366.2890625,66189312
2026-07-21 10:34:00+00:00,66364.8984375,66364.8984375,66364.8984375,66333.1328125,66339.0,0
2026-07-21 10:35:00+00:00,66378.828125,66378.828125,66387.1484375,66361.9296875,66364.8984375,23279616
2026-07-21 10:36:00+00:00,66354.0390625,66354.0390625,66372.0,66334.453125,66372.0,1767424
2026-07-21 10:37:00+00:00,66352.203125,66352.203125,66354.0390625,66330.0,66354.0390625,4943872
2026-07-21 10:38:00+00:00,66345.9921875,66345.9921875,66356.9609375,66345.9921875,66352.1875,52197376
2026-07-21 10:39:00+00:00,66325.359375,66325.359375,66343.546875,66325.359375,66343.546875,0
2026-07-21 10:40:00+00:00,66284.3984375,66284.3984375,66320.796875,66284.3984375,66320.796875,6420480
2026-07-21 10:41:00+00:00,66285.2109375,66285.2109375,66304.5078125,66283.0703125,66283.0703125,51523584
2026-07-21 10:42:00+00:00,66302.4375,66302.4375,66302.4375,66285.2109375,66285.2109375,0
2026-07-21 10:43:00+00:00,66338.890625,66338.890625,66338.890625,66293.8828125,66302.4375,3463168
2026-07-21 10:44:00+00:00,66312.6796875,66312.6796875,66350.03125,66312.6796875,66350.03125,0
2026-07-21 10:45:00+00:00,66320.7890625,66320.7890625,66320.7890625,66302.6015625,66307.1484375,34736128
2026-07-21 10:46:00+00:00,66294.46875,66294.46875,66320.7890625,66284.9765625,66320.7890625,7567360
2026-07-21 10:47:00+00:00,66304.1796875,66304.1796875,66311.0,66294.4609375,66294.4609375,102539264
2026-07-21 10:48:00+00:00,66300.609375,66300.609375,66304.1796875,66290.0,66304.1796875,2019328
2026-07-21 10:49:00+00:00,66268.6171875,66268.6171875,66304.0234375,66268.6171875,66300.609375,0
2026-07-21 10:50:00+00:00,66168.90625,66168.90625,66265.9921875,66168.90625,66265.9921875,253440000
2026-07-21 10:51:00+00:00,66183.9375,66183.9375,66183.9375,66144.0,66159.2734375,9721856
2026-07-21 10:52:00+00:00,66193.390625,66193.390625,66214.9921875,66183.9296875,66183.9296875,0
2026-07-21 10:53:00+00:00,66156.4375,66156.4375,66195.1171875,66153.0,66195.1171875,0
2026-07-21 10:54:00+00:00,66150.1484375,66150.1484375,66166.828125,66150.1484375,66156.4375,0
2026-07-21 10:55:00+00:00,66159.6484375,66159.6484375,66161.5390625,66135.0,66138.796875,0
2026-07-21 10:56:00+00:00,66156.34375,66156.34375,66156.34375,66149.71875,66155.0078125,118691840
2026-07-21 10:57:00+00:00,66161.2734375,66161.2734375,66161.2734375,66156.34375,66156.34375,1019904
2026-07-21 10:58:00+00:00,66158.796875,66158.796875,66161.2734375,66152.3984375,66161.2734375,6959104
2026-07-21 10:59:00+00:00,66148.2109375,66148.2109375,66173.2265625,66148.2109375,66158.796875,0
2026-07-21 11:00:00+00:00,66139.0390625,66139.0390625,66161.5390625,66138.796875,66138.796875,0
2026-07-21 11:01:00+00:00,66157.1875,66157.1875,66157.3984375,66138.6328125,66138.6328125,10405888
2026-07-21 11:02:00+00:00,66157.3984375,66157.3984375,66157.40625,66157.1875,66157.1875,0
2026-07-21 11:03:00+00:00,66161.546875,66161.546875,66164.0078125,66147.8984375,66164.0078125,193863680
2026-07-21 11:04:00+00:00,66147.890625,66147.890625,66164.0234375,66129.703125,66164.0234375,0
2026-07-21 11:05:00+00:00,66159.046875,66159.046875,66159.046875,66126.9609375,66135.5625,29890560
2026-07-21 11:06:00+00:00,66144.8828125,66144.8828125,66161.5390625,66144.8828125,66159.0625,0
2026-07-21 11:07:00+00:00,66130.2890625,66130.2890625,66134.2578125,66125.1484375,66134.2578125,2609152
2026-07-21 11:08:00+00:00,66131.1015625,66131.1015625,66138.7890625,66127.203125,66130.2890625,0
2026-07-21 11:09:00+00:00,66120.4921875,66120.4921875,66131.1015625,66116.15625,66131.1015625,0
2026-07-21 11:10:00+00:00,66114.0390625,66114.0390625,66120.4921875,66111.4921875,66120.4921875,0
2026-07-21 11:11:00+00:00,66139.1796875,66139.1796875,66140.0234375,66107.0234375,66114.0390625,0
2026-07-21 11:12:00+00:00,66201.1875,66201.1875,66215.390625,66165.3671875,66165.3671875,6098944
2026-07-21 11:13:00+00:00,66184.2890625,66184.2890625,66210.578125,66173.203125,66198.421875,0
2026-07-21 11:14:00+00:00,66196.5,66196.5,66228.6015625,66194.8671875,66194.8671875,0
2026-07-21 11:15:00+00:00,66161.34375,66161.34375,66176.5234375,66155.8515625,66176.5234375,224466944
2026-07-21 11:16:00+00:00,66214.1171875,66214.1171875,66217.84375,66158.859375,66161.6484375,0
2026-07-21 11:17:00+00:00,66212.03125,66212.03125,66224.34375,66208.0234375,66220.796875,174198784
2026-07-21 11:18:00+00:00,66204.453125,66204.453125,66204.453125,66190.6875,66202.5078125,3254272
2026-07-21 11:19:00+00:00,66184.296875,66184.296875,66204.453125,66184.296875,66204.453125,0
2026-07-21 11:20:00+00:00,66191.4375,66191.4375,66191.4375,66175.203125,66184.296875,0
2026-07-21 11:21:00+00:00,66173.078125,66173.078125,66193.3828125,66154.0078125,66191.9765625,2979840
2026-07-21 11:22:00+00:00,66173.9765625,66173.9765625,66177.421875,66150.9375,66173.078125,0
2026-07-21 11:23:00+00:00,66185.6015625,66185.6015625,66185.6015625,66173.9765625,66173.9765625,25741312
2026-07-21 11:24:00+00:00,66172.03125,66172.03125,66185.6015625,66172.03125,66185.6015625,0
2026-07-21 11:25:00+00:00,66175.9296875,66175.9296875,66186.5625,66167.8125,66184.6484375,2455552
2026-07-21 11:26:00+00:00,66169.34375,66169.34375,66179.7421875,66157.0,66172.0390625,0
2026-07-21 11:27:00+00:00,66165.46875,66165.46875,66176.3671875,66157.0625,66157.0625,16674816
2026-07-21 11:28:00+00:00,66195.2109375,66195.2109375,66195.2109375,66171.5078125,66171.5078125,948224
2026-07-21 11:29:00+00:00,66202.4921875,66202.4921875,66202.4921875,66195.2109375,66199.3125,0
2026-07-21 11:30:00+00:00,66225.2421875,66225.2421875,66225.2421875,66196.1015625,66202.4921875,235544576
2026-07-21 11:31:00+00:00,66234.34375,66234.34375,66234.34375,66225.2421875,66225.2421875,0
2026-07-21 11:32:00+00:00,66210.0,66210.0,66238.3125,66210.0,66234.3515625,0
2026-07-21 11:33:00+00:00,66207.046875,66207.046875,66225.2421875,66207.046875,66212.1875,0
2026-07-21 11:34:00+00:00,66216.140625,66216.140625,66216.140625,66204.0703125,66205.71875,0
2026-07-21 11:35:00+00:00,66232.15625,66232.15625,66243.4375,66216.140625,66216.140625,0
2026-07-21 11:36:00+00:00,66252.5390625,66252.5390625,66252.5390625,66243.0078125,66243.0078125,0
2026-07-21 11:37:00+00:00,66248.53125,66248.53125,66252.5390625,66246.4609375,66252.5390625,0
2026-07-21 11:38:00+00:00,66264.7890625,66264.7890625,66264.7890625,66248.53125,66248.53125,0
2026-07-21 11:39:00+00:00,66249.546875,66249.546875,66275.2890625,66249.546875,66261.578125,0
2026-07-21 11:40:00+00:00,66261.640625,66261.640625,66261.640625,66240.3515625,66244.65625,0
2026-07-21 11:41:00+00:00,66279.84375,66279.84375,66279.84375,66259.46875,66260.5625,0
2026-07-21 11:42:00+00:00,66302.6015625,66302.6015625,66302.6015625,66282.0390625,66282.0390625,0
2026-07-21 11:43:00+00:00,66288.25,66288.25,66302.0078125,66288.2421875,66302.0078125,0
2026-07-21 11:44:00+00:00,66297.46875,66297.46875,66297.46875,66280.0390625,66280.0390625,0
2026-07-21 11:45:00+00:00,66292.578125,66292.578125,66300.3671875,66291.25,66298.0390625,150718464
2026-07-21 11:46:00+00:00,66300.671875,66300.671875,66308.25,66296.7109375,66296.7109375,0
2026-07-21 11:47:00+00:00,66301.1875,66301.1875,66301.1875,66298.0,66298.3125,53411840
2026-07-21 11:48:00+00:00,66297.8984375,66297.8984375,66306.78125,66297.71875,66305.953125,0
2026-07-21 11:49:00+00:00,66314.6875,66314.6875,66315.53125,66297.8984375,66297.8984375,0
2026-07-21 11:50:00+00:00,66314.0,66314.0,66314.703125,66314.0,66314.6875,0
2026-07-21 11:51:00+00:00,66310.2578125,66310.2578125,66311.59375,66310.2578125,66311.59375,0
2026-07-21 11:52:00+00:00,66310.34375,66310.34375,66318.59375,66310.2578125,66310.2734375,0
2026-07-21 11:53:00+00:00,66316.1796875,66316.1796875,66316.1796875,66300.03125,66302.6015625,0
2026-07-21 11:54:00+00:00,66295.9609375,66295.9609375,66316.1875,66289.0390625,66316.1796875,0
2026-07-21 11:55:00+00:00,66288.0234375,66288.0234375,66295.96875,66288.0234375,66294.6171875,0
2026-07-21 11:56:00+00:00,66290.6328125,66290.6328125,66290.6328125,66279.8515625,66290.6328125,27652096
2026-07-21 11:57:00+00:00,66288.9375,66288.9375,66290.6328125,66278.8125,66290.6328125,3416064
2026-07-21 11:58:00+00:00,66288.0,66288.0,66297.46875,66288.0,66293.4921875,0
2026-07-21 11:59:00+00:00,66309.46875,66309.46875,66309.46875,66280.2109375,66288.0,0
2026-07-21 12:00:00+00:00,66285.0078125,66285.0078125,66327.28125,66285.0078125,66309.4609375,0
2026-07-21 12:01:00+00:00,66235.828125,66235.828125,66285.6328125,66235.828125,66285.6328125,0
2026-07-21 12:02:00+00:00,66239.78125,66239.78125,66265.046875,66239.78125,66247.9921875,0
2026-07-21 12:03:00+00:00,66230.390625,66230.390625,66237.15625,66230.390625,66235.828125,0
2026-07-21 12:04:00+00:00,66237.890625,66237.890625,66242.0390625,66227.7734375,66227.7734375,0
2026-07-21 12:05:00+00:00,66241.8671875,66241.8671875,66241.8828125,66227.7734375,66237.890625,121899008
2026-07-21 12:06:00+00:00,66309.453125,66309.453125,66309.453125,66239.5,66241.8671875,0
2026-07-21 12:07:00+00:00,66334.453125,66334.453125,66352.6484375,66320.796875,66320.796875,0
2026-07-21 12:08:00+00:00,66317.6015625,66317.6015625,66323.28125,66315.0390625,66323.28125,0
2026-07-21 12:09:00+00:00,66329.6015625,66329.6015625,66329.6015625,66311.703125,66317.6015625,0
2026-07-21 12:10:00+00:00,66332.78125,66332.78125,66338.7421875,66322.171875,66329.59375,4073472
2026-07-21 12:11:00+00:00,66361.7421875,66361.7421875,66370.9921875,66332.78125,66332.78125,0
2026-07-21 12:12:00+00:00,66375.3984375,66375.3984375,66398.0,66363.828125,66363.828125,0
2026-07-21 12:13:00+00:00,66369.8828125,66369.8828125,66380.6875,66348.1171875,66370.859375,2588672
2026-07-21 12:14:00+00:00,66361.7578125,66361.7578125,66372.9296875,66361.0,66372.9296875,0
2026-07-21 12:15:00+00:00,66300.7578125,66300.7578125,66365.1015625,66300.7578125,66365.1015625,3250176
2026-07-21 12:16:00+00:00,66349.59375,66349.59375,66360.609375,66339.0,66339.0,2308096
2026-07-21 12:17:00+00:00,66375.390625,66375.390625,66375.390625,66349.578125,66349.59375,20279296
2026-07-21 12:18:00+00:00,66379.953125,66379.953125,66399.9921875,66379.953125,66389.0390625,5664768
2026-07-21 12:19:00+00:00,66405.0,66405.0,66413.5234375,66379.953125,66379.9609375,0
2026-07-21 12:20:00+00:00,66395.0625,66395.0625,66412.15625,66376.6328125,66412.15625,14618624
2026-07-21 12:21:00+00:00,66439.8125,66439.8125,66443.640625,66395.0625,66395.0625,10299392
2026-07-21 12:22:00+00:00,66420.46875,66420.46875,66452.390625,66420.46875,66439.8125,0
2026-07-21 12:23:00+00:00,66425.4375,66425.4375,66425.4375,66402.7109375,66411.796875,0
2026-07-21 12:24:00+00:00,66398.1484375,66398.1484375,66429.4375,66398.1484375,66420.890625,0
2026-07-21 12:25:00+00:00,66422.90625,66422.90625,66424.328125,66405.6796875,66411.8671875,8529920
2026-07-21 12:26:00+00:00,66391.7890625,66391.7890625,66428.453125,66391.7890625,66428.453125,241866752
2026-07-21 12:27:00+00:00,66381.71875,66381.71875,66396.8515625,66380.0,66395.0,58707968
2026-07-21 12:28:00+00:00,66393.453125,66393.453125,66396.65625,66381.71875,66381.71875,829440
2026-07-21 12:29:00+00:00,66418.28125,66418.28125,66418.28125,66393.453125,66393.4609375,0
2026-07-21 12:30:00+00:00,66425.3984375,66425.3984375,66425.3984375,66384.5,66420.890625,24344576
2026-07-21 12:31:00+00:00,66445.3203125,66445.3203125,66457.96875,66420.65625,66425.96875,0
2026-07-21 12:32:00+00:00,66462.078125,66462.078125,66477.8984375,66455.1796875,66455.1796875,0
2026-07-21 12:33:00+00:00,66472.3984375,66472.3984375,66492.890625,66467.9921875,66467.9921875,4081664
2026-07-21 12:34:00+00:00,66448.2109375,66448.2109375,66476.7734375,66448.2109375,66476.7734375,0
2026-07-21 12:35:00+00:00,66452.7421875,66452.7421875,66452.7421875,66427.90625,66443.6484375,148815872
2026-07-21 12:36:00+00:00,66506.640625,66506.640625,66510.0,66452.7421875,66452.7421875,4691968
2026-07-21 12:37:00+00:00,66540.9921875,66540.9921875,66540.9921875,66497.671875,66500.9765625,0
2026-07-21 12:38:00+00:00,66543.75,66543.75,66564.2421875,66528.8515625,66564.2421875,0
2026-07-21 12:39:00+00:00,66586.8671875,66586.8671875,66588.0078125,66543.75,66543.75,0
2026-07-21 12:40:00+00:00,66586.3515625,66586.3515625,66592.03125,66575.609375,66587.09375,0
2026-07-21 12:41:00+00:00,66558.6328125,66558.6328125,66580.1484375,66558.6328125,66580.1484375,313757696
2026-07-21 12:42:00+00:00,66548.703125,66548.703125,66554.5,66548.296875,66554.5,33642496
2026-07-21 12:43:00+00:00,66469.15625,66469.15625,66539.9609375,66455.8515625,66539.9609375,0
2026-07-21 12:44:00+00:00,66476.0,66476.0,66480.0390625,66457.296875,66457.296875,0
2026-07-21 12:45:00+00:00,66470.953125,66470.953125,66500.609375,66470.953125,66480.578125,22366208
2026-07-21 12:46:00+00:00,66474.8671875,66474.8671875,66476.109375,66463.1015625,66467.9921875,618496
2026-07-21 12:47:00+00:00,66471.2890625,66471.2890625,66476.171875,66452.25,66474.8671875,0
2026-07-21 12:48:00+00:00,66485.03125,66485.03125,66485.03125,66465.296875,66476.171875,0
2026-07-21 12:49:00+00:00,66508.1484375,66508.1484375,66508.1484375,66485.03125,66485.03125,0
2026-07-21 12:50:00+00:00,66512.71875,66512.71875,66512.71875,66482.953125,66489.1484375,0
2026-07-21 12:51:00+00:00,66470.953125,66470.953125,66507.3515625,66470.953125,66507.3515625,3676160
2026-07-21 12:52:00+00:00,66457.3125,66457.3125,66470.953125,66457.296875,66470.953125,0
2026-07-21 12:53:00+00:00,66455.5390625,66455.5390625,66457.296875,66454.90625,66457.296875,0
2026-07-21 12:54:00+00:00,66468.6796875,66468.6796875,66476.03125,66453.8671875,66453.8671875,0
2026-07-21 12:55:00+00:00,66476.0390625,66476.0390625,66476.0390625,66457.296875,66457.296875,0
2026-07-21 12:56:00+00:00,66481.9921875,66481.9921875,66481.9921875,66457.296875,66478.3671875,280745984
2026-07-21 12:57:00+00:00,66518.1875,66518.1875,66531.546875,66481.9921875,66481.9921875,0
2026-07-21 12:58:00+00:00,66505.5703125,66505.5703125,66524.171875,66505.5703125,66524.171875,0
2026-07-21 12:59:00+00:00,66508.8515625,66508.8515625,66530.09375,66505.5703125,66505.5703125,0
2026-07-21 13:00:00+00:00,66506.75,66506.75,66516.6484375,66489.1484375,66508.8515625,0
2026-07-21 13:01:00+00:00,66492.0078125,66492.0078125,66496.9921875,66483.296875,66496.3515625,0
2026-07-21 13:02:00+00:00,66472.28125,66472.28125,66493.34375,66470.953125,66493.34375,0
2026-07-21 13:03:00+00:00,66484.6015625,66484.6015625,66488.578125,66472.3828125,66472.3828125,0
2026-07-21 13:04:00+00:00,66494.8671875,66494.8671875,66502.7890625,66490.8828125,66490.8828125,0
2026-07-21 13:05:00+00:00,66483.1328125,66483.1328125,66494.8671875,66481.8125,66494.8671875,0
2026-07-21 13:06:00+00:00,66515.3203125,66515.3203125,66515.3203125,66481.8203125,66481.8203125,2832384
2026-07-21 13:07:00+00:00,66552.8515625,66552.8515625,66552.8515625,66509.71875,66509.75,0
2026-07-21 13:08:00+00:00,66530.1015625,66530.1015625,66555.0,66530.1015625,66539.421875,2426880
2026-07-21 13:09:00+00:00,66547.0,66547.0,66547.0,66531.78125,66531.78125,0
2026-07-21 13:10:00+00:00,66544.859375,66544.859375,66544.859375,66532.828125,66534.7578125,1107968
2026-07-21 13:11:00+00:00,66517.0390625,66517.0390625,66544.859375,66517.0390625,66544.859375,32088064
2026-07-21 13:12:00+00:00,66539.46875,66539.46875,66539.46875,66509.7421875,66513.1015625,1099776
2026-07-21 13:13:00+00:00,66574.1328125,66574.1328125,66588.75,66532.03125,66532.03125,4087808
2026-07-21 13:14:00+00:00,66578.8671875,66578.8671875,66580.21875,66566.5078125,66574.140625,0
2026-07-21 13:15:00+00:00,66612.9375,66612.9375,66612.9375,66578.8671875,66578.8671875,101937152
2026-07-21 13:16:00+00:00,66545.9375,66545.9375,66604.5625,66545.9375,66604.5625,1648640
2026-07-21 13:17:00+00:00,66548.546875,66548.546875,66563.9609375,66548.546875,66553.9921875,17063936
2026-07-21 13:18:00+00:00,66546.34375,66546.34375,66548.2890625,66535.09375,66538.140625,4251648
2026-07-21 13:19:00+00:00,66519.828125,66519.828125,66546.34375,66519.828125,66546.34375,0
2026-07-21 13:20:00+00:00,66534.6484375,66534.6484375,66534.6484375,66507.3515625,66517.1484375,279754752
2026-07-21 13:21:00+00:00,66511.96875,66511.96875,66552.5078125,66511.96875,66538.640625,1202176
2026-07-21 13:22:00+00:00,66469.1875,66469.1875,66522.5703125,66467.9921875,66512.0,0
2026-07-21 13:23:00+00:00,66475.4921875,66475.4921875,66475.4921875,66456.0,66456.0,0
2026-07-21 13:24:00+00:00,66436.1171875,66436.1171875,66465.0390625,66429.7734375,66465.0390625,0
2026-07-21 13:25:00+00:00,66404.9921875,66404.9921875,66416.34375,66378.578125,66410.921875,1748992
2026-07-21 13:26:00+00:00,66380.78125,66380.78125,66413.3203125,66380.78125,66404.59375,0
2026-07-21 13:27:00+00:00,66386.0,66386.0,66387.90625,66375.3984375,66382.0703125,0
2026-07-21 13:28:00+00:00,66376.59375,66376.59375,66386.328125,66367.078125,66386.0,3332096
2026-07-21 13:29:00+00:00,66389.046875,66389.046875,66411.7890625,66375.46875,66375.46875,0
2026-07-21 13:30:00+00:00,66405.3203125,66405.3203125,66407.2421875,66357.203125,66377.1015625,0
2026-07-21 13:31:00+00:00,66366.296875,66366.296875,66421.90625,66346.1796875,66400.828125,0
2026-07-21 13:32:00+00:00,66402.3125,66402.3125,66406.28125,66373.7265625,66373.7265625,107313152
2026-07-21 13:33:00+00:00,66429.59375,66429.59375,66445.8984375,66390.0234375,66397.8984375,0
2026-07-21 13:34:00+00:00,66460.96875,66460.96875,66475.1171875,66411.796875,66433.9921875,0
2026-07-21 13:35:00+00:00,66462.6328125,66462.6328125,66493.96875,66448.9375,66479.96875,11321344
2026-07-21 13:36:00+00:00,66484.6015625,66484.6015625,66511.890625,66461.0,66461.0,6901760
2026-07-21 13:37:00+00:00,66456.46875,66456.46875,66483.3515625,66429.7734375,66460.9609375,4001792
2026-07-21 13:38:00+00:00,66466.90625,66466.90625,66472.96875,66430.421875,66443.9765625,37541888
2026-07-21 13:39:00+00:00,66369.9765625,66369.9765625,66460.5703125,66358.71875,66458.09375,0
2026-07-21 13:40:00+00:00,66323.3125,66323.3125,66357.25,66314.7890625,66357.25,1902592
2026-07-21 13:41:00+00:00,66307.2265625,66307.2265625,66374.15625,66307.2265625,66323.296875,122279936
2026-07-21 13:42:00+00:00,66302.1171875,66302.1171875,66316.2421875,66280.0078125,66311.140625,0
2026-07-21 13:43:00+00:00,66310.5078125,66310.5078125,66342.1796875,66309.96875,66309.96875,3620864
2026-07-21 13:44:00+00:00,66298.0390625,66298.0390625,66327.9609375,66282.0,66297.2578125,0
2026-07-21 13:45:00+00:00,66358.3125,66358.3125,66358.3125,66304.03125,66316.0078125,0
2026-07-21 13:46:00+00:00,66365.5390625,66365.5390625,66390.0,66342.859375,66360.9296875,1480704
2026-07-21 13:47:00+00:00,66417.078125,66417.078125,66417.078125,66360.03125,66360.03125,0
2026-07-21 13:48:00+00:00,66484.453125,66484.453125,66484.453125,66400.9921875,66418.078125,6535168
2026-07-21 13:49:00+00:00,66602.8828125,66602.8828125,66610.4765625,66489.1484375,66498.078125,0
2026-07-21 13:50:00+00:00,66606.2265625,66606.2265625,66611.2890625,66568.0,66611.2890625,298960896
2026-07-21 13:51:00+00:00,66601.140625,66601.140625,66664.5234375,66601.140625,66616.53125,6502400
2026-07-21 13:52:00+00:00,66588.0703125,66588.0703125,66598.3515625,66571.828125,66594.03125,7542784
2026-07-21 13:53:00+00:00,66648.3984375,66648.3984375,66668.28125,66584.7421875,66584.7421875,0
2026-07-21 13:54:00+00:00,66694.0,66694.0,66716.1171875,66642.1796875,66642.1796875,0
2026-07-21 13:55:00+00:00,66722.2578125,66722.2578125,66743.9609375,66703.1171875,66722.2734375,0
2026-07-21 13:56:00+00:00,66748.0,66748.0,66760.2578125,66702.0,66734.5234375,125495296
2026-07-21 13:57:00+00:00,66697.1015625,66697.1015625,66751.40625,66692.90625,66751.40625,0
2026-07-21 13:58:00+00:00,66707.6484375,66707.6484375,66730.0,66694.546875,66694.546875,53356544
2026-07-21 13:59:00+00:00,66742.921875,66742.921875,66749.25,66704.7734375,66706.8828125,0
2026-07-21 14:00:00+00:00,66712.6796875,66712.6796875,66743.7109375,66708.28125,66743.7109375,0
2026-07-21 14:01:00+00:00,66762.0,66762.0,66766.1796875,66689.8203125,66689.8203125,4304896
2026-07-21 14:02:00+00:00,66786.796875,66786.796875,66803.078125,66772.7578125,66772.7578125,0
2026-07-21 14:03:00+00:00,66794.84375,66794.84375,66804.53125,66763.421875,66793.84375,0
2026-07-21 14:04:00+00:00,66819.6171875,66819.6171875,66819.6171875,66779.5703125,66805.9609375,0
2026-07-21 14:05:00+00:00,66858.2890625,66858.2890625,66858.2890625,66814.03125,66814.03125,117544960
2026-07-21 14:06:00+00:00,66879.5703125,66879.5703125,66910.0,66861.9921875,66862.8125,5187584
2026-07-21 14:07:00+00:00,66766.703125,66766.703125,66865.25,66766.703125,66865.25,16562176
2026-07-21 14:08:00+00:00,66785.9296875,66785.9296875,66802.0,66779.2734375,66783.671875,97130496
2026-07-21 14:09:00+00:00,66786.109375,66786.109375,66828.0,66776.3203125,66781.84375,0
2026-07-21 14:10:00+00:00,66879.4375,66879.4375,66881.1875,66793.03125,66793.03125,17338368
2026-07-21 14:11:00+00:00,66890.03125,66890.03125,66908.09375,66875.21875,66875.21875,424763392
2026-07-21 14:12:00+00:00,66857.9765625,66857.9765625,66915.8984375,66843.6171875,66892.9375,13615104
2026-07-21 14:13:00+00:00,66866.0,66866.0,66871.34375,66817.1796875,66856.2578125,4626432
2026-07-21 14:14:00+00:00,66913.6328125,66913.6328125,66913.6328125,66869.140625,66869.140625,0
2026-07-21 14:15:00+00:00,66895.421875,66895.421875,66902.40625,66873.578125,66902.171875,94355456
2026-07-21 14:16:00+00:00,66857.03125,66857.03125,66893.890625,66831.2578125,66893.890625,4710400
2026-07-21 14:17:00+00:00,66789.828125,66789.828125,66854.03125,66789.828125,66854.03125,96210944
2026-07-21 14:18:00+00:00,66806.6015625,66806.6015625,66808.0078125,66764.8125,66768.3671875,8970240
2026-07-21 14:19:00+00:00,66822.5703125,66822.5703125,66844.046875,66816.90625,66828.5703125,0
2026-07-21 14:20:00+00:00,66811.8828125,66811.8828125,66857.6796875,66808.6484375,66822.5703125,9764864
2026-07-21 14:21:00+00:00,66759.328125,66759.328125,66831.8671875,66759.328125,66793.9921875,4384768
2026-07-21 14:22:00+00:00,66670.1875,66670.1875,66747.4375,66660.0,66739.40625,0
2026-07-21 14:23:00+00:00,66693.890625,66693.890625,66693.890625,66629.59375,66629.59375,117139456
2026-07-21 14:24:00+00:00,66624.9375,66624.9375,66695.9765625,66624.75,66691.6484375,0
2026-07-21 14:25:00+00:00,66674.0,66674.0,66706.21875,66624.7890625,66639.2890625,0
2026-07-21 14:26:00+00:00,66616.3671875,66616.3671875,66670.0390625,66609.3515625,66663.5,54407168
2026-07-21 14:27:00+00:00,66635.953125,66635.953125,66636.8515625,66616.546875,66621.09375,0
2026-07-21 14:28:00+00:00,66630.59375,66630.59375,66680.2421875,66627.9375,66646.6015625,1138688
2026-07-21 14:29:00+00:00,66706.3125,66706.3125,66707.9765625,66634.4375,66634.4375,0
2026-07-21 14:30:00+00:00,66739.390625,66739.390625,66744.75,66713.5,66721.9375,15765504
2026-07-21 14:31:00+00:00,66754.6484375,66754.6484375,66754.6484375,66712.640625,66740.15625,10479616
2026-07-21 14:32:00+00:00,66758.203125,66758.203125,66778.921875,66743.953125,66768.9765625,0
2026-07-21 14:33:00+00:00,66809.9921875,66809.9921875,66809.9921875,66758.25,66770.5234375,89907200
2026-07-21 14:34:00+00:00,66809.109375,66809.109375,66852.609375,66802.0078125,66808.6484375,0
2026-07-21 14:35:00+00:00,66772.0,66772.0,66813.4375,66756.0234375,66798.0,120668160
2026-07-21 14:36:00+00:00,66790.03125,66790.03125,66814.0,66766.296875,66788.90625,2363392
2026-07-21 14:37:00+00:00,66815.0078125,66815.0078125,66825.84375,66795.0390625,66795.0390625,0
2026-07-21 14:38:00+00:00,66786.8203125,66786.8203125,66818.7734375,66786.8203125,66817.3515625,94361600
2026-07-21 14:39:00+00:00,66754.1484375,66754.1484375,66786.9296875,66754.1484375,66781.8125,0
2026-07-21 14:40:00+00:00,66718.0,66718.0,66753.0234375,66718.0,66753.0234375,1656832
2026-07-21 14:41:00+00:00,66634.75,66634.75,66708.0390625,66625.328125,66708.0390625,148506624
2026-07-21 14:42:00+00:00,66691.0078125,66691.0078125,66691.0078125,66646.59375,66646.59375,3504128
2026-07-21 14:43:00+00:00,66791.2421875,66791.2421875,66791.2421875,66707.546875,66707.546875,0
2026-07-21 14:44:00+00:00,66820.0,66820.0,66820.7578125,66786.1328125,66791.9921875,0
2026-07-21 14:45:00+00:00,66869.03125,66869.03125,66886.171875,66823.84375,66826.0,7874560
2026-07-21 14:46:00+00:00,66847.296875,66847.296875,66883.2421875,66840.2890625,66871.3515625,0
2026-07-21 14:47:00+00:00,66817.2421875,66817.2421875,66830.2890625,66787.9765625,66827.5234375,0
2026-07-21 14:48:00+00:00,66833.0,66833.0,66880.4375,66818.4765625,66871.0,27828224
2026-07-21 14:49:00+00:00,66807.953125,66807.953125,66836.96875,66807.953125,66819.9765625,0
2026-07-21 14:50:00+00:00,66812.1875,66812.1875,66816.7421875,66781.6328125,66803.1015625,0
2026-07-21 14:51:00+00:00,66826.0,66826.0,66828.9765625,66772.6328125,66812.0234375,0
2026-07-21 14:52:00+00:00,66825.3203125,66825.3203125,66837.9375,66825.3203125,66831.6015625,0
2026-07-21 14:53:00+00:00,66810.4921875,66810.4921875,66837.9375,66810.109375,66836.5703125,202156032
2026-07-21 14:54:00+00:00,66802.421875,66802.421875,66816.0,66794.03125,66816.0,0
2026-07-21 14:55:00+00:00,66819.5625,66819.5625,66822.7421875,66808.7578125,66814.4375,3772416
2026-07-21 14:56:00+00:00,66803.0703125,66803.0703125,66834.109375,66803.0703125,66812.21875,17862656
2026-07-21 14:57:00+00:00,66860.2109375,66860.2109375,66864.0078125,66823.9921875,66823.9921875,0
2026-07-21 14:58:00+00:00,66852.09375,66852.09375,66875.03125,66852.09375,66875.03125,4943872
2026-07-21 14:59:00+00:00,66809.71875,66809.71875,66842.0,66809.71875,66840.90625,0
2026-07-21 15:00:00+00:00,66736.3125,66736.3125,66804.3984375,66733.3671875,66804.3984375,0
2026-07-21 15:01:00+00:00,66680.25,66680.25,66726.3984375,66680.25,66715.359375,3762176
2026-07-21 15:02:00+00:00,66656.3203125,66656.3203125,66682.96875,66651.5625,66676.0234375,0
2026-07-21 15:03:00+00:00,66672.15625,66672.15625,66675.6875,66638.078125,66666.578125,0
2026-07-21 15:04:00+00:00,66636.3203125,66636.3203125,66646.0,66613.9921875,66645.9296875,0
2026-07-21 15:05:00+00:00,66657.453125,66657.453125,66657.453125,66625.6484375,66632.0625,0
2026-07-21 15:06:00+00:00,66700.9609375,66700.9609375,66704.0234375,66655.703125,66655.703125,0
2026-07-21 15:07:00+00:00,66671.1484375,66671.1484375,66709.9765625,66671.1484375,66702.671875,399360
2026-07-21 15:08:00+00:00,66702.6796875,66702.6796875,66702.6796875,66679.3203125,66679.3203125,58664960
2026-07-21 15:09:00+00:00,66761.6484375,66761.6484375,66762.03125,66718.6484375,66720.171875,0
2026-07-21 15:10:00+00:00,66732.1171875,66732.1171875,66761.6484375,66708.0078125,66761.6484375,0
2026-07-21 15:11:00+00:00,66681.9921875,66681.9921875,66724.1484375,66678.9296875,66721.203125,90429440
2026-07-21 15:12:00+00:00,66721.078125,66721.078125,66721.078125,66685.703125,66695.7890625,0
2026-07-21 15:13:00+00:00,66721.359375,66721.359375,66750.84375,66721.359375,66723.0,0
2026-07-21 15:14:00+00:00,66709.21875,66709.21875,66715.8125,66707.546875,66712.109375,0
2026-07-21 15:15:00+00:00,66673.1796875,66673.1796875,66673.1796875,66649.2109375,66667.0390625,0
2026-07-21 15:16:00+00:00,66658.8828125,66658.8828125,66684.7890625,66643.8515625,66669.1796875,1570816
2026-07-21 15:17:00+00:00,66683.546875,66683.546875,66688.0,66665.3203125,66665.3203125,0
2026-07-21 15:18:00+00:00,66706.0703125,66706.0703125,66710.0,66690.328125,66693.703125,0
2026-07-21 15:19:00+00:00,66710.390625,66710.390625,66710.390625,66702.890625,66708.9921875,0
2026-07-21 15:20:00+00:00,66672.0234375,66672.0234375,66710.390625,66639.2734375,66710.390625,32520192
2026-07-21 15:21:00+00:00,66674.0078125,66674.0078125,66716.640625,66662.046875,66680.0078125,0
2026-07-21 15:22:00+00:00,66702.2421875,66702.2421875,66705.2109375,66682.0,66701.8984375,0
2026-07-21 15:23:00+00:00,66664.9296875,66664.9296875,66716.1015625,66664.0,66716.1015625,0
2026-07-21 15:24:00+00:00,66667.9921875,66667.9921875,66671.140625,66655.34375,66666.0,0
2026-07-21 15:25:00+00:00,66662.2109375,66662.2109375,66669.65625,66645.078125,66660.5,0
2026-07-21 15:26:00+00:00,66629.5234375,66629.5234375,66649.8125,66627.4609375,66649.8125,0
2026-07-21 15:27:00+00:00,66638.46875,66638.46875,66643.84375,66617.0625,66632.5234375,0
2026-07-21 15:28:00+00:00,66651.7265625,66651.7265625,66655.1875,66630.203125,66630.203125,0
2026-07-21 15:29:00+00:00,66592.6015625,66592.6015625,66633.4375,66592.6015625,66633.4375,0
2026-07-21 15:30:00+00:00,66552.0,66552.0,66582.3125,66543.7890625,66582.3125,0
2026-07-21 15:31:00+00:00,66556.09375,66556.09375,66572.609375,66549.9921875,66566.5078125,337647616
2026-07-21 15:32:00+00:00,66566.5,66566.5,66584.6875,66552.8515625,66567.3203125,0
2026-07-21 15:33:00+00:00,66520.0,66520.0,66588.828125,66512.0,66570.0078125,0
2026-07-21 15:34:00+00:00,66545.390625,66545.390625,66550.0,66514.109375,66532.1328125,0
2026-07-21 15:35:00+00:00,66511.90625,66511.90625,66545.3984375,66511.90625,66545.390625,1603584
2026-07-21 15:36:00+00:00,66534.5,66534.5,66534.5,66499.953125,66509.578125,0
2026-07-21 15:37:00+00:00,66583.4296875,66583.4296875,66607.03125,66534.5,66534.5,0
2026-07-21 15:38:00+00:00,66613.3125,66613.3125,66613.3125,66585.9375,66585.9375,0
2026-07-21 15:39:00+00:00,66666.6015625,66666.6015625,66686.390625,66593.421875,66593.421875,0
2026-07-21 15:40:00+00:00,66623.3125,66623.3125,66662.046875,66601.9765625,66662.046875,0
2026-07-21 15:41:00+00:00,66634.75,66634.75,66669.9765625,66629.4921875,66629.4921875,0
2026-07-21 15:42:00+00:00,66639.2890625,66639.2890625,66639.2890625,66616.671875,66625.28125,0
2026-07-21 15:43:00+00:00,66611.7109375,66611.7109375,66624.6171875,66607.453125,66624.6171875,0
2026-07-21 15:44:00+00:00,66580.1484375,66580.1484375,66611.7109375,66580.1484375,66611.7109375,0
2026-07-21 15:45:00+00:00,66566.3984375,66566.3984375,66593.7890625,66561.9609375,66592.796875,39034880
2026-07-21 15:46:00+00:00,66607.25,66607.25,66607.25,66570.9375,66570.9375,0
2026-07-21 15:47:00+00:00,66611.9921875,66611.9921875,66625.640625,66601.171875,66608.796875,0
2026-07-21 15:48:00+00:00,66623.2421875,66623.2421875,66629.5234375,66598.7890625,66612.0,0
2026-07-21 15:49:00+00:00,66644.3984375,66644.3984375,66668.0,66634.40625,66634.40625,0
2026-07-21 15:50:00+00:00,66652.7734375,66652.7734375,66676.5625,66651.65625,66657.5,0
2026-07-21 15:51:00+00:00,66627.1171875,66627.1171875,66652.4921875,66627.1171875,66641.078125,0
2026-07-21 15:52:00+00:00,66649.03125,66649.03125,66652.9296875,66621.109375,66628.7109375,0
2026-07-21 15:53:00+00:00,66648.0,66648.0,66650.3203125,66634.21875,66649.21875,0
2026-07-21 15:54:00+00:00,66651.7265625,66651.7265625,66671.9296875,66646.6171875,66646.6171875,0
2026-07-21 15:55:00+00:00,66636.9609375,66636.9609375,66656.4765625,66636.9609375,66651.7421875,0
2026-07-21 15:56:00+00:00,66682.8125,66682.8125,66693.6015625,66635.6171875,66638.0078125,0
2026-07-21 15:57:00+00:00,66688.7109375,66688.7109375,66692.2578125,66680.8671875,66689.328125,0
2026-07-21 15:58:00+00:00,66675.25,66675.25,66688.7109375,66672.6171875,66688.7109375,0
2026-07-21 15:59:00+00:00,66648.3984375,66648.3984375,66677.703125,66648.3984375,66676.140625,0
2026-07-21 16:00:00+00:00,66622.3828125,66622.3828125,66651.96875,66610.0078125,66647.578125,0
2026-07-21 16:01:00+00:00,66646.71875,66646.71875,66646.71875,66615.8203125,66624.7578125,0
2026-07-21 16:02:00+00:00,66671.640625,66671.640625,66679.03125,66646.71875,66646.71875,0
2026-07-21 16:03:00+00:00,66696.0234375,66696.0234375,66696.0234375,66666.65625,66666.65625,0
2026-07-21 16:04:00+00:00,66725.4921875,66725.4921875,66728.0078125,66696.0,66696.0,0
2026-07-21 16:05:00+00:00,66699.09375,66699.09375,66721.578125,66675.25,66710.703125,0
2026-07-21 16:06:00+00:00,66642.2421875,66642.2421875,66704.8828125,66638.6875,66703.09375,0
2026-07-21 16:07:00+00:00,66622.6484375,66622.6484375,66657.3203125,66622.6484375,66639.34375,0
2026-07-21 16:08:00+00:00,66609.5234375,66609.5234375,66644.2109375,66607.5234375,66629.53125,0
2026-07-21 16:09:00+00:00,66581.0078125,66581.0078125,66628.0234375,66579.640625,66619.25,3065856
2026-07-21 16:10:00+00:00,66621.65625,66621.65625,66624.3828125,66561.4921875,66569.8125,0
2026-07-21 16:11:00+00:00,66625.0078125,66625.0078125,66635.9921875,66617.5078125,66621.65625,0
2026-07-21 16:12:00+00:00,66600.8125,66600.8125,66623.4921875,66594.0,66620.7421875,0
2026-07-21 16:13:00+00:00,66614.5,66614.5,66618.9375,66597.5390625,66607.5625,0
2026-07-21 16:14:00+00:00,66585.9609375,66585.9609375,66603.8203125,66585.9296875,66603.078125,0
2026-07-21 16:15:00+00:00,66566.5390625,66566.5390625,66576.7890625,66561.65625,66573.9921875,0
2026-07-21 16:16:00+00:00,66570.0703125,66570.0703125,66586.6796875,66556.7109375,66556.7109375,1005568
2026-07-21 16:17:00+00:00,66562.6015625,66562.6015625,66566.1875,66555.546875,66566.1875,1032884224
2026-07-21 16:18:00+00:00,66550.640625,66550.640625,66570.46875,66550.0,66564.2734375,0
2026-07-21 16:19:00+00:00,66534.9765625,66534.9765625,66550.6328125,66533.9921875,66550.6328125,194560
2026-07-21 16:20:00+00:00,66550.0390625,66550.0390625,66550.0390625,66520.078125,66539.9921875,0
2026-07-21 16:21:00+00:00,66527.7109375,66527.7109375,66537.9765625,66526.7421875,66533.3984375,147456
2026-07-21 16:22:00+00:00,66560.03125,66560.03125,66560.03125,66536.15625,66541.7890625,0
2026-07-21 16:23:00+00:00,66556.6328125,66556.6328125,66559.9765625,66548.6796875,66559.9765625,0
2026-07-21 16:24:00+00:00,66537.0390625,66537.0390625,66570.0234375,66537.0390625,66555.421875,0
2026-07-21 16:25:00+00:00,66563.3671875,66563.3671875,66573.3515625,66537.0390625,66537.0390625,176128
2026-07-21 16:26:00+00:00,66538.0,66538.0,66572.046875,66536.75,66563.359375,0
2026-07-21 16:27:00+00:00,66508.53125,66508.53125,66548.2109375,66508.5234375,66547.9765625,0
2026-07-21 16:28:00+00:00,66513.421875,66513.421875,66550.1796875,66513.421875,66534.0625,0
2026-07-21 16:29:00+00:00,66506.7265625,66506.7265625,66526.0234375,66490.0,66513.421875,170403840
2026-07-21 16:30:00+00:00,66490.1015625,66490.1015625,66506.7265625,66470.1328125,66506.7265625,6627328
2026-07-21 16:31:00+00:00,66483.953125,66483.953125,66526.7265625,66480.109375,66496.7578125,0
2026-07-21 16:32:00+00:00,66483.109375,66483.109375,66490.0078125,66469.0234375,66481.6484375,16586752
2026-07-21 16:33:00+00:00,66527.65625,66527.65625,66539.9921875,66483.109375,66483.109375,0
2026-07-21 16:34:00+00:00,66539.9921875,66539.9921875,66540.0,66521.6171875,66523.40625,1351680
2026-07-21 16:35:00+00:00,66555.1796875,66555.1796875,66556.0078125,66539.9921875,66539.9921875,15206400
2026-07-21 16:36:00+00:00,66575.0,66575.0,66576.671875,66546.71875,66555.1796875,0
2026-07-21 16:37:00+00:00,66598.9765625,66598.9765625,66603.5625,66566.703125,66575.0,0
2026-07-21 16:38:00+00:00,66619.96875,66619.96875,66619.96875,66598.9765625,66598.9765625,0
2026-07-21 16:39:00+00:00,66598.4765625,66598.4765625,66619.421875,66592.0,66619.421875,0
2026-07-21 16:40:00+00:00,66596.359375,66596.359375,66607.90625,66593.34375,66601.25,0
2026-07-21 16:41:00+00:00,66569.7421875,66569.7421875,66596.3828125,66564.2578125,66596.3828125,13742080
2026-07-21 16:42:00+00:00,66561.3515625,66561.3515625,66585.359375,66561.3515625,66576.046875,0
2026-07-21 16:43:00+00:00,66565.1171875,66565.1171875,66573.3515625,66561.609375,66562.6875,0
2026-07-21 16:44:00+00:00,66528.2734375,66528.2734375,66565.1171875,66523.40625,66565.1171875,0
2026-07-21 16:45:00+00:00,66491.25,66491.25,66530.0625,66486.421875,66528.2734375,735232
2026-07-21 16:46:00+00:00,66450.0078125,66450.0078125,66473.34375,66450.0,66470.1328125,0
2026-07-21 16:47:00+00:00,66473.453125,66473.453125,66473.453125,66430.5625,66450.5078125,0
2026-07-21 16:48:00+00:00,66483.4375,66483.4375,66483.4375,66445.2109375,66453.4765625,0
2026-07-21 16:49:00+00:00,66503.09375,66503.09375,66503.09375,66483.4375,66483.4375,0
2026-07-21 16:50:00+00:00,66503.2109375,66503.2109375,66513.40625,66490.9296875,66509.7421875,29153280
2026-07-21 16:51:00+00:00,66504.7421875,66504.7421875,66516.4609375,66503.828125,66507.96875,0
2026-07-21 16:52:00+00:00,66501.3671875,66501.3671875,66516.1171875,66501.3515625,66509.40625,2983936
2026-07-21 16:53:00+00:00,66491.359375,66491.359375,66505.390625,66491.359375,66501.3671875,0
2026-07-21 16:54:00+00:00,66519.9921875,66519.9921875,66524.9921875,66493.2265625,66493.2265625,0
2026-07-21 16:55:00+00:00,66579.09375,66579.09375,66579.09375,66526.8203125,66526.8203125,2359296
2026-07-21 16:56:00+00:00,66555.4296875,66555.4296875,66581.4375,66555.4296875,66581.4375,96481280
2026-07-21 16:57:00+00:00,66534.8125,66534.8125,66567.7578125,66527.9609375,66551.2265625,1398784
2026-07-21 16:58:00+00:00,66541.390625,66541.390625,66547.9921875,66540.0625,66543.3828125,0
2026-07-21 16:59:00+00:00,66512.6328125,66512.6328125,66530.078125,66512.6328125,66530.078125,0
2026-07-21 17:00:00+00:00,66539.8984375,66539.8984375,66539.8984375,66510.09375,66510.09375,1644544
2026-07-21 17:01:00+00:00,66519.4296875,66519.4296875,66536.71875,66505.6484375,66536.71875,0
2026-07-21 17:02:00+00:00,66506.3984375,66506.3984375,66518.078125,66500.1015625,66518.078125,0
2026-07-21 17:03:00+00:00,66493.453125,66493.453125,66510.09375,66493.4375,66510.078125,0
2026-07-21 17:04:00+00:00,66487.7578125,66487.7578125,66494.09375,66477.5,66493.4375,0
2026-07-21 17:05:00+00:00,66483.4375,66483.4375,66483.4375,66473.84375,66474.296875,0
2026-07-21 17:06:00+00:00,66480.1171875,66480.1171875,66508.7421875,66480.1171875,66496.7578125,187166720
2026-07-21 17:07:00+00:00,66475.15625,66475.15625,66496.7734375,66475.15625,66479.5,114688
2026-07-21 17:08:00+00:00,66476.7890625,66476.7890625,66485.7578125,66450.1484375,66476.7890625,0
2026-07-21 17:09:00+00:00,66472.6328125,66472.6328125,66481.2734375,66466.796875,66476.7890625,7677952
2026-07-21 17:10:00+00:00,66452.28125,66452.28125,66461.3828125,66432.15625,66461.3671875,2936832
2026-07-21 17:11:00+00:00,66437.6015625,66437.6015625,66452.28125,66423.5,66452.28125,0
2026-07-21 17:12:00+00:00,66441.96875,66441.96875,66454.0,66441.96875,66442.75,0
2026-07-21 17:13:00+00:00,66423.9765625,66423.9765625,66456.796875,66423.9765625,66442.0234375,0
2026-07-21 17:14:00+00:00,66424.9921875,66424.9921875,66425.0,66404.0625,66406.8671875,0
2026-07-21 17:15:00+00:00,66440.9375,66440.9375,66440.9375,66424.9921875,66424.9921875,0
2026-07-21 17:16:00+00:00,66440.9765625,66440.9765625,66440.9921875,66440.9296875,66440.9296875,0
2026-07-21 17:17:00+00:00,66436.921875,66436.921875,66440.9765625,66424.0,66440.9765625,0
2026-07-21 17:18:00+00:00,66406.8515625,66406.8515625,66424.6875,66378.4609375,66424.6875,0
2026-07-21 17:19:00+00:00,66410.1875,66410.1875,66410.1875,66393.53125,66402.09375,237568
2026-07-21 17:20:00+00:00,66400.0390625,66400.0390625,66410.1796875,66397.3984375,66410.1796875,143362048
2026-07-21 17:21:00+00:00,66391.5390625,66391.5390625,66410.1875,66391.5390625,66396.8828125,544768
2026-07-21 17:22:00+00:00,66410.1875,66410.1875,66435.1484375,66408.4296875,66413.5078125,0
2026-07-21 17:23:00+00:00,66433.4921875,66433.4921875,66433.4921875,66412.390625,66421.0625,0
2026-07-21 17:24:00+00:00,66442.4765625,66442.4765625,66446.8125,66417.328125,66423.5234375,0
2026-07-21 17:25:00+00:00,66443.28125,66443.28125,66446.0,66441.796875,66441.796875,0
2026-07-21 17:26:00+00:00,66452.1171875,66452.1171875,66465.2890625,66436.609375,66457.71875,270080000
2026-07-21 17:27:00+00:00,66452.046875,66452.046875,66463.4609375,66436.8515625,66443.5,0
2026-07-21 17:28:00+00:00,66431.25,66431.25,66452.046875,66431.25,66452.046875,0
2026-07-21 17:29:00+00:00,66416.1015625,66416.1015625,66434.09375,66414.0,66431.25,0
2026-07-21 17:30:00+00:00,66426.8515625,66426.8515625,66435.4765625,66416.421875,66417.78125,0
2026-07-21 17:31:00+00:00,66400.203125,66400.203125,66411.9609375,66391.9609375,66411.9609375,0
2026-07-21 17:32:00+00:00,66389.3671875,66389.3671875,66403.2578125,66385.546875,66403.2578125,108187648
2026-07-21 17:33:00+00:00,66399.609375,66399.609375,66403.25,66383.546875,66389.3671875,0
2026-07-21 17:34:00+00:00,66396.53125,66396.53125,66396.53125,66360.2421875,66393.1328125,0
2026-07-21 17:35:00+00:00,66376.8828125,66376.8828125,66398.921875,66360.2421875,66398.921875,0
2026-07-21 17:36:00+00:00,66425.7421875,66425.7421875,66428.0,66394.1875,66394.1875,0
2026-07-21 17:37:00+00:00,66434.421875,66434.421875,66446.8671875,66425.7421875,66425.7421875,0
2026-07-21 17:38:00+00:00,66414.2421875,66414.2421875,66436.0078125,66411.9921875,66436.0078125,0
2026-07-21 17:39:00+00:00,66429.0078125,66429.0078125,66429.0078125,66411.8671875,66412.0078125,31074304
2026-07-21 17:40:00+00:00,66448.4765625,66448.4765625,66459.7890625,66407.0234375,66429.0078125,0
2026-07-21 17:41:00+00:00,66426.84375,66426.84375,66456.5625,66426.828125,66456.5625,14901248
2026-07-21 17:42:00+00:00,66432.0,66432.0,66433.4921875,66426.828125,66433.4921875,7202816
2026-07-21 17:43:00+00:00,66463.453125,66463.453125,66472.8828125,66446.7890625,66446.7890625,0
2026-07-21 17:44:00+00:00,66460.1328125,66460.1328125,66466.453125,66451.6484375,66466.453125,10369024
2026-07-21 17:45:00+00:00,66450.0078125,66450.0078125,66466.0,66450.0,66466.0,5193728
2026-07-21 17:46:00+00:00,66255.6171875,66255.6171875,66458.2734375,66255.6171875,66454.453125,0
2026-07-21 17:47:00+00:00,66163.7734375,66163.7734375,66211.2578125,66153.0,66180.4921875,0
2026-07-21 17:48:00+00:00,66205.5703125,66205.5703125,66211.1484375,66143.9921875,66143.9921875,0
2026-07-21 17:49:00+00:00,66266.0078125,66266.0078125,66266.0078125,66213.7109375,66213.7109375,78661632
2026-07-21 17:50:00+00:00,66297.953125,66297.953125,66312.0,66272.3125,66272.3125,352925696
2026-07-21 17:51:00+00:00,66290.3125,66290.3125,66312.0,66260.3515625,66265.859375,32468992
2026-07-21 17:52:00+00:00,66197.9921875,66197.9921875,66254.6171875,66179.046875,66254.6171875,5900288
2026-07-21 17:53:00+00:00,66187.109375,66187.109375,66195.6875,66167.9921875,66195.6875,0
2026-07-21 17:54:00+00:00,66179.7421875,66179.7421875,66197.0,66160.4375,66189.21875,0
2026-07-21 17:55:00+00:00,66188.703125,66188.703125,66188.703125,66147.2265625,66176.0078125,13580288
2026-07-21 17:56:00+00:00,66174.609375,66174.609375,66188.703125,66167.1015625,66181.4296875,70053888
2026-07-21 17:57:00+00:00,66115.8515625,66115.8515625,66162.0,66103.1015625,66162.0,2131968
2026-07-21 17:58:00+00:00,66145.9921875,66145.9921875,66147.9921875,66107.0390625,66118.5390625,0
2026-07-21 17:59:00+00:00,66170.421875,66170.421875,66173.4375,66138.3515625,66145.9921875,49076224
2026-07-21 18:00:00+00:00,66129.5,66129.5,66195.8671875,66129.5,66180.421875,0
2026-07-21 18:01:00+00:00,66087.171875,66087.171875,66151.96875,66070.5390625,66151.96875,0
2026-07-21 18:02:00+00:00,66099.3828125,66099.3828125,66120.7421875,66082.578125,66103.7734375,0
2026-07-21 18:03:00+00:00,66134.15625,66134.15625,66138.9375,66083.84375,66114.71875,0
2026-07-21 18:04:00+00:00,66186.7890625,66186.7890625,66186.7890625,66121.046875,66121.046875,0
2026-07-21 18:05:00+00:00,66230.4296875,66230.4296875,66242.0078125,66176.3828125,66178.96875,130883584
2026-07-21 18:06:00+00:00,66264.0,66264.0,66276.9765625,66233.65625,66233.65625,1351680
2026-07-21 18:07:00+00:00,66280.328125,66280.328125,66293.5078125,66256.0,66257.0234375,2285568
2026-07-21 18:08:00+00:00,66254.171875,66254.171875,66267.78125,66254.171875,66267.0625,0
2026-07-21 18:09:00+00:00,66290.3125,66290.3125,66290.3125,66247.3515625,66247.3515625,0
2026-07-21 18:10:00+00:00,66255.609375,66255.609375,66284.2890625,66247.3515625,66259.828125,8118272
2026-07-21 18:11:00+00:00,66251.3125,66251.3125,66263.8828125,66247.0234375,66257.21875,0
2026-07-21 18:12:00+00:00,66260.34375,66260.34375,66277.078125,66255.359375,66261.6796875,0
2026-07-21 18:13:00+00:00,66263.671875,66263.671875,66269.828125,66260.34375,66266.9921875,0
2026-07-21 18:14:00+00:00,66253.7109375,66253.7109375,66263.6796875,66253.7109375,66263.6796875,32520192
2026-07-21 18:15:00+00:00,66253.6484375,66253.6484375,66267.8515625,66242.1171875,66242.1171875,0
2026-07-21 18:16:00+00:00,66213.7265625,66213.7265625,66252.34375,66206.5078125,66252.34375,0
2026-07-21 18:17:00+00:00,66222.0,66222.0,66244.421875,66217.5078125,66217.5078125,24940544
2026-07-21 18:18:00+00:00,66238.25,66238.25,66238.25,66222.0,66227.7265625,0
2026-07-21 18:19:00+00:00,66214.2890625,66214.2890625,66242.0,66209.7734375,66242.0,0
2026-07-21 18:20:00+00:00,66210.390625,66210.390625,66222.78125,66203.7265625,66216.0,0
2026-07-21 18:21:00+00:00,66208.4921875,66208.4921875,66221.7109375,66207.7265625,66216.2421875,0
2026-07-21 18:22:00+00:00,66240.7109375,66240.7109375,66246.65625,66209.28125,66209.28125,0
2026-07-21 18:23:00+00:00,66270.609375,66270.609375,66273.6484375,66258.6796875,66258.6796875,0
2026-07-21 18:24:00+00:00,66210.6796875,66210.6796875,66266.1875,66210.6796875,66266.1875,0
2026-07-21 18:25:00+00:00,66194.1171875,66194.1171875,66201.1796875,66175.46875,66201.1796875,0
2026-07-21 18:26:00+00:00,66173.78125,66173.78125,66195.1328125,66173.78125,66187.890625,6416384
2026-07-21 18:27:00+00:00,66160.4375,66160.4375,66178.4765625,66147.9296875,66173.03125,0
2026-07-21 18:28:00+00:00,66198.6796875,66198.6796875,66198.6796875,66161.1171875,66161.1171875,0
2026-07-21 18:29:00+00:00,66199.3671875,66199.3671875,66207.046875,66197.0703125,66198.703125,0
2026-07-21 18:30:00+00:00,66171.609375,66171.609375,66201.9765625,66168.0,66193.7578125,1150976
2026-07-21 18:31:00+00:00,66113.8203125,66113.8203125,66165.71875,66113.8203125,66165.71875,0
2026-07-21 18:32:00+00:00,66085.2890625,66085.2890625,66120.03125,66071.0390625,66120.0234375,0
2026-07-21 18:33:00+00:00,66163.7578125,66163.7578125,66163.7578125,66110.4921875,66110.4921875,0
2026-07-21 18:34:00+00:00,66175.6171875,66175.6171875,66203.7265625,66168.390625,66168.390625,0
2026-07-21 18:35:00+00:00,66203.7265625,66203.7265625,66203.7265625,66167.1015625,66170.6484375,544632832
2026-07-21 18:36:00+00:00,66213.9765625,66213.9765625,66217.890625,66204.828125,66207.046875,0
2026-07-21 18:37:00+00:00,66238.1015625,66238.1015625,66239.9375,66206.0,66206.71875,9025536
2026-07-21 18:38:00+00:00,66254.2265625,66254.2265625,66254.2265625,66237.0390625,66246.5078125,0
2026-07-21 18:39:00+00:00,66225.40625,66225.40625,66260.328125,66225.3984375,66254.2421875,0
2026-07-21 18:40:00+00:00,66210.0234375,66210.0234375,66225.3984375,66201.2265625,66225.3984375,9994240
2026-07-21 18:41:00+00:00,66221.953125,66221.953125,66228.0,66196.546875,66227.953125,0
2026-07-21 18:42:00+00:00,66238.1875,66238.1875,66238.1875,66218.40625,66220.6875,1785856
2026-07-21 18:43:00+00:00,66269.890625,66269.890625,66269.890625,66240.359375,66245.3515625,0
2026-07-21 18:44:00+00:00,66241.0078125,66241.0078125,66269.8515625,66234.96875,66265.34375,32768
2026-07-21 18:45:00+00:00,66273.609375,66273.609375,66277.9921875,66232.4296875,66232.4296875,0
2026-07-21 18:46:00+00:00,66271.9921875,66271.9921875,66277.9921875,66262.03125,66277.9921875,1189888
2026-07-21 18:47:00+00:00,66254.59375,66254.59375,66258.0234375,66231.3671875,66258.0234375,67973120
2026-07-21 18:48:00+00:00,66305.578125,66305.578125,66308.6015625,66252.6484375,66261.9375,0
2026-07-21 18:49:00+00:00,66294.4296875,66294.4296875,66310.28125,66290.390625,66306.9609375,0
2026-07-21 18:50:00+00:00,66302.0,66302.0,66324.7734375,66275.8671875,66275.8671875,180953088
2026-07-21 18:51:00+00:00,66275.9921875,66275.9921875,66303.6171875,66273.90625,66297.171875,9777152
2026-07-21 18:52:00+00:00,66270.328125,66270.328125,66278.65625,66260.34375,66272.1015625,0
2026-07-21 18:53:00+00:00,66261.171875,66261.171875,66296.109375,66259.5078125,66275.296875,0
2026-07-21 18:54:00+00:00,66258.3984375,66258.3984375,66270.3203125,66256.28125,66260.65625,0
2026-07-21 18:55:00+00:00,66262.0234375,66262.0234375,66262.0234375,66241.7265625,66245.21875,0
2026-07-21 18:56:00+00:00,66240.8984375,66240.8984375,66256.703125,66234.046875,66252.0078125,16107520
2026-07-21 18:57:00+00:00,66252.0078125,66252.0078125,66266.0703125,66244.5625,66244.5625,0
2026-07-21 18:58:00+00:00,66264.2734375,66264.2734375,66264.2734375,66243.6875,66245.5625,0
2026-07-21 18:59:00+00:00,66282.0078125,66282.0078125,66282.53125,66259.578125,66259.578125,0
2026-07-21 19:00:00+00:00,66298.3671875,66298.3671875,66298.3671875,66276.9921875,66278.6484375,0
2026-07-21 19:01:00+00:00,66282.0,66282.0,66300.78125,66276.9921875,66291.640625,0
2026-07-21 19:02:00+00:00,66290.296875,66290.296875,66290.296875,66277.7890625,66278.3203125,3721216
2026-07-21 19:03:00+00:00,66280.59375,66280.59375,66287.7734375,66271.0,66271.0,0
2026-07-21 19:04:00+00:00,66326.9375,66326.9375,66338.96875,66281.3515625,66281.3515625,0
2026-07-21 19:05:00+00:00,66318.6015625,66318.6015625,66330.609375,66314.15625,66330.609375,161890304
2026-07-21 19:06:00+00:00,66327.2265625,66327.2265625,66329.9921875,66318.59375,66325.1328125,1705984
2026-07-21 19:07:00+00:00,66300.3203125,66300.3203125,66330.0,66300.3203125,66325.9375,0
2026-07-21 19:08:00+00:00,66312.078125,66312.078125,66329.03125,66303.65625,66329.03125,0
2026-07-21 19:09:00+00:00,66337.6875,66337.6875,66348.78125,66313.5390625,66313.5390625,0
2026-07-21 19:10:00+00:00,66342.1796875,66342.1796875,66342.1796875,66330.2734375,66330.2734375,6299648
2026-07-21 19:11:00+00:00,66312.6796875,66312.6796875,66340.890625,66312.6796875,66340.890625,86288384
2026-07-21 19:12:00+00:00,66299.6875,66299.6875,66325.9765625,66293.640625,66325.9765625,0
2026-07-21 19:13:00+00:00,66246.828125,66246.828125,66299.8203125,66239.546875,66299.8203125,0
2026-07-21 19:14:00+00:00,66270.1328125,66270.1328125,66270.1328125,66231.5625,66238.8828125,8263680
2026-07-21 19:15:00+00:00,66286.9609375,66286.9609375,66286.9609375,66258.171875,66260.359375,0
2026-07-21 19:16:00+00:00,66326.0703125,66326.0703125,66326.0703125,66285.296875,66285.296875,0
2026-07-21 19:17:00+00:00,66329.921875,66329.921875,66332.9921875,66327.5703125,66330.2578125,9783296
2026-07-21 19:18:00+00:00,66317.046875,66317.046875,66341.578125,66316.9921875,66323.609375,0
2026-07-21 19:19:00+00:00,66333.0,66333.0,66338.5234375,66317.046875,66317.046875,0
2026-07-21 19:20:00+00:00,66344.8203125,66344.8203125,66344.8203125,66320.3828125,66333.0,0
2026-07-21 19:21:00+00:00,66300.296875,66300.296875,66345.421875,66300.296875,66345.421875,55277568
2026-07-21 19:22:00+00:00,66306.4765625,66306.4765625,66308.4609375,66300.296875,66300.296875,6395904
2026-07-21 19:23:00+00:00,66346.8984375,66346.8984375,66346.8984375,66306.4765625,66306.4765625,0
2026-07-21 19:24:00+00:00,66344.7109375,66344.7109375,66347.46875,66342.8828125,66345.9921875,93990912
2026-07-21 19:25:00+00:00,66340.3203125,66340.3203125,66343.5703125,66330.2734375,66343.5703125,0
2026-07-21 19:26:00+00:00,66368.0625,66368.0625,66368.0625,66334.609375,66334.609375,0
2026-07-21 19:27:00+00:00,66379.140625,66379.140625,66399.0,66375.171875,66388.328125,0
2026-07-21 19:28:00+00:00,66366.5625,66366.5625,66379.140625,66362.109375,66379.140625,0
2026-07-21 19:29:00+00:00,66366.6171875,66366.6171875,66378.53125,66363.03125,66370.5703125,0
2026-07-21 19:30:00+00:00,66364.609375,66364.609375,66373.53125,66363.5703125,66373.53125,16885760
2026-07-21 19:31:00+00:00,66377.3828125,66377.3828125,66383.5390625,66374.8671875,66376.0625,0
2026-07-21 19:32:00+00:00,66392.3984375,66392.3984375,66394.921875,66367.03125,66367.03125,0
2026-07-21 19:33:00+00:00,66411.21875,66411.21875,66411.21875,66390.7578125,66393.8515625,0
2026-07-21 19:34:00+00:00,66390.203125,66390.203125,66417.1484375,66358.203125,66417.1484375,618496
2026-07-21 19:35:00+00:00,66416.828125,66416.828125,66416.828125,66384.34375,66384.34375,38367232
2026-07-21 19:36:00+00:00,66422.75,66422.75,66425.75,66398.546875,66406.8671875,802816
2026-07-21 19:37:00+00:00,66425.1015625,66425.1015625,66427.390625,66420.1796875,66427.390625,1867776
2026-07-21 19:38:00+00:00,66440.3203125,66440.3203125,66440.3203125,66419.2421875,66419.2421875,0
2026-07-21 19:39:00+00:00,66453.140625,66453.140625,66470.0234375,66440.171875,66440.359375,0
2026-07-21 19:40:00+00:00,66445.34375,66445.34375,66450.3203125,66442.0,66450.140625,0
2026-07-21 19:41:00+00:00,66453.4765625,66453.4765625,66453.4765625,66440.0,66440.0,0
2026-07-21 19:42:00+00:00,66446.8125,66446.8125,66453.4765625,66433.828125,66453.46875,64837632
2026-07-21 19:43:00+00:00,66443.171875,66443.171875,66452.171875,66435.4609375,66446.8125,0
2026-07-21 19:44:00+00:00,66436.5390625,66436.5390625,66444.5,66427.1328125,66443.15625,0
2026-07-21 19:45:00+00:00,66417.6015625,66417.6015625,66432.203125,66417.6015625,66430.171875,0
2026-07-21 19:46:00+00:00,66447.9921875,66447.9921875,66447.9921875,66417.5703125,66417.5703125,1210368
2026-07-21 19:47:00+00:00,66449.3203125,66449.3203125,66462.7890625,66439.3671875,66444.0,0
2026-07-21 19:48:00+00:00,66473.4609375,66473.4609375,66473.4609375,66446.53125,66449.28125,0
2026-07-21 19:49:00+00:00,66456.09375,66456.09375,66476.296875,66453.4765625,66474.9609375,2181120
2026-07-21 19:50:00+00:00,66446.5703125,66446.5703125,66450.1015625,66419.2578125,66419.2578125,0
2026-07-21 19:51:00+00:00,66462.0390625,66462.0390625,66471.9765625,66450.1328125,66450.1328125,18020352
2026-07-21 19:52:00+00:00,66446.8203125,66446.8203125,66468.703125,66446.8203125,66462.34375,0
2026-07-21 19:53:00+00:00,66433.4921875,66433.4921875,66446.3984375,66425.8828125,66446.3984375,0
2026-07-21 19:54:00+00:00,66418.0,66418.0,66445.953125,66418.0,66441.9921875,647168
2026-07-21 19:55:00+00:00,66426.7734375,66426.7734375,66433.859375,66417.8203125,66422.0,0
2026-07-21 19:56:00+00:00,66415.75,66415.75,66420.65625,66405.0078125,66420.5625,0
2026-07-21 19:57:00+00:00,66411.34375,66411.34375,66426.546875,66411.3203125,66413.9921875,0
2026-07-21 19:58:00+00:00,66392.921875,66392.921875,66409.28125,66388.3828125,66409.28125,0
2026-07-21 19:59:00+00:00,66415.4375,66415.4375,66428.0234375,66396.34375,66396.34375,247705600
2026-07-21 20:00:00+00:00,66324.0234375,66324.0234375,66466.0,66324.0234375,66466.0,0
2026-07-21 20:01:00+00:00,66365.3125,66365.3125,66370.0703125,66330.0234375,66330.0234375,0
2026-07-21 20:02:00+00:00,66383.46875,66383.46875,66383.46875,66363.65625,66370.0,0
2026-07-21 20:03:00+00:00,66390.8515625,66390.8515625,66393.1484375,66370.2265625,66370.2265625,0
2026-07-21 20:04:00+00:00,66400.03125,66400.03125,66403.0625,66392.6484375,66392.6484375,1232896
2026-07-21 20:05:00+00:00,66420.0,66420.0,66428.5703125,66402.0,66402.0,205291520
2026-07-21 20:06:00+00:00,66408.890625,66408.890625,66430.390625,66402.5,66422.0390625,153600
2026-07-21 20:07:00+00:00,66412.0078125,66412.0078125,66420.171875,66405.6015625,66408.8984375,3020800
2026-07-21 20:08:00+00:00,66420.0234375,66420.0234375,66420.171875,66404.84375,66417.0,0
2026-07-21 20:09:00+00:00,66405.2421875,66405.2421875,66408.0078125,66401.25,66406.25,64458752
2026-07-21 20:10:00+00:00,66406.25,66406.25,66412.1484375,66400.0,66403.3828125,2248704
2026-07-21 20:11:00+00:00,66407.25,66407.25,66408.59375,66403.0703125,66408.21875,0
2026-07-21 20:12:00+00:00,66405.3125,66405.3125,66406.1796875,66403.359375,66405.0234375,5560320
2026-07-21 20:13:00+00:00,66395.7265625,66395.7265625,66405.3125,66395.2890625,66405.3125,0
2026-07-21 20:14:00+00:00,66391.671875,66391.671875,66392.46875,66391.671875,66392.3125,0
2026-07-21 20:15:00+00:00,66356.9296875,66356.9296875,66373.9921875,66353.578125,66373.9921875,0
2026-07-21 20:16:00+00:00,66350.78125,66350.78125,66359.1171875,66350.78125,66359.1171875,3117056
2026-07-21 20:17:00+00:00,66368.3984375,66368.3984375,66368.3984375,66347.5234375,66355.09375,9619456
2026-07-21 20:18:00+00:00,66372.7265625,66372.7265625,66372.7265625,66364.78125,66365.859375,0
2026-07-21 20:19:00+00:00,66362.0234375,66362.0234375,66372.0078125,66360.2421875,66372.0078125,0
2026-07-21 20:20:00+00:00,66357.1328125,66357.1328125,66360.390625,66356.46875,66360.390625,0
2026-07-21 20:21:00+00:00,66341.6328125,66341.6328125,66360.640625,66340.21875,66357.1328125,1325056
2026-07-21 20:22:00+00:00,66341.28125,66341.28125,66343.609375,66338.6015625,66341.6328125,0
2026-07-21 20:23:00+00:00,66329.0234375,66329.0234375,66339.2578125,66329.0234375,66339.2578125,0
2026-07-21 20:24:00+00:00,66340.9375,66340.9375,66340.9375,66324.75,66329.5234375,0
2026-07-21 20:25:00+00:00,66362.0,66362.0,66362.0,66343.0,66350.0,0
2026-07-21 20:26:00+00:00,66346.90625,66346.90625,66362.0,66337.2734375,66362.0,180076544
2026-07-21 20:27:00+00:00,66356.28125,66356.28125,66358.8984375,66346.921875,66356.8984375,1812480
2026-07-21 20:28:00+00:00,66340.6015625,66340.6015625,66363.2265625,66338.953125,66358.8984375,0
2026-07-21 20:29:00+00:00,66359.2421875,66359.2421875,66359.328125,66340.6015625,66340.6015625,0
2026-07-21 20:30:00+00:00,66380.0234375,66380.0234375,66391.671875,66360.46875,66360.46875,0
2026-07-21 20:31:00+00:00,66382.9765625,66382.9765625,66382.9765625,66378.6875,66380.0234375,1792000
2026-07-21 20:32:00+00:00,66382.0,66382.0,66384.8828125,66382.0,66384.8515625,0
2026-07-21 20:33:00+00:00,66392.0390625,66392.0390625,66399.921875,66382.0078125,66382.0078125,0
2026-07-21 20:34:00+00:00,66413.5078125,66413.5078125,66413.5078125,66382.0,66382.0,45836288
2026-07-21 20:35:00+00:00,66422.8515625,66422.8515625,66427.9921875,66413.5078125,66413.5078125,0
2026-07-21 20:36:00+00:00,66414.0078125,66414.0078125,66422.6328125,66413.5234375,66413.5234375,294912
2026-07-21 20:37:00+00:00,66420.5703125,66420.5703125,66423.5,66403.2890625,66403.9765625,0
2026-07-21 20:38:00+00:00,66440.4921875,66440.4921875,66463.53125,66420.921875,66420.921875,0
2026-07-21 20:39:00+00:00,66416.2109375,66416.2109375,66437.9921875,66416.2109375,66437.9765625,0
2026-07-21 20:40:00+00:00,66414.421875,66414.421875,66423.5,66414.421875,66416.203125,7495680
2026-07-21 20:41:00+00:00,66417.5625,66417.5625,66430.171875,66403.5390625,66414.4296875,91365376
2026-07-21 20:42:00+00:00,66418.0078125,66418.0078125,66419.9765625,66416.8515625,66417.5625,0
2026-07-21 20:43:00+00:00,66402.6328125,66402.6328125,66419.796875,66402.6328125,66418.0078125,0
2026-07-21 20:44:00+00:00,66422.0625,66422.0625,66422.0625,66402.046875,66402.640625,0
2026-07-21 20:45:00+00:00,66406.859375,66406.859375,66425.4375,66406.859375,66425.4375,976896
2026-07-21 20:46:00+00:00,66420.84375,66420.84375,66420.84375,66398.171875,66408.1875,495616
2026-07-21 20:47:00+00:00,66415.390625,66415.390625,66421.4609375,66412.75,66421.4609375,145338368
2026-07-21 20:48:00+00:00,66411.296875,66411.296875,66413.1171875,66398.9921875,66413.1171875,0
2026-07-21 20:49:00+00:00,66403.4609375,66403.4609375,66411.3125,66400.203125,66411.296875,2342912
2026-07-21 20:50:00+00:00,66395.0078125,66395.0078125,66395.0390625,66388.0078125,66393.421875,425984
2026-07-21 20:51:00+00:00,66389.2265625,66389.2265625,66394.8515625,66373.640625,66394.8515625,30732288
2026-07-21 20:52:00+00:00,66391.9765625,66391.9765625,66391.9765625,66377.359375,66391.4375,776192
2026-07-21 20:53:00+00:00,66386.1015625,66386.1015625,66389.4609375,66384.8984375,66389.4609375,0
2026-07-21 20:54:00+00:00,66383.3515625,66383.3515625,66391.6484375,66383.3515625,66388.78125,1382400
2026-07-21 20:55:00+00:00,66390.140625,66390.140625,66390.140625,66377.3515625,66377.3515625,4532224
2026-07-21 20:56:00+00:00,66384.9921875,66384.9921875,66387.4296875,66383.828125,66387.4296875,0
2026-07-21 20:57:00+00:00,66389.078125,66389.078125,66395.03125,66379.453125,66384.9921875,2048000
2026-07-21 20:58:00+00:00,66380.328125,66380.328125,66386.96875,66378.7578125,66384.0390625,0
2026-07-21 20:59:00+00:00,66370.0078125,66370.0078125,66377.34375,66370.0078125,66377.34375,0
2026-07-21 21:00:00+00:00,66335.9296875,66335.9296875,66368.0,66317.453125,66368.0,4534272
2026-07-21 21:01:00+00:00,66313.6171875,66313.6171875,66327.9609375,66303.640625,66327.9609375,0
2026-07-21 21:02:00+00:00,66293.0,66293.0,66311.9609375,66290.3125,66311.9609375,0
2026-07-21 21:03:00+00:00,66277.3515625,66277.3515625,66306.6171875,66277.3515625,66293.0,0
2026-07-21 21:04:00+00:00,66298.0078125,66298.0078125,66320.0,66272.6171875,66272.6171875,0
2026-07-21 21:05:00+00:00,66311.0,66311.0,66311.0,66297.296875,66299.3203125,0
2026-07-21 21:06:00+00:00,66310.109375,66310.109375,66311.0,66302.046875,66310.9921875,6555648
2026-07-21 21:07:00+00:00,66330.0234375,66330.0234375,66330.0234375,66311.953125,66319.2890625,886784
2026-07-21 21:08:00+00:00,66345.65625,66345.65625,66345.65625,66331.8984375,66331.90625,0
2026-07-21 21:09:00+00:00,66334.2890625,66334.2890625,66338.9921875,66320.28125,66338.9921875,59578368
2026-07-21 21:10:00+00:00,66322.4765625,66322.4765625,66334.296875,66320.171875,66334.296875,0
2026-07-21 21:11:00+00:00,66324.296875,66324.296875,66327.1484375,66322.140625,66322.140625,187033600
2026-07-21 21:12:00+00:00,66322.21875,66322.21875,66324.3125,66322.21875,66324.296875,1255424
2026-07-21 21:13:00+00:00,66365.9921875,66365.9921875,66378.53125,66353.5625,66353.5625,0
2026-07-21 21:14:00+00:00,66365.9921875,66365.9921875,66373.546875,66360.2421875,66360.9609375,0
2026-07-21 21:15:00+00:00,66331.9609375,66331.9609375,66366.0,66331.9609375,66365.9921875,0
2026-07-21 21:16:00+00:00,66330.2734375,66330.2734375,66332.828125,66330.2734375,66330.2734375,6150144
2026-07-21 21:17:00+00:00,66323.3671875,66323.3671875,66326.953125,66323.3671875,66326.9375,0
2026-07-21 21:18:00+00:00,66310.0078125,66310.0078125,66323.3671875,66308.6484375,66323.3671875,8206336
2026-07-21 21:19:00+00:00,66312.0078125,66312.0078125,66322.3125,66312.0078125,66316.0078125,1054720
2026-07-21 21:20:00+00:00,66314.03125,66314.03125,66316.0,66307.1484375,66312.0,108263424
2026-07-21 21:21:00+00:00,66320.2734375,66320.2734375,66320.2734375,66293.7109375,66314.03125,1290240
2026-07-21 21:22:00+00:00,66326.0703125,66326.0703125,66330.2578125,66321.4921875,66323.8203125,917504
2026-07-21 21:23:00+00:00,66310.328125,66310.328125,66326.0703125,66310.3203125,66326.0703125,0
2026-07-21 21:24:00+00:00,66323.6015625,66323.6015625,66323.6015625,66306.9609375,66310.3203125,0
2026-07-21 21:25:00+00:00,66320.46875,66320.46875,66322.0234375,66314.1328125,66316.03125,0
2026-07-21 21:26:00+00:00,66285.46875,66285.46875,66311.0625,66285.46875,66311.0625,0
2026-07-21 21:27:00+00:00,66295.359375,66295.359375,66295.359375,66286.8203125,66286.8203125,4935680
2026-07-21 21:28:00+00:00,66292.0,66292.0,66298.0234375,66291.2421875,66298.0234375,0
2026-07-21 21:29:00+00:00,66286.140625,66286.140625,66296.6015625,66286.140625,66295.9609375,5210112
2026-07-21 21:30:00+00:00,66277.0,66277.0,66286.1484375,66269.9921875,66286.1484375,6768640
2026-07-21 21:31:00+00:00,66277.28125,66277.28125,66283.0390625,66277.28125,66283.0390625,0
2026-07-21 21:32:00+00:00,66273.671875,66273.671875,66278.328125,66273.65625,66276.046875,4911104
2026-07-21 21:33:00+00:00,66248.6484375,66248.6484375,66270.859375,66248.6484375,66270.859375,0
2026-07-21 21:34:00+00:00,66274.0,66274.0,66276.0,66248.6484375,66248.6484375,0
2026-07-21 21:35:00+00:00,66316.21875,66316.21875,66316.2265625,66272.7734375,66274.0,3373056
2026-07-21 21:36:00+00:00,66311.6328125,66311.6328125,66314.640625,66310.25,66310.25,3184640
2026-07-21 21:37:00+00:00,66311.640625,66311.640625,66326.7109375,66311.640625,66318.46875,1595392
2026-07-21 21:38:00+00:00,66302.7890625,66302.7890625,66304.5703125,66291.6171875,66304.5625,0
2026-07-21 21:39:00+00:00,66299.828125,66299.828125,66319.6328125,66299.828125,66319.6328125,44386304
2026-07-21 21:40:00+00:00,66300.296875,66300.296875,66307.109375,66293.140625,66293.140625,0
2026-07-21 21:41:00+00:00,66289.3828125,66289.3828125,66290.859375,66287.1484375,66288.5703125,0
2026-07-21 21:42:00+00:00,66289.0625,66289.0625,66293.03125,66288.953125,66289.5078125,6430720
2026-07-21 21:43:00+00:00,66309.078125,66309.078125,66309.078125,66285.03125,66288.4921875,0
2026-07-21 21:44:00+00:00,66314.1328125,66314.1328125,66326.25,66290.3125,66302.2109375,3911680
2026-07-21 21:45:00+00:00,66316.0625,66316.0625,66331.171875,66303.8125,66303.8125,17477632
2026-07-21 21:46:00+00:00,66312.171875,66312.171875,66326.9296875,66300.296875,66316.0703125,3973120
2026-07-21 21:47:00+00:00,66305.46875,66305.46875,66334.1875,66305.46875,66312.8984375,115011584
2026-07-21 21:48:00+00:00,66325.0,66325.0,66325.0078125,66300.53125,66300.53125,0
2026-07-21 21:49:00+00:00,66311.546875,66311.546875,66335.546875,66308.859375,66325.6796875,3682304
2026-07-21 21:50:00+00:00,66335.4296875,66335.4296875,66340.9296875,66323.3828125,66340.9296875,88473600
2026-07-21 21:51:00+00:00,66339.328125,66339.328125,66345.0,66338.0078125,66338.0078125,5249024
2026-07-21 21:52:00+00:00,66342.4765625,66342.4765625,66345.609375,66336.921875,66339.4375,1179648
2026-07-21 21:53:00+00:00,66324.296875,66324.296875,66349.25,66324.078125,66342.3828125,0
2026-07-21 21:54:00+00:00,66337.921875,66337.921875,66339.1875,66324.3125,66324.3125,0
2026-07-21 21:55:00+00:00,66315.21875,66315.21875,66338.28125,66308.7734375,66338.28125,1302528
2026-07-21 21:56:00+00:00,66315.5625,66315.5625,66315.6015625,66315.5625,66315.59375,25010176
2026-07-21 21:57:00+00:00,66318.8828125,66318.8828125,66339.53125,66315.5625,66315.5625,176128
2026-07-21 21:58:00+00:00,66325.9921875,66325.9921875,66330.2421875,66321.109375,66321.109375,0
2026-07-21 21:59:00+00:00,66346.90625,66346.90625,66346.90625,66328.3828125,66329.9921875,0
2026-07-21 22:00:00+00:00,66316.1015625,66316.1015625,66330.28125,66295.25,66329.9765625,0
2026-07-21 22:01:00+00:00,66296.9609375,66296.9609375,66311.1171875,66283.5234375,66311.1171875,788480
2026-07-21 22:02:00+00:00,66322.5625,66322.5625,66351.5703125,66300.296875,66300.296875,0
2026-07-21 22:03:00+00:00,66323.6015625,66323.6015625,66337.0078125,66301.2734375,66325.96875,0
2026-07-21 22:04:00+00:00,66320.0,66320.0,66346.90625,66320.0,66322.0,74184704
2026-07-21 22:05:00+00:00,66297.21875,66297.21875,66330.2734375,66297.21875,66326.078125,14594048
2026-07-21 22:06:00+00:00,66283.0078125,66283.0078125,66293.5234375,66280.3203125,66290.3125,0
2026-07-21 22:07:00+00:00,66290.171875,66290.171875,66290.171875,66273.03125,66285.0390625,4386816
2026-07-21 22:08:00+00:00,66298.0625,66298.0625,66300.2890625,66276.15625,66285.0,0
2026-07-21 22:09:00+00:00,66296.9765625,66296.9765625,66308.0703125,66276.0078125,66286.9765625,43759616
2026-07-21 22:10:00+00:00,66310.4375,66310.4375,66318.03125,66309.3671875,66309.3671875,3149824
2026-07-21 22:11:00+00:00,66304.8515625,66304.8515625,66316.0078125,66304.8515625,66310.4375,0
2026-07-21 22:12:00+00:00,66281.3203125,66281.3203125,66314.1484375,66276.9921875,66303.96875,3827712
2026-07-21 22:13:00+00:00,66286.0234375,66286.0234375,66286.0234375,66266.78125,66280.0,0
2026-07-21 22:14:00+00:00,66274.4609375,66274.4609375,66295.53125,66274.4609375,66286.0234375,0
2026-07-21 22:15:00+00:00,66273.9765625,66273.9765625,66281.9375,66267.0234375,66274.453125,54886400
2026-07-21 22:16:00+00:00,66281.0234375,66281.0234375,66286.421875,66272.8671875,66272.8671875,3006464
2026-07-21 22:17:00+00:00,66263.6796875,66263.6796875,66282.0,66263.671875,66281.0234375,0
2026-07-21 22:18:00+00:00,66245.9921875,66245.9921875,66263.671875,66236.03125,66263.671875,0
2026-07-21 22:19:00+00:00,66190.5234375,66190.5234375,66260.328125,66190.5234375,66253.703125,0
2026-07-21 22:20:00+00:00,66193.7265625,66193.7265625,66220.953125,66183.7421875,66207.046875,0
2026-07-21 22:21:00+00:00,66223.703125,66223.703125,66226.5078125,66195.2265625,66195.2265625,1660928
2026-07-21 22:22:00+00:00,66233.0703125,66233.0703125,66233.4296875,66217.4296875,66227.03125,724992
2026-07-21 22:23:00+00:00,66210.390625,66210.390625,66220.359375,66210.390625,66215.8671875,0
2026-07-21 22:24:00+00:00,66197.0703125,66197.0703125,66220.03125,66197.0703125,66215.9921875,0
2026-07-21 22:25:00+00:00,66233.2578125,66233.2578125,66233.2578125,66183.421875,66183.421875,223967232
2026-07-21 22:26:00+00:00,66240.3515625,66240.3515625,66240.3515625,66224.0,66237.0078125,0
2026-07-21 22:27:00+00:00,66239.6015625,66239.6015625,66247.0078125,66238.5,66238.5,33361920
2026-07-21 22:28:00+00:00,66240.359375,66240.359375,66254.8515625,66240.359375,66243.40625,0
2026-07-21 22:29:00+00:00,66240.359375,66240.359375,66245.703125,66240.359375,66240.359375,0
2026-07-21 22:30:00+00:00,66223.7109375,66223.7109375,66237.03125,66223.7109375,66237.03125,26820608
2026-07-21 22:31:00+00:00,66270.5703125,66270.5703125,66270.59375,66229.7109375,66229.7109375,0
2026-07-21 22:32:00+00:00,66272.7578125,66272.7578125,66276.96875,66268.0078125,66272.7734375,0
2026-07-21 22:33:00+00:00,66298.2890625,66298.2890625,66298.2890625,66274.3515625,66280.09375,0
2026-07-21 22:34:00+00:00,66300.0078125,66300.0078125,66300.2109375,66274.2421875,66300.0,0
2026-07-21 22:35:00+00:00,66282.0078125,66282.0078125,66312.0234375,66282.0078125,66312.0234375,142555136
2026-07-21 22:36:00+00:00,66293.0234375,66293.0234375,66300.2890625,66280.3515625,66280.3515625,2123776
2026-07-21 22:37:00+00:00,66274.0078125,66274.0078125,66278.6796875,66274.0,66278.6796875,419840
2026-07-21 22:38:00+00:00,66295.5078125,66295.5078125,66303.0,66273.8515625,66274.0078125,0
2026-07-21 22:39:00+00:00,66292.046875,66292.046875,66295.5234375,66285.0234375,66295.5234375,0
2026-07-21 22:40:00+00:00,66282.3515625,66282.3515625,66288.53125,66274.0234375,66274.0234375,0
2026-07-21 22:41:00+00:00,66297.1875,66297.1875,66297.1875,66282.3828125,66282.3828125,0
2026-07-21 22:42:00+00:00,66288.5703125,66288.5703125,66292.171875,66279.578125,66286.9765625,817152
2026-07-21 22:43:00+00:00,66285.5625,66285.5625,66295.0,66282.7734375,66293.5390625,0
2026-07-21 22:44:00+00:00,66276.0234375,66276.0234375,66276.9921875,66272.1015625,66276.9921875,0
2026-07-21 22:45:00+00:00,66253.1484375,66253.1484375,66272.453125,66247.0234375,66272.453125,0
2026-07-21 22:46:00+00:00,66203.71875,66203.71875,66236.2890625,66203.71875,66236.2890625,876544
2026-07-21 22:47:00+00:00,66227.03125,66227.03125,66228.0,66203.7421875,66203.7421875,0
2026-07-21 22:48:00+00:00,66222.6328125,66222.6328125,66228.0078125,66200.78125,66227.03125,0
2026-07-21 22:49:00+00:00,66219.6484375,66219.6484375,66222.6328125,66215.6875,66222.6328125,1654784
2026-07-21 22:50:00+00:00,66230.3671875,66230.3671875,66240.140625,66230.359375,66230.359375,0
2026-07-21 22:51:00+00:00,66254.21875,66254.21875,66254.9609375,66225.53125,66230.3828125,1366016
2026-07-21 22:52:00+00:00,66244.0390625,66244.0390625,66258.0,66236.921875,66254.2265625,0
2026-07-21 22:53:00+00:00,66248.4609375,66248.4609375,66248.4609375,66244.03125,66244.03125,0
2026-07-21 22:54:00+00:00,66249.7578125,66249.7578125,66259.90625,66241.40625,66248.453125,228319232
2026-07-21 22:55:00+00:00,66261.8125,66261.8125,66264.9296875,66256.5234375,66256.5234375,2754560
2026-07-21 22:56:00+00:00,66250.0078125,66250.0078125,66260.296875,66250.0078125,66259.0078125,0
2026-07-21 22:57:00+00:00,66253.0234375,66253.0234375,66253.03125,66250.0,66250.0,52738048
2026-07-21 22:58:00+00:00,66259.078125,66259.078125,66259.09375,66256.09375,66256.1015625,0
2026-07-21 22:59:00+00:00,66268.0078125,66268.0078125,66280.3125,66258.0078125,66264.9296875,0
2026-07-21 23:00:00+00:00,66230.0,66230.0,66263.671875,66230.0,66263.671875,0
2026-07-21 23:01:00+00:00,66192.1171875,66192.1171875,66230.359375,66192.1171875,66230.359375,0
2026-07-21 23:02:00+00:00,66206.4609375,66206.4609375,66227.03125,66202.0390625,66216.2734375,2707456
2026-07-21 23:03:00+00:00,66238.7109375,66238.7109375,66244.0078125,66205.28125,66206.46875,0
2026-07-21 23:04:00+00:00,66223.03125,66223.03125,66242.6796875,66223.03125,66242.6796875,204703744
2026-07-21 23:05:00+00:00,66187.6796875,66187.6796875,66217.046875,66187.6796875,66217.046875,0
2026-07-21 23:06:00+00:00,66239.9375,66239.9375,66239.9375,66200.390625,66200.390625,2609152
2026-07-21 23:07:00+00:00,66228.703125,66228.703125,66239.9375,66227.0390625,66239.9375,0
2026-07-21 23:08:00+00:00,66244.671875,66244.671875,66247.6484375,66230.6796875,66234.171875,0
2026-07-21 23:09:00+00:00,66227.421875,66227.421875,66247.65625,66225.7421875,66247.6484375,0
2026-07-21 23:10:00+00:00,66213.65625,66213.65625,66226.109375,66197.0703125,66226.109375,0
2026-07-21 23:11:00+00:00,66247.0078125,66247.0078125,66247.0078125,66214.671875,66217.0390625,349177856
2026-07-21 23:12:00+00:00,66249.90625,66249.90625,66252.859375,66247.0078125,66247.0078125,0
2026-07-21 23:13:00+00:00,66236.0078125,66236.0078125,66247.03125,66236.0078125,66247.0234375,0
2026-07-21 23:14:00+00:00,66239.6171875,66239.6171875,66242.9296875,66227.078125,66236.0078125,43038720
2026-07-21 23:15:00+00:00,66258.0625,66258.0625,66258.0625,66236.609375,66239.6171875,0
2026-07-21 23:16:00+00:00,66292.9609375,66292.9609375,66292.96875,66266.9921875,66266.9921875,2562048
2026-07-21 23:17:00+00:00,66276.0234375,66276.0234375,66288.0,66267.078125,66288.0,0
2026-07-21 23:18:00+00:00,66276.2890625,66276.2890625,66280.2890625,66264.1015625,66269.03125,0
2026-07-21 23:19:00+00:00,66299.34375,66299.34375,66305.6015625,66276.2890625,66276.2890625,0
2026-07-21 23:20:00+00:00,66292.5234375,66292.5234375,66300.2734375,66284.0390625,66290.3125,0
2026-07-21 23:21:00+00:00,66283.6484375,66283.6484375,66302.5234375,66280.3203125,66284.0390625,0
2026-07-21 23:22:00+00:00,66276.2265625,66276.2265625,66280.53125,66274.5078125,66280.5234375,0
2026-07-21 23:23:00+00:00,66283.9375,66283.9375,66289.5234375,66277.5703125,66277.5703125,0
2026-07-21 23:24:00+00:00,66284.390625,66284.390625,66291.7265625,66283.9375,66283.9375,166184960
2026-07-21 23:25:00+00:00,66297.65625,66297.65625,66300.953125,66283.6484375,66284.390625,1642496
2026-07-21 23:26:00+00:00,66309.078125,66309.078125,66309.3671875,66299.65625,66299.65625,0
2026-07-21 23:27:00+00:00,66324.046875,66324.046875,66324.046875,66315.6328125,66315.6328125,0
2026-07-21 23:28:00+00:00,66339.7890625,66339.7890625,66339.7890625,66324.859375,66326.9296875,0
2026-07-21 23:29:00+00:00,66363.2890625,66363.2890625,66363.2890625,66337.0703125,66337.0703125,193101824
2026-07-21 23:30:00+00:00,66343.0,66343.0,66354.28125,66343.0,66346.921875,0
2026-07-21 23:31:00+00:00,66352.84375,66352.84375,66356.0078125,66342.5234375,66342.5234375,811008
2026-07-21 23:32:00+00:00,66366.890625,66366.890625,66366.890625,66351.96875,66356.0,0
2026-07-21 23:33:00+00:00,66396.8515625,66396.8515625,66401.9609375,66377.4375,66377.4375,0
2026-07-21 23:34:00+00:00,66386.890625,66386.890625,66407.0078125,66384.7890625,66398.0,3751936
2026-07-21 23:35:00+00:00,66381.5390625,66381.5390625,66384.53125,66378.0,66384.53125,28854272
2026-07-21 23:36:00+00:00,66393.5390625,66393.5390625,66407.0,66382.09375,66382.09375,890880
2026-07-21 23:37:00+00:00,66416.84375,66416.84375,66418.5078125,66403.9609375,66406.84375,0
2026-07-21 23:38:00+00:00,66395.5390625,66395.5390625,66416.8515625,66395.5390625,66416.84375,0
2026-07-21 23:39:00+00:00,66405.046875,66405.046875,66405.046875,66395.5390625,66395.5390625,0
2026-07-21 23:40:00+00:00,66405.0390625,66405.0390625,66405.046875,66403.21875,66405.0390625,548864
2026-07-21 23:41:00+00:00,66370.0234375,66370.0234375,66405.046875,66370.0234375,66405.0390625,301879296
2026-07-21 23:42:00+00:00,66383.546875,66383.546875,66393.609375,66366.8984375,66366.8984375,0
2026-07-21 23:43:00+00:00,66380.2265625,66380.2265625,66388.7109375,66380.21875,66383.5625,0
2026-07-21 23:44:00+00:00,66383.21875,66383.21875,66388.703125,66380.21875,66380.21875,0
2026-07-21 23:45:00+00:00,66405.0078125,66405.0078125,66413.4921875,66396.6796875,66399.9765625,442368
2026-07-21 23:46:00+00:00,66400.28125,66400.28125,66405.0078125,66400.2734375,66405.0078125,0
2026-07-21 23:47:00+00:00,66406.8515625,66406.8515625,66406.8515625,66390.2109375,66395.1015625,0
2026-07-21 23:48:00+00:00,66396.71875,66396.71875,66404.140625,66378.0078125,66400.0,0
2026-07-21 23:49:00+00:00,66423.5,66423.5,66433.9921875,66396.71875,66396.71875,30785536
2026-07-21 23:50:00+00:00,66460.0,66460.0,66460.0,66420.2734375,66420.2734375,6811648
2026-07-21 23:51:00+00:00,66431.390625,66431.390625,66447.6875,66431.390625,66443.4921875,3381248
2026-07-21 23:52:00+00:00,66465.4375,66465.4375,66466.7890625,66431.390625,66431.390625,0
2026-07-21 23:53:00+00:00,66490.6796875,66490.6796875,66514.09375,66458.1328125,66458.1328125,0
2026-07-21 23:54:00+00:00,66510.7265625,66510.7265625,66512.4296875,66499.0078125,66503.359375,0
2026-07-21 23:55:00+00:00,66528.421875,66528.421875,66528.421875,66513.421875,66513.4375,57227264
2026-07-21 23:56:00+00:00,66521.0078125,66521.0078125,66532.890625,66520.09375,66528.421875,0
2026-07-21 23:57:00+00:00,66500.0234375,66500.0234375,66521.3984375,66496.7734375,66520.078125,0
2026-07-21 23:58:00+00:00,66508.84375,66508.84375,66514.609375,66488.171875,66500.0234375,0
2026-07-22 00:00:00+00:00,66505.3828125,66505.3828125,66528.640625,66499.0078125,66525.0078125,5169152
2026-07-22 00:01:00+00:00,66513.40625,66513.40625,66513.40625,66499.0,66505.3828125,1759232
2026-07-22 00:02:00+00:00,66543.890625,66543.890625,66550.0390625,66513.4296875,66513.53125,0
2026-07-22 00:03:00+00:00,66553.7421875,66553.7421875,66556.703125,66533.3984375,66543.9375,0
2026-07-22 00:04:00+00:00,66578.6484375,66578.6484375,66579.90625,66553.7265625,66553.7265625,32438272
2026-07-22 00:05:00+00:00,66543.390625,66543.390625,66583.0078125,66543.390625,66578.6484375,0
2026-07-22 00:06:00+00:00,66548.1171875,66548.1171875,66560.296875,66535.078125,66546.71875,514048
2026-07-22 00:07:00+00:00,66607.5,66607.5,66607.5,66546.4921875,66548.7421875,0
2026-07-22 00:08:00+00:00,66613.328125,66613.328125,66623.3125,66601.7734375,66601.7734375,0
2026-07-22 00:09:00+00:00,66589.6484375,66589.6484375,66613.328125,66573.3671875,66613.328125,12908544
2026-07-22 00:10:00+00:00,66572.328125,66572.328125,66580.6875,66550.09375,66580.6875,0
2026-07-22 00:11:00+00:00,66605.1796875,66605.1796875,66616.6484375,66581.078125,66581.078125,381618176
2026-07-22 00:12:00+00:00,66606.65625,66606.65625,66626.6328125,66600.0078125,66600.0078125,0
2026-07-22 00:13:00+00:00,66613.5078125,66613.5078125,66613.640625,66596.7109375,66606.671875,0
2026-07-22 00:14:00+00:00,66641.78125,66641.78125,66645.3671875,66619.6171875,66619.6171875,0
2026-07-22 00:15:00+00:00,66613.5078125,66613.5078125,66649.953125,66613.5078125,66641.7890625,0
2026-07-22 00:16:00+00:00,66563.3671875,66563.3671875,66606.6484375,66563.3671875,66606.6484375,0
2026-07-22 00:17:00+00:00,66578.828125,66578.828125,66580.0078125,66559.0390625,66563.3671875,21116928
2026-07-22 00:18:00+00:00,66549.09375,66549.09375,66590.0078125,66545.109375,66584.1484375,0
2026-07-22 00:19:00+00:00,66580.0234375,66580.0234375,66580.0234375,66548.0234375,66549.078125,5478400
2026-07-22 00:20:00+00:00,66621.0625,66621.0625,66629.21875,66583.34375,66583.34375,3547136
2026-07-22 00:21:00+00:00,66684.0078125,66684.0078125,66684.9375,66621.0390625,66621.0703125,1646592
2026-07-22 00:22:00+00:00,66636.6328125,66636.6328125,66687.2265625,66636.6328125,66687.2265625,0
2026-07-22 00:23:00+00:00,66611.5703125,66611.5703125,66636.640625,66602.0078125,66636.640625,0
2026-07-22 00:24:00+00:00,66609.9765625,66609.9765625,66643.2890625,66609.9765625,66611.5703125,53495808
2026-07-22 00:25:00+00:00,66616.6484375,66616.6484375,66646.34375,66609.9765625,66609.9921875,5568512
2026-07-22 00:26:00+00:00,66600.0078125,66600.0078125,66631.6484375,66600.0,66626.6328125,68218880
2026-07-22 00:27:00+00:00,66605.0703125,66605.0703125,66608.8515625,66593.6875,66598.6796875,6678528
2026-07-22 00:28:00+00:00,66583.03125,66583.03125,66598.2109375,66580.03125,66598.2109375,0
2026-07-22 00:29:00+00:00,66616.1328125,66616.1328125,66616.1328125,66578.3515625,66583.03125,76068864
2026-07-22 00:30:00+00:00,66601.203125,66601.203125,66627.2734375,66601.203125,66627.2734375,0
2026-07-22 00:31:00+00:00,66606.109375,66606.109375,66606.109375,66590.078125,66606.109375,7755776
2026-07-22 00:32:00+00:00,66608.3203125,66608.3203125,66608.3203125,66584.2578125,66605.09375,1888256
2026-07-22 00:33:00+00:00,66668.2734375,66668.2734375,66668.2734375,66615.8828125,66617.1875,0
2026-07-22 00:34:00+00:00,66684.953125,66684.953125,66689.59375,66655.421875,66669.921875,0
2026-07-22 00:35:00+00:00,66643.2890625,66643.2890625,66673.25,66643.2890625,66663.2734375,0
2026-07-22 00:36:00+00:00,66636.640625,66636.640625,66671.5234375,66636.640625,66649.0078125,10137600
2026-07-22 00:37:00+00:00,66614.109375,66614.109375,66636.6328125,66611.78125,66636.6328125,5953536
2026-07-22 00:38:00+00:00,66656.6015625,66656.6015625,66658.0078125,66620.7734375,66620.796875,0
2026-07-22 00:39:00+00:00,66665.8125,66665.8125,66669.921875,66643.2890625,66655.71875,6424576
2026-07-22 00:40:00+00:00,66660.3828125,66660.3828125,66665.8203125,66649.953125,66665.8203125,2895872
2026-07-22 00:41:00+00:00,66654.140625,66654.140625,66660.3828125,66649.5703125,66660.3671875,0
2026-07-22 00:42:00+00:00,66672.359375,66672.359375,66672.359375,66654.140625,66654.140625,175104000
2026-07-22 00:43:00+00:00,66679.5625,66679.5625,66683.09375,66669.9375,66676.359375,0
2026-07-22 00:44:00+00:00,66670.0390625,66670.0390625,66696.421875,66670.0390625,66681.421875,56649728
2026-07-22 00:45:00+00:00,66679.8984375,66679.8984375,66687.828125,66644.9609375,66656.609375,0
2026-07-22 00:46:00+00:00,66663.2734375,66663.2734375,66688.5390625,66663.2734375,66679.8984375,0
2026-07-22 00:47:00+00:00,66576.46875,66576.46875,66644.953125,66576.46875,66644.953125,0
2026-07-22 00:48:00+00:00,66583.890625,66583.890625,66593.703125,66572.359375,66574.03125,0
2026-07-22 00:49:00+00:00,66662.2421875,66662.2421875,66662.2421875,66583.890625,66583.890625,66613248
2026-07-22 00:50:00+00:00,66607.1171875,66607.1171875,66649.953125,66607.1171875,66649.953125,0
2026-07-22 00:51:00+00:00,66598.921875,66598.921875,66618.4765625,66595.296875,66618.4765625,0
2026-07-22 00:52:00+00:00,66616.640625,66616.640625,66623.34375,66601.671875,66601.671875,239616
2026-07-22 00:53:00+00:00,66620.8125,66620.8125,66636.3203125,66615.7734375,66616.640625,0
2026-07-22 00:54:00+00:00,66611.75,66611.75,66638.9296875,66611.75,66616.7890625,0
2026-07-22 00:55:00+00:00,66574.90625,66574.90625,66599.28125,66574.90625,66596.8515625,103026688
2026-07-22 00:56:00+00:00,66613.421875,66613.421875,66627.9921875,66574.90625,66574.90625,140713984
2026-07-22 00:57:00+00:00,66613.3125,66613.3125,66626.4296875,66606.65625,66625.3984375,0
2026-07-22 00:58:00+00:00,66616.5234375,66616.5234375,66621.640625,66613.3203125,66613.3203125,0
2026-07-22 00:59:00+00:00,66586.6875,66586.6875,66626.6328125,66586.6875,66621.640625,2910208
2026-07-22 01:00:00+00:00,66601.671875,66601.671875,66617.421875,66583.3515625,66583.3515625,0
2026-07-22 01:01:00+00:00,66607.3515625,66607.3515625,66607.3515625,66586.7890625,66597.6484375,0
2026-07-22 01:02:00+00:00,66556.703125,66556.703125,66600.0,66546.71875,66600.0,69677056
2026-07-22 01:03:00+00:00,66555.2265625,66555.2265625,66571.4765625,66543.390625,66571.4765625,0
2026-07-22 01:04:00+00:00,66594.703125,66594.703125,66595.6796875,66549.046875,66549.046875,6907904
2026-07-22 01:05:00+00:00,66554.078125,66554.078125,66599.1328125,66550.046875,66599.1328125,1064960
2026-07-22 01:06:00+00:00,66578.2890625,66578.2890625,66578.2890625,66554.078125,66554.078125,0
2026-07-22 01:07:00+00:00,66570.0234375,66570.0234375,66574.59375,66560.9921875,66574.2734375,1658880
2026-07-22 01:08:00+00:00,66571.9296875,66571.9296875,66581.671875,66561.640625,66570.0234375,0
2026-07-22 01:09:00+00:00,66543.6875,66543.6875,66566.703125,66543.6875,66566.703125,73312256
2026-07-22 01:10:00+00:00,66500.1015625,66500.1015625,66543.6796875,66500.1015625,66543.6796875,0
2026-07-22 01:11:00+00:00,66478.5625,66478.5625,66503.421875,66478.5625,66495.9375,0
2026-07-22 01:12:00+00:00,66485.5390625,66485.5390625,66489.359375,66478.5625,66478.5625,9379840
2026-07-22 01:13:00+00:00,66472.1484375,66472.1484375,66486.1875,66472.1484375,66485.53125,0
2026-07-22 01:14:00+00:00,66453.4765625,66453.4765625,66472.140625,66443.5,66472.140625,0
2026-07-22 01:15:00+00:00,66444.2734375,66444.2734375,66461.7890625,66428.0078125,66461.78125,5980160
2026-07-22 01:16:00+00:00,66436.8203125,66436.8203125,66453.8828125,66429.2578125,66444.28125,2060288
2026-07-22 01:17:00+00:00,66444.859375,66444.859375,66453.4765625,66440.15625,66453.46875,0
2026-07-22 01:18:00+00:00,66420.1875,66420.1875,66455.171875,66420.1875,66450.859375,0
2026-07-22 01:19:00+00:00,66390.3203125,66390.3203125,66420.1796875,66390.3203125,66420.1796875,0
2026-07-22 01:20:00+00:00,66402.9375,66402.9375,66402.9375,66400.1875,66400.1875,37634048
2026-07-22 01:21:00+00:00,66411.1796875,66411.1796875,66414.9375,66400.203125,66402.9375,4704256
2026-07-22 01:22:00+00:00,66366.890625,66366.890625,66401.7421875,66356.921875,66401.7421875,0
2026-07-22 01:23:00+00:00,66306.96875,66306.96875,66356.890625,66305.28125,66356.890625,0
2026-07-22 01:24:00+00:00,66322.8828125,66322.8828125,66322.8828125,66286.9921875,66318.0,32651264
2026-07-22 01:25:00+00:00,66333.609375,66333.609375,66333.609375,66311.6484375,66319.25,1540096
2026-07-22 01:26:00+00:00,66377.703125,66377.703125,66377.703125,66343.578125,66343.578125,155033600
2026-07-22 01:27:00+00:00,66392.09375,66392.09375,66405.34375,66377.6796875,66377.6796875,8046592
2026-07-22 01:28:00+00:00,66363.34375,66363.34375,66383.5625,66363.34375,66382.4375,0
2026-07-22 01:29:00+00:00,66312.0,66312.0,66362.421875,66312.0,66362.421875,186150912
2026-07-22 01:30:00+00:00,66350.2421875,66350.2421875,66350.2421875,66303.640625,66303.640625,0
2026-07-22 01:31:00+00:00,66340.7578125,66340.7578125,66363.5625,66340.7578125,66363.53125,0
2026-07-22 01:32:00+00:00,66330.2578125,66330.2578125,66364.5703125,66323.609375,66360.2265625,3051520
2026-07-22 01:33:00+00:00,66381.859375,66381.859375,66381.859375,66342.4921875,66342.4921875,0
2026-07-22 01:34:00+00:00,66355.8828125,66355.8828125,66370.0,66351.6796875,66370.0,0
2026-07-22 01:35:00+00:00,66351.7109375,66351.7109375,66365.2109375,66351.7109375,66362.8828125,333647872
2026-07-22 01:36:00+00:00,66361.7265625,66361.7265625,66363.0625,66343.6015625,66350.2578125,0
2026-07-22 01:37:00+00:00,66364.9609375,66364.9609375,66369.5390625,66361.7265625,66361.7265625,0
2026-07-22 01:38:00+00:00,66343.15625,66343.15625,66364.171875,66340.0390625,66364.171875,0
2026-07-22 01:39:00+00:00,66356.921875,66356.921875,66360.2421875,66343.1484375,66343.15625,40544256
2026-07-22 01:40:00+00:00,66345.96875,66345.96875,66361.390625,66343.6015625,66353.0078125,0
2026-07-22 01:41:00+00:00,66330.2578125,66330.2578125,66343.6015625,66330.2578125,66343.6015625,0
2026-07-22 01:42:00+00:00,66251.40625,66251.40625,66323.609375,66243.6875,66323.609375,229376
2026-07-22 01:43:00+00:00,66322.5625,66322.5625,66322.5625,66255.0,66255.0,0
2026-07-22 01:44:00+00:00,66328.2421875,66328.2421875,66328.2421875,66313.6171875,66326.9296875,11685888
2026-07-22 01:45:00+00:00,66341.8515625,66341.8515625,66341.8515625,66316.953125,66333.2109375,0
2026-07-22 01:46:00+00:00,66414.8984375,66414.8984375,66414.8984375,66349.90625,66349.90625,9068544
2026-07-22 01:47:00+00:00,66422.5390625,66422.5390625,66422.5390625,66386.8828125,66407.1328125,31324160
2026-07-22 01:48:00+00:00,66450.140625,66450.140625,66450.140625,66424.65625,66424.65625,0
2026-07-22 01:49:00+00:00,66436.84375,66436.84375,66462.0,66436.828125,66452.3984375,0
2026-07-22 01:50:00+00:00,66400.203125,66400.203125,66438.34375,66390.21875,66434.0,26925056
2026-07-22 01:51:00+00:00,66427.046875,66427.046875,66427.046875,66404.828125,66412.0234375,53454848
2026-07-22 01:52:00+00:00,66432.421875,66432.421875,66432.421875,66409.5703125,66427.0390625,1228800
2026-07-22 01:53:00+00:00,66404.7734375,66404.7734375,66438.34375,66404.7734375,66438.34375,0
2026-07-22 01:54:00+00:00,66373.5625,66373.5625,66393.1015625,66373.5625,66390.2109375,0
2026-07-22 01:55:00+00:00,66394.40625,66394.40625,66394.40625,66359.9921875,66360.2421875,0
2026-07-22 01:56:00+00:00,66386.8671875,66386.8671875,66420.1875,66376.890625,66409.53125,0
2026-07-22 01:57:00+00:00,66366.78125,66366.78125,66388.203125,66363.5703125,66388.203125,0
2026-07-22 01:58:00+00:00,66344.9296875,66344.9296875,66368.34375,66344.9296875,66368.34375,0
2026-07-22 01:59:00+00:00,66389.1796875,66389.1796875,66389.1796875,66344.9296875,66344.9296875,120453120
2026-07-22 02:00:00+00:00,66365.0,66365.0,66392.0,66365.0,66392.0,1728512
2026-07-22 02:01:00+00:00,66327.6171875,66327.6171875,66363.5625,66327.609375,66348.90625,311296
2026-07-22 02:02:00+00:00,66350.2421875,66350.2421875,66350.2421875,66323.8125,66325.90625,0
2026-07-22 02:03:00+00:00,66383.4296875,66383.4296875,66387.71875,66353.1796875,66353.1796875,0
2026-07-22 02:04:00+00:00,66383.5625,66383.5625,66396.859375,66383.421875,66383.4296875,37955584
2026-07-22 02:05:00+00:00,66424.4921875,66424.4921875,66444.609375,66383.5625,66383.5625,0
2026-07-22 02:06:00+00:00,66415.3671875,66415.3671875,66441.7109375,66415.3671875,66425.9921875,62357504
2026-07-22 02:07:00+00:00,66368.5,66368.5,66408.6796875,66366.9921875,66406.859375,2887680
2026-07-22 02:08:00+00:00,66335.1328125,66335.1328125,66372.0,66335.1328125,66372.0,0
2026-07-22 02:09:00+00:00,66366.5234375,66366.5234375,66366.5234375,66326.953125,66326.953125,16119808
2026-07-22 02:10:00+00:00,66363.3125,66363.3125,66366.8984375,66355.4375,66364.78125,667648
2026-07-22 02:11:00+00:00,66373.4609375,66373.4609375,66373.4609375,66360.2421875,66363.3125,162701312
2026-07-22 02:12:00+00:00,66396.078125,66396.078125,66396.078125,66363.578125,66373.4609375,12742656
2026-07-22 02:13:00+00:00,66428.6015625,66428.6015625,66428.6015625,66400.203125,66405.140625,0
2026-07-22 02:14:00+00:00,66427.2265625,66427.2265625,66428.1171875,66406.8671875,66422.90625,6711296
2026-07-22 02:15:00+00:00,66456.078125,66456.078125,66456.078125,66415.671875,66415.671875,9664512
2026-07-22 02:16:00+00:00,66493.34375,66493.34375,66493.34375,66443.5,66443.5,0
2026-07-22 02:17:00+00:00,66454.1015625,66454.1015625,66488.8828125,66454.1015625,66487.28125,0
2026-07-22 02:18:00+00:00,66443.4921875,66443.4921875,66463.9375,66423.5234375,66441.921875,0
2026-07-22 02:19:00+00:00,66433.9609375,66433.9609375,66456.796875,66423.5234375,66451.953125,18012160
2026-07-22 02:20:00+00:00,66428.0078125,66428.0078125,66432.0,66407.0,66430.0,273905664
2026-07-22 02:21:00+00:00,66438.0,66438.0,66438.0,66393.5703125,66413.53125,696320
2026-07-22 02:22:00+00:00,66418.40625,66418.40625,66427.203125,66417.4296875,66426.84375,360448
2026-07-22 02:23:00+00:00,66413.5625,66413.5625,66425.6015625,66413.5625,66418.421875,0
2026-07-22 02:24:00+00:00,66410.2109375,66410.2109375,66421.7890625,66406.8671875,66416.2890625,0
2026-07-22 02:25:00+00:00,66367.828125,66367.828125,66411.859375,66367.828125,66408.0078125,0
2026-07-22 02:26:00+00:00,66382.7734375,66382.7734375,66382.7734375,66365.0,66367.8203125,141912064
2026-07-22 02:27:00+00:00,66393.40625,66393.40625,66393.40625,66372.9296875,66381.109375,1955840
2026-07-22 02:28:00+00:00,66388.0078125,66388.0078125,66397.71875,66388.0078125,66393.421875,0
2026-07-22 02:29:00+00:00,66364.0078125,66364.0078125,66388.0078125,66364.0,66388.0,0
2026-07-22 02:30:00+00:00,66320.2734375,66320.2734375,66355.1796875,66320.2734375,66355.1796875,0
2026-07-22 02:31:00+00:00,66298.0,66298.0,66312.9609375,66290.546875,66312.953125,0
2026-07-22 02:32:00+00:00,66336.96875,66336.96875,66349.71875,66304.890625,66304.890625,290461696
2026-07-22 02:33:00+00:00,66325.640625,66325.640625,66331.640625,66320.2890625,66321.9765625,0
2026-07-22 02:34:00+00:00,66320.671875,66320.671875,66332.859375,66320.671875,66327.21875,3395584
2026-07-22 02:35:00+00:00,66277.703125,66277.703125,66314.9921875,66277.703125,66314.9921875,44451840
2026-07-22 02:36:00+00:00,66274.15625,66274.15625,66274.15625,66261.0,66270.328125,0
2026-07-22 02:37:00+00:00,66257.0078125,66257.0078125,66270.828125,66257.0078125,66266.0234375,2652160
2026-07-22 02:38:00+00:00,66257.703125,66257.703125,66272.25,66253.71875,66257.0078125,0
2026-07-22 02:39:00+00:00,66280.5,66280.5,66290.578125,66276.0234375,66276.0234375,0
2026-07-22 02:40:00+00:00,66324.0,66324.0,66324.0,66284.90625,66284.90625,1568768
2026-07-22 02:41:00+00:00,66350.0,66350.0,66358.7734375,66336.5,66336.5,0
2026-07-22 02:42:00+00:00,66324.0,66324.0,66354.9765625,66324.0,66354.9765625,739328
2026-07-22 02:43:00+00:00,66325.328125,66325.328125,66325.34375,66324.0,66324.0078125,0
2026-07-22 02:44:00+00:00,66325.09375,66325.09375,66330.9609375,66321.0234375,66325.328125,130367488
2026-07-22 02:45:00+00:00,66306.9609375,66306.9609375,66333.796875,66306.9609375,66325.09375,1970176
2026-07-22 02:46:00+00:00,66340.03125,66340.03125,66340.03125,66306.96875,66306.96875,0
2026-07-22 02:47:00+00:00,66335.0390625,66335.0390625,66340.0234375,66332.0,66340.0234375,0
2026-07-22 02:48:00+00:00,66305.3203125,66305.3203125,66340.0234375,66305.3203125,66335.046875,0
2026-07-22 02:49:00+00:00,66340.2578125,66340.2578125,66340.2578125,66306.71875,66306.71875,7520256
2026-07-22 02:50:00+00:00,66316.640625,66316.640625,66341.140625,66316.640625,66341.140625,248317952
2026-07-22 02:51:00+00:00,66307.9765625,66307.9765625,66310.2890625,66284.8125,66310.2890625,0
2026-07-22 02:52:00+00:00,66301.3203125,66301.3203125,66308.609375,66296.796875,66307.9765625,0
2026-07-22 02:53:00+00:00,66282.96875,66282.96875,66288.3828125,66270.03125,66288.3828125,0
2026-07-22 02:54:00+00:00,66303.71875,66303.71875,66303.7265625,66282.8515625,66282.859375,139839488
2026-07-22 02:55:00+00:00,66276.9921875,66276.9921875,66304.5390625,66276.9921875,66303.71875,251904
2026-07-22 02:56:00+00:00,66280.6484375,66280.6484375,66280.6484375,66273.71875,66273.71875,17707008
2026-07-22 02:57:00+00:00,66261.3828125,66261.3828125,66276.40625,66257.0078125,66276.40625,0
2026-07-22 02:58:00+00:00,66253.6796875,66253.6796875,66261.3828125,66253.6796875,66261.3828125,0
2026-07-22 02:59:00+00:00,66268.0078125,66268.0078125,66277.90625,66253.6875,66253.6875,0
2026-07-22 03:00:00+00:00,66257.0078125,66257.0078125,66272.1484375,66257.0078125,66262.1015625,0
2026-07-22 03:01:00+00:00,66272.3203125,66272.3203125,66272.328125,66228.0703125,66228.0703125,0
2026-07-22 03:02:00+00:00,66327.3515625,66327.3515625,66327.3515625,66273.65625,66281.2421875,0
2026-07-22 03:03:00+00:00,66294.453125,66294.453125,66330.328125,66294.453125,66330.328125,0
2026-07-22 03:04:00+00:00,66265.359375,66265.359375,66293.640625,66265.359375,66293.640625,0
2026-07-22 03:05:00+00:00,66267.0,66267.0,66267.0,66250.3515625,66263.671875,16017408
2026-07-22 03:06:00+00:00,66303.859375,66303.859375,66303.859375,66263.5234375,66263.5234375,757760
2026-07-22 03:07:00+00:00,66233.703125,66233.703125,66305.2265625,66233.703125,66305.2265625,0
2026-07-22 03:08:00+00:00,66228.5703125,66228.5703125,66236.8515625,66228.5625,66233.703125,0
2026-07-22 03:09:00+00:00,66228.5625,66228.5625,66243.9921875,66228.5625,66235.328125,0
2026-07-22 03:10:00+00:00,66203.7265625,66203.7265625,66228.5625,66203.7265625,66228.5625,0
2026-07-22 03:11:00+00:00,66167.78125,66167.78125,66203.7265625,66150.453125,66203.7265625,0
2026-07-22 03:12:00+00:00,66192.2421875,66192.2421875,66192.2421875,66171.9921875,66171.9921875,0
2026-07-22 03:13:00+00:00,66183.8984375,66183.8984375,66192.28125,66167.1015625,66192.2421875,0
2026-07-22 03:14:00+00:00,66135.9921875,66135.9921875,66183.90625,66133.796875,66183.90625,8118272
2026-07-22 03:15:00+00:00,66179.75,66179.75,66179.75,66144.40625,66144.40625,189827072
2026-07-22 03:16:00+00:00,66173.453125,66173.453125,66179.75,66160.4296875,66179.75,0
2026-07-22 03:17:00+00:00,66177.75,66177.75,66180.96875,66168.4375,66173.296875,0
2026-07-22 03:18:00+00:00,66179.9921875,66179.9921875,66182.9609375,66173.7734375,66182.921875,0
2026-07-22 03:19:00+00:00,66217.3203125,66217.3203125,66217.3203125,66180.3203125,66180.3203125,0
2026-07-22 03:20:00+00:00,66218.9921875,66218.9921875,66218.9921875,66203.7265625,66203.7265625,10168320
2026-07-22 03:21:00+00:00,66250.4921875,66250.4921875,66257.0078125,66229.15625,66229.15625,407552
2026-07-22 03:22:00+00:00,66227.0390625,66227.0390625,66258.9765625,66227.0390625,66250.9921875,2183168
2026-07-22 03:23:00+00:00,66238.6484375,66238.6484375,66239.328125,66227.0390625,66227.0390625,0
2026-07-22 03:24:00+00:00,66238.9296875,66238.9296875,66255.0234375,66238.6484375,66238.6484375,79024128
2026-07-22 03:25:00+00:00,66231.9921875,66231.9921875,66238.5078125,66223.7109375,66238.5078125,4005888
2026-07-22 03:26:00+00:00,66243.6796875,66243.6796875,66247.5,66231.9921875,66231.9921875,183418880
2026-07-22 03:27:00+00:00,66259.75,66259.75,66259.75,66243.6796875,66243.6796875,0
2026-07-22 03:28:00+00:00,66266.65625,66266.65625,66266.65625,66259.7421875,66259.75,0
2026-07-22 03:29:00+00:00,66233.703125,66233.703125,66274.453125,66233.703125,66259.7109375,6377472
2026-07-22 03:30:00+00:00,66266.9921875,66266.9921875,66266.9921875,66235.21875,66235.21875,0
2026-07-22 03:31:00+00:00,66269.140625,66269.140625,66270.0,66266.8671875,66266.9921875,0
2026-07-22 03:32:00+00:00,66223.7109375,66223.7109375,66256.2265625,66223.7109375,66256.2265625,200704
2026-07-22 03:33:00+00:00,66240.0,66240.0,66240.0,66218.3203125,66220.3828125,0
2026-07-22 03:34:00+00:00,66207.3984375,66207.3984375,66236.0,66207.3984375,66236.0,3653632
2026-07-22 03:35:00+00:00,66178.7734375,66178.7734375,66206.7890625,66178.7734375,66206.7890625,42516480
2026-07-22 03:36:00+00:00,66185.7421875,66185.7421875,66185.7421875,66178.7578125,66179.9921875,1396736
2026-07-22 03:37:00+00:00,66207.953125,66207.953125,66207.953125,66160.796875,66184.84375,0
2026-07-22 03:38:00+00:00,66212.109375,66212.109375,66212.109375,66197.53125,66207.9609375,0
2026-07-22 03:39:00+00:00,66207.9765625,66207.9765625,66215.1875,66207.9765625,66212.1171875,138909696
2026-07-22 03:40:00+00:00,66209.15625,66209.15625,66213.7109375,66193.3515625,66193.7421875,0
2026-07-22 03:41:00+00:00,66220.3828125,66220.3828125,66228.15625,66209.140625,66209.140625,71559168
2026-07-22 03:42:00+00:00,66193.7421875,66193.7421875,66220.390625,66193.7421875,66220.3828125,17547264
2026-07-22 03:43:00+00:00,66214.15625,66214.15625,66214.171875,66197.0390625,66197.0390625,0
2026-07-22 03:44:00+00:00,66232.84375,66232.84375,66237.7265625,66214.15625,66214.15625,1988608
2026-07-22 03:45:00+00:00,66260.9375,66260.9375,66260.9375,66233.21875,66233.21875,0
2026-07-22 03:46:00+00:00,66288.8671875,66288.8671875,66294.1796875,66260.9296875,66260.9296875,0
2026-07-22 03:47:00+00:00,66296.9609375,66296.9609375,66296.9609375,66281.6796875,66288.8671875,0
2026-07-22 03:48:00+00:00,66312.3125,66312.3125,66315.8828125,66290.0,66290.0,0
2026-07-22 03:49:00+00:00,66298.0078125,66298.0078125,66315.890625,66298.0078125,66315.8828125,0
2026-07-22 03:50:00+00:00,66276.0625,66276.0625,66296.96875,66276.0625,66296.96875,0
2026-07-22 03:51:00+00:00,66270.328125,66270.328125,66298.609375,66270.328125,66276.0625,38690816
2026-07-22 03:52:00+00:00,66280.328125,66280.328125,66291.2265625,66257.0078125,66267.0234375,38912
2026-07-22 03:53:00+00:00,66252.3203125,66252.3203125,66273.671875,66251.6484375,66273.671875,0
2026-07-22 03:54:00+00:00,66236.34375,66236.34375,66252.328125,66230.3671875,66252.3203125,0
2026-07-22 03:55:00+00:00,66209.59375,66209.59375,66236.34375,66205.671875,66236.34375,0
2026-07-22 03:56:00+00:00,66214.6484375,66214.6484375,66214.6484375,66203.7265625,66205.671875,46845952
2026-07-22 03:57:00+00:00,66203.7265625,66203.7265625,66213.15625,66180.3125,66180.3125,0
2026-07-22 03:58:00+00:00,66133.796875,66133.796875,66210.3828125,66133.796875,66203.7265625,0
2026-07-22 03:59:00+00:00,66166.75,66166.75,66171.2734375,66138.6328125,66138.6328125,0
2026-07-22 04:00:00+00:00,66186.4609375,66186.4609375,66186.4609375,66153.78125,66153.78125,218552320
2026-07-22 04:01:00+00:00,66186.71875,66186.71875,66191.71875,66166.7421875,66186.4609375,0
2026-07-22 04:02:00+00:00,66214.9765625,66214.9765625,66214.9765625,66186.71875,66186.71875,0
2026-07-22 04:03:00+00:00,66250.3515625,66250.3515625,66250.3515625,66210.390625,66214.9921875,0
2026-07-22 04:04:00+00:00,66270.328125,66270.328125,66277.71875,66246.2890625,66247.4375,0
2026-07-22 04:05:00+00:00,66282.0,66282.0,66286.6484375,66276.8671875,66276.8671875,89769984
2026-07-22 04:06:00+00:00,66304.0,66304.0,66306.3203125,66283.296875,66283.296875,0
2026-07-22 04:07:00+00:00,66283.5390625,66283.5390625,66300.296875,66280.3203125,66300.296875,0
2026-07-22 04:08:00+00:00,66305.2265625,66305.2265625,66305.2265625,66281.8671875,66283.53125,0
2026-07-22 04:09:00+00:00,66285.28125,66285.28125,66296.9765625,66280.8515625,66296.9765625,0
2026-07-22 04:10:00+00:00,66295.59375,66295.59375,66295.59375,66285.28125,66285.28125,0
2026-07-22 04:11:00+00:00,66285.2890625,66285.2890625,66304.8515625,66285.2890625,66298.9921875,0
2026-07-22 04:12:00+00:00,66280.3203125,66280.3203125,66292.9765625,66280.3203125,66292.96875,2062336
2026-07-22 04:13:00+00:00,66290.2578125,66290.2578125,66290.2578125,66275.9296875,66278.1328125,0
2026-07-22 04:14:00+00:00,66294.7265625,66294.7265625,66298.0390625,66290.2578125,66290.2578125,9093120
2026-07-22 04:15:00+00:00,66314.4296875,66314.4296875,66314.4296875,66290.5,66294.7265625,0
2026-07-22 04:16:00+00:00,66318.8671875,66318.8671875,66321.8125,66310.453125,66310.4609375,0
2026-07-22 04:17:00+00:00,66326.9375,66326.9375,66336.921875,66318.8828125,66318.8828125,101230592
2026-07-22 04:18:00+00:00,66336.078125,66336.078125,66340.0390625,66320.2890625,66326.9375,0
2026-07-22 04:19:00+00:00,66288.0,66288.0,66344.0234375,66288.0,66340.0390625,0
2026-07-22 04:20:00+00:00,66328.25,66328.25,66328.2578125,66293.3671875,66293.3671875,10600448
2026-07-22 04:21:00+00:00,66347.71875,66347.71875,66347.71875,66328.2578125,66328.2578125,0
2026-07-22 04:22:00+00:00,66339.5234375,66339.5234375,66354.0,66330.2734375,66354.0,26429440
2026-07-22 04:23:00+00:00,66328.859375,66328.859375,66344.0078125,66328.859375,66341.859375,0
2026-07-22 04:24:00+00:00,66336.9296875,66336.9296875,66354.9921875,66326.9375,66326.9375,106743808
2026-07-22 04:25:00+00:00,66326.9375,66326.9375,66336.9296875,66326.9375,66336.9296875,0
2026-07-22 04:26:00+00:00,66322.0,66322.0,66327.578125,66316.9609375,66325.6796875,202631168
2026-07-22 04:27:00+00:00,66313.640625,66313.640625,66320.0625,66313.640625,66320.0625,0
2026-07-22 04:28:00+00:00,66336.921875,66336.921875,66336.921875,66313.640625,66313.640625,0
2026-07-22 04:29:00+00:00,66323.109375,66323.109375,66356.421875,66323.109375,66343.328125,0
2026-07-22 04:30:00+00:00,66300.296875,66300.296875,66330.2734375,66300.296875,66323.109375,161792
2026-07-22 04:31:00+00:00,66313.6171875,66313.6171875,66324.6328125,66293.078125,66300.296875,0
2026-07-22 04:32:00+00:00,66316.0,66316.0,66316.140625,66307.3203125,66313.6171875,35274752
2026-07-22 04:33:00+00:00,66299.71875,66299.71875,66307.3203125,66299.71875,66307.3203125,0
2026-07-22 04:34:00+00:00,66316.8515625,66316.8515625,66316.8515625,66277.6796875,66289.78125,0
2026-07-22 04:35:00+00:00,66306.890625,66306.890625,66325.796875,66286.0625,66325.7890625,0
2026-07-22 04:36:00+00:00,66326.6875,66326.6875,66326.6875,66307.5390625,66307.5390625,153600
2026-07-22 04:37:00+00:00,66340.2578125,66340.2578125,66365.5,66330.2734375,66333.5390625,28446720
2026-07-22 04:38:00+00:00,66363.2421875,66363.2421875,66366.8203125,66349.59375,66349.59375,0
2026-07-22 04:39:00+00:00,66346.6796875,66346.6796875,66363.25,66346.6796875,66363.25,141242368
2026-07-22 04:40:00+00:00,66340.2578125,66340.2578125,66340.2734375,66334.6171875,66340.2578125,2805760
2026-07-22 04:41:00+00:00,66377.4609375,66377.4609375,66377.4609375,66344.25,66344.25,0
2026-07-22 04:42:00+00:00,66363.5703125,66363.5703125,66380.8515625,66360.2421875,66380.6796875,28061696
2026-07-22 04:43:00+00:00,66366.28125,66366.28125,66375.53125,66363.5703125,66363.5703125,0
2026-07-22 04:44:00+00:00,66376.8828125,66376.8828125,66376.96875,66366.28125,66366.28125,0
2026-07-22 04:45:00+00:00,66344.59375,66344.59375,66372.0,66344.59375,66372.0,156086272
2026-07-22 04:46:00+00:00,66323.6171875,66323.6171875,66344.6015625,66323.6171875,66344.6015625,51736576
2026-07-22 04:47:00+00:00,66308.6015625,66308.6015625,66323.6171875,66305.2265625,66323.6171875,0
2026-07-22 04:48:00+00:00,66316.953125,66316.953125,66327.8828125,66308.6015625,66308.6015625,0
2026-07-22 04:49:00+00:00,66308.6171875,66308.6171875,66310.2890625,66305.2265625,66310.2890625,87189504
2026-07-22 04:50:00+00:00,66300.3125,66300.3125,66309.96875,66300.3125,66309.96875,0
2026-07-22 04:51:00+00:00,66300.84375,66300.84375,66300.84375,66293.8671875,66293.8671875,1978368
2026-07-22 04:52:00+00:00,66326.109375,66326.109375,66331.09375,66300.84375,66300.84375,0
2026-07-22 04:53:00+00:00,66323.609375,66323.609375,66345.390625,66323.609375,66337.2578125,0
2026-07-22 04:54:00+00:00,66313.6171875,66313.6171875,66324.0,66313.6171875,66320.2890625,0
2026-07-22 04:55:00+00:00,66313.6171875,66313.6171875,66313.6328125,66313.6171875,66313.6171875,3878912
2026-07-22 04:56:00+00:00,66310.2734375,66310.2734375,66313.6171875,66308.078125,66313.6171875,92114944
2026-07-22 04:57:00+00:00,66334.1015625,66334.1015625,66334.109375,66310.3515625,66310.3515625,0
2026-07-22 04:58:00+00:00,66330.109375,66330.109375,66334.1015625,66323.609375,66334.1015625,0
2026-07-22 04:59:00+00:00,66336.0,66336.0,66338.96875,66330.109375,66330.109375,0
2026-07-22 05:00:00+00:00,66313.6171875,66313.6171875,66336.0,66313.6171875,66336.0,1044480
2026-07-22 05:01:00+00:00,66318.0,66318.0,66318.0,66307.5,66312.46875,0
2026-07-22 05:02:00+00:00,66311.6484375,66311.6484375,66318.0078125,66302.828125,66310.2890625,0
2026-07-22 05:03:00+00:00,66309.859375,66309.859375,66312.9765625,66306.9609375,66312.9765625,0
2026-07-22 05:04:00+00:00,66253.7109375,66253.7109375,66292.0078125,66253.7109375,66292.0078125,0
2026-07-22 05:05:00+00:00,66237.0390625,66237.0390625,66253.703125,66237.0390625,66253.6875,0
2026-07-22 05:06:00+00:00,66233.7109375,66233.7109375,66253.5234375,66233.703125,66237.0390625,1124352
2026-07-22 05:07:00+00:00,66225.6484375,66225.6484375,66239.890625,66225.640625,66233.703125,0
2026-07-22 05:08:00+00:00,66253.5234375,66253.5234375,66253.5234375,66239.890625,66239.890625,0
2026-07-22 05:09:00+00:00,66237.03125,66237.03125,66253.5234375,66237.03125,66253.5234375,0
2026-07-22 05:10:00+00:00,66233.3984375,66233.3984375,66241.8125,66230.3671875,66233.71875,0
2026-07-22 05:11:00+00:00,66247.5625,66247.5625,66255.7109375,66240.3515625,66240.3515625,27684864
2026-07-22 05:12:00+00:00,66227.03125,66227.03125,66247.546875,66203.7265625,66247.546875,0
2026-07-22 05:13:00+00:00,66235.8515625,66235.8515625,66235.8515625,66217.0625,66217.0625,0
2026-07-22 05:14:00+00:00,66234.109375,66234.109375,66235.859375,66219.3984375,66235.859375,148566016
2026-07-22 05:15:00+00:00,66228.0,66228.0,66234.109375,66218.0234375,66234.109375,890880
2026-07-22 05:16:00+00:00,66168.0,66168.0,66226.6796875,66168.0,66226.6796875,0
2026-07-22 05:17:00+00:00,66145.4921875,66145.4921875,66166.0078125,66145.4921875,66166.0078125,0
2026-07-22 05:18:00+00:00,66120.46875,66120.46875,66153.6328125,66098.0625,66145.4921875,0
2026-07-22 05:19:00+00:00,66130.4609375,66130.4609375,66143.78125,66123.0078125,66130.359375,7696384
2026-07-22 05:20:00+00:00,66073.859375,66073.859375,66130.4609375,66067.9921875,66130.4609375,82030592
2026-07-22 05:21:00+00:00,66053.8828125,66053.8828125,66073.1015625,66053.8828125,66057.2109375,1927168
2026-07-22 05:22:00+00:00,66015.0,66015.0,66073.1015625,66015.0,66053.8828125,2088960
2026-07-22 05:23:00+00:00,66036.890625,66036.890625,66042.2109375,66025.0,66030.6796875,0
2026-07-22 05:24:00+00:00,66037.21875,66037.21875,66037.21875,66017.2421875,66028.7890625,0
2026-07-22 05:25:00+00:00,66074.0078125,66074.0078125,66087.1796875,66040.5625,66045.1484375,62738432
2026-07-22 05:26:00+00:00,66073.859375,66073.859375,66090.5,66060.546875,66063.8671875,202706944
2026-07-22 05:27:00+00:00,66063.8671875,66063.8671875,66083.2109375,66056.0078125,66073.859375,5840896
2026-07-22 05:28:00+00:00,66023.1328125,66023.1328125,66064.203125,66016.890625,66056.0,0
2026-07-22 05:29:00+00:00,66033.890625,66033.890625,66033.890625,66015.84375,66015.859375,80885760
2026-07-22 05:30:00+00:00,66057.03125,66057.03125,66057.03125,66020.6015625,66025.0625,0
2026-07-22 05:31:00+00:00,66007.2734375,66007.2734375,66059.1484375,66007.2734375,66053.8671875,2103296
2026-07-22 05:32:00+00:00,66025.5703125,66025.5703125,66043.8828125,66023.921875,66043.8828125,0
2026-07-22 05:33:00+00:00,66060.546875,66060.546875,66074.8515625,66031.0390625,66031.0390625,0
2026-07-22 05:34:00+00:00,66082.0234375,66082.0234375,66085.4765625,66061.4921875,66061.4921875,630784
2026-07-22 05:35:00+00:00,66038.953125,66038.953125,66067.21875,66038.953125,66067.21875,109707264
2026-07-22 05:36:00+00:00,65971.84375,65971.84375,66047.21875,65969.0,66047.21875,0
2026-07-22 05:37:00+00:00,65984.0703125,65984.0703125,65987.2109375,65978.0,65987.2109375,5332992
2026-07-22 05:38:00+00:00,65969.140625,65969.140625,65986.2109375,65969.140625,65986.2109375,0
2026-07-22 05:39:00+00:00,65973.953125,65973.953125,65973.953125,65955.9921875,65967.296875,0
2026-07-22 05:40:00+00:00,65944.0625,65944.0625,65962.9765625,65944.0625,65962.9765625,9197568
2026-07-22 05:41:00+00:00,65955.046875,65955.046875,65961.9375,65943.0625,65943.0625,0
2026-07-22 05:42:00+00:00,65940.671875,65940.671875,65957.0234375,65940.65625,65955.0390625,0
2026-07-22 05:43:00+00:00,65930.859375,65930.859375,65942.9921875,65930.859375,65940.65625,0
2026-07-22 05:44:00+00:00,65937.328125,65937.328125,65956.8828125,65928.1171875,65929.6328125,1976320
2026-07-22 05:45:00+00:00,65934.0,65934.0,65950.0,65934.0,65937.34375,33779712
2026-07-22 05:46:00+00:00,65974.96875,65974.96875,65974.96875,65906.25,65927.390625,8710144
2026-07-22 05:47:00+00:00,65970.6328125,65970.6328125,65986.2109375,65958.59375,65986.2109375,121677824
2026-07-22 05:48:00+00:00,65912.0234375,65912.0234375,65970.640625,65912.0234375,65970.640625,0
2026-07-22 05:49:00+00:00,65940.15625,65940.15625,65940.15625,65901.3828125,65919.6171875,1986560
2026-07-22 05:50:00+00:00,65957.296875,65957.296875,65957.296875,65937.328125,65944.578125,0
2026-07-22 05:51:00+00:00,65957.296875,65957.296875,65973.296875,65957.296875,65957.296875,0
2026-07-22 05:52:00+00:00,65957.7578125,65957.7578125,65982.2109375,65957.7578125,65961.921875,0
2026-07-22 05:53:00+00:00,65953.9765625,65953.9765625,65957.7578125,65920.6875,65957.75,0
2026-07-22 05:54:00+00:00,65922.40625,65922.40625,65952.6328125,65922.40625,65940.671875,928337920
2026-07-22 05:55:00+00:00,65922.40625,65922.40625,65937.3203125,65922.3984375,65922.3984375,0
2026-07-22 05:56:00+00:00,65934.2265625,65934.2265625,65934.2265625,65934.21875,65934.21875,3149824
2026-07-22 05:57:00+00:00,65937.9921875,65937.9921875,65945.9921875,65920.75,65934.21875,0
2026-07-22 05:58:00+00:00,65940.65625,65940.65625,65948.9921875,65937.34375,65937.34375,0
2026-07-22 05:59:00+00:00,65937.328125,65937.328125,65940.0078125,65920.6796875,65940.0,634880
2026-07-22 06:00:00+00:00,65972.6328125,65972.6328125,65983.9375,65936.0078125,65937.3203125,0
2026-07-22 06:01:00+00:00,65950.640625,65950.640625,65971.640625,65941.5234375,65971.640625,0
2026-07-22 06:02:00+00:00,65940.6484375,65940.6484375,65947.3203125,65915.0,65947.3203125,0
2026-07-22 06:03:00+00:00,65960.2890625,65960.2890625,65980.359375,65939.34375,65950.640625,0
2026-07-22 06:04:00+00:00,65942.0078125,65942.0078125,65963.3125,65940.65625,65950.6484375,0
2026-07-22 06:05:00+00:00,65917.5078125,65917.5078125,65947.5,65917.5,65942.0078125,0
2026-07-22 06:06:00+00:00,65915.4921875,65915.4921875,65933.9765625,65904.0390625,65925.0078125,0
2026-07-22 06:07:00+00:00,65878.5,65878.5,65905.9296875,65878.5,65904.03125,5212160
2026-07-22 06:08:00+00:00,65871.390625,65871.390625,65887.3671875,65871.3828125,65886.7265625,0
2026-07-22 06:09:00+00:00,65875.9921875,65875.9921875,65884.046875,65871.390625,65871.390625,197689344
2026-07-22 06:10:00+00:00,65843.9921875,65843.9921875,65874.0625,65837.4296875,65874.0625,0
2026-07-22 06:11:00+00:00,65917.171875,65917.171875,65917.171875,65841.7109375,65841.7109375,0
2026-07-22 06:12:00+00:00,65930.65625,65930.65625,65942.2109375,65894.046875,65914.03125,0
2026-07-22 06:13:00+00:00,65923.46875,65923.46875,65936.15625,65914.0234375,65936.15625,0
2026-07-22 06:14:00+00:00,65941.296875,65941.296875,65947.3125,65910.703125,65923.46875,468992
2026-07-22 06:15:00+00:00,65901.8125,65901.8125,65926.9765625,65897.453125,65926.9765625,62255104
2026-07-22 06:16:00+00:00,65880.71875,65880.71875,65901.8203125,65877.390625,65901.8125,0
2026-07-22 06:17:00+00:00,65875.7890625,65875.7890625,65893.4765625,65875.7890625,65881.8671875,15585280
2026-07-22 06:18:00+00:00,65890.84375,65890.84375,65894.65625,65881.5,65881.5,30685184
2026-07-22 06:19:00+00:00,65881.0,65881.0,65882.4375,65862.0234375,65879.46875,0
2026-07-22 06:20:00+00:00,65834.7890625,65834.7890625,65881.0078125,65818.1328125,65881.0078125,44023808
2026-07-22 06:21:00+00:00,65858.0703125,65858.0703125,65858.4609375,65829.9921875,65832.3671875,0
2026-07-22 06:22:00+00:00,65827.0078125,65827.0078125,65851.6171875,65817.6171875,65851.6171875,499712
2026-07-22 06:23:00+00:00,65845.7265625,65845.7265625,65845.7265625,65828.9765625,65831.3671875,0
2026-07-22 06:24:00+00:00,65834.90625,65834.90625,65834.90625,65821.84375,65828.421875,5332992
2026-07-22 06:25:00+00:00,65833.3125,65833.3125,65840.171875,65815.671875,65826.0078125,2709504
2026-07-22 06:26:00+00:00,65797.1875,65797.1875,65827.453125,65795.1328125,65827.4375,0
2026-07-22 06:27:00+00:00,65793.9921875,65793.9921875,65804.1171875,65791.7578125,65791.7578125,1018101760
2026-07-22 06:28:00+00:00,65819.4609375,65819.4609375,65824.109375,65793.9921875,65793.9921875,1044480
2026-07-22 06:29:00+00:00,65810.9375,65810.9375,65820.78125,65804.1328125,65807.0703125,57862144
2026-07-22 06:30:00+00:00,65794.1328125,65794.1328125,65811.9921875,65786.140625,65811.9921875,3098624
2026-07-22 06:31:00+00:00,65834.109375,65834.109375,65841.0078125,65794.25,65794.25,0
2026-07-22 06:32:00+00:00,65887.3828125,65887.3828125,65887.3828125,65834.84375,65834.84375,0
2026-07-22 06:33:00+00:00,65880.0234375,65880.0234375,65897.3515625,65870.7421875,65897.3515625,0
2026-07-22 06:34:00+00:00,65894.046875,65894.046875,65903.5703125,65880.0078125,65880.0234375,0
2026-07-22 06:35:00+00:00,65899.0,65899.0,65930.65625,65895.359375,65895.359375,0
2026-07-22 06:36:00+00:00,65942.34375,65942.34375,65942.34375,65897.6484375,65897.6484375,0
2026-07-22 06:37:00+00:00,65928.0,65928.0,65953.90625,65927.34375,65946.796875,17993728
2026-07-22 06:38:00+00:00,65905.71875,65905.71875,65926.0,65904.03125,65926.0,0
2026-07-22 06:39:00+00:00,65908.9921875,65908.9921875,65920.453125,65897.640625,65905.5078125,0
2026-07-22 06:40:00+00:00,65898.59375,65898.59375,65927.328125,65895.0,65917.34375,1953792
2026-07-22 06:41:00+00:00,65910.6875,65910.6875,65910.6875,65897.3671875,65897.3671875,0
2026-07-22 06:42:00+00:00,65906.0234375,65906.0234375,65912.7109375,65902.6015625,65912.7109375,0
2026-07-22 06:43:00+00:00,65918.953125,65918.953125,65918.953125,65900.703125,65909.96875,0
2026-07-22 06:44:00+00:00,65907.359375,65907.359375,65939.9921875,65907.359375,65918.953125,0
2026-07-22 06:45:00+00:00,65900.703125,65900.703125,65904.0234375,65884.046875,65897.3671875,505856
2026-07-22 06:46:00+00:00,65894.0390625,65894.0390625,65901.96875,65892.609375,65901.7734375,0
2026-07-22 06:47:00+00:00,65864.15625,65864.15625,65888.4296875,65854.078125,65888.4296875,279746560
2026-07-22 06:48:00+00:00,65870.71875,65870.71875,65870.71875,65864.75,65866.0,0
2026-07-22 06:49:00+00:00,65882.6484375,65882.6484375,65882.65625,65861.1015625,65874.046875,0
2026-07-22 06:50:00+00:00,65885.3671875,65885.3671875,65890.703125,65877.3828125,65882.6484375,0
2026-07-22 06:51:00+00:00,65905.328125,65905.328125,65908.3828125,65887.3671875,65887.3671875,0
2026-07-22 06:52:00+00:00,65911.5078125,65911.5078125,65917.3515625,65905.328125,65905.328125,0
2026-07-22 06:53:00+00:00,65891.2890625,65891.2890625,65911.5078125,65877.3828125,65911.5078125,26624000
2026-07-22 06:54:00+00:00,65887.5078125,65887.5078125,65896.2265625,65887.5078125,65891.2890625,0
2026-07-22 06:55:00+00:00,65876.4375,65876.4375,65892.0234375,65876.4375,65887.3828125,440320
2026-07-22 06:56:00+00:00,65892.7734375,65892.7734375,65892.78125,65873.6796875,65875.0078125,0
2026-07-22 06:57:00+00:00,65884.046875,65884.046875,65892.7734375,65884.046875,65892.7734375,0
2026-07-22 06:58:00+00:00,65880.90625,65880.90625,65884.046875,65874.0625,65884.046875,0
2026-07-22 06:59:00+00:00,65891.2734375,65891.2734375,65891.2734375,65885.0,65885.0,0
2026-07-22 07:00:00+00:00,65916.546875,65916.546875,65916.546875,65880.71875,65890.7109375,121653248
2026-07-22 07:01:00+00:00,65899.2890625,65899.2890625,65924.0078125,65897.6484375,65924.0078125,0
2026-07-22 07:02:00+00:00,65894.0390625,65894.0390625,65929.25,65894.0390625,65899.5078125,126384128
2026-07-22 07:03:00+00:00,65890.0234375,65890.0234375,65894.046875,65890.0234375,65894.0390625,0
2026-07-22 07:04:00+00:00,65874.0625,65874.0625,65907.3515625,65874.0625,65894.0390625,6416384
2026-07-22 07:05:00+00:00,65867.3984375,65867.3984375,65877.3828125,65867.3984375,65868.0703125,0
2026-07-22 07:06:00+00:00,65860.7265625,65860.7265625,65865.0,65850.0,65865.0,0
2026-07-22 07:07:00+00:00,65869.5234375,65869.5234375,65870.7265625,65857.421875,65860.7421875,663552
2026-07-22 07:08:00+00:00,65850.7421875,65850.7421875,65874.453125,65843.96875,65869.5078125,0
2026-07-22 07:09:00+00:00,65883.59375,65883.59375,65883.59375,65848.9921875,65848.9921875,0
2026-07-22 07:10:00+00:00,65861.203125,65861.203125,65889.0078125,65860.7421875,65889.0078125,2564096
2026-07-22 07:11:00+00:00,65851.0390625,65851.0390625,65861.203125,65850.796875,65861.203125,0
2026-07-22 07:12:00+00:00,65866.6015625,65866.6015625,65867.390625,65847.421875,65851.0390625,92063744
2026-07-22 07:13:00+00:00,65867.8984375,65867.8984375,65886.6015625,65866.609375,65866.609375,15532032
2026-07-22 07:14:00+00:00,65859.9921875,65859.9921875,65872.0,65855.1796875,65867.8984375,15878144
2026-07-22 07:15:00+00:00,65879.296875,65879.296875,65884.0390625,65868.71875,65868.71875,5761024
2026-07-22 07:16:00+00:00,65874.0625,65874.0625,65890.703125,65874.0625,65879.296875,0
2026-07-22 07:17:00+00:00,65867.9921875,65867.9921875,65871.71875,65860.7421875,65871.7109375,81676288
2026-07-22 07:18:00+00:00,65825.2421875,65825.2421875,65867.9921875,65821.1875,65867.9921875,30291968
2026-07-22 07:19:00+00:00,65862.0,65862.0,65862.0,65817.7890625,65825.25,1144832
2026-07-22 07:20:00+00:00,65847.0390625,65847.0390625,65865.0,65836.0234375,65865.0,0
2026-07-22 07:21:00+00:00,65872.328125,65872.328125,65884.046875,65867.3984375,65867.3984375,123115520
2026-07-22 07:22:00+00:00,65892.0234375,65892.0234375,65892.03125,65870.15625,65872.34375,26763264
2026-07-22 07:23:00+00:00,65850.7578125,65850.7578125,65892.03125,65850.7578125,65892.03125,213104640
2026-07-22 07:24:00+00:00,65826.2578125,65826.2578125,65851.1015625,65825.7734375,65850.7578125,1337344
2026-07-22 07:25:00+00:00,65815.2734375,65815.2734375,65824.75,65815.2734375,65824.75,2379776
2026-07-22 07:26:00+00:00,65816.6015625,65816.6015625,65845.8828125,65797.9921875,65819.546875,0
2026-07-22 07:27:00+00:00,65877.4375,65877.4375,65877.4375,65823.6875,65823.6875,0
2026-07-22 07:28:00+00:00,65860.75,65860.75,65874.0703125,65860.75,65874.0625,7682048
2026-07-22 07:29:00+00:00,65859.8515625,65859.8515625,65860.75,65849.2265625,65860.75,0
2026-07-22 07:30:00+00:00,65830.078125,65830.078125,65872.8671875,65827.453125,65861.171875,0
2026-07-22 07:31:00+00:00,65794.4765625,65794.4765625,65827.4375,65794.1484375,65827.4375,0
2026-07-22 07:32:00+00:00,65790.8125,65790.8125,65797.5,65790.8125,65790.8125,60026880
2026-07-22 07:33:00+00:00,65790.6015625,65790.6015625,65799.6796875,65790.6015625,65790.8125,0
2026-07-22 07:34:00+00:00,65796.6171875,65796.6171875,65801.3125,65787.25,65796.59375,0
2026-07-22 07:35:00+00:00,65783.96875,65783.96875,65792.546875,65771.3984375,65787.6328125,0
2026-07-22 07:36:00+00:00,65760.1796875,65760.1796875,65778.8515625,65760.1796875,65778.8515625,0
2026-07-22 07:37:00+00:00,65733.59375,65733.59375,65743.0078125,65718.53125,65723.84375,207218688
2026-07-22 07:38:00+00:00,65719.0234375,65719.0234375,65721.9921875,65708.7109375,65715.078125,0
2026-07-22 07:39:00+00:00,65687.1796875,65687.1796875,65726.90625,65687.1796875,65719.0234375,0
2026-07-22 07:40:00+00:00,65716.0,65716.0,65734.0078125,65709.7578125,65713.9921875,8034304
2026-07-22 07:41:00+00:00,65732.7578125,65732.7578125,65732.7578125,65723.140625,65728.1875,0
2026-07-22 07:42:00+00:00,65721.7265625,65721.7265625,65726.2578125,65718.3984375,65721.7265625,0
2026-07-22 07:43:00+00:00,65685.3203125,65685.3203125,65726.25,65668.6484375,65726.25,0
2026-07-22 07:44:00+00:00,65740.796875,65740.796875,65750.9921875,65705.7265625,65705.7265625,51075072
2026-07-22 07:45:00+00:00,65754.921875,65754.921875,65756.0234375,65740.8125,65740.8125,0
2026-07-22 07:46:00+00:00,65779.109375,65779.109375,65779.1171875,65755.671875,65757.1328125,0
2026-07-22 07:47:00+00:00,65749.03125,65749.03125,65780.5703125,65739.34375,65767.703125,53018624
2026-07-22 07:48:00+00:00,65760.0078125,65760.0078125,65778.3125,65750.34375,65750.3515625,0
2026-07-22 07:49:00+00:00,65731.96875,65731.96875,65760.0078125,65731.96875,65760.0078125,0
2026-07-22 07:50:00+00:00,65740.203125,65740.203125,65752.3125,65736.4921875,65737.640625,0
2026-07-22 07:51:00+00:00,65763.84375,65763.84375,65772.4296875,65739.6875,65739.6875,0
2026-07-22 07:52:00+00:00,65763.84375,65763.84375,65780.203125,65763.84375,65768.9921875,0
2026-07-22 07:53:00+00:00,65773.0,65773.0,65773.0,65760.0,65760.0,191606784
2026-07-22 07:54:00+00:00,65783.0390625,65783.0390625,65796.78125,65780.28125,65780.28125,0
2026-07-22 07:55:00+00:00,65790.71875,65790.71875,65801.8828125,65783.0390625,65783.0390625,0
2026-07-22 07:56:00+00:00,65808.0078125,65808.0078125,65808.0078125,65800.8984375,65800.9296875,0
2026-07-22 07:57:00+00:00,65807.109375,65807.109375,65814.0,65807.109375,65808.0078125,0
2026-07-22 07:58:00+00:00,65807.5390625,65807.5390625,65807.5390625,65794.5625,65795.2578125,2521088
2026-07-22 07:59:00+00:00,65795.2734375,65795.2734375,65807.5390625,65795.2578125,65807.5390625,0
2026-07-22 08:00:00+00:00,65905.921875,65905.921875,65905.921875,65802.25,65802.25,0
2026-07-22 08:01:00+00:00,65867.5234375,65867.5234375,65894.78125,65858.59375,65894.78125,0
2026-07-22 08:02:00+00:00,65880.6484375,65880.6484375,65880.6484375,65865.0078125,65873.953125,86904832
2026-07-22 08:03:00+00:00,65932.0625,65932.0625,65932.0625,65882.046875,65882.046875,8022016
2026-07-22 08:04:00+00:00,65945.6484375,65945.6484375,65945.6484375,65932.0703125,65932.0703125,2566144
2026-07-22 08:05:00+00:00,66012.0,66012.0,66012.0,65938.15625,65945.6484375,0
2026-07-22 08:06:00+00:00,65981.5390625,65981.5390625,66009.6015625,65981.5390625,66009.6015625,0
2026-07-22 08:07:00+00:00,65999.421875,65999.421875,66007.7578125,65982.71875,66000.0,0
2026-07-22 08:08:00+00:00,65998.2578125,65998.2578125,66001.3671875,65998.2578125,66000.0,0
2026-07-22 08:09:00+00:00,65992.6484375,65992.6484375,66000.0,65986.5703125,65990.25,0
2026-07-22 08:10:00+00:00,65971.2109375,65971.2109375,66000.0,65971.2109375,65986.5703125,19920896
2026-07-22 08:11:00+00:00,65957.3828125,65957.3828125,65978.8828125,65957.3828125,65969.9921875,0
2026-07-22 08:12:00+00:00,65970.90625,65970.90625,65970.90625,65956.046875,65957.3828125,87144448
2026-07-22 08:13:00+00:00,65999.8984375,65999.8984375,66002.0,65981.03125,65981.90625,0
2026-07-22 08:14:00+00:00,65983.9375,65983.9375,65986.5703125,65978.8828125,65986.5625,357306368
2026-07-22 08:15:00+00:00,65984.0078125,65984.0078125,65984.96875,65975.640625,65984.96875,0
2026-07-22 08:16:00+00:00,65957.5234375,65957.5234375,65987.96875,65952.0078125,65987.96875,0
2026-07-22 08:17:00+00:00,65971.8125,65971.8125,65980.0078125,65959.6875,65969.4375,0
2026-07-22 08:18:00+00:00,65985.4296875,65985.4296875,65985.4296875,65967.2734375,65967.2734375,0
2026-07-22 08:19:00+00:00,66027.8828125,66027.8828125,66027.8828125,66000.0,66000.0,2121728
2026-07-22 08:20:00+00:00,66024.953125,66024.953125,66047.4765625,66024.953125,66027.8671875,0
2026-07-22 08:21:00+00:00,66047.4765625,66047.4765625,66050.8984375,66024.953125,66024.953125,0
2026-07-22 08:22:00+00:00,66070.078125,66070.078125,66075.59375,66042.7421875,66042.7421875,25350144
2026-07-22 08:23:00+00:00,66086.3984375,66086.3984375,66112.3984375,66078.71875,66078.71875,49141760
2026-07-22 08:24:00+00:00,66029.328125,66029.328125,66079.796875,66029.328125,66079.796875,0
2026-07-22 08:25:00+00:00,65986.5625,65986.5625,66024.9609375,65986.5625,66024.9609375,1531904
2026-07-22 08:26:00+00:00,65983.5078125,65983.5078125,66018.0078125,65983.5078125,65986.5625,0
2026-07-22 08:27:00+00:00,65974.578125,65974.578125,65983.5078125,65974.2578125,65983.5078125,209958912
2026-07-22 08:28:00+00:00,65974.59375,65974.59375,65980.3828125,65974.578125,65974.578125,327680
2026-07-22 08:29:00+00:00,65963.53125,65963.53125,65973.3828125,65961.0078125,65973.3671875,4143104
2026-07-22 08:30:00+00:00,65997.921875,65997.921875,65997.921875,65973.9921875,65973.9921875,0
2026-07-22 08:31:00+00:00,66003.0,66003.0,66026.25,66000.828125,66000.828125,0
2026-07-22 08:32:00+00:00,66000.2578125,66000.2578125,66008.34375,66000.2578125,66000.2578125,0
2026-07-22 08:33:00+00:00,65991.1328125,65991.1328125,65999.703125,65991.1328125,65999.703125,0
2026-07-22 08:34:00+00:00,66003.5234375,66003.5234375,66003.5234375,65973.8984375,65991.1328125,0
2026-07-22 08:35:00+00:00,66002.671875,66002.671875,66002.6796875,66001.578125,66001.578125,0
2026-07-22 08:36:00+00:00,65960.7578125,65960.7578125,66002.671875,65960.7578125,66002.671875,0
2026-07-22 08:37:00+00:00,65926.9765625,65926.9765625,65960.7578125,65920.34375,65960.7578125,272384
2026-07-22 08:38:00+00:00,65933.96875,65933.96875,65933.96875,65919.25,65926.9765625,77824
2026-07-22 08:39:00+00:00,65935.84375,65935.84375,65944.3125,65926.828125,65933.96875,12314624
2026-07-22 08:40:00+00:00,65949.9921875,65949.9921875,65950.0078125,65928.96875,65929.9921875,3540992
2026-07-22 08:41:00+00:00,65924.1875,65924.1875,65949.9921875,65915.609375,65949.9921875,0
2026-07-22 08:42:00+00:00,65917.4296875,65917.4296875,65924.1875,65904.359375,65924.1875,0
2026-07-22 08:43:00+00:00,65910.4296875,65910.4296875,65917.4296875,65910.4296875,65917.4296875,0
2026-07-22 08:44:00+00:00,65883.96875,65883.96875,65905.0,65880.3203125,65905.0,8814592
2026-07-22 08:45:00+00:00,65928.953125,65928.953125,65928.953125,65890.546875,65890.546875,0
2026-07-22 08:46:00+00:00,65936.671875,65936.671875,65945.203125,65930.3984375,65941.0,0
2026-07-22 08:47:00+00:00,65925.1328125,65925.1328125,65936.6796875,65925.1171875,65936.6796875,0
2026-07-22 08:48:00+00:00,65922.0,65922.0,65934.0078125,65922.0,65922.0078125,15742976
2026-07-22 08:49:00+00:00,65927.9921875,65927.9921875,65928.0078125,65921.96875,65922.0,13408256
2026-07-22 08:50:00+00:00,65925.1171875,65925.1171875,65942.9921875,65925.1171875,65942.9921875,26435584
2026-07-22 08:51:00+00:00,65909.7578125,65909.7578125,65918.53125,65909.7578125,65918.53125,0
2026-07-22 08:52:00+00:00,65921.59375,65921.59375,65921.6015625,65909.7578125,65909.7578125,0
2026-07-22 08:53:00+00:00,65930.2421875,65930.2421875,65930.2421875,65925.109375,65925.109375,0
2026-07-22 08:54:00+00:00,65928.328125,65928.328125,65956.7265625,65928.328125,65936.6328125,340502528
2026-07-22 08:55:00+00:00,65925.1171875,65925.1171875,65951.9765625,65925.1171875,65932.046875,0
2026-07-22 08:56:00+00:00,65917.4609375,65917.4609375,65921.28125,65917.4609375,65921.28125,0
2026-07-22 08:57:00+00:00,65945.0703125,65945.0703125,65945.0703125,65917.4609375,65917.46875,0
2026-07-22 08:58:00+00:00,65948.4609375,65948.4609375,65948.46875,65945.0703125,65945.078125,11194368
2026-07-22 08:59:00+00:00,65940.4765625,65940.4765625,65948.46875,65940.4765625,65948.4609375,287903744
2026-07-22 09:00:00+00:00,65925.2109375,65925.2109375,65938.4765625,65925.2109375,65933.5234375,1441792
2026-07-22 09:01:00+00:00,65922.0,65922.0,65930.7734375,65921.28125,65925.2109375,0
2026-07-22 09:02:00+00:00,65932.796875,65932.796875,65937.703125,65926.4609375,65926.4609375,2134016
2026-07-22 09:03:00+00:00,65955.5078125,65955.5078125,65958.4765625,65932.8125,65932.8125,68904960
2026-07-22 09:04:00+00:00,65974.359375,65974.359375,65974.359375,65953.3125,65953.3203125,0
2026-07-22 09:05:00+00:00,65952.0,65952.0,65973.359375,65952.0,65973.359375,81354752
2026-07-22 09:06:00+00:00,65921.328125,65921.328125,65944.3203125,65921.328125,65944.3203125,0
2026-07-22 09:07:00+00:00,65959.3671875,65959.3671875,65959.3671875,65921.328125,65921.34375,2502656
2026-07-22 09:08:00+00:00,66017.28125,66017.28125,66017.28125,65959.671875,65959.671875,55537664
2026-07-22 09:09:00+00:00,66019.15625,66019.15625,66024.9609375,66005.796875,66017.2734375,0
2026-07-22 09:10:00+00:00,65998.5,65998.5,66025.75,65990.3984375,66025.75,0
2026-07-22 09:11:00+00:00,66013.4375,66013.4375,66020.0,65993.25,66005.921875,0
2026-07-22 09:12:00+00:00,65982.7265625,65982.7265625,66009.9921875,65982.7265625,66009.609375,0
2026-07-22 09:13:00+00:00,65950.4296875,65950.4296875,65978.8828125,65945.421875,65975.0390625,2660352
2026-07-22 09:14:00+00:00,65958.140625,65958.140625,65958.140625,65939.21875,65950.4296875,0
2026-07-22 09:15:00+00:00,65942.5,65942.5,65958.1484375,65942.5,65958.140625,0
2026-07-22 09:16:00+00:00,65949.9921875,65949.9921875,65955.828125,65942.5,65942.5,0
2026-07-22 09:17:00+00:00,65986.546875,65986.546875,65986.5625,65955.8203125,65955.8203125,0
2026-07-22 09:18:00+00:00,66016.078125,66016.078125,66016.078125,65990.3984375,65990.3984375,1335296
2026-07-22 09:19:00+00:00,66013.4921875,66013.4921875,66016.078125,65999.5234375,66016.078125,0
2026-07-22 09:20:00+00:00,66013.4296875,66013.4296875,66013.4296875,65998.078125,66001.921875,66353152
2026-07-22 09:21:00+00:00,66016.71875,66016.71875,66019.7578125,66010.3671875,66013.4296875,0
2026-07-22 09:22:00+00:00,66032.6484375,66032.6484375,66040.328125,66026.0,66027.3828125,18472960
2026-07-22 09:23:00+00:00,65990.3984375,65990.3984375,66021.1328125,65990.3984375,66021.1328125,285696000
2026-07-22 09:24:00+00:00,65984.5,65984.5,65984.5078125,65983.796875,65983.796875,1732608
2026-07-22 09:25:00+00:00,65987.703125,65987.703125,65987.703125,65982.2421875,65983.8125,5775360
2026-07-22 09:26:00+00:00,65998.0703125,65998.0703125,65998.0703125,65987.703125,65987.703125,0
2026-07-22 09:27:00+00:00,65998.078125,65998.078125,66003.953125,65998.0703125,65998.0703125,86321152
2026-07-22 09:28:00+00:00,65986.0234375,65986.0234375,65994.2421875,65986.0078125,65994.2421875,2770944
2026-07-22 09:29:00+00:00,65978.8828125,65978.8828125,65992.1015625,65978.8828125,65992.1015625,0
2026-07-22 09:30:00+00:00,65952.0,65952.0,65978.890625,65952.0,65978.890625,26624
2026-07-22 09:31:00+00:00,65955.3671875,65955.3671875,65966.0234375,65955.3671875,65959.6484375,0
2026-07-22 09:32:00+00:00,65922.390625,65922.390625,65955.359375,65922.390625,65955.359375,106403840
2026-07-22 09:33:00+00:00,65853.1015625,65853.1015625,65914.453125,65853.1015625,65914.453125,2682880
2026-07-22 09:34:00+00:00,65850.84375,65850.84375,65850.84375,65836.1484375,65850.0,0
2026-07-22 09:35:00+00:00,65853.6015625,65853.6015625,65861.0625,65850.84375,65850.84375,276267008
2026-07-22 09:36:00+00:00,65836.203125,65836.203125,65861.359375,65836.203125,65861.359375,0
2026-07-22 09:37:00+00:00,65829.1171875,65829.1171875,65832.40625,65815.6015625,65819.9921875,0
2026-07-22 09:38:00+00:00,65808.34375,65808.34375,65829.109375,65808.34375,65829.109375,0
2026-07-22 09:39:00+00:00,65828.3203125,65828.3203125,65848.3125,65808.34375,65808.34375,6414336
2026-07-22 09:40:00+00:00,65827.1484375,65827.1484375,65828.3203125,65826.3671875,65828.3203125,2226176
2026-07-22 09:41:00+00:00,65835.796875,65835.796875,65836.90625,65823.6015625,65827.15625,0
2026-07-22 09:42:00+00:00,65836.796875,65836.796875,65857.09375,65836.796875,65844.46875,25020416
2026-07-22 09:43:00+00:00,65833.9375,65833.9375,65836.8125,65825.0,65836.8125,0
2026-07-22 09:44:00+00:00,65836.4921875,65836.4921875,65841.4375,65833.9375,65833.953125,280608768
2026-07-22 09:45:00+00:00,65829.109375,65829.109375,65844.1171875,65821.4765625,65843.78125,27590656
2026-07-22 09:46:00+00:00,65821.6484375,65821.6484375,65829.609375,65821.6484375,65829.109375,0
2026-07-22 09:47:00+00:00,65828.0078125,65828.0078125,65828.0078125,65821.6484375,65821.6484375,0
2026-07-22 09:48:00+00:00,65858.3203125,65858.3203125,65858.328125,65841.9921875,65841.9921875,1421312
2026-07-22 09:49:00+00:00,65848.328125,65848.328125,65858.328125,65848.3203125,65858.328125,0
2026-07-22 09:50:00+00:00,65832.9609375,65832.9609375,65848.328125,65832.9609375,65848.3203125,44177408
2026-07-22 09:51:00+00:00,65819.0390625,65819.0390625,65832.9609375,65819.0390625,65832.9609375,0
2026-07-22 09:52:00+00:00,65805.0078125,65805.0078125,65819.0390625,65805.0078125,65819.0390625,2744320
2026-07-22 09:53:00+00:00,65809.71875,65809.71875,65809.71875,65800.0625,65805.0,53256192
2026-07-22 09:54:00+00:00,65838.09375,65838.09375,65838.09375,65813.671875,65813.671875,1495040
2026-07-22 09:55:00+00:00,65844.8515625,65844.8515625,65853.25,65838.3984375,65844.59375,0
2026-07-22 09:56:00+00:00,65875.1875,65875.1875,65875.1875,65844.8515625,65844.859375,0
2026-07-22 09:57:00+00:00,65899.0625,65899.0625,65899.0625,65879.03125,65879.03125,80910336
2026-07-22 09:58:00+00:00,65896.59375,65896.59375,65908.2109375,65896.0390625,65899.71875,1673216
2026-07-22 09:59:00+00:00,65884.2734375,65884.2734375,65896.59375,65882.109375,65896.578125,0
2026-07-22 10:00:00+00:00,65898.25,65898.25,65904.8515625,65884.2890625,65884.2890625,332398592
2026-07-22 10:01:00+00:00,65875.2109375,65875.2109375,65903.2421875,65875.203125,65898.9375,0
2026-07-22 10:02:00+00:00,65900.171875,65900.171875,65900.171875,65875.203125,65875.203125,2822144
2026-07-22 10:03:00+00:00,65902.328125,65902.328125,65910.4375,65898.2421875,65900.1796875,0
2026-07-22 10:04:00+00:00,65891.1171875,65891.1171875,65902.328125,65891.1171875,65902.328125,772096
2026-07-22 10:05:00+00:00,65888.9609375,65888.9609375,65892.8203125,65888.9609375,65891.1171875,153450496
2026-07-22 10:06:00+00:00,65871.84375,65871.84375,65879.0390625,65867.5234375,65878.4296875,0
2026-07-22 10:07:00+00:00,65861.9765625,65861.9765625,65867.5234375,65861.9765625,65867.5234375,180224
2026-07-22 10:08:00+00:00,65850.0,65850.0,65861.9765625,65850.0,65861.9765625,23433216
2026-07-22 10:09:00+00:00,65870.7578125,65870.7578125,65870.7578125,65850.0,65850.0,0
2026-07-22 10:10:00+00:00,65874.3828125,65874.3828125,65879.03125,65856.0,65874.703125,495616
2026-07-22 10:11:00+00:00,65862.3203125,65862.3203125,65886.71875,65862.3203125,65874.390625,0
2026-07-22 10:12:00+00:00,65877.890625,65877.890625,65877.890625,65862.3203125,65862.3203125,0
2026-07-22 10:13:00+00:00,65873.8984375,65873.8984375,65877.890625,65865.8671875,65877.890625,0
2026-07-22 10:14:00+00:00,65877.9375,65877.9375,65878.03125,65867.5234375,65878.03125,12845056
2026-07-22 10:15:00+00:00,65897.9765625,65897.9765625,65897.9921875,65877.9375,65877.9375,964608
2026-07-22 10:16:00+00:00,65871.359375,65871.359375,65897.9765625,65871.359375,65897.9765625,0
2026-07-22 10:17:00+00:00,65874.9921875,65874.9921875,65874.9921875,65867.7265625,65871.359375,0
2026-07-22 10:18:00+00:00,65896.9375,65896.9375,65896.9375,65864.5234375,65874.9921875,0
2026-07-22 10:19:00+00:00,65900.890625,65900.890625,65905.921875,65894.3984375,65902.0703125,372736
2026-07-22 10:20:00+00:00,65911.4296875,65911.4296875,65924.0,65890.5625,65894.5078125,0
2026-07-22 10:21:00+00:00,65928.953125,65928.953125,65929.2265625,65911.4296875,65911.4375,0
2026-07-22 10:22:00+00:00,65919.3828125,65919.3828125,65924.28125,65909.7578125,65922.6875,0
2026-07-22 10:23:00+00:00,65909.7890625,65909.7890625,65912.2109375,65905.953125,65912.2109375,0
2026-07-22 10:24:00+00:00,65925.109375,65925.109375,65925.109375,65909.78125,65909.78125,643072
2026-07-22 10:25:00+00:00,65918.0,65918.0,65928.9609375,65918.0,65928.953125,0
2026-07-22 10:26:00+00:00,65919.25,65919.25,65924.2734375,65911.40625,65918.0,0
2026-07-22 10:27:00+00:00,65926.03125,65926.03125,65928.5703125,65919.25,65919.25,0
2026-07-22 10:28:00+00:00,65926.8515625,65926.8515625,65934.953125,65921.2734375,65926.03125,0
2026-07-22 10:29:00+00:00,65917.453125,65917.453125,65927.7734375,65917.453125,65927.7734375,190834688
2026-07-22 10:30:00+00:00,65928.953125,65928.953125,65928.953125,65919.6875,65919.703125,0
2026-07-22 10:31:00+00:00,65917.453125,65917.453125,65930.6015625,65917.453125,65930.6015625,0
2026-07-22 10:32:00+00:00,65907.9921875,65907.9921875,65920.390625,65905.921875,65917.453125,0
2026-07-22 10:33:00+00:00,65928.953125,65928.953125,65928.9609375,65916.96875,65916.96875,3090432
2026-07-22 10:34:00+00:00,65927.15625,65927.15625,65932.7890625,65917.453125,65930.2734375,0
2026-07-22 10:35:00+00:00,65920.359375,65920.359375,65932.90625,65920.359375,65927.1484375,164870144
2026-07-22 10:36:00+00:00,65925.4921875,65925.4921875,65925.4921875,65917.453125,65920.0,0
2026-07-22 10:37:00+00:00,65921.171875,65921.171875,65925.4921875,65916.3515625,65925.4921875,0
2026-07-22 10:38:00+00:00,65923.546875,65923.546875,65936.0,65923.5390625,65924.5234375,0
2026-07-22 10:39:00+00:00,65935.671875,65935.671875,65935.671875,65917.2890625,65923.5390625,0
2026-07-22 10:40:00+00:00,65939.3984375,65939.3984375,65939.3984375,65923.6796875,65935.671875,0
2026-07-22 10:41:00+00:00,65934.3671875,65934.3671875,65939.3828125,65934.3671875,65939.3828125,0
2026-07-22 10:42:00+00:00,65942.9609375,65942.9609375,65944.6015625,65930.2578125,65934.359375,0
2026-07-22 10:43:00+00:00,65952.921875,65952.921875,65964.90625,65948.390625,65960.578125,0
2026-07-22 10:44:00+00:00,65946.1015625,65946.1015625,65962.1015625,65946.1015625,65953.5,0
2026-07-22 10:45:00+00:00,65974.0,65974.0,65987.09375,65947.578125,65947.578125,0
2026-07-22 10:46:00+00:00,66063.34375,66063.34375,66066.25,65970.96875,65970.96875,0
2026-07-22 10:47:00+00:00,66041.2734375,66041.2734375,66055.2734375,66032.6484375,66055.2734375,241014784
2026-07-22 10:48:00+00:00,66044.8671875,66044.8671875,66048.2734375,66001.9765625,66028.8125,0
2026-07-22 10:49:00+00:00,66057.9375,66057.9375,66057.9375,66038.2265625,66039.078125,28168192
2026-07-22 10:50:00+00:00,66040.4375,66040.4375,66040.4375,66022.0703125,66024.96875,7497728
2026-07-22 10:51:00+00:00,66032.6484375,66032.6484375,66049.5,66032.6484375,66049.5,0
2026-07-22 10:52:00+00:00,66032.640625,66032.640625,66032.6484375,66032.640625,66032.6484375,0
2026-07-22 10:53:00+00:00,66032.640625,66032.640625,66047.9921875,66032.640625,66032.671875,0
2026-07-22 10:54:00+00:00,66031.5625,66031.5625,66047.9296875,66031.5625,66032.640625,0
2026-07-22 10:55:00+00:00,65995.53125,65995.53125,66031.5703125,65990.0,66031.5703125,8798208
2026-07-22 10:56:00+00:00,65983.703125,65983.703125,66001.8515625,65979.0,65995.53125,0
2026-07-22 10:57:00+00:00,65982.0,65982.0,66004.3828125,65982.0,66002.3671875,0
2026-07-22 10:58:00+00:00,65988.8984375,65988.8984375,65988.8984375,65982.9375,65987.6796875,0
2026-07-22 10:59:00+00:00,66008.9921875,66008.9921875,66008.9921875,65988.8984375,65988.8984375,137285632
2026-07-22 11:00:00+00:00,65992.109375,65992.109375,65998.078125,65979.0,65998.078125,0
2026-07-22 11:01:00+00:00,65991.1796875,65991.1796875,66001.90625,65991.1796875,65993.09375,0
2026-07-22 11:02:00+00:00,66035.5625,66035.5625,66035.5625,65982.71875,65991.1796875,0
2026-07-22 11:03:00+00:00,66007.2421875,66007.2421875,66021.1171875,65999.7734375,66021.1171875,0
2026-07-22 11:04:00+00:00,66009.21875,66009.21875,66009.21875,65996.3203125,66004.4921875,5681152
2026-07-22 11:05:00+00:00,66034.0,66034.0,66036.0078125,66010.5625,66010.5625,238266368
2026-07-22 11:06:00+00:00,66024.9609375,66024.9609375,66034.6484375,66016.296875,66029.4765625,0
2026-07-22 11:07:00+00:00,66010.296875,66010.296875,66021.1171875,66005.7578125,66021.1171875,3952640
2026-07-22 11:08:00+00:00,65989.40625,65989.40625,66013.4375,65989.40625,66005.7734375,0
2026-07-22 11:09:00+00:00,65990.59375,65990.59375,65990.59375,65981.90625,65989.40625,0
2026-07-22 11:10:00+00:00,65987.359375,65987.359375,65993.9375,65987.359375,65993.9375,0
2026-07-22 11:11:00+00:00,65987.359375,65987.359375,65987.359375,65987.359375,65987.359375,0
2026-07-22 11:12:00+00:00,65990.3984375,65990.3984375,65999.6484375,65985.0,65985.0,16914432
2026-07-22 11:13:00+00:00,65982.71875,65982.71875,65996.3203125,65982.71875,65990.3984375,0
2026-07-22 11:14:00+00:00,65970.0234375,65970.0234375,65982.71875,65970.0234375,65982.71875,18151424
2026-07-22 11:15:00+00:00,65950.6796875,65950.6796875,65967.3671875,65947.7734375,65967.3671875,0
2026-07-22 11:16:00+00:00,65947.78125,65947.78125,65948.15625,65947.7734375,65948.15625,0
2026-07-22 11:17:00+00:00,65951.9921875,65951.9921875,65951.9921875,65936.640625,65947.7734375,7960576
2026-07-22 11:18:00+00:00,65953.4765625,65953.4765625,65953.4921875,65949.03125,65949.03125,0
2026-07-22 11:19:00+00:00,65947.9921875,65947.9921875,65953.4765625,65936.640625,65953.4765625,0
2026-07-22 11:20:00+00:00,65970.96875,65970.96875,65970.9765625,65947.9921875,65947.9921875,0
2026-07-22 11:21:00+00:00,65995.3515625,65995.3515625,65998.078125,65973.9921875,65973.9921875,0
2026-07-22 11:22:00+00:00,66013.4296875,66013.4296875,66013.4296875,65998.078125,65998.078125,0
2026-07-22 11:23:00+00:00,66026.921875,66026.921875,66026.921875,66005.75,66013.4296875,0
2026-07-22 11:24:00+00:00,66040.2890625,66040.2890625,66046.0234375,66024.8671875,66026.921875,0
2026-07-22 11:25:00+00:00,66030.1328125,66030.1328125,66041.9765625,66021.0390625,66041.9765625,0
2026-07-22 11:26:00+00:00,66017.28125,66017.28125,66029.453125,66017.28125,66029.453125,0
2026-07-22 11:27:00+00:00,65994.2421875,65994.2421875,66024.4375,65994.2421875,66017.2890625,5271552
2026-07-22 11:28:00+00:00,66006.5234375,66006.5234375,66006.5234375,65994.2421875,65994.2421875,0
2026-07-22 11:29:00+00:00,66006.5234375,66006.5234375,66006.53125,66006.5234375,66006.5234375,0
2026-07-22 11:30:00+00:00,65992.1796875,65992.1796875,66006.5234375,65986.5625,66006.5234375,661504
2026-07-22 11:31:00+00:00,66006.1015625,66006.1015625,66006.1015625,65992.1796875,65992.1796875,0
2026-07-22 11:32:00+00:00,66009.59375,66009.59375,66009.6015625,66006.109375,66006.109375,0
2026-07-22 11:33:00+00:00,66016.0,66016.0,66016.0,66009.59375,66009.59375,1063593984
2026-07-22 11:34:00+00:00,66006.53125,66006.53125,66025.546875,66006.53125,66017.2734375,4601856
2026-07-22 11:35:00+00:00,65992.671875,65992.671875,66006.5234375,65992.65625,66006.5234375,0
2026-07-22 11:36:00+00:00,66013.4375,66013.4375,66013.4375,65992.65625,65992.65625,0
2026-07-22 11:37:00+00:00,65965.0625,65965.0625,66013.4296875,65962.5390625,66013.4296875,7211008
2026-07-22 11:38:00+00:00,65979.8828125,65979.8828125,65984.78125,65965.0625,65965.0625,18114560
2026-07-22 11:39:00+00:00,65967.359375,65967.359375,65980.7890625,65967.359375,65979.890625,29116416
2026-07-22 11:40:00+00:00,65915.0,65915.0,65968.0,65915.0,65964.109375,587776
2026-07-22 11:41:00+00:00,65939.9921875,65939.9921875,65939.9921875,65903.4921875,65916.2265625,0
2026-07-22 11:42:00+00:00,65889.453125,65889.453125,65949.890625,65886.9609375,65949.890625,27957248
2026-07-22 11:43:00+00:00,65871.359375,65871.359375,65889.453125,65862.4296875,65889.453125,5142528
2026-07-22 11:44:00+00:00,65874.0390625,65874.0390625,65883.578125,65871.359375,65874.9921875,0
2026-07-22 11:45:00+00:00,65877.9375,65877.9375,65886.2578125,65867.296875,65867.296875,0
2026-07-22 11:46:00+00:00,65930.328125,65930.328125,65939.203125,65884.4921875,65884.4921875,0
2026-07-22 11:47:00+00:00,66012.0,66012.0,66012.0,65928.296875,65930.328125,3065856
2026-07-22 11:48:00+00:00,65998.96875,65998.96875,66009.6015625,65998.96875,66001.921875,47695872
2026-07-22 11:49:00+00:00,65991.3203125,65991.3203125,66005.75,65991.3203125,65997.578125,9091072
2026-07-22 11:50:00+00:00,65993.421875,65993.421875,65999.9921875,65978.8828125,65990.703125,319463424
2026-07-22 11:51:00+00:00,65986.5625,65986.5625,66005.75,65986.5625,65993.421875,0
2026-07-22 11:52:00+00:00,65982.6328125,65982.6328125,65987.9765625,65982.6328125,65983.6484375,0
2026-07-22 11:53:00+00:00,65986.5625,65986.5625,65998.6171875,65985.953125,65985.953125,0
2026-07-22 11:54:00+00:00,65993.8125,65993.8125,65993.8125,65986.5625,65986.5625,78397440
2026-07-22 11:55:00+00:00,65981.5625,65981.5625,65993.8125,65981.5625,65993.8125,1404928
2026-07-22 11:56:00+00:00,65983.0703125,65983.0703125,65983.0703125,65971.203125,65981.5625,0
2026-07-22 11:57:00+00:00,65978.8828125,65978.8828125,65989.21875,65978.8828125,65983.0703125,0
2026-07-22 11:58:00+00:00,65971.203125,65971.203125,65978.8828125,65971.203125,65978.8828125,499712
2026-07-22 11:59:00+00:00,65972.5,65972.5,65972.5078125,65964.4375,65964.4375,31006720
2026-07-22 12:00:00+00:00,65969.9765625,65969.9765625,65972.4375,65964.4375,65964.4375,0
2026-07-22 12:01:00+00:00,65961.0078125,65961.0078125,65969.9765625,65955.84375,65969.9765625,0
2026-07-22 12:02:00+00:00,65939.6015625,65939.6015625,65965.6796875,65936.6484375,65965.6796875,0
2026-07-22 12:03:00+00:00,65917.4375,65917.4375,65937.65625,65917.4375,65933.078125,0
2026-07-22 12:04:00+00:00,65898.1875,65898.1875,65920.0,65893.9921875,65920.0,0
2026-07-22 12:05:00+00:00,65905.4921875,65905.4921875,65905.7890625,65894.4921875,65905.7890625,110241792
2026-07-22 12:06:00+00:00,65889.2421875,65889.2421875,65905.4921875,65889.2421875,65905.4921875,0
2026-07-22 12:07:00+00:00,65832.2265625,65832.2265625,65879.0390625,65832.2265625,65879.0390625,0
2026-07-22 12:08:00+00:00,65840.6328125,65840.6328125,65840.640625,65825.3984375,65829.1796875,0
2026-07-22 12:09:00+00:00,65840.6484375,65840.6484375,65848.3125,65840.6328125,65840.6328125,0
2026-07-22 12:10:00+00:00,65850.28125,65850.28125,65863.671875,65840.640625,65840.640625,1607680
2026-07-22 12:11:00+00:00,65848.9296875,65848.9296875,65871.3515625,65847.15625,65853.0078125,0
2026-07-22 12:12:00+00:00,65833.1484375,65833.1484375,65848.9296875,65833.1484375,65848.9296875,121749504
2026-07-22 12:13:00+00:00,65848.921875,65848.921875,65848.9296875,65833.15625,65833.15625,0
2026-07-22 12:14:00+00:00,65852.0,65852.0,65852.0,65849.71875,65851.78125,0
2026-07-22 12:15:00+00:00,65887.859375,65887.859375,65887.859375,65866.0,65866.0,0
2026-07-22 12:16:00+00:00,65855.921875,65855.921875,65875.453125,65855.90625,65875.453125,0
2026-07-22 12:17:00+00:00,65822.65625,65822.65625,65852.15625,65817.6015625,65852.15625,0
2026-07-22 12:18:00+00:00,65807.2734375,65807.2734375,65824.7109375,65803.9921875,65817.609375,213043200
2026-07-22 12:19:00+00:00,65813.75,65813.75,65813.7578125,65807.2734375,65807.2734375,17840128
2026-07-22 12:20:00+00:00,65827.953125,65827.953125,65827.9609375,65813.75,65813.7578125,0
2026-07-22 12:21:00+00:00,65802.953125,65802.953125,65834.53125,65798.9921875,65834.53125,0
2026-07-22 12:22:00+00:00,65823.9765625,65823.9765625,65823.9765625,65802.9609375,65802.9609375,0
2026-07-22 12:23:00+00:00,65813.7734375,65813.7734375,65840.0,65813.7734375,65823.96875,0
2026-07-22 12:24:00+00:00,65805.71875,65805.71875,65825.28125,65805.71875,65813.7734375,0
2026-07-22 12:25:00+00:00,65819.2578125,65819.2578125,65828.2578125,65802.96875,65812.28125,2635776
2026-07-22 12:26:00+00:00,65832.953125,65832.953125,65832.953125,65819.2578125,65819.2578125,0
2026-07-22 12:27:00+00:00,65855.9921875,65855.9921875,65855.9921875,65832.953125,65832.953125,0
2026-07-22 12:28:00+00:00,65840.640625,65840.640625,65863.671875,65840.640625,65863.671875,0
2026-07-22 12:29:00+00:00,65838.9765625,65838.9765625,65839.71875,65832.9609375,65839.71875,0
2026-07-22 12:30:00+00:00,65806.09375,65806.09375,65859.828125,65806.09375,65859.828125,0
2026-07-22 12:31:00+00:00,65846.9921875,65846.9921875,65861.90625,65817.59375,65817.59375,0
2026-07-22 12:32:00+00:00,65844.0390625,65844.0390625,65844.046875,65822.1171875,65836.8515625,0
2026-07-22 12:33:00+00:00,65811.9765625,65811.9765625,65832.9609375,65803.0078125,65832.9609375,0
2026-07-22 12:34:00+00:00,65751.078125,65751.078125,65821.390625,65751.078125,65809.078125,0
2026-07-22 12:35:00+00:00,65760.1015625,65760.1015625,65775.3515625,65739.0078125,65767.671875,155301888
2026-07-22 12:36:00+00:00,65779.1875,65779.1875,65783.03125,65760.1015625,65763.828125,0
2026-07-22 12:37:00+00:00,65779.203125,65779.203125,65779.203125,65766.671875,65767.6875,0
2026-07-22 12:38:00+00:00,65773.9296875,65773.9296875,65773.9296875,65752.3203125,65763.84375,0
2026-07-22 12:39:00+00:00,65781.9765625,65781.9765625,65785.9921875,65779.1875,65779.1875,0
2026-07-22 12:40:00+00:00,65790.3515625,65790.3515625,65790.359375,65776.546875,65781.6015625,0
2026-07-22 12:41:00+00:00,65778.8984375,65778.8984375,65790.296875,65777.921875,65790.296875,0
2026-07-22 12:42:00+00:00,65783.453125,65783.453125,65783.453125,65778.890625,65778.8984375,30011392
2026-07-22 12:43:00+00:00,65755.0,65755.0,65783.4375,65755.0,65783.4375,0
2026-07-22 12:44:00+00:00,65736.96875,65736.96875,65756.1484375,65736.9609375,65749.3671875,0
2026-07-22 12:45:00+00:00,65707.296875,65707.296875,65735.640625,65707.296875,65733.1328125,0
2026-07-22 12:46:00+00:00,65760.0234375,65760.0234375,65774.1484375,65730.7734375,65730.7734375,0
2026-07-22 12:47:00+00:00,65767.6875,65767.6875,65777.0,65756.171875,65760.0234375,0
2026-07-22 12:48:00+00:00,65761.0,65761.0,65767.6875,65759.578125,65767.6875,862208
2026-07-22 12:49:00+00:00,65638.921875,65638.921875,65761.0,65621.7421875,65761.0,0
2026-07-22 12:50:00+00:00,65654.0,65654.0,65667.828125,65630.140625,65630.140625,137641984
2026-07-22 12:51:00+00:00,65649.5390625,65649.5390625,65662.8203125,65646.03125,65662.8203125,0
2026-07-22 12:52:00+00:00,65673.140625,65673.140625,65678.15625,65649.5390625,65649.5390625,0
2026-07-22 12:53:00+00:00,65693.40625,65693.40625,65701.890625,65674.453125,65674.453125,0
2026-07-22 12:54:00+00:00,65691.359375,65691.359375,65702.2734375,65687.0390625,65693.40625,0
2026-07-22 12:55:00+00:00,65612.0703125,65612.0703125,65691.359375,65612.0703125,65691.359375,7940096
2026-07-22 12:56:00+00:00,65500.96875,65500.96875,65614.7734375,65500.96875,65601.2265625,0
2026-07-22 12:57:00+00:00,65580.453125,65580.453125,65591.8984375,65523.1015625,65530.01953125,0
2026-07-22 12:58:00+00:00,65598.71875,65598.71875,65617.9375,65579.53125,65579.53125,0
2026-07-22 12:59:00+00:00,65587.7578125,65587.7578125,65629.453125,65584.171875,65592.15625,55154688
2026-07-22 13:00:00+00:00,65579.171875,65579.171875,65598.71875,65579.171875,65587.9921875,2961408
2026-07-22 13:01:00+00:00,65577.859375,65577.859375,65589.703125,65562.328125,65586.296875,0
2026-07-22 13:02:00+00:00,65589.6484375,65589.6484375,65589.6484375,65571.96875,65577.8671875,130570240
2026-07-22 13:03:00+00:00,65583.328125,65583.328125,65600.8828125,65583.328125,65589.5625,0
2026-07-22 13:04:00+00:00,65596.953125,65596.953125,65603.328125,65583.3203125,65583.3203125,0
2026-07-22 13:05:00+00:00,65588.2890625,65588.2890625,65596.953125,65585.0078125,65596.953125,0
2026-07-22 13:06:00+00:00,65560.0,65560.0,65588.7421875,65560.0,65588.7421875,0
2026-07-22 13:07:00+00:00,65560.78125,65560.78125,65570.8984375,65541.7578125,65557.9765625,0
2026-07-22 13:08:00+00:00,65588.2890625,65588.2890625,65600.921875,65578.6328125,65579.5234375,0
2026-07-22 13:09:00+00:00,65633.28125,65633.28125,65633.28125,65591.0390625,65591.0390625,0
2026-07-22 13:10:00+00:00,65621.9765625,65621.9765625,65626.9765625,65620.2578125,65626.9765625,0
2026-07-22 13:11:00+00:00,65620.390625,65620.390625,65633.28125,65614.09375,65626.640625,0
2026-07-22 13:12:00+00:00,65606.7421875,65606.7421875,65625.9296875,65606.7421875,65614.09375,101255168
2026-07-22 13:13:00+00:00,65603.0078125,65603.0078125,65616.3515625,65603.0078125,65604.1796875,241084416
2026-07-22 13:14:00+00:00,65601.171875,65601.171875,65603.0234375,65598.7265625,65603.0234375,5519360
2026-07-22 13:15:00+00:00,65591.359375,65591.359375,65606.3984375,65578.2109375,65601.171875,0
2026-07-22 13:16:00+00:00,65549.5,65549.5,65591.359375,65549.5,65591.359375,0
2026-07-22 13:17:00+00:00,65565.0,65565.0,65573.8671875,65552.640625,65563.4375,0
2026-07-22 13:18:00+00:00,65553.9921875,65553.9921875,65553.9921875,65535.30859375,65548.8515625,0
2026-07-22 13:19:00+00:00,65569.921875,65569.921875,65569.921875,65549.25,65551.0234375,841728
2026-07-22 13:20:00+00:00,65548.7890625,65548.7890625,65569.921875,65522.75,65569.921875,179036160
2026-07-22 13:21:00+00:00,65570.9375,65570.9375,65581.921875,65548.7890625,65548.796875,0
2026-07-22 13:22:00+00:00,65553.53125,65553.53125,65570.953125,65553.53125,65570.953125,0
2026-07-22 13:23:00+00:00,65544.96875,65544.96875,65553.5390625,65544.9609375,65553.5390625,3278848
2026-07-22 13:24:00+00:00,65528.3984375,65528.3984375,65536.1796875,65528.3984375,65533.19921875,30334976
2026-07-22 13:25:00+00:00,65543.8203125,65543.8203125,65543.8203125,65514.859375,65514.859375,0
2026-07-22 13:26:00+00:00,65541.1328125,65541.1328125,65564.15625,65541.1328125,65551.4765625,0
2026-07-22 13:27:00+00:00,65535.2890625,65535.2890625,65554.0,65535.2890625,65541.1171875,0
2026-07-22 13:28:00+00:00,65568.8515625,65568.8515625,65572.8125,65540.046875,65540.0625,3956736
2026-07-22 13:29:00+00:00,65571.40625,65571.40625,65578.046875,65568.8515625,65568.8515625,24692736
2026-07-22 13:30:00+00:00,65648.640625,65648.640625,65649.9921875,65585.546875,65585.546875,1587200
2026-07-22 13:31:00+00:00,65625.6015625,65625.6015625,65660.15625,65619.2421875,65660.15625,0
2026-07-22 13:32:00+00:00,65614.078125,65614.078125,65632.6875,65556.4921875,65594.8828125,0
2026-07-22 13:33:00+00:00,65671.25,65671.25,65671.25,65618.859375,65639.9921875,811008
2026-07-22 13:34:00+00:00,65741.0,65741.0,65741.0,65668.75,65668.75,0
2026-07-22 13:35:00+00:00,65730.046875,65730.046875,65754.9765625,65702.3984375,65749.5,0
2026-07-22 13:36:00+00:00,65783.03125,65783.03125,65783.03125,65738.921875,65742.0,0
2026-07-22 13:37:00+00:00,65782.8671875,65782.8671875,65833.5078125,65757.2578125,65767.6796875,1757184
2026-07-22 13:38:00+00:00,65740.796875,65740.796875,65806.078125,65740.796875,65798.3984375,97542144
2026-07-22 13:39:00+00:00,65799.9921875,65799.9921875,65799.9921875,65695.0625,65713.9296875,15114240
2026-07-22 13:40:00+00:00,65762.5625,65762.5625,65800.4765625,65750.78125,65800.4765625,2312192
2026-07-22 13:41:00+00:00,65829.1171875,65829.1171875,65829.1171875,65781.9375,65781.9375,0
2026-07-22 13:42:00+00:00,65840.640625,65840.640625,65861.859375,65817.9921875,65821.4375,92119040
2026-07-22 13:43:00+00:00,65839.1484375,65839.1484375,65875.9609375,65832.078125,65832.078125,0
2026-07-22 13:44:00+00:00,65845.9921875,65845.9921875,65863.6796875,65836.8125,65848.3203125,0
2026-07-22 13:45:00+00:00,65900.046875,65900.046875,65900.046875,65859.25,65859.25,0
2026-07-22 13:46:00+00:00,65930.1015625,65930.1015625,65937.859375,65895.0234375,65895.0234375,0
2026-07-22 13:47:00+00:00,65833.109375,65833.109375,65936.2421875,65833.109375,65936.2421875,0
2026-07-22 13:48:00+00:00,65821.4375,65821.4375,65840.5078125,65783.046875,65825.9765625,2441216
2026-07-22 13:49:00+00:00,65866.46875,65866.46875,65866.46875,65784.046875,65813.7578125,0
2026-07-22 13:50:00+00:00,65783.109375,65783.109375,65871.359375,65783.046875,65858.09375,0
2026-07-22 13:51:00+00:00,65782.4296875,65782.4296875,65829.1171875,65771.5234375,65782.546875,0
2026-07-22 13:52:00+00:00,65788.046875,65788.046875,65852.6875,65783.859375,65794.5625,0
2026-07-22 13:53:00+00:00,65847.6015625,65847.6015625,65847.6015625,65788.75,65792.9765625,0
2026-07-22 13:54:00+00:00,65899.46875,65899.46875,65899.46875,65836.796875,65848.1015625,18833408
2026-07-22 13:55:00+00:00,65902.171875,65902.171875,65905.90625,65886.0,65889.859375,4839424
2026-07-22 13:56:00+00:00,65866.0390625,65866.0390625,65899.9296875,65860.0078125,65899.9296875,0
2026-07-22 13:57:00+00:00,65894.390625,65894.390625,65894.390625,65856.0078125,65859.2421875,0
2026-07-22 13:58:00+00:00,65896.046875,65896.046875,65916.0078125,65891.6328125,65899.3984375,31956992
2026-07-22 13:59:00+00:00,65914.7421875,65914.7421875,65925.109375,65889.4609375,65889.4609375,0
2026-07-22 14:00:00+00:00,65884.03125,65884.03125,65926.4296875,65878.0078125,65899.2265625,0
2026-07-22 14:01:00+00:00,65865.8984375,65865.8984375,65888.3125,65865.8984375,65886.578125,0
2026-07-22 14:02:00+00:00,65870.9375,65870.9375,65879.25,65858.2578125,65861.78125,0
2026-07-22 14:03:00+00:00,65856.09375,65856.09375,65895.8203125,65856.09375,65883.421875,0
2026-07-22 14:04:00+00:00,65993.53125,65993.53125,65998.09375,65869.3671875,65869.3671875,0
2026-07-22 14:05:00+00:00,66146.9765625,66146.9765625,66146.9765625,66028.0,66028.0,0
2026-07-22 14:06:00+00:00,66104.078125,66104.078125,66146.2109375,66088.7109375,66146.2109375,0
2026-07-22 14:07:00+00:00,65991.0078125,65991.0078125,66100.1015625,65991.0078125,66100.1015625,31987712
2026-07-22 14:08:00+00:00,65900.53125,65900.53125,65957.5,65900.53125,65957.5,0
2026-07-22 14:09:00+00:00,65944.953125,65944.953125,65962.0,65894.953125,65894.953125,0
2026-07-22 14:10:00+00:00,65957.90625,65957.90625,65982.6875,65947.0,65961.75,0
2026-07-22 14:11:00+00:00,65954.0234375,65954.0234375,65993.6796875,65954.0234375,65966.0,0
2026-07-22 14:12:00+00:00,65940.2265625,65940.2265625,65973.3515625,65934.5234375,65958.609375,0
2026-07-22 14:13:00+00:00,65894.3984375,65894.3984375,65925.640625,65894.3984375,65925.640625,0
2026-07-22 14:14:00+00:00,65866.34375,65866.34375,65896.0078125,65866.34375,65888.0,0
2026-07-22 14:15:00+00:00,65741.390625,65741.390625,65862.421875,65730.3671875,65862.421875,0
2026-07-22 14:16:00+00:00,65740.84375,65740.84375,65799.0390625,65736.9609375,65756.703125,0
2026-07-22 14:17:00+00:00,65729.6328125,65729.6328125,65737.0703125,65674.78125,65715.359375,0
2026-07-22 14:18:00+00:00,65733.9765625,65733.9765625,65753.078125,65708.6328125,65720.0703125,32231424
2026-07-22 14:19:00+00:00,65723.0,65723.0,65744.6328125,65715.03125,65715.03125,0
2026-07-22 14:20:00+00:00,65733.1171875,65733.1171875,65741.9765625,65708.0,65741.9765625,26793984
2026-07-22 14:21:00+00:00,65687.6796875,65687.6796875,65740.7890625,65687.6796875,65723.9765625,0
2026-07-22 14:22:00+00:00,65639.4375,65639.4375,65702.0,65639.4375,65681.203125,0
2026-07-22 14:23:00+00:00,65640.9609375,65640.9609375,65649.953125,65613.453125,65649.953125,0
2026-07-22 14:24:00+00:00,65598.7109375,65598.7109375,65656.3125,65583.3671875,65656.3125,950972416
2026-07-22 14:25:00+00:00,65676.1015625,65676.1015625,65682.0078125,65614.0703125,65614.0703125,0
2026-07-22 14:26:00+00:00,65634.0,65634.0,65685.953125,65632.0,65682.0078125,0
2026-07-22 14:27:00+00:00,65644.7890625,65644.7890625,65654.4921875,65629.4375,65630.0,0
2026-07-22 14:28:00+00:00,65560.9921875,65560.9921875,65660.078125,65560.9921875,65634.0390625,0
2026-07-22 14:29:00+00:00,65577.9765625,65577.9765625,65594.8671875,65555.40625,65565.2734375,0
2026-07-22 14:30:00+00:00,65629.4296875,65629.4296875,65629.4296875,65549.53125,65587.1875,0
2026-07-22 14:31:00+00:00,65640.9609375,65640.9609375,65640.9609375,65591.0390625,65621.7421875,0
2026-07-22 14:32:00+00:00,65669.9765625,65669.9765625,65680.0,65652.46875,65652.46875,0
2026-07-22 14:33:00+00:00,65691.9609375,65691.9609375,65703.9921875,65680.6796875,65681.3828125,0
2026-07-22 14:34:00+00:00,65665.0,65665.0,65695.25,65665.0,65686.6015625,0
2026-07-22 14:35:00+00:00,65670.75,65670.75,65686.4921875,65642.4921875,65672.7109375,272340992
2026-07-22 14:36:00+00:00,65816.5,65816.5,65816.5,65687.03125,65687.03125,0
2026-07-22 14:37:00+00:00,65763.8515625,65763.8515625,65839.5,65763.8515625,65839.5,0
2026-07-22 14:38:00+00:00,65683.203125,65683.203125,65762.4296875,65683.203125,65756.171875,0
2026-07-22 14:39:00+00:00,65684.59375,65684.59375,65698.546875,65667.8828125,65698.546875,724992
2026-07-22 14:40:00+00:00,65623.796875,65623.796875,65686.5078125,65623.796875,65686.5078125,2273280
2026-07-22 14:41:00+00:00,65639.09375,65639.09375,65670.0078125,65617.46875,65617.46875,0
2026-07-22 14:42:00+00:00,65682.421875,65682.421875,65694.71875,65643.9921875,65643.9921875,0
2026-07-22 14:43:00+00:00,65681.5078125,65681.5078125,65689.9375,65674.4296875,65681.2109375,9656320
2026-07-22 14:44:00+00:00,65629.9375,65629.9375,65696.6015625,65629.9375,65682.46875,0
2026-07-22 14:45:00+00:00,65656.3125,65656.3125,65656.3125,65610.0,65623.5703125,0
2026-07-22 14:46:00+00:00,65690.0703125,65690.0703125,65713.0,65644.8203125,65644.8203125,0
2026-07-22 14:47:00+00:00,65683.203125,65683.203125,65704.0,65675.53125,65679.3671875,2885632
2026-07-22 14:48:00+00:00,65697.78125,65697.78125,65698.546875,65676.0234375,65679.96875,0
2026-07-22 14:49:00+00:00,65698.546875,65698.546875,65698.546875,65644.8515625,65678.0,11433984
2026-07-22 14:50:00+00:00,65744.6328125,65744.6328125,65744.6328125,65698.2734375,65706.2421875,0
2026-07-22 14:51:00+00:00,65755.9921875,65755.9921875,65755.9921875,65695.84375,65733.1171875,0
2026-07-22 14:52:00+00:00,65710.7421875,65710.7421875,65760.0,65710.7421875,65760.0,944128
2026-07-22 14:53:00+00:00,65712.421875,65712.421875,65748.0,65710.0,65713.0078125,0
2026-07-22 14:54:00+00:00,65710.5234375,65710.5234375,65760.0,65710.5234375,65721.6015625,0
2026-07-22 14:55:00+00:00,65676.640625,65676.640625,65690.8828125,65643.7890625,65690.8828125,6619136
2026-07-22 14:56:00+00:00,65661.859375,65661.859375,65683.1875,65661.859375,65679.3515625,0
2026-07-22 14:57:00+00:00,65682.46875,65682.46875,65688.65625,65661.6015625,65661.6015625,0
2026-07-22 14:58:00+00:00,65723.9765625,65723.9765625,65723.9765625,65673.5390625,65687.3984375,0
2026-07-22 14:59:00+00:00,65760.953125,65760.953125,65762.2734375,65733.1171875,65741.7109375,0
2026-07-22 15:00:00+00:00,65807.7421875,65807.7421875,65811.0078125,65764.0,65765.90625,0
2026-07-22 15:01:00+00:00,65771.53125,65771.53125,65835.890625,65771.53125,65819.921875,0
2026-07-22 15:02:00+00:00,65790.09375,65790.09375,65803.4921875,65768.8984375,65776.0,0
2026-07-22 15:03:00+00:00,65856.0078125,65856.0078125,65866.7578125,65796.0,65797.2421875,0
2026-07-22 15:04:00+00:00,65867.421875,65867.421875,65925.1875,65867.421875,65872.3984375,0
2026-07-22 15:05:00+00:00,65863.4765625,65863.4765625,65867.5234375,65817.1015625,65854.0078125,0
2026-07-22 15:06:00+00:00,65841.75,65841.75,65852.1484375,65817.6015625,65848.328125,0
2026-07-22 15:07:00+00:00,65836.78125,65836.78125,65844.4765625,65815.96875,65836.796875,0
2026-07-22 15:08:00+00:00,65871.9921875,65871.9921875,65871.9921875,65811.9921875,65835.8984375,19716096
2026-07-22 15:09:00+00:00,65840.640625,65840.640625,65869.9765625,65840.640625,65869.9765625,0
2026-07-22 15:10:00+00:00,65863.6796875,65863.6796875,65872.53125,65835.703125,65845.1875,0
2026-07-22 15:11:00+00:00,65880.09375,65880.09375,65904.0,65863.6875,65863.6875,0
2026-07-22 15:12:00+00:00,65856.53125,65856.53125,65891.546875,65856.53125,65890.546875,58847232
2026-07-22 15:13:00+00:00,65838.0234375,65838.0234375,65842.078125,65834.703125,65839.640625,0
2026-07-22 15:14:00+00:00,65910.1171875,65910.1171875,65938.4765625,65842.078125,65842.078125,1501184
2026-07-22 15:15:00+00:00,65898.2421875,65898.2421875,65912.0078125,65889.5390625,65901.7890625,0
2026-07-22 15:16:00+00:00,65891.7265625,65891.7265625,65906.6484375,65856.65625,65875.2265625,0
2026-07-22 15:17:00+00:00,65940.0,65940.0,65940.0,65882.890625,65903.1796875,0
2026-07-22 15:18:00+00:00,65903.640625,65903.640625,65934.0,65903.640625,65934.0,0
2026-07-22 15:19:00+00:00,65960.0234375,65960.0234375,65960.0234375,65896.5234375,65903.078125,13699072
2026-07-22 15:20:00+00:00,66005.6484375,66005.6484375,66024.0078125,65950.5078125,65955.34375,72579072
2026-07-22 15:21:00+00:00,65967.359375,65967.359375,66010.2578125,65967.359375,66009.2734375,0
2026-07-22 15:22:00+00:00,65975.03125,65975.03125,66001.90625,65964.40625,65964.40625,11552768
2026-07-22 15:23:00+00:00,66001.671875,66001.671875,66039.0234375,65950.1171875,65974.8203125,0
2026-07-22 15:24:00+00:00,65998.9296875,65998.9296875,66026.75,65975.2578125,66002.140625,0
2026-07-22 15:25:00+00:00,66050.890625,66050.890625,66050.890625,65998.703125,66005.75,0
2026-07-22 15:26:00+00:00,66073.5625,66073.5625,66103.0,66073.5625,66103.0,0
2026-07-22 15:27:00+00:00,66074.8671875,66074.8671875,66105.59375,66054.5625,66076.1484375,247922688
2026-07-22 15:28:00+00:00,66064.8828125,66064.8828125,66077.078125,66062.96875,66077.078125,3117056
2026-07-22 15:29:00+00:00,66052.9296875,66052.9296875,66063.4765625,66036.4765625,66063.3671875,96704512
2026-07-22 15:30:00+00:00,66059.4375,66059.4375,66067.1875,66033.71875,66067.1875,16117760
2026-07-22 15:31:00+00:00,66067.203125,66067.203125,66081.453125,66055.6875,66055.6875,0
2026-07-22 15:32:00+00:00,66019.53125,66019.53125,66074.8828125,66019.53125,66074.8828125,1423360
2026-07-22 15:33:00+00:00,65995.8515625,65995.8515625,66021.1484375,65981.3125,66021.1484375,31451136
2026-07-22 15:34:00+00:00,65968.90625,65968.90625,65998.4375,65967.7265625,65995.8515625,1345536
2026-07-22 15:35:00+00:00,65978.8671875,65978.8671875,65978.8671875,65955.84375,65961.703125,0
2026-07-22 15:36:00+00:00,65999.1875,65999.1875,66014.5390625,65967.359375,65980.9921875,0
2026-07-22 15:37:00+00:00,65951.9921875,65951.9921875,65990.0,65932.796875,65990.0,786432
2026-07-22 15:38:00+00:00,65967.3515625,65967.3515625,65980.578125,65946.046875,65959.21875,0
2026-07-22 15:39:00+00:00,65949.4921875,65949.4921875,65967.9921875,65949.4921875,65957.71875,49197056
2026-07-22 15:40:00+00:00,65958.640625,65958.640625,65958.640625,65921.28125,65934.4765625,727040
2026-07-22 15:41:00+00:00,65982.71875,65982.71875,65997.8203125,65960.3203125,65963.6015625,0
2026-07-22 15:42:00+00:00,65964.4375,65964.4375,65997.8203125,65962.140625,65997.8203125,64544768
2026-07-22 15:43:00+00:00,65959.671875,65959.671875,65971.1875,65947.0390625,65971.1875,0
2026-07-22 15:44:00+00:00,65984.671875,65984.671875,65994.2265625,65972.890625,65972.890625,0
2026-07-22 15:45:00+00:00,66010.0,66010.0,66026.2421875,65988.6328125,65988.6328125,946176
2026-07-22 15:46:00+00:00,65925.1328125,65925.1328125,66013.4296875,65925.1328125,66004.15625,0
2026-07-22 15:47:00+00:00,65967.3515625,65967.3515625,65967.3515625,65937.609375,65946.890625,171415552
2026-07-22 15:48:00+00:00,65967.3671875,65967.3671875,65978.8671875,65963.09375,65972.0703125,0
2026-07-22 15:49:00+00:00,66013.5078125,66013.5078125,66022.890625,65972.6328125,65978.8671875,0
2026-07-22 15:50:00+00:00,66012.1875,66012.1875,66025.5,66005.7734375,66025.5,0
2026-07-22 15:51:00+00:00,66013.4375,66013.4375,66044.1484375,66012.1875,66012.1875,0
2026-07-22 15:52:00+00:00,65982.7734375,65982.7734375,66005.7578125,65979.1328125,66005.7578125,0
2026-07-22 15:53:00+00:00,65955.84375,65955.84375,65985.78125,65955.84375,65985.78125,0
2026-07-22 15:54:00+00:00,65988.84375,65988.84375,65988.84375,65968.71875,65968.71875,0
2026-07-22 15:55:00+00:00,66031.859375,66031.859375,66031.859375,66013.9765625,66013.9765625,0
2026-07-22 15:56:00+00:00,65976.0,65976.0,66031.5234375,65976.0,66029.6484375,0
2026-07-22 15:57:00+00:00,65981.1328125,65981.1328125,65989.71875,65976.6796875,65989.7109375,0
2026-07-22 15:58:00+00:00,65991.859375,65991.859375,65991.859375,65972.6171875,65972.6171875,3774464
2026-07-22 15:59:00+00:00,66020.0390625,66020.0390625,66020.0390625,65970.9765625,65987.296875,0
2026-07-22 16:00:00+00:00,66003.2109375,66003.2109375,66022.578125,65999.2734375,66012.7109375,62687232
2026-07-22 16:01:00+00:00,66005.8671875,66005.8671875,66005.8671875,65989.0625,65991.1796875,0
2026-07-22 16:02:00+00:00,66010.2421875,66010.2421875,66032.640625,65998.15625,66012.359375,0
2026-07-22 16:03:00+00:00,65994.09375,65994.09375,65994.09375,65965.0,65982.71875,0
2026-07-22 16:04:00+00:00,65994.34375,65994.34375,66005.75,65982.71875,65982.71875,2551808
2026-07-22 16:05:00+00:00,66036.0703125,66036.0703125,66036.0703125,65978.8828125,65995.53125,0
2026-07-22 16:06:00+00:00,66030.59375,66030.59375,66071.078125,66028.8125,66030.8125,0
2026-07-22 16:07:00+00:00,66083.9296875,66083.9296875,66083.9296875,66040.328125,66053.5078125,0
2026-07-22 16:08:00+00:00,66104.4765625,66104.4765625,66113.2890625,66078.609375,66082.9921875,0
2026-07-22 16:09:00+00:00,66117.1328125,66117.1328125,66127.578125,66109.4375,66124.75,0
2026-07-22 16:10:00+00:00,66041.140625,66041.140625,66100.609375,66040.3828125,66097.8671875,0
2026-07-22 16:11:00+00:00,66043.1875,66043.1875,66061.3515625,66036.4921875,66047.2109375,0
2026-07-22 16:12:00+00:00,66067.1875,66067.1875,66067.1875,66043.1875,66043.1875,0
2026-07-22 16:13:00+00:00,66081.3125,66081.3125,66082.546875,66062.671875,66062.671875,16328704
2026-07-22 16:14:00+00:00,66095.2109375,66095.2109375,66112.671875,66085.2890625,66085.2890625,7630848
2026-07-22 16:15:00+00:00,66028.796875,66028.796875,66082.5703125,66028.796875,66082.5703125,0
2026-07-22 16:16:00+00:00,65982.7109375,65982.7109375,66036.46875,65982.7109375,66028.640625,0
2026-07-22 16:17:00+00:00,65940.4765625,65940.4765625,65980.359375,65936.3125,65980.359375,14993408
2026-07-22 16:18:00+00:00,66007.7734375,66007.7734375,66007.7734375,65941.3671875,65941.3671875,0
2026-07-22 16:19:00+00:00,66040.7890625,66040.7890625,66040.7890625,66013.3671875,66020.46875,0
2026-07-22 16:20:00+00:00,66012.15625,66012.15625,66030.28125,66000.609375,66030.28125,0
2026-07-22 16:21:00+00:00,65966.71875,65966.71875,66012.1484375,65966.71875,66012.1484375,0
2026-07-22 16:22:00+00:00,65968.0234375,65968.0234375,65989.9765625,65961.7734375,65975.2265625,389371904
2026-07-22 16:23:00+00:00,65954.9921875,65954.9921875,65971.4765625,65954.9921875,65968.0234375,3137536
2026-07-22 16:24:00+00:00,65949.078125,65949.078125,65958.28125,65945.09375,65950.671875,0
2026-07-22 16:25:00+00:00,65929.90625,65929.90625,65948.28125,65925.328125,65939.109375,0
2026-07-22 16:26:00+00:00,65909.28125,65909.28125,65933.2421875,65889.1171875,65920.46875,0
2026-07-22 16:27:00+00:00,65936.203125,65936.203125,65936.859375,65901.3984375,65921.5078125,17020928
2026-07-22 16:28:00+00:00,65981.1171875,65981.1171875,65981.1171875,65939.671875,65939.671875,0
2026-07-22 16:29:00+00:00,65995.5234375,65995.5234375,66014.59375,65986.0703125,65986.0703125,0
2026-07-22 16:30:00+00:00,66043.6328125,66043.6328125,66043.6328125,65978.171875,65978.171875,284672
2026-07-22 16:31:00+00:00,66118.6171875,66118.6171875,66164.8671875,66060.5703125,66060.5703125,0
2026-07-22 16:32:00+00:00,66127.703125,66127.703125,66138.84375,66126.3984375,66138.84375,0
2026-07-22 16:33:00+00:00,66227.25,66227.25,66227.25,66127.6875,66127.6875,83519488
2026-07-22 16:34:00+00:00,66212.4296875,66212.4296875,66235.1875,66171.9609375,66235.1875,10092544
2026-07-22 16:35:00+00:00,66187.2734375,66187.2734375,66207.2109375,66170.71875,66192.8984375,0
2026-07-22 16:36:00+00:00,66232.7265625,66232.7265625,66232.7265625,66188.71875,66193.8828125,0
2026-07-22 16:37:00+00:00,66258.2890625,66258.2890625,66264.90625,66239.3515625,66239.3515625,0
2026-07-22 16:38:00+00:00,66289.46875,66289.46875,66347.4765625,66249.4921875,66251.2578125,55289856
2026-07-22 16:39:00+00:00,66344.453125,66344.453125,66364.359375,66310.578125,66310.578125,5216256
2026-07-22 16:40:00+00:00,66256.3671875,66256.3671875,66341.5,66256.3671875,66341.5,6508544
2026-07-22 16:41:00+00:00,66245.1328125,66245.1328125,66261.328125,66234.71875,66261.328125,0
2026-07-22 16:42:00+00:00,66277.3828125,66277.3828125,66305.9765625,66242.21875,66242.21875,40314880
2026-07-22 16:43:00+00:00,66261.09375,66261.09375,66293.203125,66241.1171875,66269.328125,6277120
2026-07-22 16:44:00+00:00,66260.9375,66260.9375,66265.578125,66249.171875,66261.09375,0
2026-07-22 16:45:00+00:00,66220.0078125,66220.0078125,66268.1015625,66220.0078125,66260.953125,0
2026-07-22 16:46:00+00:00,66196.7734375,66196.7734375,66237.0703125,66192.4375,66216.28125,0
2026-07-22 16:47:00+00:00,66176.6328125,66176.6328125,66200.796875,66176.6328125,66193.8984375,0
2026-07-22 16:48:00+00:00,66179.890625,66179.890625,66180.0,66166.546875,66180.0,998082560
2026-07-22 16:49:00+00:00,66164.46875,66164.46875,66205.921875,66155.890625,66171.5078125,1419264
2026-07-22 16:50:00+00:00,66188.7109375,66188.7109375,66188.7109375,66147.03125,66168.1484375,0
2026-07-22 16:51:00+00:00,66172.640625,66172.640625,66203.1484375,66172.640625,66200.796875,0
2026-07-22 16:52:00+00:00,66210.921875,66210.921875,66210.921875,66164.5390625,66174.0078125,0
2026-07-22 16:53:00+00:00,66157.5,66157.5,66210.921875,66157.5,66210.921875,4440064
2026-07-22 16:54:00+00:00,66124.2421875,66124.2421875,66156.46875,66124.2421875,66151.8984375,2562048
2026-07-22 16:55:00+00:00,66181.53125,66181.53125,66181.53125,66126.4921875,66126.4921875,0
2026-07-22 16:56:00+00:00,66209.859375,66209.859375,66209.859375,66176.421875,66184.6796875,0
2026-07-22 16:57:00+00:00,66191.5390625,66191.5390625,66201.890625,66188.8125,66193.8828125,1771520
2026-07-22 16:58:00+00:00,66200.8125,66200.8125,66200.8125,66189.53125,66189.53125,0
2026-07-22 16:59:00+00:00,66208.5234375,66208.5234375,66208.7265625,66195.4609375,66200.796875,123398144
2026-07-22 17:00:00+00:00,66209.5625,66209.5625,66217.7421875,66197.75,66204.828125,5406720
2026-07-22 17:01:00+00:00,66204.9609375,66204.9609375,66211.21875,66199.59375,66211.21875,0
2026-07-22 17:02:00+00:00,66207.4296875,66207.4296875,66215.4921875,66183.9765625,66204.828125,0
2026-07-22 17:03:00+00:00,66241.421875,66241.421875,66256.140625,66204.828125,66207.640625,0
2026-07-22 17:04:00+00:00,66192.7421875,66192.7421875,66241.421875,66183.3828125,66241.421875,0
2026-07-22 17:05:00+00:00,66198.0703125,66198.0703125,66218.8125,66192.7421875,66200.796875,12779520
2026-07-22 17:06:00+00:00,66183.1484375,66183.1484375,66188.7265625,66167.3125,66188.7265625,0
2026-07-22 17:07:00+00:00,66220.9296875,66220.9296875,66223.671875,66192.75,66208.859375,0
2026-07-22 17:08:00+00:00,66225.71875,66225.71875,66241.1015625,66220.9296875,66220.9296875,0
2026-07-22 17:09:00+00:00,66155.1875,66155.1875,66220.96875,66148.703125,66220.96875,0
2026-07-22 17:10:00+00:00,66175.203125,66175.203125,66184.1015625,66172.6015625,66172.6015625,11358208
2026-07-22 17:11:00+00:00,66154.7578125,66154.7578125,66172.6171875,66134.5,66172.6171875,0
2026-07-22 17:12:00+00:00,66170.859375,66170.859375,66181.96875,66159.5078125,66159.5078125,0
2026-07-22 17:13:00+00:00,66163.5,66163.5,66181.046875,66161.6171875,66177.5625,0
2026-07-22 17:14:00+00:00,66143.5703125,66143.5703125,66154.7578125,66136.328125,66154.7578125,0
2026-07-22 17:15:00+00:00,66117.0078125,66117.0078125,66141.28125,66111.0078125,66141.28125,0
2026-07-22 17:16:00+00:00,66077.453125,66077.453125,66123.9765625,66077.3515625,66123.9765625,0
2026-07-22 17:17:00+00:00,66043.796875,66043.796875,66072.6484375,66043.796875,66072.4921875,16025600
2026-07-22 17:18:00+00:00,66051.8515625,66051.8515625,66085.09375,66036.59375,66059.8203125,0
2026-07-22 17:19:00+00:00,66033.9296875,66033.9296875,66052.8671875,66029.9296875,66046.4765625,2549760
2026-07-22 17:20:00+00:00,66028.96875,66028.96875,66035.578125,65997.953125,66035.578125,0
2026-07-22 17:21:00+00:00,66023.0234375,66023.0234375,66047.0078125,66020.3125,66039.6015625,0
2026-07-22 17:22:00+00:00,66011.6796875,66011.6796875,66015.96875,65991.25,66015.96875,0
2026-07-22 17:23:00+00:00,65994.9609375,65994.9609375,66008.96875,65969.1015625,66008.96875,0
2026-07-22 17:24:00+00:00,66019.4609375,66019.4609375,66019.4609375,65988.7734375,65994.1171875,0
2026-07-22 17:25:00+00:00,65991.25,65991.25,66013.7265625,65991.25,65999.3125,0
2026-07-22 17:26:00+00:00,65918.9296875,65918.9296875,65982.2265625,65914.6796875,65982.2265625,0
2026-07-22 17:27:00+00:00,65951.1015625,65951.1015625,65976.9765625,65930.0,65930.0,12081152
2026-07-22 17:28:00+00:00,65968.96875,65968.96875,65975.71875,65951.09375,65951.09375,0
2026-07-22 17:29:00+00:00,65959.0078125,65959.0078125,65972.6328125,65959.0078125,65971.3984375,11528192
2026-07-22 17:30:00+00:00,65994.90625,65994.90625,65994.90625,65948.5,65950.953125,376832
2026-07-22 17:31:00+00:00,66049.4765625,66049.4765625,66049.4765625,65999.390625,66002.9296875,0
2026-07-22 17:32:00+00:00,66038.34375,66038.34375,66059.1171875,66036.453125,66053.9921875,1759232
2026-07-22 17:33:00+00:00,66019.4921875,66019.4921875,66038.671875,66019.4921875,66037.8671875,3323904
2026-07-22 17:34:00+00:00,66027.53125,66027.53125,66058.828125,66027.53125,66031.3125,0
2026-07-22 17:35:00+00:00,66054.109375,66054.109375,66060.28125,65995.2890625,66012.8671875,22259712
2026-07-22 17:36:00+00:00,66063.640625,66063.640625,66063.640625,66053.40625,66054.1171875,0
2026-07-22 17:37:00+00:00,66112.578125,66112.578125,66116.03125,66061.78125,66066.75,1591296
2026-07-22 17:38:00+00:00,66077.0,66077.0,66117.359375,66076.859375,66117.359375,0
2026-07-22 17:39:00+00:00,66106.9296875,66106.9296875,66106.9296875,66078.0,66083.9375,0
2026-07-22 17:40:00+00:00,66112.2890625,66112.2890625,66112.2890625,66100.8671875,66106.921875,0
2026-07-22 17:41:00+00:00,66120.2109375,66120.2109375,66120.2109375,66102.8515625,66118.578125,0
2026-07-22 17:42:00+00:00,66117.6015625,66117.6015625,66129.1484375,66116.1796875,66116.5234375,74199040
2026-07-22 17:43:00+00:00,66152.4375,66152.4375,66152.4375,66115.828125,66120.9375,1456128
2026-07-22 17:44:00+00:00,66144.5,66144.5,66151.4296875,66142.890625,66147.8671875,0
2026-07-22 17:45:00+00:00,66124.25,66124.25,66143.3828125,66124.25,66143.2421875,1673216
2026-07-22 17:46:00+00:00,66193.75,66193.75,66207.0703125,66117.65625,66124.25,0
2026-07-22 17:47:00+00:00,66176.28125,66176.28125,66190.2734375,66171.5,66184.703125,51585024
2026-07-22 17:48:00+00:00,66159.21875,66159.21875,66184.3125,66144.3828125,66178.6328125,0
2026-07-22 17:49:00+00:00,66130.4609375,66130.4609375,66166.1171875,66122.671875,66158.6328125,0
2026-07-22 17:50:00+00:00,66108.1171875,66108.1171875,66117.1875,66102.953125,66117.1875,0
2026-07-22 17:51:00+00:00,66118.828125,66118.828125,66132.2890625,66116.9765625,66118.0078125,0
2026-07-22 17:52:00+00:00,66080.65625,66080.65625,66117.8671875,66065.0703125,66116.8671875,0
2026-07-22 17:53:00+00:00,66058.40625,66058.40625,66077.6484375,66058.40625,66071.859375,0
2026-07-22 17:54:00+00:00,66030.03125,66030.03125,66058.40625,66019.4609375,66058.40625,0
2026-07-22 17:55:00+00:00,66029.328125,66029.328125,66047.65625,65991.2578125,66017.09375,0
2026-07-22 17:56:00+00:00,66009.1171875,66009.1171875,66031.328125,66009.109375,66031.328125,0
2026-07-22 17:57:00+00:00,65999.6875,65999.6875,66024.0625,65982.1171875,66018.7734375,0
2026-07-22 17:58:00+00:00,65996.3984375,65996.3984375,66011.546875,65991.2421875,65995.078125,12904448
2026-07-22 17:59:00+00:00,66001.640625,66001.640625,66001.640625,65991.25,65995.28125,121311232
2026-07-22 18:00:00+00:00,66028.0703125,66028.0703125,66028.078125,65995.2890625,66000.9375,0
2026-07-22 18:01:00+00:00,65991.2109375,65991.2109375,66028.0703125,65976.453125,66028.0703125,0
2026-07-22 18:02:00+00:00,65983.203125,65983.203125,65994.171875,65979.15625,65991.2109375,0
2026-07-22 18:03:00+00:00,66003.1328125,66003.1328125,66003.1328125,65975.53125,65975.53125,0
2026-07-22 18:04:00+00:00,66042.6875,66042.6875,66042.6875,66013.296875,66013.296875,0
2026-07-22 18:05:00+00:00,66032.4765625,66032.4765625,66042.6875,66029.1796875,66042.6875,0
2026-07-22 18:06:00+00:00,66015.0,66015.0,66051.0,66015.0,66036.1796875,0
2026-07-22 18:07:00+00:00,66029.2890625,66029.2890625,66034.4765625,65995.8203125,65995.8203125,0
2026-07-22 18:08:00+00:00,66010.2890625,66010.2890625,66026.7890625,66007.3671875,66026.7890625,0
2026-07-22 18:09:00+00:00,65970.25,65970.25,66007.3671875,65966.6796875,66007.3671875,0
2026-07-22 18:10:00+00:00,65984.296875,65984.296875,65984.296875,65952.21875,65952.21875,1646592
2026-07-22 18:11:00+00:00,65963.0390625,65963.0390625,65991.2890625,65963.0390625,65990.28125,0
2026-07-22 18:12:00+00:00,65945.28125,65945.28125,65965.0234375,65945.28125,65959.0078125,0
2026-07-22 18:13:00+00:00,65950.953125,65950.953125,65967.0703125,65945.6796875,65945.6796875,0
2026-07-22 18:14:00+00:00,65955.8125,65955.8125,65962.6875,65955.2734375,65955.2734375,0
2026-07-22 18:15:00+00:00,65938.546875,65938.546875,65955.8203125,65931.3203125,65955.8203125,0
2026-07-22 18:16:00+00:00,65936.8203125,65936.8203125,65945.8515625,65914.09375,65934.921875,0
2026-07-22 18:17:00+00:00,65956.78125,65956.78125,65958.75,65944.59375,65944.59375,114909184
2026-07-22 18:18:00+00:00,65969.9921875,65969.9921875,65970.0,65950.953125,65956.7734375,0
2026-07-22 18:19:00+00:00,65967.0703125,65967.0703125,65978.8828125,65967.0703125,65971.1015625,0
2026-07-22 18:20:00+00:00,66023.609375,66023.609375,66023.609375,65967.078125,65967.078125,0
2026-07-22 18:21:00+00:00,65934.828125,65934.828125,66025.0234375,65934.828125,66025.0234375,0
2026-07-22 18:22:00+00:00,65858.0078125,65858.0078125,65926.78125,65858.0078125,65926.78125,5095424
2026-07-22 18:23:00+00:00,65862.28125,65862.28125,65866.3125,65847.9765625,65866.3125,9852928
2026-07-22 18:24:00+00:00,65853.3203125,65853.3203125,65881.1796875,65853.3203125,65862.28125,0
2026-07-22 18:25:00+00:00,65834.0703125,65834.0703125,65843.296875,65820.2421875,65842.1484375,27086848
2026-07-22 18:26:00+00:00,65858.21875,65858.21875,65858.21875,65839.1171875,65846.421875,0
2026-07-22 18:27:00+00:00,65882.03125,65882.03125,65883.5078125,65852.84375,65857.0234375,18309120
2026-07-22 18:28:00+00:00,65842.2109375,65842.2109375,65882.3671875,65835.90625,65882.3671875,112640
2026-07-22 18:29:00+00:00,65856.78125,65856.78125,65856.78125,65834.4375,65841.9609375,5842944
2026-07-22 18:30:00+00:00,65829.9609375,65829.9609375,65834.4375,65808.46875,65834.4375,7987200
2026-07-22 18:31:00+00:00,65770.75,65770.75,65822.53125,65767.5625,65822.53125,0
2026-07-22 18:32:00+00:00,65702.6796875,65702.6796875,65781.6484375,65702.6796875,65781.6484375,2605056
2026-07-22 18:33:00+00:00,65761.453125,65761.453125,65761.4609375,65697.4765625,65697.4765625,0
2026-07-22 18:34:00+00:00,65717.21875,65717.21875,65764.8515625,65717.21875,65764.8515625,3000320
2026-07-22 18:35:00+00:00,65768.828125,65768.828125,65777.4921875,65735.8671875,65739.890625,87922688
2026-07-22 18:36:00+00:00,65764.5390625,65764.5390625,65772.578125,65756.28125,65772.578125,0
2026-07-22 18:37:00+00:00,65732.421875,65732.421875,65758.1796875,65722.15625,65758.1796875,1730560
2026-07-22 18:38:00+00:00,65718.5390625,65718.5390625,65743.4375,65705.1171875,65727.0,0
2026-07-22 18:39:00+00:00,65717.171875,65717.171875,65735.8828125,65717.1484375,65728.4921875,460800
2026-07-22 18:40:00+00:00,65713.1171875,65713.1171875,65727.7109375,65704.59375,65717.15625,3270656
2026-07-22 18:41:00+00:00,65740.6796875,65740.6796875,65740.6796875,65713.1171875,65713.1171875,0
2026-07-22 18:42:00+00:00,65741.2890625,65741.2890625,65744.9765625,65721.2421875,65735.40625,89141248
2026-07-22 18:43:00+00:00,65735.140625,65735.140625,65741.2890625,65733.328125,65733.34375,0
2026-07-22 18:44:00+00:00,65746.578125,65746.578125,65746.59375,65735.34375,65735.3515625,0
2026-07-22 18:45:00+00:00,65769.59375,65769.59375,65769.59375,65733.34375,65740.359375,538624
2026-07-22 18:46:00+00:00,65789.75,65789.75,65789.75,65765.3671875,65765.3671875,0
2026-07-22 18:47:00+00:00,65817.953125,65817.953125,65817.953125,65772.1015625,65777.65625,0
2026-07-22 18:48:00+00:00,65809.203125,65809.203125,65813.1328125,65799.1328125,65809.8984375,0
2026-07-22 18:49:00+00:00,65780.203125,65780.203125,65809.2109375,65780.203125,65805.8671875,0
2026-07-22 18:50:00+00:00,65823.6171875,65823.6171875,65823.6171875,65775.2734375,65775.2734375,0
2026-07-22 18:51:00+00:00,65809.90625,65809.90625,65830.65625,65809.90625,65825.9375,0
2026-07-22 18:52:00+00:00,65811.609375,65811.609375,65825.6875,65800.34375,65809.8984375,0
2026-07-22 18:53:00+00:00,65834.0703125,65834.0703125,65834.078125,65811.609375,65811.609375,18440192
2026-07-22 18:54:00+00:00,65858.2421875,65858.2421875,65858.25,65839.0078125,65839.0078125,86016
2026-07-22 18:55:00+00:00,65882.453125,65882.453125,65890.4921875,65864.5390625,65867.53125,0
2026-07-22 18:56:00+00:00,65877.171875,65877.171875,65893.53125,65861.9609375,65880.0078125,0
2026-07-22 18:57:00+00:00,65861.84375,65861.84375,65877.1875,65858.2578125,65877.1875,144912384
2026-07-22 18:58:00+00:00,65856.953125,65856.953125,65867.15625,65856.9375,65861.84375,0
2026-07-22 18:59:00+00:00,65858.296875,65858.296875,65865.921875,65858.296875,65865.921875,0
2026-07-22 19:00:00+00:00,65883.390625,65883.390625,65888.140625,65862.890625,65864.2578125,6313984
2026-07-22 19:01:00+00:00,65829.0234375,65829.0234375,65854.2265625,65822.7734375,65854.2265625,0
2026-07-22 19:02:00+00:00,65817.9609375,65817.9609375,65843.4609375,65817.9609375,65829.0234375,0
2026-07-22 19:03:00+00:00,65823.078125,65823.078125,65823.078125,65813.9296875,65819.5390625,30720
2026-07-22 19:04:00+00:00,65850.2109375,65850.2109375,65859.6484375,65824.0,65824.0,2353152
2026-07-22 19:05:00+00:00,65830.0,65830.0,65842.1484375,65830.0,65842.140625,0
2026-07-22 19:06:00+00:00,65806.0078125,65806.0078125,65821.9921875,65806.0,65821.9921875,0
2026-07-22 19:07:00+00:00,65776.4609375,65776.4609375,65816.8515625,65776.4609375,65810.5,0
2026-07-22 19:08:00+00:00,65769.609375,65769.609375,65778.078125,65768.3984375,65776.4609375,68048896
2026-07-22 19:09:00+00:00,65759.796875,65759.796875,65770.5234375,65757.5078125,65769.6015625,452608
2026-07-22 19:10:00+00:00,65757.5234375,65757.5234375,65781.671875,65751.7265625,65754.9765625,0
2026-07-22 19:11:00+00:00,65751.7265625,65751.7265625,65772.171875,65751.71875,65758.828125,0
2026-07-22 19:12:00+00:00,65672.578125,65672.578125,65745.671875,65672.578125,65745.671875,0
2026-07-22 19:13:00+00:00,65691.5703125,65691.5703125,65691.5703125,65660.8984375,65660.8984375,0
2026-07-22 19:14:00+00:00,65722.0625,65722.0625,65722.0625,65691.5703125,65691.578125,0
2026-07-22 19:15:00+00:00,65739.2578125,65739.2578125,65744.7734375,65713.1875,65726.9921875,0
2026-07-22 19:16:00+00:00,65773.6328125,65773.6328125,65781.6171875,65741.390625,65749.7421875,0
2026-07-22 19:17:00+00:00,65748.796875,65748.796875,65761.5390625,65746.921875,65761.5390625,0
2026-07-22 19:18:00+00:00,65795.359375,65795.359375,65797.796875,65748.8203125,65756.7578125,514048
2026-07-22 19:19:00+00:00,65819.96875,65819.96875,65819.96875,65798.953125,65798.953125,567296
2026-07-22 19:20:00+00:00,65788.9375,65788.9375,65822.421875,65782.28125,65822.421875,72857600
2026-07-22 19:21:00+00:00,65831.1875,65831.1875,65831.1875,65785.5390625,65785.5390625,0
2026-07-22 19:22:00+00:00,65828.7265625,65828.7265625,65830.0390625,65796.7890625,65822.4296875,3139584
2026-07-22 19:23:00+00:00,65858.25,65858.25,65859.578125,65830.046875,65830.046875,0
2026-07-22 19:24:00+00:00,65851.65625,65851.65625,65861.890625,65851.65625,65860.3671875,10942464
2026-07-22 19:25:00+00:00,65843.453125,65843.453125,65851.65625,65828.453125,65846.2734375,763904
2026-07-22 19:26:00+00:00,65883.9609375,65883.9609375,65883.9609375,65846.15625,65846.15625,0
2026-07-22 19:27:00+00:00,65878.40625,65878.40625,65882.328125,65867.671875,65874.3828125,0
2026-07-22 19:28:00+00:00,65897.53125,65897.53125,65897.53125,65886.296875,65886.296875,1585152
2026-07-22 19:29:00+00:00,65868.359375,65868.359375,65897.6328125,65866.2734375,65897.6015625,0
2026-07-22 19:30:00+00:00,65876.21875,65876.21875,65881.9921875,65863.421875,65863.4296875,0
2026-07-22 19:31:00+00:00,65897.5390625,65897.5390625,65897.5390625,65882.4375,65882.453125,0
2026-07-22 19:32:00+00:00,65895.15625,65895.15625,65904.2890625,65889.296875,65890.3125,900540416
2026-07-22 19:33:00+00:00,65915.921875,65915.921875,65917.0234375,65896.1328125,65896.140625,0
2026-07-22 19:34:00+00:00,65887.390625,65887.390625,65911.8515625,65887.390625,65911.8515625,0
2026-07-22 19:35:00+00:00,65900.2265625,65900.2265625,65900.2265625,65892.359375,65897.2890625,14022656
2026-07-22 19:36:00+00:00,65880.96875,65880.96875,65897.28125,65863.921875,65880.21875,0
2026-07-22 19:37:00+00:00,65900.5234375,65900.5234375,65901.1328125,65882.140625,65882.140625,903168
2026-07-22 19:38:00+00:00,65889.8125,65889.8125,65900.5625,65875.578125,65899.421875,0
2026-07-22 19:39:00+00:00,65865.0390625,65865.0390625,65886.1875,65858.6875,65881.53125,36864
2026-07-22 19:40:00+00:00,65860.328125,65860.328125,65881.6171875,65858.140625,65867.8671875,3100672
2026-07-22 19:41:00+00:00,65847.1015625,65847.1015625,65858.03125,65839.1171875,65858.03125,0
2026-07-22 19:42:00+00:00,65872.0390625,65872.0390625,65877.7109375,65864.203125,65864.203125,0
2026-07-22 19:43:00+00:00,65864.6484375,65864.6484375,65866.6484375,65863.8828125,65863.8828125,1771520
2026-07-22 19:44:00+00:00,65827.6328125,65827.6328125,65846.859375,65827.6328125,65846.859375,0
2026-07-22 19:45:00+00:00,65833.0390625,65833.0390625,65845.890625,65831.28125,65842.140625,0
2026-07-22 19:46:00+00:00,65821.9765625,65821.9765625,65834.9765625,65816.96875,65834.5078125,0
2026-07-22 19:47:00+00:00,65834.4296875,65834.4296875,65841.0625,65824.5625,65824.5625,0
2026-07-22 19:48:00+00:00,65863.609375,65863.609375,65863.609375,65834.4609375,65834.7578125,2211840
2026-07-22 19:49:00+00:00,65858.2578125,65858.2578125,65869.328125,65856.921875,65862.78125,0
2026-07-22 19:50:00+00:00,65834.078125,65834.078125,65872.953125,65828.7265625,65872.953125,0
2026-07-22 19:51:00+00:00,65841.453125,65841.453125,65879.90625,65830.046875,65830.046875,0
2026-07-22 19:52:00+00:00,65867.640625,65867.640625,65874.0234375,65839.609375,65845.109375,509952
2026-07-22 19:53:00+00:00,65857.6171875,65857.6171875,65867.640625,65857.6171875,65867.640625,166473728
2026-07-22 19:54:00+00:00,65849.609375,65849.609375,65856.8984375,65838.109375,65850.4765625,0
2026-07-22 19:55:00+00:00,65877.28125,65877.28125,65880.8984375,65847.0,65859.1484375,0
2026-07-22 19:56:00+00:00,65892.59375,65892.59375,65895.15625,65875.9609375,65877.28125,0
2026-07-22 19:57:00+00:00,65907.578125,65907.578125,65907.578125,65887.5625,65891.2734375,0
2026-07-22 19:58:00+00:00,65898.5625,65898.5625,65928.0078125,65894.7890625,65907.578125,0
2026-07-22 19:59:00+00:00,65900.9921875,65900.9921875,65932.5390625,65900.9921875,65912.953125,0
2026-07-22 20:00:00+00:00,65885.2109375,65885.2109375,65923.46875,65830.1328125,65830.1328125,14923776
2026-07-22 20:01:00+00:00,65842.171875,65842.171875,65904.21875,65842.171875,65900.609375,0
2026-07-22 20:02:00+00:00,65854.59375,65854.59375,65895.59375,65847.6484375,65880.5703125,1556480
2026-07-22 20:03:00+00:00,65876.859375,65876.859375,65891.578125,65838.109375,65880.5078125,0
2026-07-22 20:04:00+00:00,65815.6015625,65815.6015625,65876.859375,65815.6015625,65857.2421875,0
2026-07-22 20:05:00+00:00,65802.09375,65802.09375,65830.0390625,65795.6328125,65818.4921875,593524736
2026-07-22 20:06:00+00:00,65797.796875,65797.796875,65802.9765625,65758.1171875,65793.3125,0
2026-07-22 20:07:00+00:00,65791.8671875,65791.8671875,65820.5,65789.7578125,65791.640625,542720
2026-07-22 20:08:00+00:00,65794.0078125,65794.0078125,65805.890625,65788.53125,65801.828125,1300480
2026-07-22 20:09:00+00:00,65797.0,65797.0,65809.8203125,65791.859375,65809.8203125,888832
2026-07-22 20:10:00+00:00,65797.0703125,65797.0703125,65797.0703125,65780.390625,65789.421875,0
2026-07-22 20:11:00+00:00,65841.859375,65841.859375,65843.1796875,65803.9921875,65803.9921875,0
2026-07-22 20:12:00+00:00,65844.578125,65844.578125,65847.140625,65819.390625,65840.2265625,8402944
2026-07-22 20:13:00+00:00,65849.4609375,65849.4609375,65849.4609375,65838.8828125,65838.8828125,0
2026-07-22 20:14:00+00:00,65900.203125,65900.203125,65900.203125,65849.453125,65849.453125,0
2026-07-22 20:15:00+00:00,65902.6015625,65902.6015625,65923.4921875,65902.6015625,65904.65625,479232
2026-07-22 20:16:00+00:00,65856.9921875,65856.9921875,65882.453125,65856.9921875,65882.453125,0
2026-07-22 20:17:00+00:00,65878.140625,65878.140625,65882.2421875,65866.3125,65866.3125,0
2026-07-22 20:18:00+00:00,65867.203125,65867.203125,65879.1328125,65863.2578125,65879.1328125,0
2026-07-22 20:19:00+00:00,65897.328125,65897.328125,65906.609375,65862.6171875,65867.203125,22130688
2026-07-22 20:20:00+00:00,65895.0078125,65895.0078125,65906.7734375,65895.0078125,65897.328125,0
2026-07-22 20:21:00+00:00,65870.3125,65870.3125,65890.5078125,65866.96875,65890.5078125,0
2026-07-22 20:22:00+00:00,65888.3515625,65888.3515625,65888.3515625,65866.65625,65870.3125,0
2026-07-22 20:23:00+00:00,65882.453125,65882.453125,65891.8203125,65882.4375,65888.296875,5679104
2026-07-22 20:24:00+00:00,65900.5078125,65900.5078125,65904.0703125,65895.84375,65899.3203125,0
2026-07-22 20:25:00+00:00,65931.8515625,65931.8515625,65950.953125,65900.5078125,65900.5078125,2560000
2026-07-22 20:26:00+00:00,65891.09375,65891.09375,65928.4296875,65891.09375,65925.25,0
2026-07-22 20:27:00+00:00,65878.3984375,65878.3984375,65889.7734375,65874.3828125,65889.7578125,87703552
2026-07-22 20:28:00+00:00,65887.7421875,65887.7421875,65891.1015625,65876.078125,65878.3984375,3938304
2026-07-22 20:29:00+00:00,65898.5625,65898.5625,65914.671875,65891.09375,65891.09375,7780352
2026-07-22 20:30:00+00:00,65907.5234375,65907.5234375,65907.5234375,65892.3671875,65898.5625,2758656
2026-07-22 20:31:00+00:00,65905.6328125,65905.6328125,65914.0234375,65902.5078125,65906.6171875,0
2026-07-22 20:32:00+00:00,65905.671875,65905.671875,65914.0234375,65902.6015625,65908.84375,1241088
2026-07-22 20:33:00+00:00,65902.578125,65902.578125,65914.0,65900.8828125,65904.65625,0
2026-07-22 20:34:00+00:00,65877.3203125,65877.3203125,65902.578125,65871.34375,65902.578125,260096
2026-07-22 20:35:00+00:00,65884.921875,65884.921875,65887.8828125,65872.65625,65872.65625,15491072
2026-07-22 20:36:00+00:00,65886.4765625,65886.4765625,65898.546875,65884.640625,65884.921875,0
2026-07-22 20:37:00+00:00,65871.703125,65871.703125,65889.4296875,65870.0,65886.46875,1290240
2026-07-22 20:38:00+00:00,65894.84375,65894.84375,65898.0,65878.3984375,65878.3984375,6023168
2026-07-22 20:39:00+00:00,65917.3828125,65917.3828125,65917.3828125,65894.84375,65894.84375,0
2026-07-22 20:40:00+00:00,65896.84375,65896.84375,65906.6328125,65895.0078125,65906.6171875,0
2026-07-22 20:41:00+00:00,65896.578125,65896.578125,65896.828125,65890.0,65896.828125,0
2026-07-22 20:42:00+00:00,65907.796875,65907.796875,65913.1171875,65898.1015625,65898.1015625,0
2026-07-22 20:43:00+00:00,65911.53125,65911.53125,65911.53125,65907.796875,65910.28125,35471360
2026-07-22 20:44:00+00:00,65920.46875,65920.46875,65920.46875,65914.859375,65914.859375,0
2026-07-22 20:45:00+00:00,65890.0,65890.0,65919.15625,65890.0,65919.15625,0
2026-07-22 20:46:00+00:00,65873.703125,65873.703125,65890.0078125,65873.65625,65890.0,0
2026-07-22 20:47:00+00:00,65861.3828125,65861.3828125,65888.71875,65861.3828125,65875.5390625,356352
2026-07-22 20:48:00+00:00,65882.890625,65882.890625,65882.890625,65865.0078125,65865.0078125,0
2026-07-22 20:49:00+00:00,65887.96875,65887.96875,65887.96875,65885.28125,65887.46875,319488
2026-07-22 20:50:00+00:00,65893.46875,65893.46875,65893.46875,65887.96875,65887.96875,0
2026-07-22 20:51:00+00:00,65904.3203125,65904.3203125,65907.0,65893.2109375,65893.46875,0
2026-07-22 20:52:00+00:00,65902.5703125,65902.5703125,65906.8671875,65890.5,65904.3203125,0
2026-07-22 20:53:00+00:00,65909.75,65909.75,65912.1171875,65897.8984375,65897.8984375,0
2026-07-22 20:54:00+00:00,65891.2265625,65891.2265625,65902.59375,65888.6015625,65902.59375,12197888
2026-07-22 20:55:00+00:00,65900.703125,65900.703125,65900.703125,65891.2421875,65891.2421875,0
2026-07-22 20:56:00+00:00,65900.6171875,65900.6171875,65901.8125,65897.40625,65897.40625,0
2026-07-22 20:57:00+00:00,65884.171875,65884.171875,65900.671875,65884.140625,65900.6328125,0
2026-07-22 20:58:00+00:00,65883.21875,65883.21875,65890.21875,65874.3828125,65884.171875,10469376
2026-07-22 20:59:00+00:00,65892.421875,65892.421875,65892.421875,65880.7109375,65880.7109375,0
2026-07-22 21:00:00+00:00,65898.6484375,65898.6484375,65900.296875,65891.09375,65891.15625,2240512
2026-07-22 21:01:00+00:00,65884.0390625,65884.0390625,65898.65625,65884.0390625,65898.65625,0
2026-07-22 21:02:00+00:00,65882.796875,65882.796875,65896.28125,65875.84375,65884.046875,0
2026-07-22 21:03:00+00:00,65884.296875,65884.296875,65884.296875,65882.1171875,65882.796875,0
2026-07-22 21:04:00+00:00,65896.0234375,65896.0234375,65896.0234375,65882.5390625,65884.296875,0
2026-07-22 21:05:00+00:00,65910.9921875,65910.9921875,65911.0,65896.0234375,65896.0234375,0
2026-07-22 21:06:00+00:00,65910.640625,65910.640625,65910.640625,65896.9296875,65898.5625,0
2026-07-22 21:07:00+00:00,65898.2890625,65898.2890625,65910.6484375,65894.53125,65910.640625,0
2026-07-22 21:08:00+00:00,65901.8125,65901.8125,65901.8125,65894.75,65897.40625,0
2026-07-22 21:09:00+00:00,65895.1484375,65895.1484375,65901.8125,65891.8515625,65901.8125,0
2026-07-22 21:10:00+00:00,65899.6796875,65899.6796875,65899.6796875,65891.71875,65891.71875,0
2026-07-22 21:11:00+00:00,65887.65625,65887.65625,65899.6796875,65887.65625,65899.6796875,0
2026-07-22 21:12:00+00:00,65889.84375,65889.84375,65895.09375,65886.359375,65886.359375,0
2026-07-22 21:13:00+00:00,65889.09375,65889.09375,65894.3515625,65889.09375,65889.828125,0
2026-07-22 21:14:00+00:00,65908.2265625,65908.2265625,65908.2265625,65889.0625,65891.65625,0
2026-07-22 21:15:00+00:00,65910.640625,65910.640625,65910.6484375,65901.0390625,65901.0390625,0
2026-07-22 21:16:00+00:00,65910.890625,65910.890625,65910.8984375,65910.640625,65910.640625,0
2026-07-22 21:17:00+00:00,65914.34375,65914.34375,65917.2421875,65910.890625,65910.890625,12263424
2026-07-22 21:18:00+00:00,65882.4296875,65882.4296875,65904.140625,65863.7578125,65904.140625,0
2026-07-22 21:19:00+00:00,65887.4296875,65887.4296875,65887.4375,65882.7265625,65882.7265625,0
2026-07-22 21:20:00+00:00,65907.5390625,65907.5390625,65907.5390625,65887.4296875,65887.4296875,0
2026-07-22 21:21:00+00:00,65906.0625,65906.0625,65912.7734375,65906.0625,65912.6171875,0
2026-07-22 21:22:00+00:00,65898.390625,65898.390625,65906.4765625,65898.390625,65906.0625,11030528
2026-07-22 21:23:00+00:00,65894.3203125,65894.3203125,65897.34375,65887.4296875,65897.328125,28354560
2026-07-22 21:24:00+00:00,65887.3203125,65887.3203125,65889.40625,65887.3203125,65889.3984375,0
2026-07-22 21:25:00+00:00,65866.328125,65866.328125,65874.3828125,65866.3203125,65874.3828125,0
2026-07-22 21:26:00+00:00,65878.3984375,65878.3984375,65878.3984375,65866.328125,65866.328125,0
2026-07-22 21:27:00+00:00,65880.328125,65880.328125,65880.34375,65878.3984375,65878.40625,0
2026-07-22 21:28:00+00:00,65878.171875,65878.171875,65880.75,65875.6328125,65880.34375,276480
2026-07-22 21:29:00+00:00,65878.0078125,65878.0078125,65880.6796875,65878.0078125,65878.1796875,290816
2026-07-22 21:30:00+00:00,65883.84375,65883.84375,65883.84375,65878.0234375,65878.0234375,0
2026-07-22 21:31:00+00:00,65883.84375,65883.84375,65894.5234375,65883.84375,65883.84375,0
2026-07-22 21:32:00+00:00,65883.84375,65883.84375,65883.8515625,65883.84375,65883.84375,0
2026-07-22 21:33:00+00:00,65895.0390625,65895.0390625,65895.0390625,65887.2265625,65887.2265625,0
2026-07-22 21:34:00+00:00,65922.7265625,65922.7265625,65922.7265625,65895.046875,65895.046875,0
2026-07-22 21:35:00+00:00,65977.1015625,65977.1015625,65977.1015625,65922.7265625,65922.7265625,0
2026-07-22 21:36:00+00:00,65985.8515625,65985.8515625,65985.8515625,65982.6875,65982.796875,0
2026-07-22 21:37:00+00:00,66024.1875,66024.1875,66039.390625,65985.8515625,65985.8515625,0
2026-07-22 21:38:00+00:00,66019.46875,66019.46875,66034.4609375,66019.46875,66034.4609375,0
2026-07-22 21:39:00+00:00,66019.4609375,66019.4609375,66019.46875,66019.4609375,66019.4609375,3108864
2026-07-22 21:40:00+00:00,66049.3203125,66049.3203125,66063.78125,66039.6015625,66039.6015625,0
2026-07-22 21:41:00+00:00,66046.3984375,66046.3984375,66060.6875,66041.5078125,66055.15625,0
2026-07-22 21:42:00+00:00,66074.2578125,66074.2578125,66074.2578125,66046.3984375,66046.3984375,30939136
2026-07-22 21:43:00+00:00,66094.6875,66094.6875,66097.4765625,66074.2578125,66074.2578125,1206272
2026-07-22 21:44:00+00:00,66087.96875,66087.96875,66098.140625,66075.96875,66096.1484375,0
2026-07-22 21:45:00+00:00,66052.8671875,66052.8671875,66095.4296875,66047.65625,66087.96875,0
2026-07-22 21:46:00+00:00,66023.953125,66023.953125,66062.5625,66019.4609375,66052.8671875,0
2026-07-22 21:47:00+00:00,66053.7890625,66053.7890625,66053.7890625,66032.921875,66032.921875,0
2026-07-22 21:48:00+00:00,66086.6015625,66086.6015625,66086.6015625,66043.640625,66057.109375,30720
2026-07-22 21:49:00+00:00,66090.0625,66090.0625,66090.0625,66066.5078125,66079.8984375,0
2026-07-22 21:50:00+00:00,66095.0703125,66095.0703125,66097.5078125,66091.15625,66091.15625,122832896
2026-07-22 21:51:00+00:00,66095.6875,66095.6875,66100.0,66090.0625,66099.0,0
2026-07-22 21:52:00+00:00,66055.140625,66055.140625,66095.6875,66051.703125,66095.6875,0
2026-07-22 21:53:00+00:00,66063.78125,66063.78125,66063.78125,66050.2109375,66050.2109375,0
2026-07-22 21:54:00+00:00,66031.5078125,66031.5078125,66067.0078125,66021.96875,66067.0078125,0
2026-07-22 21:55:00+00:00,66028.2578125,66028.2578125,66036.5625,66008.03125,66034.171875,0
2026-07-22 21:56:00+00:00,66023.9609375,66023.9609375,66028.2578125,66023.640625,66028.2578125,0
2026-07-22 21:57:00+00:00,66028.0625,66028.0625,66028.0625,66023.953125,66023.953125,26710016
2026-07-22 21:58:00+00:00,66018.453125,66018.453125,66028.0703125,66008.03125,66028.0625,219136
2026-07-22 21:59:00+00:00,66040.2578125,66040.2578125,66040.2578125,66023.3984375,66023.3984375,0
2026-07-22 22:00:00+00:00,66009.2890625,66009.2890625,66041.25,65977.6328125,66041.25,0
2026-07-22 22:01:00+00:00,65973.9921875,65973.9921875,66002.6875,65973.9921875,66002.6875,0
2026-07-22 22:02:00+00:00,65961.9921875,65961.9921875,65969.4609375,65935.0078125,65969.4609375,0
2026-07-22 22:03:00+00:00,65961.0234375,65961.0234375,66010.4921875,65961.0234375,65972.421875,0
2026-07-22 22:04:00+00:00,65974.421875,65974.421875,65979.1484375,65961.0078125,65961.0078125,0
2026-07-22 22:05:00+00:00,65974.171875,65974.171875,65974.4375,65967.0703125,65974.4375,0
2026-07-22 22:06:00+00:00,66009.0234375,66009.0234375,66009.0234375,65970.8671875,65970.8671875,0
2026-07-22 22:07:00+00:00,65963.046875,65963.046875,66009.0234375,65960.0,66009.0234375,0
2026-07-22 22:08:00+00:00,65950.953125,65950.953125,65963.0390625,65950.953125,65963.0390625,0
2026-07-22 22:09:00+00:00,65979.078125,65979.078125,65979.078125,65950.953125,65950.953125,2418688
2026-07-22 22:10:00+00:00,65980.4765625,65980.4765625,65987.9921875,65979.1484375,65979.1484375,0
2026-07-22 22:11:00+00:00,65985.9921875,65985.9921875,65986.0,65973.3828125,65980.4921875,0
2026-07-22 22:12:00+00:00,65995.2734375,65995.2734375,65998.4921875,65983.9609375,65985.9921875,0
2026-07-22 22:13:00+00:00,65977.6796875,65977.6796875,65989.1171875,65967.9921875,65987.21875,735232
2026-07-22 22:14:00+00:00,65976.7578125,65976.7578125,65990.75,65975.1328125,65981.1875,0
2026-07-22 22:15:00+00:00,65981.9921875,65981.9921875,65983.6796875,65976.7578125,65983.6796875,0
2026-07-22 22:16:00+00:00,65967.09375,65967.09375,65985.953125,65967.078125,65981.9921875,0
2026-07-22 22:17:00+00:00,65979.1484375,65979.1484375,65979.1484375,65963.0390625,65963.0390625,0
2026-07-22 22:18:00+00:00,65991.7734375,65991.7734375,65991.78125,65985.046875,65985.0625,0
2026-07-22 22:19:00+00:00,65967.640625,65967.640625,65991.7734375,65963.65625,65991.7734375,2007040
2026-07-22 22:20:00+00:00,65910.7890625,65910.7890625,65963.671875,65910.7890625,65963.65625,0
2026-07-22 22:21:00+00:00,65915.8671875,65915.8671875,65924.2109375,65906.6171875,65910.453125,0
2026-07-22 22:22:00+00:00,65930.71875,65930.71875,65934.8203125,65897.65625,65911.8984375,0
2026-07-22 22:23:00+00:00,65941.46875,65941.46875,65941.46875,65914.6796875,65930.7265625,0
2026-07-22 22:24:00+00:00,65971.9296875,65971.9296875,65974.4765625,65940.7578125,65950.9375,0
2026-07-22 22:25:00+00:00,65990.6484375,65990.6484375,65990.65625,65971.921875,65971.921875,0
2026-07-22 22:26:00+00:00,65992.6015625,65992.6015625,65992.6015625,65990.65625,65990.65625,0
2026-07-22 22:27:00+00:00,65997.5390625,65997.5390625,65997.5390625,65992.59375,65992.6015625,0
2026-07-22 22:28:00+00:00,65997.5390625,65997.5390625,65997.5390625,65990.0078125,65997.5390625,0
2026-07-22 22:29:00+00:00,65991.328125,65991.328125,66000.0,65991.3203125,65997.546875,0
2026-07-22 22:30:00+00:00,65975.140625,65975.140625,65991.328125,65975.140625,65991.3203125,770048
2026-07-22 22:31:00+00:00,65974.9375,65974.9375,65979.15625,65967.078125,65975.140625,0
2026-07-22 22:32:00+00:00,65983.7109375,65983.7109375,65986.4921875,65975.1328125,65979.15625,0
2026-07-22 22:33:00+00:00,65979.1484375,65979.1484375,65983.71875,65972.0625,65983.7109375,0
2026-07-22 22:34:00+00:00,65941.1484375,65941.1484375,65979.1484375,65939.5,65979.1484375,7081984
2026-07-22 22:35:00+00:00,65928.9921875,65928.9921875,65945.890625,65902.78125,65943.9921875,0
2026-07-22 22:36:00+00:00,65922.59375,65922.59375,65928.1328125,65914.3125,65922.7421875,0
2026-07-22 22:37:00+00:00,65936.4609375,65936.4609375,65944.359375,65927.3125,65927.3125,5455872
2026-07-22 22:38:00+00:00,65927.3125,65927.3125,65939.4375,65927.3125,65936.4609375,0
2026-07-22 22:39:00+00:00,65923.5234375,65923.5234375,65927.3203125,65923.5234375,65927.3125,24104960
2026-07-22 22:40:00+00:00,65908.390625,65908.390625,65918.71875,65907.0625,65918.7109375,0
2026-07-22 22:41:00+00:00,65927.3125,65927.3125,65927.3125,65911.5703125,65911.5703125,0
2026-07-22 22:42:00+00:00,65923.96875,65923.96875,65938.8515625,65922.7265625,65927.3203125,98564096
2026-07-22 22:43:00+00:00,65934.1328125,65934.1328125,65934.1328125,65923.96875,65923.96875,0
2026-07-22 22:44:00+00:00,65927.703125,65927.703125,65934.1328125,65926.0078125,65934.1328125,0
2026-07-22 22:45:00+00:00,65919.0,65919.0,65929.1875,65914.8984375,65927.6875,2185216
2026-07-22 22:46:00+00:00,65938.2265625,65938.2265625,65938.2265625,65921.7265625,65921.7265625,0
2026-07-22 22:47:00+00:00,65946.609375,65946.609375,65950.953125,65938.2265625,65938.2265625,1153024
2026-07-22 22:48:00+00:00,65958.3984375,65958.3984375,65958.40625,65946.609375,65946.609375,0
2026-07-22 22:49:00+00:00,65997.828125,65997.828125,65997.828125,65969.6328125,65969.6328125,0
2026-07-22 22:50:00+00:00,65976.09375,65976.09375,65999.3125,65975.65625,65997.84375,0
2026-07-22 22:51:00+00:00,65991.2421875,65991.2421875,65991.25,65976.09375,65976.09375,0
2026-07-22 22:52:00+00:00,66003.328125,66003.328125,66003.34375,65991.2421875,65991.2421875,782336
2026-07-22 22:53:00+00:00,65986.78125,65986.78125,66004.421875,65979.15625,66003.328125,0
2026-07-22 22:54:00+00:00,66007.9921875,66007.9921875,66007.9921875,65986.78125,65986.78125,0
2026-07-22 22:55:00+00:00,65996.59375,65996.59375,66009.7109375,65996.578125,66007.9921875,2076672
2026-07-22 22:56:00+00:00,66017.96875,66017.96875,66019.453125,65997.890625,65997.890625,0
2026-07-22 22:57:00+00:00,65991.2578125,65991.2578125,66020.96875,65991.25,66017.9609375,0
2026-07-22 22:58:00+00:00,65994.25,65994.25,65994.25,65984.6484375,65984.65625,794624
2026-07-22 22:59:00+00:00,66014.3828125,66014.3828125,66014.3828125,65994.2421875,65994.2421875,7354368
2026-07-22 23:00:00+00:00,66017.5078125,66017.5078125,66017.9921875,66003.3515625,66017.9921875,0
2026-07-22 23:01:00+00:00,66003.34375,66003.34375,66010.0078125,65990.34375,66006.9921875,0
2026-07-22 23:02:00+00:00,66010.421875,66010.421875,66020.953125,65999.4375,66003.328125,0
2026-07-22 23:03:00+00:00,66000.1484375,66000.1484375,66000.1484375,65991.5,65999.4375,1677312
2026-07-22 23:04:00+00:00,65992.0,65992.0,66007.3671875,65990.0,66000.1484375,0
2026-07-22 23:05:00+00:00,65999.3125,65999.3125,66008.078125,65990.0,65999.296875,0
2026-07-22 23:06:00+00:00,66000.0,66000.0,66008.1484375,65999.3125,65999.3125,0
2026-07-22 23:07:00+00:00,66031.5390625,66031.5390625,66031.5390625,66000.0,66000.0,788480
2026-07-22 23:08:00+00:00,66025.28125,66025.28125,66031.1484375,66025.28125,66028.03125,0
2026-07-22 23:09:00+00:00,66033.1328125,66033.1328125,66033.1328125,66022.0,66027.796875,0
2026-07-22 23:10:00+00:00,66036.0078125,66036.0078125,66042.703125,66029.1796875,66033.0625,0
2026-07-22 23:11:00+00:00,65959.0078125,65959.0078125,66039.2109375,65959.0078125,66034.5,0
2026-07-22 23:12:00+00:00,65941.9765625,65941.9765625,65963.953125,65941.953125,65959.0078125,111386624
2026-07-22 23:13:00+00:00,65893.9765625,65893.9765625,65948.0703125,65890.6015625,65947.25,5363712
2026-07-22 23:14:00+00:00,65865.7734375,65865.7734375,65904.8515625,65835.5625,65903.0078125,0
2026-07-22 23:15:00+00:00,65872.0703125,65872.0703125,65886.4609375,65868.0,65874.3828125,7796736
2026-07-22 23:16:00+00:00,65890.4921875,65890.4921875,65893.4375,65865.78125,65872.0703125,0
2026-07-22 23:17:00+00:00,65848.0078125,65848.0078125,65876.796875,65848.0,65871.5625,85872640
2026-07-22 23:18:00+00:00,65830.0390625,65830.0390625,65848.0,65814.5625,65848.0,1603584
2026-07-22 23:19:00+00:00,65862.171875,65862.171875,65868.5390625,65830.0390625,65830.0390625,927744
2026-07-22 23:20:00+00:00,65898.6875,65898.6875,65898.6875,65862.171875,65862.171875,8814592
2026-07-22 23:21:00+00:00,65935.7265625,65935.7265625,65935.7265625,65898.6875,65898.6875,0
2026-07-22 23:22:00+00:00,65939.59375,65939.59375,65939.6015625,65932.28125,65932.2890625,3706880
2026-07-22 23:23:00+00:00,65938.28125,65938.28125,65939.59375,65931.578125,65931.578125,0
2026-07-22 23:24:00+00:00,65942.7734375,65942.7734375,65942.7734375,65928.0078125,65938.28125,368640
2026-07-22 23:25:00+00:00,65927.53125,65927.53125,65942.7734375,65917.0703125,65942.7734375,0
2026-07-22 23:26:00+00:00,65953.640625,65953.640625,65953.640625,65930.796875,65930.796875,0
2026-07-22 23:27:00+00:00,65950.9609375,65950.9609375,65971.09375,65947.828125,65947.828125,0
2026-07-22 23:28:00+00:00,65949.3828125,65949.3828125,65962.0078125,65949.3828125,65950.9609375,0
2026-07-22 23:29:00+00:00,65942.8984375,65942.8984375,65957.7734375,65942.8984375,65949.390625,0
2026-07-22 23:30:00+00:00,65967.7109375,65967.7109375,65967.7109375,65938.9296875,65938.9296875,0
2026-07-22 23:31:00+00:00,65938.859375,65938.859375,65964.0078125,65938.859375,65964.0078125,0
2026-07-22 23:32:00+00:00,65956.671875,65956.671875,65958.296875,65938.859375,65938.859375,12316672
2026-07-22 23:33:00+00:00,65940.2734375,65940.2734375,65958.2890625,65938.859375,65958.2890625,20791296
2026-07-22 23:34:00+00:00,65930.2578125,65930.2578125,65958.1015625,65930.2578125,65938.8515625,0
2026-07-22 23:35:00+00:00,65938.859375,65938.859375,65938.859375,65923.671875,65923.671875,80074752
2026-07-22 23:36:00+00:00,65943.7109375,65943.7109375,65953.4765625,65937.0625,65940.6484375,0
2026-07-22 23:37:00+00:00,65942.671875,65942.671875,65951.0078125,65930.796875,65943.7109375,765952
2026-07-22 23:38:00+00:00,65943.0078125,65943.0078125,65949.390625,65935.6875,65946.59375,6699008
2026-07-22 23:39:00+00:00,65948.15625,65948.15625,65957.2890625,65941.703125,65943.0078125,745472
2026-07-22 23:40:00+00:00,65958.7578125,65958.7578125,65958.7578125,65942.90625,65948.953125,0
2026-07-22 23:41:00+00:00,65957.0234375,65957.0234375,65965.8203125,65957.0234375,65965.8203125,0
2026-07-22 23:42:00+00:00,65942.890625,65942.890625,65946.921875,65942.890625,65946.921875,12621824
2026-07-22 23:43:00+00:00,65945.9921875,65945.9921875,65945.9921875,65934.84375,65942.890625,327680
2026-07-22 23:44:00+00:00,65957.0078125,65957.0078125,65957.0078125,65945.9921875,65945.9921875,907546624
2026-07-22 23:45:00+00:00,65972.46875,65972.46875,65972.46875,65947.7421875,65947.7421875,0
2026-07-22 23:46:00+00:00,65993.1875,65993.1875,65993.1875,65975.1171875,65975.1171875,0
2026-07-22 23:47:00+00:00,65969.796875,65969.796875,65993.1875,65969.796875,65993.1875,0
2026-07-22 23:48:00+00:00,65990.828125,65990.828125,65990.828125,65971.796875,65971.796875,0
2026-07-22 23:49:00+00:00,65998.9609375,65998.9609375,65998.9609375,65990.828125,65990.828125,0
2026-07-22 23:50:00+00:00,65994.0,65994.0,65999.296875,65991.953125,65998.9609375,6379520
2026-07-22 23:51:00+00:00,65999.1171875,65999.1171875,65999.1171875,65986.3828125,65986.3828125,0
2026-07-22 23:52:00+00:00,65998.0078125,65998.0078125,65999.1328125,65998.0078125,65999.1171875,0
2026-07-22 23:53:00+00:00,65999.109375,65999.109375,65999.109375,65997.9296875,65998.0078125,0
2026-07-22 23:54:00+00:00,66039.53125,66039.53125,66039.53125,65999.109375,65999.109375,0
2026-07-22 23:55:00+00:00,66020.921875,66020.921875,66027.5234375,66019.4609375,66027.5234375,0
2026-07-22 23:56:00+00:00,66088.0,66088.0,66088.0,66020.921875,66020.921875,0
2026-07-22 23:57:00+00:00,66089.671875,66089.671875,66093.1484375,66079.0078125,66079.921875,0
2026-07-22 23:58:00+00:00,66098.0,66098.0,66113.890625,66093.15625,66093.15625,0
2026-07-23 00:00:00+00:00,66087.9609375,66087.9609375,66098.4609375,66076.0,66098.453125,0
2026-07-23 00:01:00+00:00,66059.4921875,66059.4921875,66083.453125,66052.0,66083.453125,0
2026-07-23 00:02:00+00:00,66043.640625,66043.640625,66070.0,66042.3984375,66067.671875,0
2026-07-23 00:03:00+00:00,66063.671875,66063.671875,66063.671875,66040.03125,66044.140625,139264
2026-07-23 00:04:00+00:00,66108.109375,66108.109375,66108.109375,66067.8203125,66067.8203125,1980416
2026-07-23 00:05:00+00:00,66117.640625,66117.640625,66117.640625,66108.1171875,66108.1171875,80691200
2026-07-23 00:06:00+00:00,66156.2265625,66156.2265625,66156.2265625,66121.6171875,66140.2890625,0
2026-07-23 00:07:00+00:00,66157.90625,66157.90625,66160.203125,66148.4296875,66156.2265625,0
2026-07-23 00:08:00+00:00,66189.6875,66189.6875,66189.6875,66160.1875,66160.1875,0
2026-07-23 00:09:00+00:00,66170.71875,66170.71875,66214.5390625,66168.578125,66189.6875,5672960
2026-07-23 00:10:00+00:00,66169.84375,66169.84375,66177.59375,66156.4765625,66177.578125,0
2026-07-23 00:11:00+00:00,66191.546875,66191.546875,66191.546875,66169.828125,66169.828125,0
2026-07-23 00:12:00+00:00,66177.7734375,66177.7734375,66203.390625,66177.7734375,66191.546875,0
2026-07-23 00:13:00+00:00,66147.2890625,66147.2890625,66172.609375,66147.2890625,66172.609375,0
2026-07-23 00:14:00+00:00,66152.4375,66152.4375,66171.5390625,66143.46875,66148.4296875,0
2026-07-23 00:15:00+00:00,66144.0,66144.0,66159.7578125,66143.9921875,66159.1328125,0
2026-07-23 00:16:00+00:00,66160.5,66160.5,66163.0703125,66124.2890625,66128.2734375,0
2026-07-23 00:17:00+00:00,66169.5,66169.5,66219.0,66169.4921875,66169.4921875,0
2026-07-23 00:18:00+00:00,66138.59375,66138.59375,66171.046875,66124.25,66171.0390625,16934912
2026-07-23 00:19:00+00:00,66156.46875,66156.46875,66156.46875,66138.59375,66138.59375,2287616
2026-07-23 00:20:00+00:00,66197.5234375,66197.5234375,66197.5234375,66156.46875,66156.46875,111134720
2026-07-23 00:21:00+00:00,66198.03125,66198.03125,66198.0390625,66190.0703125,66195.3828125,0
2026-07-23 00:22:00+00:00,66233.7890625,66233.7890625,66233.7890625,66204.828125,66204.828125,0
2026-07-23 00:23:00+00:00,66220.0,66220.0,66246.453125,66220.0,66223.953125,0
2026-07-23 00:24:00+00:00,66244.25,66244.25,66244.2578125,66218.9609375,66218.9609375,0
2026-07-23 00:25:00+00:00,66247.453125,66247.453125,66247.453125,66244.25,66244.25,1511424
2026-07-23 00:26:00+00:00,66245.0,66245.0,66255.6171875,66245.0,66247.453125,0
2026-07-23 00:27:00+00:00,66262.4609375,66262.4609375,66280.609375,66262.4609375,66268.84375,0
2026-07-23 00:28:00+00:00,66234.84375,66234.84375,66269.9765625,66234.84375,66269.9765625,0
2026-07-23 00:29:00+00:00,66219.2734375,66219.2734375,66234.84375,66219.2578125,66234.84375,0
2026-07-23 00:30:00+00:00,66169.1015625,66169.1015625,66232.3203125,66160.5078125,66217.0625,5355520
2026-07-23 00:31:00+00:00,66182.2109375,66182.2109375,66182.2109375,66155.5625,66167.1875,0
2026-07-23 00:32:00+00:00,66195.03125,66195.03125,66200.796875,66177.0,66177.0,100157440
2026-07-23 00:33:00+00:00,66199.9921875,66199.9921875,66199.9921875,66180.8828125,66195.03125,3872768
2026-07-23 00:34:00+00:00,66234.921875,66234.921875,66234.921875,66199.9921875,66199.9921875,0
2026-07-23 00:35:00+00:00,66227.6328125,66227.6328125,66242.6484375,66227.6328125,66239.890625,0
2026-07-23 00:36:00+00:00,66192.75,66192.75,66224.6484375,66192.75,66221.640625,0
2026-07-23 00:37:00+00:00,66174.078125,66174.078125,66185.3203125,66174.078125,66184.6875,11626496
2026-07-23 00:38:00+00:00,66172.6015625,66172.6015625,66183.3984375,66172.6015625,66183.3984375,0
2026-07-23 00:39:00+00:00,66165.953125,66165.953125,66170.0078125,66154.0703125,66170.0078125,0
2026-07-23 00:40:00+00:00,66163.2421875,66163.2421875,66172.609375,66156.609375,66165.9609375,0
2026-07-23 00:41:00+00:00,66177.96875,66177.96875,66183.109375,66165.84375,66165.84375,0
2026-07-23 00:42:00+00:00,66128.6484375,66128.6484375,66188.328125,66128.6484375,66186.5390625,10977280
2026-07-23 00:43:00+00:00,66151.28125,66151.28125,66151.3125,66138.1875,66138.1875,20875264
2026-07-23 00:44:00+00:00,66111.1484375,66111.1484375,66150.6328125,66111.1484375,66143.8515625,0
2026-07-23 00:45:00+00:00,66149.2265625,66149.2265625,66149.2265625,66117.75,66117.7578125,0
2026-07-23 00:46:00+00:00,66169.9765625,66169.9765625,66169.9765625,66149.2265625,66149.2265625,0
2026-07-23 00:47:00+00:00,66163.25,66163.25,66169.9765625,66152.4375,66169.9765625,0
2026-07-23 00:48:00+00:00,66147.9375,66147.9375,66160.5078125,66147.9296875,66160.5,0
2026-07-23 00:49:00+00:00,66107.171875,66107.171875,66153.578125,66107.171875,66144.390625,0
2026-07-23 00:50:00+00:00,66096.0234375,66096.0234375,66125.359375,66084.4921875,66100.0703125,0
2026-07-23 00:51:00+00:00,66139.0703125,66139.0703125,66139.0703125,66082.96875,66082.96875,0
2026-07-23 00:52:00+00:00,66100.0703125,66100.0703125,66139.90625,66100.0703125,66139.90625,1132544
2026-07-23 00:53:00+00:00,66089.2890625,66089.2890625,66100.0703125,66076.421875,66100.0703125,24139776
2026-07-23 00:54:00+00:00,66091.9375,66091.9375,66091.9375,66091.0703125,66091.0703125,82042880
2026-07-23 00:55:00+00:00,66048.65625,66048.65625,66091.9296875,66042.0,66091.9296875,3346432
2026-07-23 00:56:00+00:00,66038.3671875,66038.3671875,66051.6875,66037.4609375,66042.390625,0
2026-07-23 00:57:00+00:00,66031.5390625,66031.5390625,66033.3984375,66023.5625,66031.5625,39522304
2026-07-23 00:58:00+00:00,66026.0078125,66026.0078125,66034.0,66026.0,66034.0,0
2026-07-23 00:59:00+00:00,66033.59375,66033.59375,66040.6171875,66026.1796875,66027.34375,0
2026-07-23 01:00:00+00:00,66003.3515625,66003.3515625,66035.5703125,66003.3515625,66032.859375,0
2026-07-23 01:01:00+00:00,66046.9765625,66046.9765625,66047.5078125,66007.3671875,66013.5,0
2026-07-23 01:02:00+00:00,66056.328125,66056.328125,66063.5,66035.59375,66043.640625,0
2026-07-23 01:03:00+00:00,66083.4296875,66083.4296875,66087.1796875,66058.609375,66058.609375,0
2026-07-23 01:04:00+00:00,66107.9609375,66107.9609375,66107.9609375,66084.609375,66087.1796875,0
2026-07-23 01:05:00+00:00,66169.0234375,66169.0234375,66169.0234375,66117.8203125,66117.8203125,0
2026-07-23 01:06:00+00:00,66116.1796875,66116.1796875,66180.3515625,66116.1796875,66169.0078125,0
2026-07-23 01:07:00+00:00,66120.21875,66120.21875,66144.453125,66108.1328125,66112.15625,0
2026-07-23 01:08:00+00:00,66008.9375,66008.9375,66127.3515625,66008.9375,66126.9765625,0
2026-07-23 01:09:00+00:00,65995.4375,65995.4375,66014.9765625,65993.0234375,66010.140625,0
2026-07-23 01:10:00+00:00,66019.46875,66019.46875,66027.5078125,65995.4375,65995.4375,10573824
2026-07-23 01:11:00+00:00,66034.671875,66034.671875,66037.9765625,66019.4609375,66019.4609375,0
2026-07-23 01:12:00+00:00,66006.09375,66006.09375,66034.671875,66006.09375,66034.671875,72433664
2026-07-23 01:13:00+00:00,66008.8984375,66008.8984375,66014.34375,66006.03125,66006.078125,0
2026-07-23 01:14:00+00:00,66012.71875,66012.71875,66012.71875,66007.359375,66007.421875,0
2026-07-23 01:15:00+00:00,66003.34375,66003.34375,66014.25,66003.34375,66014.25,0
2026-07-23 01:16:00+00:00,65972.75,65972.75,65979.609375,65965.5,65979.609375,0
2026-07-23 01:17:00+00:00,65888.1171875,65888.1171875,65972.9375,65883.84375,65972.9375,0
2026-07-23 01:18:00+00:00,65892.359375,65892.359375,65902.59375,65890.2421875,65895.0078125,0
2026-07-23 01:19:00+00:00,65885.328125,65885.328125,65887.40625,65876.0625,65887.171875,4524032
2026-07-23 01:20:00+00:00,65894.5234375,65894.5234375,65895.15625,65868.2734375,65878.40625,0
2026-07-23 01:21:00+00:00,65944.96875,65944.96875,65949.921875,65900.0,65900.0,0
2026-07-23 01:22:00+00:00,65924.3203125,65924.3203125,65950.9375,65924.3203125,65944.96875,172032
2026-07-23 01:23:00+00:00,65907.6328125,65907.6328125,65922.7421875,65893.6171875,65922.7421875,127332352
2026-07-23 01:24:00+00:00,65882.40625,65882.40625,65947.2890625,65882.40625,65907.6328125,0
2026-07-23 01:25:00+00:00,65898.5625,65898.5625,65909.7734375,65878.40625,65878.40625,14551040
2026-07-23 01:26:00+00:00,65915.59375,65915.59375,65918.703125,65882.4375,65890.5078125,0
2026-07-23 01:27:00+00:00,65910.6484375,65910.6484375,65932.0,65910.6484375,65915.59375,43354112
2026-07-23 01:28:00+00:00,65906.6328125,65906.6328125,65924.3984375,65902.6015625,65902.6015625,5101568
2026-07-23 01:29:00+00:00,65898.5625,65898.5625,65908.9921875,65898.5625,65908.9921875,171190272
2026-07-23 01:30:00+00:00,65835.5703125,65835.5703125,65902.59375,65835.5703125,65902.59375,0
2026-07-23 01:31:00+00:00,65806.0,65806.0,65862.28125,65800.921875,65839.2890625,0
2026-07-23 01:32:00+00:00,65853.640625,65853.640625,65853.640625,65806.0078125,65806.0078125,4456448
2026-07-23 01:33:00+00:00,65836.2109375,65836.2109375,65861.4921875,65836.2109375,65861.4921875,0
2026-07-23 01:34:00+00:00,65834.2421875,65834.2421875,65860.75,65830.1875,65843.25,307200
2026-07-23 01:35:00+00:00,65819.8515625,65819.8515625,65830.1875,65809.90625,65830.1875,0
2026-07-23 01:36:00+00:00,65805.9921875,65805.9921875,65813.2734375,65785.203125,65813.2734375,0
2026-07-23 01:37:00+00:00,65750.0,65750.0,65799.9921875,65750.0,65796.7421875,0
2026-07-23 01:38:00+00:00,65724.96875,65724.96875,65765.5625,65720.109375,65744.421875,0
2026-07-23 01:39:00+00:00,65738.0078125,65738.0078125,65754.2578125,65726.03125,65726.03125,0
2026-07-23 01:40:00+00:00,65749.3203125,65749.3203125,65750.4921875,65722.0078125,65737.203125,9900032
2026-07-23 01:41:00+00:00,65739.1484375,65739.1484375,65751.6875,65730.1328125,65735.59375,0
2026-07-23 01:42:00+00:00,65779.0390625,65779.0390625,65779.0390625,65744.0,65744.0,61528064
2026-07-23 01:43:00+00:00,65767.53125,65767.53125,65781.6171875,65762.6015625,65779.0390625,579584
2026-07-23 01:44:00+00:00,65765.5625,65765.5625,65779.5234375,65758.3984375,65773.5234375,16680960
2026-07-23 01:45:00+00:00,65797.796875,65797.796875,65797.796875,65743.96875,65748.0390625,0
2026-07-23 01:46:00+00:00,65793.1328125,65793.1328125,65794.0703125,65779.4609375,65788.046875,0
2026-07-23 01:47:00+00:00,65769.7421875,65769.7421875,65789.75,65769.7421875,65789.75,84639744
2026-07-23 01:48:00+00:00,65800.71875,65800.71875,65800.71875,65765.5703125,65765.5703125,5836800
2026-07-23 01:49:00+00:00,65802.71875,65802.71875,65809.890625,65796.8984375,65798.0,1282048
2026-07-23 01:50:00+00:00,65804.7265625,65804.7265625,65804.7421875,65789.75,65793.78125,14954496
2026-07-23 01:51:00+00:00,65805.8671875,65805.8671875,65829.5703125,65804.75,65804.75,0
2026-07-23 01:52:00+00:00,65790.109375,65790.109375,65815.25,65790.109375,65809.5703125,2443264
2026-07-23 01:53:00+00:00,65790.6875,65790.6875,65792.9609375,65757.90625,65790.3828125,6066176
2026-07-23 01:54:00+00:00,65830.046875,65830.046875,65837.65625,65790.2578125,65790.2578125,4380672
2026-07-23 01:55:00+00:00,65826.0234375,65826.0234375,65828.671875,65826.0234375,65828.671875,0
2026-07-23 01:56:00+00:00,65833.6484375,65833.6484375,65843.25,65817.9609375,65826.0234375,0
2026-07-23 01:57:00+00:00,65809.90625,65809.90625,65818.078125,65809.90625,65817.9609375,49719296
2026-07-23 01:58:00+00:00,65806.2421875,65806.2421875,65809.8984375,65805.8671875,65809.8984375,0
2026-07-23 01:59:00+00:00,65799.0078125,65799.0078125,65800.28125,65797.7265625,65800.28125,0
2026-07-23 02:00:00+00:00,65753.4921875,65753.4921875,65790.7578125,65753.4765625,65789.75,106496
2026-07-23 02:01:00+00:00,65770.6171875,65770.6171875,65770.6171875,65715.7109375,65739.2578125,0
2026-07-23 02:02:00+00:00,65768.0234375,65768.0234375,65797.796875,65758.9921875,65785.7109375,0
2026-07-23 02:03:00+00:00,65707.59375,65707.59375,65760.2890625,65707.59375,65760.2890625,0
2026-07-23 02:04:00+00:00,65807.3828125,65807.3828125,65807.3828125,65721.2265625,65721.2265625,2603008
2026-07-23 02:05:00+00:00,65797.796875,65797.796875,65797.796875,65763.1875,65793.78125,0
2026-07-23 02:06:00+00:00,65802.671875,65802.671875,65807.65625,65793.78125,65798.7109375,0
2026-07-23 02:07:00+00:00,65807.4375,65807.4375,65807.4375,65792.7265625,65792.7265625,0
2026-07-23 02:08:00+00:00,65800.0,65800.0,65818.140625,65794.671875,65807.4296875,32020480
2026-07-23 02:09:00+00:00,65785.71875,65785.71875,65805.859375,65785.71875,65794.6796875,4360192
2026-07-23 02:10:00+00:00,65797.8828125,65797.8828125,65804.078125,65785.71875,65785.71875,0
2026-07-23 02:11:00+00:00,65804.078125,65804.078125,65805.859375,65789.75,65789.75,0
2026-07-23 02:12:00+00:00,65769.609375,65769.609375,65793.78125,65769.6015625,65793.78125,0
2026-07-23 02:13:00+00:00,65742.609375,65742.609375,65776.0,65742.609375,65771.7109375,0
2026-07-23 02:14:00+00:00,65717.2109375,65717.2109375,65745.15625,65717.2109375,65734.6484375,0
2026-07-23 02:15:00+00:00,65728.0,65728.0,65733.3203125,65696.390625,65696.390625,0
2026-07-23 02:16:00+00:00,65714.3828125,65714.3828125,65727.9921875,65704.5078125,65727.9921875,0
2026-07-23 02:17:00+00:00,65713.9921875,65713.9921875,65717.2109375,65700.0078125,65714.3671875,0
2026-07-23 02:18:00+00:00,65692.9765625,65692.9765625,65714.0,65680.953125,65714.0,19185664
2026-07-23 02:19:00+00:00,65722.5078125,65722.5078125,65731.09375,65692.9765625,65692.9765625,1484800
2026-07-23 02:20:00+00:00,65713.1875,65713.1875,65722.5078125,65713.1875,65722.5078125,5541888
2026-07-23 02:21:00+00:00,65707.140625,65707.140625,65727.9765625,65707.140625,65713.1796875,0
2026-07-23 02:22:00+00:00,65725.2578125,65725.2578125,65725.2578125,65699.25,65707.140625,126976
2026-07-23 02:23:00+00:00,65684.3828125,65684.3828125,65709.546875,65667.3203125,65690.8671875,0
2026-07-23 02:24:00+00:00,65705.1328125,65705.1328125,65719.6484375,65689.9921875,65691.53125,0
2026-07-23 02:25:00+00:00,65675.75,65675.75,65701.09375,65675.75,65701.09375,4270080
2026-07-23 02:26:00+00:00,65630.953125,65630.953125,65687.2578125,65630.953125,65675.7734375,0
2026-07-23 02:27:00+00:00,65692.5,65692.5,65692.5,65632.578125,65642.921875,115484672
2026-07-23 02:28:00+00:00,65724.0,65724.0,65724.0,65695.2109375,65695.2109375,0
2026-07-23 02:29:00+00:00,65710.421875,65710.421875,65721.2265625,65710.421875,65721.2265625,7528448
2026-07-23 02:30:00+00:00,65715.5703125,65715.5703125,65715.5703125,65693.0390625,65705.5,0
2026-07-23 02:31:00+00:00,65714.6875,65714.6875,65715.5703125,65702.0,65715.5703125,0
2026-07-23 02:32:00+00:00,65759.578125,65759.578125,65763.8984375,65725.2734375,65725.2734375,7813120
2026-07-23 02:33:00+00:00,65772.5625,65772.5625,65781.6796875,65759.578125,65759.578125,0
2026-07-23 02:34:00+00:00,65790.0234375,65790.0234375,65793.7734375,65777.2265625,65777.2265625,0
2026-07-23 02:35:00+00:00,65794.0,65794.0,65797.8125,65790.0078125,65790.0078125,30257152
2026-07-23 02:36:00+00:00,65768.03125,65768.03125,65797.796875,65768.03125,65794.0,0
2026-07-23 02:37:00+00:00,65741.5234375,65741.5234375,65768.03125,65736.046875,65768.03125,3637248
2026-07-23 02:38:00+00:00,65718.2890625,65718.2890625,65745.421875,65718.2890625,65745.421875,0
2026-07-23 02:39:00+00:00,65736.6015625,65736.6015625,65736.6015625,65718.2890625,65718.2890625,0
2026-07-23 02:40:00+00:00,65725.2578125,65725.2578125,65736.609375,65695.453125,65736.6015625,264192
2026-07-23 02:41:00+00:00,65733.3203125,65733.3203125,65733.3203125,65701.09375,65714.25,0
2026-07-23 02:42:00+00:00,65721.25,65721.25,65739.03125,65721.2421875,65733.328125,0
2026-07-23 02:43:00+00:00,65734.640625,65734.640625,65734.6484375,65719.78125,65721.2421875,0
2026-07-23 02:44:00+00:00,65751.6875,65751.6875,65751.6875,65733.3203125,65733.328125,0
2026-07-23 02:45:00+00:00,65793.7890625,65793.7890625,65799.7578125,65751.6875,65751.6875,4564992
2026-07-23 02:46:00+00:00,65767.8828125,65767.8828125,65787.7578125,65765.5703125,65787.7578125,0
2026-07-23 02:47:00+00:00,65729.3125,65729.3125,65756.6171875,65727.2734375,65756.6171875,0
2026-07-23 02:48:00+00:00,65750.25,65750.25,65754.390625,65728.2890625,65729.3125,1669120
2026-07-23 02:49:00+00:00,65753.6171875,65753.6171875,65765.5703125,65745.421875,65749.4609375,835584
2026-07-23 02:50:00+00:00,65750.9375,65750.9375,65760.796875,65748.3828125,65748.390625,0
2026-07-23 02:51:00+00:00,65787.859375,65787.859375,65787.859375,65743.15625,65745.421875,0
2026-07-23 02:52:00+00:00,65771.9921875,65771.9921875,65787.859375,65765.5703125,65787.859375,0
2026-07-23 02:53:00+00:00,65784.3125,65784.3125,65788.8671875,65771.2890625,65771.703125,0
2026-07-23 02:54:00+00:00,65749.0,65749.0,65784.3125,65744.390625,65784.3125,2361344
2026-07-23 02:55:00+00:00,65767.453125,65767.453125,65767.453125,65757.5,65761.5390625,0
2026-07-23 02:56:00+00:00,65769.59375,65769.59375,65769.59375,65767.796875,65767.796875,0
2026-07-23 02:57:00+00:00,65785.609375,65785.609375,65785.71875,65782.703125,65783.1328125,171558912
2026-07-23 02:58:00+00:00,65789.0234375,65789.0234375,65791.9609375,65785.609375,65785.609375,3364864
2026-07-23 02:59:00+00:00,65777.2265625,65777.2265625,65783.7734375,65769.6015625,65783.7734375,14809088
2026-07-23 03:00:00+00:00,65771.5625,65771.5625,65785.5703125,65771.546875,65781.6328125,0
2026-07-23 03:01:00+00:00,65759.9921875,65759.9921875,65763.828125,65745.421875,65763.828125,0
2026-07-23 03:02:00+00:00,65771.1875,65771.1875,65772.84375,65759.9921875,65759.9921875,0
2026-07-23 03:03:00+00:00,65750.0078125,65750.0078125,65771.203125,65750.0078125,65771.1875,0
2026-07-23 03:04:00+00:00,65711.4375,65711.4375,65755.5703125,65709.1484375,65755.5703125,0
2026-07-23 03:05:00+00:00,65671.53125,65671.53125,65712.890625,65666.140625,65711.4375,0
2026-07-23 03:06:00+00:00,65698.7734375,65698.7734375,65701.09375,65664.0,65664.0,0
2026-07-23 03:07:00+00:00,65677.609375,65677.609375,65701.078125,65677.609375,65701.078125,0
2026-07-23 03:08:00+00:00,65668.859375,65668.859375,65691.1171875,65668.859375,65682.0234375,1796096
2026-07-23 03:09:00+00:00,65714.4609375,65714.4609375,65714.4609375,65664.8203125,65668.8515625,1359872
2026-07-23 03:10:00+00:00,65672.890625,65672.890625,65697.0625,65672.890625,65697.0625,0
2026-07-23 03:11:00+00:00,65625.7578125,65625.7578125,65666.59375,65615.5078125,65666.59375,0
2026-07-23 03:12:00+00:00,65560.0390625,65560.0390625,65611.28125,65560.0390625,65611.28125,0
2026-07-23 03:13:00+00:00,65600.328125,65600.328125,65600.328125,65557.9921875,65558.890625,0
2026-07-23 03:14:00+00:00,65603.4296875,65603.4296875,65604.2734375,65598.0078125,65600.328125,45268992
2026-07-23 03:15:00+00:00,65580.140625,65580.140625,65603.09375,65576.15625,65584.21875,4042752
2026-07-23 03:16:00+00:00,65584.21875,65584.21875,65596.46875,65572.140625,65576.15625,0
2026-07-23 03:17:00+00:00,65590.9375,65590.9375,65607.453125,65589.7109375,65589.7109375,42749952
2026-07-23 03:18:00+00:00,65584.6015625,65584.6015625,65607.4609375,65582.75,65590.9375,0
2026-07-23 03:19:00+00:00,65591.1875,65591.1875,65591.25,65567.4609375,65588.25,122880
2026-07-23 03:20:00+00:00,65609.4765625,65609.4765625,65612.421875,65591.25,65591.25,11960320
2026-07-23 03:21:00+00:00,65632.7578125,65632.7578125,65643.9921875,65616.4609375,65618.03125,0
2026-07-23 03:22:00+00:00,65624.53125,65624.53125,65635.109375,65624.5234375,65632.7578125,0
2026-07-23 03:23:00+00:00,65618.7578125,65618.7578125,65652.7265625,65618.7578125,65624.5234375,30539776
2026-07-23 03:24:00+00:00,65607.078125,65607.078125,65621.921875,65604.3671875,65621.921875,5081088
2026-07-23 03:25:00+00:00,65562.5625,65562.5625,65612.890625,65561.140625,65612.890625,0
2026-07-23 03:26:00+00:00,65568.2734375,65568.2734375,65568.2734375,65544.09375,65562.4921875,0
2026-07-23 03:27:00+00:00,65573.8671875,65573.8671875,65573.8671875,65567.046875,65571.6328125,101040128
2026-07-23 03:28:00+00:00,65584.9375,65584.9375,65594.59375,65569.9921875,65576.796875,2742272
2026-07-23 03:29:00+00:00,65604.3671875,65604.3671875,65623.2890625,65604.3671875,65604.3671875,0
2026-07-23 03:30:00+00:00,65659.2578125,65659.2578125,65659.2578125,65592.2890625,65596.3203125,0
2026-07-23 03:31:00+00:00,65619.1328125,65619.1328125,65640.6484375,65619.1328125,65640.640625,0
2026-07-23 03:32:00+00:00,65626.09375,65626.09375,65636.6015625,65615.0,65615.0,0
2026-07-23 03:33:00+00:00,65628.546875,65628.546875,65644.0,65626.09375,65626.09375,0
2026-07-23 03:34:00+00:00,65636.609375,65636.609375,65647.7734375,65628.546875,65634.109375,526336
2026-07-23 03:35:00+00:00,65625.0078125,65625.0078125,65630.9765625,65616.4609375,65630.9765625,0
2026-07-23 03:36:00+00:00,65651.21875,65651.21875,65651.21875,65626.953125,65626.953125,0
2026-07-23 03:37:00+00:00,65644.65625,65644.65625,65659.1015625,65644.65625,65644.671875,159744
2026-07-23 03:38:00+00:00,65648.7109375,65648.7109375,65660.78125,65648.703125,65648.703125,152651776
2026-07-23 03:39:00+00:00,65664.8203125,65664.8203125,65672.8671875,65655.2109375,65655.2109375,0
2026-07-23 03:40:00+00:00,65660.7890625,65660.7890625,65667.9296875,65660.7890625,65664.8203125,1071104
2026-07-23 03:41:00+00:00,65644.9921875,65644.9921875,65646.0078125,65644.671875,65644.671875,0
2026-07-23 03:42:00+00:00,65628.546875,65628.546875,65645.28125,65628.546875,65644.9921875,3883008
2026-07-23 03:43:00+00:00,65638.1875,65638.1875,65638.1875,65617.28125,65633.9296875,0
2026-07-23 03:44:00+00:00,65656.9921875,65656.9921875,65661.34375,65640.6328125,65640.6328125,0
2026-07-23 03:45:00+00:00,65661.53125,65661.53125,65661.53125,65656.9921875,65656.9921875,0
2026-07-23 03:46:00+00:00,65653.203125,65653.203125,65661.5390625,65653.203125,65661.53125,0
2026-07-23 03:47:00+00:00,65649.9921875,65649.9921875,65649.9921875,65635.71875,65643.359375,0
2026-07-23 03:48:00+00:00,65632.578125,65632.578125,65651.2890625,65632.578125,65649.9921875,0
2026-07-23 03:49:00+00:00,65612.7734375,65612.7734375,65650.046875,65612.7734375,65638.953125,1759232
2026-07-23 03:50:00+00:00,65613.9921875,65613.9921875,65626.0,65609.4375,65615.0390625,0
2026-07-23 03:51:00+00:00,65613.046875,65613.046875,65624.5078125,65610.6015625,65617.78125,0
2026-07-23 03:52:00+00:00,65652.71875,65652.71875,65652.71875,65622.5,65622.5,1552384
2026-07-23 03:53:00+00:00,65646.46875,65646.46875,65646.6796875,65642.53125,65646.6796875,0
2026-07-23 03:54:00+00:00,65627.9921875,65627.9921875,65642.5390625,65627.9921875,65642.53125,5328896
2026-07-23 03:55:00+00:00,65614.6796875,65614.6796875,65623.671875,65614.6796875,65616.4609375,294912
2026-07-23 03:56:00+00:00,65610.0625,65610.0625,65615.7109375,65609.21875,65613.0390625,0
2026-07-23 03:57:00+00:00,65619.6484375,65619.6484375,65619.65625,65610.0625,65610.0625,0
2026-07-23 03:58:00+00:00,65635.9921875,65635.9921875,65635.9921875,65618.15625,65618.15625,0
2026-07-23 03:59:00+00:00,65624.5078125,65624.5078125,65630.828125,65624.5078125,65630.8203125,0
2026-07-23 04:00:00+00:00,65588.25,65588.25,65616.2109375,65578.7890625,65604.3828125,0
2026-07-23 04:01:00+00:00,65572.140625,65572.140625,65604.34375,65568.5234375,65604.34375,0
2026-07-23 04:02:00+00:00,65595.28125,65595.28125,65595.28125,65582.609375,65584.2109375,0
2026-07-23 04:03:00+00:00,65593.3203125,65593.3203125,65615.1484375,65593.3203125,65595.28125,843776
2026-07-23 04:04:00+00:00,65607.6796875,65607.6796875,65607.6796875,65593.6796875,65595.0,507904
2026-07-23 04:05:00+00:00,65625.9921875,65625.9921875,65632.4765625,65614.3828125,65614.3828125,3395584
2026-07-23 04:06:00+00:00,65610.1875,65610.1875,65620.7890625,65610.0078125,65620.7890625,0
2026-07-23 04:07:00+00:00,65557.71875,65557.71875,65610.1875,65557.71875,65610.1875,434176
2026-07-23 04:08:00+00:00,65614.0390625,65614.0390625,65614.0390625,65567.578125,65568.09375,3973120
2026-07-23 04:09:00+00:00,65584.828125,65584.828125,65614.0390625,65584.828125,65614.0390625,559104
2026-07-23 04:10:00+00:00,65605.9375,65605.9375,65608.3125,65590.3203125,65590.3203125,0
2026-07-23 04:11:00+00:00,65600.328125,65600.328125,65600.328125,65591.96875,65591.9765625,0
2026-07-23 04:12:00+00:00,65624.5078125,65624.5078125,65624.5078125,65609.84375,65612.2265625,11563008
2026-07-23 04:13:00+00:00,65632.578125,65632.578125,65632.578125,65624.0,65624.5078125,3018752
2026-07-23 04:14:00+00:00,65638.046875,65638.046875,65638.046875,65630.0234375,65632.5703125,94103552
2026-07-23 04:15:00+00:00,65640.640625,65640.640625,65652.453125,65640.640625,65649.4921875,0
2026-07-23 04:16:00+00:00,65617.1171875,65617.1171875,65647.4765625,65617.1171875,65638.0,0
2026-07-23 04:17:00+00:00,65609.546875,65609.546875,65625.671875,65609.546875,65613.046875,6809600
2026-07-23 04:18:00+00:00,65604.3671875,65604.3671875,65609.8671875,65604.3671875,65609.5625,53209088
2026-07-23 04:19:00+00:00,65600.0,65600.0,65604.3671875,65600.0,65604.3671875,0
2026-07-23 04:20:00+00:00,65649.5234375,65649.5234375,65649.5234375,65619.2578125,65619.2578125,0
2026-07-23 04:21:00+00:00,65657.96875,65657.96875,65657.96875,65649.5234375,65649.5234375,0
2026-07-23 04:22:00+00:00,65658.578125,65658.578125,65658.578125,65650.0078125,65650.0078125,0
2026-07-23 04:23:00+00:00,65658.0234375,65658.0234375,65660.0078125,65658.0234375,65658.578125,0
2026-07-23 04:24:00+00:00,65667.0234375,65667.0234375,65667.03125,65658.0234375,65658.03125,0
2026-07-23 04:25:00+00:00,65692.5078125,65692.5078125,65692.5078125,65667.0234375,65668.34375,0
2026-07-23 04:26:00+00:00,65698.671875,65698.671875,65699.8984375,65698.671875,65698.71875,0
2026-07-23 04:27:00+00:00,65682.03125,65682.03125,65701.078125,65673.0703125,65701.078125,54024192
2026-07-23 04:28:00+00:00,65674.921875,65674.921875,65684.3203125,65668.8515625,65677.1015625,9684992
2026-07-23 04:29:00+00:00,65661.4921875,65661.4921875,65680.9296875,65661.4921875,65680.6171875,0
2026-07-23 04:30:00+00:00,65658.078125,65658.078125,65658.078125,65626.421875,65656.421875,0
2026-07-23 04:31:00+00:00,65615.2265625,65615.2265625,65660.78125,65615.2265625,65660.78125,0
2026-07-23 04:32:00+00:00,65624.5234375,65624.5234375,65628.3828125,65615.2265625,65615.2421875,522240
2026-07-23 04:33:00+00:00,65631.6484375,65631.6484375,65631.7890625,65617.0,65622.0078125,182802432
2026-07-23 04:34:00+00:00,65632.5703125,65632.5703125,65635.7578125,65631.6484375,65631.6484375,0
2026-07-23 04:35:00+00:00,65636.6796875,65636.6796875,65640.4609375,65632.5703125,65632.5703125,0
2026-07-23 04:36:00+00:00,65629.0390625,65629.0390625,65636.6796875,65629.0390625,65636.6796875,0
2026-07-23 04:37:00+00:00,65629.0390625,65629.0390625,65629.046875,65628.0078125,65628.0078125,0
2026-07-23 04:38:00+00:00,65598.1171875,65598.1171875,65629.0390625,65593.390625,65629.0390625,0
2026-07-23 04:39:00+00:00,65599.921875,65599.921875,65612.328125,65598.109375,65598.109375,2832384
2026-07-23 04:40:00+00:00,65603.078125,65603.078125,65604.390625,65600.3515625,65600.3515625,1908736
2026-07-23 04:41:00+00:00,65592.2890625,65592.2890625,65603.078125,65592.28125,65603.078125,0
2026-07-23 04:42:00+00:00,65583.578125,65583.578125,65590.0,65583.578125,65589.9921875,40409088
2026-07-23 04:43:00+00:00,65588.2578125,65588.2578125,65603.6171875,65583.578125,65583.578125,0
2026-07-23 04:44:00+00:00,65596.0,65596.0,65596.1484375,65596.0,65596.1484375,0
2026-07-23 04:45:00+00:00,65580.1875,65580.1875,65596.0,65580.1875,65596.0,0
2026-07-23 04:46:00+00:00,65620.4765625,65620.4765625,65624.5078125,65591.0234375,65591.0234375,0
2026-07-23 04:47:00+00:00,65640.5390625,65640.5390625,65640.5390625,65620.4765625,65620.4765625,0
2026-07-23 04:48:00+00:00,65617.4296875,65617.4296875,65634.3203125,65617.4296875,65634.3203125,2871296
2026-07-23 04:49:00+00:00,65596.3125,65596.3125,65614.921875,65596.3125,65614.921875,0
2026-07-23 04:50:00+00:00,65576.953125,65576.953125,65592.28125,65576.953125,65592.28125,0
2026-07-23 04:51:00+00:00,65564.0703125,65564.0703125,65576.953125,65564.0703125,65576.953125,0
2026-07-23 04:52:00+00:00,65560.0,65560.0,65568.1015625,65560.0,65567.4765625,0
2026-07-23 04:53:00+00:00,65566.4375,65566.4375,65576.109375,65560.0,65560.0,0
2026-07-23 04:54:00+00:00,65570.0625,65570.0625,65575.28125,65564.0625,65564.0703125,0
2026-07-23 04:55:00+00:00,65570.71875,65570.71875,65585.53125,65567.203125,65570.046875,0
2026-07-23 04:56:00+00:00,65564.1796875,65564.1796875,65570.71875,65556.84375,65570.71875,0
2026-07-23 04:57:00+00:00,65588.1484375,65588.1484375,65588.1484375,65567.203125,65567.203125,0
2026-07-23 04:58:00+00:00,65562.0390625,65562.0390625,65588.1484375,65562.0390625,65588.1484375,282624
2026-07-23 04:59:00+00:00,65570.5390625,65570.5390625,65570.5390625,65562.0625,65562.0625,0
2026-07-23 05:00:00+00:00,65551.9765625,65551.9765625,65584.2109375,65551.9765625,65576.15625,446464
2026-07-23 05:01:00+00:00,65550.5,65550.5,65551.9921875,65550.5,65551.9921875,0
2026-07-23 05:02:00+00:00,65541.4765625,65541.4765625,65550.5,65535.98828125,65550.5,0
2026-07-23 05:03:00+00:00,65558.9296875,65558.9296875,65558.9296875,65531.828125,65534.69140625,688128
2026-07-23 05:04:00+00:00,65548.4765625,65548.4765625,65562.6875,65548.4765625,65558.9375,5031936
2026-07-23 05:05:00+00:00,65568.828125,65568.828125,65568.828125,65547.953125,65547.953125,0
2026-07-23 05:06:00+00:00,65577.953125,65577.953125,65586.328125,65568.828125,65568.828125,0
2026-07-23 05:07:00+00:00,65581.078125,65581.078125,65586.9765625,65568.828125,65576.15625,0
2026-07-23 05:08:00+00:00,65577.0078125,65577.0078125,65582.7265625,65576.171875,65582.71875,0
2026-07-23 05:09:00+00:00,65588.9921875,65588.9921875,65589.0,65577.09375,65577.09375,1001472
2026-07-23 05:10:00+00:00,65581.90625,65581.90625,65593.921875,65581.3828125,65593.921875,0
2026-07-23 05:11:00+00:00,65581.8984375,65581.8984375,65581.921875,65581.8984375,65581.921875,0
2026-07-23 05:12:00+00:00,65576.1484375,65576.1484375,65581.8984375,65556.0078125,65581.8984375,0
2026-07-23 05:13:00+00:00,65602.7421875,65602.7421875,65602.7421875,65576.1484375,65576.1484375,0
2026-07-23 05:14:00+00:00,65605.25,65605.25,65608.390625,65600.0,65604.21875,0
2026-07-23 05:15:00+00:00,65601.671875,65601.671875,65605.2578125,65594.0,65605.2578125,0
2026-07-23 05:16:00+00:00,65564.09375,65564.09375,65601.671875,65564.0703125,65601.671875,0
2026-07-23 05:17:00+00:00,65594.859375,65594.859375,65596.0234375,65564.09375,65564.09375,65873920
2026-07-23 05:18:00+00:00,65612.9296875,65612.9296875,65617.8515625,65596.0078125,65596.0078125,0
2026-07-23 05:19:00+00:00,65620.4765625,65620.4765625,65620.4765625,65612.9296875,65612.9296875,0
2026-07-23 05:20:00+00:00,65632.5703125,65632.5703125,65632.5703125,65615.34375,65620.4765625,114386944
2026-07-23 05:21:00+00:00,65644.5625,65644.5625,65644.5625,65626.2109375,65632.5703125,0
2026-07-23 05:22:00+00:00,65624.5234375,65624.5234375,65652.1171875,65624.5234375,65644.5625,0
2026-07-23 05:23:00+00:00,65577.8671875,65577.8671875,65612.4296875,65577.8671875,65612.4296875,1509376
2026-07-23 05:24:00+00:00,65606.1796875,65606.1796875,65608.8203125,65576.15625,65577.8671875,0
2026-07-23 05:25:00+00:00,65624.21875,65624.21875,65633.4921875,65606.1796875,65606.1796875,7757824
2026-07-23 05:26:00+00:00,65654.75,65654.75,65654.75,65624.2109375,65624.2109375,0
2026-07-23 05:27:00+00:00,65678.828125,65678.828125,65680.84375,65672.8671875,65672.8671875,0
2026-07-23 05:28:00+00:00,65673.9609375,65673.9609375,65678.84375,65673.953125,65678.828125,0
2026-07-23 05:29:00+00:00,65689.2109375,65689.2109375,65689.21875,65678.828125,65678.828125,0
2026-07-23 05:30:00+00:00,65723.5703125,65723.5703125,65723.5703125,65701.8984375,65701.8984375,0
2026-07-23 05:31:00+00:00,65745.1875,65745.1875,65748.2734375,65726.9921875,65726.9921875,0
2026-07-23 05:32:00+00:00,65753.4765625,65753.4765625,65762.9921875,65749.1328125,65749.9921875,0
2026-07-23 05:33:00+00:00,65746.0,65746.0,65749.453125,65737.46875,65749.453125,0
2026-07-23 05:34:00+00:00,65718.0078125,65718.0078125,65737.46875,65710.890625,65737.46875,0
2026-07-23 05:35:00+00:00,65710.046875,65710.046875,65713.6796875,65705.1171875,65713.6796875,0
2026-07-23 05:36:00+00:00,65695.0390625,65695.0390625,65713.6875,65695.0390625,65710.046875,0
2026-07-23 05:37:00+00:00,65689.0,65689.0,65699.7890625,65683.1484375,65699.7890625,3407872
2026-07-23 05:38:00+00:00,65674.6875,65674.6875,65693.71875,65674.6875,65693.71875,30986240
2026-07-23 05:39:00+00:00,65682.1875,65682.1875,65682.1875,65674.6796875,65674.6796875,3454976
2026-07-23 05:40:00+00:00,65693.921875,65693.921875,65693.921875,65674.6796875,65680.7734375,0
2026-07-23 05:41:00+00:00,65705.21875,65705.21875,65705.21875,65688.9921875,65693.9296875,0
2026-07-23 05:42:00+00:00,65710.71875,65710.71875,65716.65625,65705.21875,65705.21875,0
2026-07-23 05:43:00+00:00,65702.921875,65702.921875,65710.7265625,65702.921875,65710.7265625,0
2026-07-23 05:44:00+00:00,65702.9296875,65702.9296875,65702.9296875,65702.921875,65702.9296875,121604096
2026-07-23 05:45:00+00:00,65723.2265625,65723.2265625,65726.2734375,65702.921875,65702.921875,0
2026-07-23 05:46:00+00:00,65725.140625,65725.140625,65728.6484375,65717.2109375,65717.2109375,0
2026-07-23 05:47:00+00:00,65719.15625,65719.15625,65728.6484375,65713.1796875,65725.140625,0
2026-07-23 05:48:00+00:00,65705.5234375,65705.5234375,65713.40625,65697.0625,65713.40625,0
2026-07-23 05:49:00+00:00,65657.046875,65657.046875,65705.5234375,65657.046875,65705.5234375,0
2026-07-23 05:50:00+00:00,65616.4609375,65616.4609375,65657.0625,65616.4609375,65657.0625,0
2026-07-23 05:51:00+00:00,65616.3984375,65616.3984375,65620.3984375,65609.8984375,65616.46875,0
2026-07-23 05:52:00+00:00,65626.46875,65626.46875,65631.9921875,65623.0703125,65623.0703125,0
2026-07-23 05:53:00+00:00,65626.46875,65626.46875,65636.6015625,65626.46875,65626.4765625,0
2026-07-23 05:54:00+00:00,65616.4609375,65616.4609375,65626.4765625,65616.4609375,65626.4765625,0
2026-07-23 05:55:00+00:00,65644.1484375,65644.1484375,65646.9609375,65612.4296875,65612.4296875,51200
2026-07-23 05:56:00+00:00,65664.171875,65664.171875,65664.171875,65648.2890625,65648.2890625,0
2026-07-23 05:57:00+00:00,65664.171875,65664.171875,65664.1796875,65664.171875,65664.171875,0
2026-07-23 05:58:00+00:00,65664.8125,65664.8125,65664.8203125,65664.8125,65664.8125,0
2026-07-23 05:59:00+00:00,65660.203125,65660.203125,65664.8203125,65654.9921875,65664.8125,0
2026-07-23 06:00:00+00:00,65681.140625,65681.140625,65681.140625,65657.5390625,65660.78125,0
2026-07-23 06:01:00+00:00,65679.078125,65679.078125,65689.8671875,65679.078125,65681.140625,0
2026-07-23 06:02:00+00:00,65675.421875,65675.421875,65676.921875,65666.4765625,65676.90625,0
2026-07-23 06:03:00+00:00,65648.7109375,65648.7109375,65663.9296875,65648.703125,65663.921875,0
2026-07-23 06:04:00+00:00,65665.9921875,65665.9921875,65670.5,65648.703125,65648.703125,0
2026-07-23 06:05:00+00:00,65682.59375,65682.59375,65682.59375,65665.9921875,65665.9921875,47896576
2026-07-23 06:06:00+00:00,65670.4921875,65670.4921875,65686.2265625,65668.859375,65683.578125,0
2026-07-23 06:07:00+00:00,65652.7265625,65652.7265625,65674.1875,65652.7265625,65672.1171875,0
2026-07-23 06:08:00+00:00,65645.0,65645.0,65650.0,65645.0,65650.0,0
2026-07-23 06:09:00+00:00,65632.65625,65632.65625,65645.0078125,65632.578125,65645.0,0
2026-07-23 06:10:00+00:00,65632.59375,65632.59375,65648.328125,65632.578125,65640.640625,0
2026-07-23 06:11:00+00:00,65612.4375,65612.4375,65632.59375,65612.4296875,65632.59375,0
2026-07-23 06:12:00+00:00,65622.5625,65622.5625,65622.5625,65591.9921875,65612.4296875,0
2026-07-23 06:13:00+00:00,65616.21875,65616.21875,65621.4921875,65613.6015625,65617.7734375,0
2026-07-23 06:14:00+00:00,65631.2265625,65631.2265625,65643.75,65627.5390625,65627.5390625,0
2026-07-23 06:15:00+00:00,65640.640625,65640.640625,65640.640625,65631.21875,65631.21875,0
2026-07-23 06:16:00+00:00,65656.75,65656.75,65656.75,65640.6328125,65640.640625,0
2026-07-23 06:17:00+00:00,65652.71875,65652.71875,65656.7578125,65632.578125,65656.7578125,0
2026-07-23 06:18:00+00:00,65654.96875,65654.96875,65654.9765625,65636.7890625,65650.0625,0
2026-07-23 06:19:00+00:00,65668.84375,65668.84375,65668.84375,65651.109375,65652.71875,0
2026-07-23 06:20:00+00:00,65684.96875,65684.96875,65696.0,65672.34375,65672.34375,0
2026-07-23 06:21:00+00:00,65676.90625,65676.90625,65687.28125,65672.8828125,65672.8828125,0
2026-07-23 06:22:00+00:00,65652.7265625,65652.7265625,65672.890625,65652.7265625,65672.8828125,0
2026-07-23 06:23:00+00:00,65629.90625,65629.90625,65638.703125,65626.15625,65638.703125,0
2026-07-23 06:24:00+00:00,65608.796875,65608.796875,65632.578125,65593.0390625,65632.578125,0
2026-07-23 06:25:00+00:00,65644.65625,65644.65625,65644.65625,65607.6796875,65612.4375,0
2026-07-23 06:26:00+00:00,65655.9375,65655.9375,65655.9375,65628.546875,65636.6015625,0
2026-07-23 06:27:00+00:00,65667.9921875,65667.9921875,65667.9921875,65657.9921875,65657.9921875,0
2026-07-23 06:28:00+00:00,65709.1484375,65709.1484375,65713.5703125,65657.9921875,65663.2421875,38912
2026-07-23 06:29:00+00:00,65715.71875,65715.71875,65715.71875,65701.59375,65705.9921875,0
2026-07-23 06:30:00+00:00,65701.09375,65701.09375,65719.421875,65701.09375,65719.421875,8869888
2026-07-23 06:31:00+00:00,65712.1015625,65712.1015625,65717.203125,65695.0625,65701.09375,0
2026-07-23 06:32:00+00:00,65705.296875,65705.296875,65712.1015625,65705.296875,65712.1015625,0
2026-07-23 06:33:00+00:00,65703.2421875,65703.2421875,65705.296875,65703.2421875,65705.296875,0
2026-07-23 06:34:00+00:00,65679.8828125,65679.8828125,65697.0625,65679.8671875,65697.0625,0
2026-07-23 06:35:00+00:00,65674.9375,65674.9375,65687.6796875,65674.9375,65687.6796875,0
2026-07-23 06:36:00+00:00,65701.65625,65701.65625,65702.8671875,65677.7109375,65677.7109375,0
2026-07-23 06:37:00+00:00,65708.40625,65708.40625,65713.9921875,65706.59375,65713.9921875,0
2026-07-23 06:38:00+00:00,65709.4921875,65709.4921875,65709.4921875,65701.65625,65705.1171875,0
2026-07-23 06:39:00+00:00,65704.5390625,65704.5390625,65717.1875,65703.21875,65709.4921875,0
2026-07-23 06:40:00+00:00,65721.1328125,65721.1328125,65721.140625,65710.6875,65711.84375,0
2026-07-23 06:41:00+00:00,65725.2421875,65725.2421875,65725.2421875,65721.1328125,65721.1328125,0
2026-07-23 06:42:00+00:00,65743.0234375,65743.0234375,65743.03125,65728.6484375,65728.6484375,0
2026-07-23 06:43:00+00:00,65744.6328125,65744.6328125,65753.46875,65743.0234375,65743.0234375,919552
2026-07-23 06:44:00+00:00,65739.75,65739.75,65741.390625,65739.7421875,65741.390625,0
2026-07-23 06:45:00+00:00,65753.3828125,65753.3828125,65753.3828125,65738.390625,65739.7421875,0
2026-07-23 06:46:00+00:00,65765.9609375,65765.9609375,65769.59375,65757.546875,65757.5625,0
2026-07-23 06:47:00+00:00,65764.71875,65764.71875,65771.578125,65764.71875,65765.953125,0
2026-07-23 06:48:00+00:00,65762.15625,65762.15625,65777.6484375,65762.15625,65764.71875,3414016
2026-07-23 06:49:00+00:00,65763.1796875,65763.1796875,65763.1875,65762.15625,65762.15625,0
2026-07-23 06:50:00+00:00,65761.53125,65761.53125,65763.1875,65761.53125,65763.1875,0
2026-07-23 06:51:00+00:00,65761.53125,65761.53125,65763.9765625,65761.53125,65761.53125,0
2026-07-23 06:52:00+00:00,65746.9921875,65746.9921875,65756.6015625,65737.8984375,65756.6015625,0
2026-07-23 06:53:00+00:00,65781.359375,65781.359375,65785.7109375,65747.0,65747.0,20578304
2026-07-23 06:54:00+00:00,65769.6015625,65769.6015625,65784.0,65769.6015625,65781.359375,2273280
2026-07-23 06:55:00+00:00,65757.5078125,65757.5078125,65769.6015625,65757.5078125,65769.6015625,0
2026-07-23 06:56:00+00:00,65757.5078125,65757.5078125,65757.5234375,65757.5078125,65757.5078125,0
2026-07-23 06:57:00+00:00,65757.5078125,65757.5078125,65757.5234375,65757.5078125,65757.5234375,0
2026-07-23 06:58:00+00:00,65746.40625,65746.40625,65757.5078125,65745.421875,65757.5078125,51781632
2026-07-23 06:59:00+00:00,65758.109375,65758.109375,65758.1171875,65746.40625,65746.40625,143761408
2026-07-23 07:00:00+00:00,65709.15625,65709.15625,65749.453125,65709.15625,65749.453125,1998848
2026-07-23 07:01:00+00:00,65656.7734375,65656.7734375,65701.1015625,65656.7734375,65701.09375,0
2026-07-23 07:02:00+00:00,65691.9765625,65691.9765625,65695.671875,65648.21875,65656.7578125,0
2026-07-23 07:03:00+00:00,65705.9609375,65705.9609375,65715.1796875,65691.9765625,65691.9765625,0
2026-07-23 07:04:00+00:00,65676.9921875,65676.9921875,65705.1328125,65674.6328125,65701.09375,0
2026-07-23 07:05:00+00:00,65666.1796875,65666.1796875,65684.9609375,65666.1796875,65684.9609375,0
2026-07-23 07:06:00+00:00,65662.8515625,65662.8515625,65662.8515625,65652.71875,65661.2578125,0
2026-07-23 07:07:00+00:00,65652.7265625,65652.7265625,65668.8515625,65652.7265625,65668.84375,5392384
2026-07-23 07:08:00+00:00,65659.8671875,65659.8671875,65663.0390625,65648.7109375,65651.421875,0
2026-07-23 07:09:00+00:00,65654.1796875,65654.1796875,65659.8671875,65640.6484375,65659.8671875,0
2026-07-23 07:10:00+00:00,65602.15625,65602.15625,65662.0390625,65602.15625,65654.1796875,1220608
2026-07-23 07:11:00+00:00,65368.5703125,65368.5703125,65579.1171875,65357.828125,65565.828125,0
2026-07-23 07:12:00+00:00,65335.2890625,65335.2890625,65370.62890625,65321.171875,65370.62890625,0
2026-07-23 07:13:00+00:00,65334.0,65334.0,65360.01171875,65319.71875,65358.53125,7985152
2026-07-23 07:14:00+00:00,65419.640625,65419.640625,65419.640625,65318.25,65318.25,0
2026-07-23 07:15:00+00:00,65409.0703125,65409.0703125,65431.640625,65399.94921875,65419.62890625,4265984
2026-07-23 07:16:00+00:00,65416.98828125,65416.98828125,65419.328125,65380.609375,65418.87109375,0
2026-07-23 07:17:00+00:00,65439.03125,65439.03125,65443.16015625,65420.96875,65420.96875,208193536
2026-07-23 07:18:00+00:00,65436.96875,65436.96875,65448.26171875,65427.05078125,65443.171875,0
2026-07-23 07:19:00+00:00,65418.98046875,65418.98046875,65445.390625,65386.75,65445.390625,419840
2026-07-23 07:20:00+00:00,65402.83984375,65402.83984375,65422.91015625,65364.01171875,65422.91015625,0
2026-07-23 07:21:00+00:00,65402.859375,65402.859375,65410.921875,65393.609375,65410.921875,0
2026-07-23 07:22:00+00:00,65425.98828125,65425.98828125,65426.0,65406.76171875,65406.76171875,1955840
2026-07-23 07:23:00+00:00,65424.98828125,65424.98828125,65426.0,65421.1484375,65426.0,0
2026-07-23 07:24:00+00:00,65404.71875,65404.71875,65426.0,65382.71875,65426.0,2256896
2026-07-23 07:25:00+00:00,65406.890625,65406.890625,65406.890625,65377.37890625,65404.96875,0
2026-07-23 07:26:00+00:00,65387.48046875,65387.48046875,65414.94921875,65387.48046875,65394.80859375,0
2026-07-23 07:27:00+00:00,65394.80078125,65394.80078125,65398.859375,65379.87109375,65383.51953125,0
2026-07-23 07:28:00+00:00,65386.75,65386.75,65415.4296875,65386.75,65415.4296875,0
2026-07-23 07:29:00+00:00,65397.0703125,65397.0703125,65397.0703125,65382.71875,65386.75,33372160
2026-07-23 07:30:00+00:00,65398.83984375,65398.83984375,65410.62890625,65386.75,65397.05859375,2324480
2026-07-23 07:31:00+00:00,65411.1796875,65411.1796875,65417.98828125,65394.80859375,65398.83984375,0
2026-07-23 07:32:00+00:00,65378.6796875,65378.6796875,65402.8984375,65368.12890625,65398.8515625,0
2026-07-23 07:33:00+00:00,65414.94921875,65414.94921875,65422.01171875,65378.6796875,65378.6796875,0
2026-07-23 07:34:00+00:00,65386.75,65386.75,65398.83984375,65382.0,65398.83984375,0
2026-07-23 07:35:00+00:00,65378.69140625,65378.69140625,65400.0,65378.69140625,65386.75,0
2026-07-23 07:36:00+00:00,65398.828125,65398.828125,65398.828125,65378.69140625,65378.69140625,0
2026-07-23 07:37:00+00:00,65399.98828125,65399.98828125,65399.98828125,65390.76953125,65398.83984375,0
2026-07-23 07:38:00+00:00,65413.30859375,65413.30859375,65413.30859375,65399.98828125,65399.98828125,0
2026-07-23 07:39:00+00:00,65391.4296875,65391.4296875,65414.71875,65391.4296875,65414.71875,0
2026-07-23 07:40:00+00:00,65378.69140625,65378.69140625,65382.71875,65378.69140625,65382.71875,0
2026-07-23 07:41:00+00:00,65376.0390625,65376.0390625,65403.71875,65370.62890625,65397.05859375,0
2026-07-23 07:42:00+00:00,65346.44921875,65346.44921875,65376.05078125,65346.44921875,65376.0390625,0
2026-07-23 07:43:00+00:00,65381.69140625,65381.69140625,65381.69140625,65357.98828125,65361.73828125,860160
2026-07-23 07:44:00+00:00,65354.51171875,65354.51171875,65370.640625,65354.51171875,65370.640625,0
2026-07-23 07:45:00+00:00,65346.44140625,65346.44140625,65346.53125,65326.30078125,65346.53125,0
2026-07-23 07:46:00+00:00,65378.26953125,65378.26953125,65381.91015625,65346.44140625,65346.44140625,0
2026-07-23 07:47:00+00:00,65373.6484375,65373.6484375,65373.6484375,65349.7109375,65352.98828125,0
2026-07-23 07:48:00+00:00,65392.55859375,65392.55859375,65392.55859375,65373.98828125,65373.98828125,10766336
2026-07-23 07:49:00+00:00,65372.78125,65372.78125,65392.55078125,65368.69140625,65392.55078125,0
2026-07-23 07:50:00+00:00,65375.78125,65375.78125,65375.78125,65358.55078125,65372.78125,0
2026-07-23 07:51:00+00:00,65346.4609375,65346.4609375,65378.37109375,65346.44921875,65375.78125,0
2026-07-23 07:52:00+00:00,65360.828125,65360.828125,65363.859375,65328.46875,65344.80859375,1175552
2026-07-23 07:53:00+00:00,65350.48046875,65350.48046875,65364.5,65348.83984375,65354.0,0
2026-07-23 07:54:00+00:00,65380.76171875,65380.76171875,65386.01171875,65351.44921875,65351.44921875,0
2026-07-23 07:55:00+00:00,65395.6015625,65395.6015625,65405.94140625,65386.51953125,65386.53125,192512
2026-07-23 07:56:00+00:00,65401.828125,65401.828125,65405.28125,65394.80859375,65394.8203125,0
2026-07-23 07:57:00+00:00,65409.0703125,65409.0703125,65415.78125,65401.83984375,65401.83984375,122365952
2026-07-23 07:58:00+00:00,65405.80078125,65405.80078125,65407.0703125,65403.4296875,65407.0703125,0
2026-07-23 07:59:00+00:00,65394.80859375,65394.80859375,65405.80078125,65394.80859375,65405.7890625,0
2026-07-23 08:00:00+00:00,65401.9609375,65401.9609375,65401.98828125,65382.01953125,65396.71875,6916096
2026-07-23 08:01:00+00:00,65404.37109375,65404.37109375,65418.87109375,65401.98828125,65401.98828125,0
2026-07-23 08:02:00+00:00,65386.75,65386.75,65394.6484375,65382.71875,65391.83984375,0
2026-07-23 08:03:00+00:00,65423.01171875,65423.01171875,65433.91015625,65374.66015625,65374.66015625,0
2026-07-23 08:04:00+00:00,65398.83984375,65398.83984375,65433.921875,65398.83984375,65427.73828125,3465216
2026-07-23 08:05:00+00:00,65423.98046875,65423.98046875,65423.98828125,65394.83984375,65394.83984375,0
2026-07-23 08:06:00+00:00,65430.96875,65430.96875,65430.96875,65418.98046875,65423.98046875,0
2026-07-23 08:07:00+00:00,65443.1796875,65443.1796875,65443.1796875,65430.96875,65430.96875,0
2026-07-23 08:08:00+00:00,65475.41015625,65475.41015625,65480.640625,65443.1796875,65443.1796875,95078400
2026-07-23 08:09:00+00:00,65470.5,65470.5,65480.44921875,65463.3203125,65480.44921875,1808384
2026-07-23 08:10:00+00:00,65484.33984375,65484.33984375,65484.33984375,65470.5,65470.5,0
2026-07-23 08:11:00+00:00,65514.2890625,65514.2890625,65514.2890625,65484.3515625,65484.3515625,0
2026-07-23 08:12:00+00:00,65511.671875,65511.671875,65514.66015625,65499.58984375,65509.4296875,0
2026-07-23 08:13:00+00:00,65510.76171875,65510.76171875,65511.921875,65510.76171875,65511.921875,0
2026-07-23 08:14:00+00:00,65495.94921875,65495.94921875,65499.58984375,65495.55859375,65499.58984375,0
2026-07-23 08:15:00+00:00,65483.83984375,65483.83984375,65503.6015625,65483.828125,65492.23828125,0
2026-07-23 08:16:00+00:00,65487.75,65487.75,65487.76171875,65471.390625,65483.828125,0
2026-07-23 08:17:00+00:00,65515.71875,65515.71875,65532.328125,65498.62109375,65498.62109375,81555456
2026-07-23 08:18:00+00:00,65536.859375,65536.859375,65536.8671875,65527.7890625,65527.7890625,0
2026-07-23 08:19:00+00:00,65535.80859375,65535.80859375,65536.8671875,65528.73828125,65536.859375,0
2026-07-23 08:20:00+00:00,65539.890625,65539.890625,65552.9296875,65535.80859375,65535.8203125,0
2026-07-23 08:21:00+00:00,65494.9609375,65494.9609375,65539.8984375,65494.94140625,65539.890625,0
2026-07-23 08:22:00+00:00,65504.578125,65504.578125,65515.69921875,65487.98828125,65491.53125,0
2026-07-23 08:23:00+00:00,65486.96875,65486.96875,65507.62890625,65483.46875,65505.98046875,0
2026-07-23 08:24:00+00:00,65495.01953125,65495.01953125,65495.01953125,65486.96875,65486.96875,0
2026-07-23 08:25:00+00:00,65483.46875,65483.46875,65495.01171875,65474.7890625,65495.01171875,0
2026-07-23 08:26:00+00:00,65503.01953125,65503.01953125,65503.01953125,65480.51953125,65483.4609375,0
2026-07-23 08:27:00+00:00,65519.73046875,65519.73046875,65519.73046875,65503.609375,65503.609375,0
2026-07-23 08:28:00+00:00,65531.6484375,65531.6484375,65535.75,65527.58984375,65527.58984375,7749632
2026-07-23 08:29:00+00:00,65551.96875,65551.96875,65551.96875,65531.6484375,65531.6484375,0
2026-07-23 08:30:00+00:00,65599.9921875,65599.9921875,65599.9921875,65554.03125,65554.03125,1978368
2026-07-23 08:31:00+00:00,65614.046875,65614.046875,65624.40625,65592.28125,65603.09375,0
2026-07-23 08:32:00+00:00,65560.046875,65560.046875,65593.78125,65560.046875,65593.78125,0
2026-07-23 08:33:00+00:00,65580.1875,65580.1875,65580.1875,65557.3125,65560.0390625,0
2026-07-23 08:34:00+00:00,65591.359375,65591.359375,65591.359375,65578.15625,65583.96875,0
2026-07-23 08:35:00+00:00,65592.2890625,65592.2890625,65608.390625,65591.359375,65591.359375,0
2026-07-23 08:36:00+00:00,65593.5,65593.5,65593.5,65583.9921875,65584.9921875,0
2026-07-23 08:37:00+00:00,65584.2265625,65584.2265625,65597.9921875,65584.21875,65596.0,2881536
2026-07-23 08:38:00+00:00,65586.53125,65586.53125,65586.53125,65573.25,65580.1875,0
2026-07-23 08:39:00+00:00,65576.171875,65576.171875,65586.5390625,65570.0,65586.53125,0
2026-07-23 08:40:00+00:00,65568.109375,65568.109375,65576.15625,65568.1015625,65576.15625,0
2026-07-23 08:41:00+00:00,65576.9375,65576.9375,65579.671875,65557.671875,65557.671875,0
2026-07-23 08:42:00+00:00,65579.28125,65579.28125,65579.28125,65564.0703125,65576.953125,0
2026-07-23 08:43:00+00:00,65602.0390625,65602.0390625,65609.3828125,65579.28125,65579.28125,0
2026-07-23 08:44:00+00:00,65592.28125,65592.28125,65602.0390625,65592.28125,65602.03125,0
2026-07-23 08:45:00+00:00,65596.3203125,65596.3203125,65596.3203125,65592.28125,65592.28125,0
2026-07-23 08:46:00+00:00,65604.859375,65604.859375,65604.8984375,65599.9921875,65599.9921875,0
2026-07-23 08:47:00+00:00,65610.5390625,65610.5390625,65610.5390625,65601.6328125,65604.859375,0
2026-07-23 08:48:00+00:00,65611.9921875,65611.9921875,65612.0,65610.5390625,65611.5234375,0
2026-07-23 08:49:00+00:00,65592.28125,65592.28125,65616.0,65592.28125,65611.9921875,0
2026-07-23 08:50:00+00:00,65584.9921875,65584.9921875,65603.9375,65567.9921875,65579.6875,0
2026-07-23 08:51:00+00:00,65577.59375,65577.59375,65588.09375,65568.109375,65588.09375,0
2026-07-23 08:52:00+00:00,65560.0390625,65560.0390625,65584.2109375,65560.0390625,65584.2109375,0
2026-07-23 08:53:00+00:00,65575.078125,65575.078125,65580.3828125,65553.4765625,65553.4765625,0
2026-07-23 08:54:00+00:00,65597.6484375,65597.6484375,65597.6484375,65575.078125,65575.078125,212992
2026-07-23 08:55:00+00:00,65580.1875,65580.1875,65594.0078125,65580.1875,65594.0078125,0
2026-07-23 08:56:00+00:00,65600.328125,65600.328125,65600.328125,65577.7890625,65580.1875,0
2026-07-23 08:57:00+00:00,65605.1328125,65605.1328125,65605.140625,65591.546875,65600.328125,61552640
2026-07-23 08:58:00+00:00,65604.6796875,65604.6796875,65605.421875,65593.9375,65593.9375,0
2026-07-23 08:59:00+00:00,65619.2265625,65619.2265625,65619.2265625,65604.6796875,65604.6796875,0
2026-07-23 09:00:00+00:00,65574.8984375,65574.8984375,65591.203125,65574.171875,65591.203125,741376
2026-07-23 09:01:00+00:00,65591.1796875,65591.1796875,65596.3125,65565.2265625,65573.9921875,0
2026-07-23 09:02:00+00:00,65621.8125,65621.8125,65621.8125,65595.109375,65595.109375,0
2026-07-23 09:03:00+00:00,65652.7265625,65652.7265625,65669.6796875,65621.8125,65621.8125,0
2026-07-23 09:04:00+00:00,65691.78125,65691.78125,65691.78125,65659.4765625,65659.4765625,0
2026-07-23 09:05:00+00:00,65683.96875,65683.96875,65701.890625,65667.953125,65684.84375,0
2026-07-23 09:06:00+00:00,65673.3984375,65673.3984375,65686.03125,65665.0,65683.96875,0
2026-07-23 09:07:00+00:00,65660.7890625,65660.7890625,65673.40625,65660.7890625,65673.3984375,716800
2026-07-23 09:08:00+00:00,65658.609375,65658.609375,65664.828125,65658.609375,65660.796875,0
2026-07-23 09:09:00+00:00,65659.640625,65659.640625,65663.671875,65642.140625,65658.609375,0
2026-07-23 09:10:00+00:00,65674.5,65674.5,65674.5078125,65656.2890625,65667.4921875,0
2026-07-23 09:11:00+00:00,65664.8203125,65664.8203125,65680.9296875,65658.25,65680.9296875,0
2026-07-23 09:12:00+00:00,65650.6796875,65650.6796875,65664.828125,65648.703125,65664.828125,0
2026-07-23 09:13:00+00:00,65636.65625,65636.65625,65648.7109375,65628.546875,65648.7109375,1261568
2026-07-23 09:14:00+00:00,65640.9765625,65640.9765625,65645.1484375,65632.59375,65632.59375,18853888
2026-07-23 09:15:00+00:00,65641.3828125,65641.3828125,65641.3828125,65639.7109375,65640.9765625,315392
2026-07-23 09:16:00+00:00,65652.4609375,65652.4609375,65656.53125,65638.84375,65638.8515625,0
2026-07-23 09:17:00+00:00,65668.84375,65668.84375,65668.8515625,65648.6875,65652.4609375,0
2026-07-23 09:18:00+00:00,65680.9296875,65680.9296875,65686.9296875,65660.9765625,65672.1015625,0
2026-07-23 09:19:00+00:00,65684.9609375,65684.9609375,65684.9609375,65674.5078125,65681.421875,2256896
2026-07-23 09:20:00+00:00,65701.7109375,65701.7109375,65701.7109375,65684.9609375,65684.96875,0
2026-07-23 09:21:00+00:00,65689.0,65689.0,65718.6015625,65689.0,65707.1328125,0
2026-07-23 09:22:00+00:00,65676.90625,65676.90625,65700.84375,65676.90625,65699.9921875,0
2026-07-23 09:23:00+00:00,65673.90625,65673.90625,65680.703125,65670.34375,65676.90625,0
2026-07-23 09:24:00+00:00,65668.8515625,65668.8515625,65676.7890625,65668.8515625,65673.90625,0
2026-07-23 09:25:00+00:00,65687.140625,65687.140625,65687.1484375,65666.609375,65666.609375,0
2026-07-23 09:26:00+00:00,65694.0078125,65694.0078125,65694.0078125,65687.140625,65687.140625,0
2026-07-23 09:27:00+00:00,65689.328125,65689.328125,65694.0078125,65685.1328125,65694.0078125,0
2026-07-23 09:28:00+00:00,65699.1328125,65699.1328125,65699.140625,65690.6328125,65690.6328125,0
2026-07-23 09:29:00+00:00,65703.453125,65703.453125,65703.453125,65685.1328125,65699.140625,0
2026-07-23 09:30:00+00:00,65679.859375,65679.859375,65690.1875,65668.8515625,65683.0703125,0
2026-07-23 09:31:00+00:00,65704.0,65704.0,65704.0,65682.203125,65687.8828125,0
2026-07-23 09:32:00+00:00,65693.0390625,65693.0390625,65704.0078125,65693.03125,65704.0078125,0
2026-07-23 09:33:00+00:00,65679.0078125,65679.0078125,65689.0,65677.0,65684.96875,85309440
2026-07-23 09:34:00+00:00,65657.796875,65657.796875,65679.0234375,65655.4375,65679.0234375,0
2026-07-23 09:35:00+00:00,65660.7890625,65660.7890625,65669.2265625,65660.7890625,65669.2265625,0
2026-07-23 09:36:00+00:00,65666.4296875,65666.4296875,65666.4296875,65660.0,65660.0078125,0
2026-07-23 09:37:00+00:00,65672.1796875,65672.1796875,65678.9765625,65658.7890625,65666.421875,0
2026-07-23 09:38:00+00:00,65671.4765625,65671.4765625,65671.4765625,65664.8203125,65668.8515625,0
2026-07-23 09:39:00+00:00,65672.46875,65672.46875,65672.4765625,65671.46875,65671.4765625,0
2026-07-23 09:40:00+00:00,65672.46875,65672.46875,65672.46875,65672.46875,65672.46875,0
2026-07-23 09:41:00+00:00,65676.2265625,65676.2265625,65676.2421875,65672.46875,65672.46875,0
2026-07-23 09:42:00+00:00,65686.2265625,65686.2265625,65688.9921875,65676.2265625,65676.2265625,0
2026-07-23 09:43:00+00:00,65680.4296875,65680.4296875,65692.7578125,65676.90625,65687.5,0
2026-07-23 09:44:00+00:00,65693.078125,65693.078125,65697.6875,65692.75,65692.75,0
2026-07-23 09:45:00+00:00,65701.9921875,65701.9921875,65702.609375,65691.4375,65691.4375,0
2026-07-23 09:46:00+00:00,65680.953125,65680.953125,65701.9921875,65680.953125,65701.9921875,0
2026-07-23 09:47:00+00:00,65681.2890625,65681.2890625,65681.2890625,65676.90625,65680.9375,5617664
2026-07-23 09:48:00+00:00,65668.8515625,65668.8515625,65680.109375,65668.8515625,65674.0,0
2026-07-23 09:49:00+00:00,65668.8515625,65668.8515625,65675.40625,65668.8515625,65668.8515625,49152
2026-07-23 09:50:00+00:00,65669.546875,65669.546875,65676.1875,65668.8515625,65668.8515625,0
2026-07-23 09:51:00+00:00,65643.4375,65643.4375,65669.546875,65636.328125,65669.546875,0
2026-07-23 09:52:00+00:00,65643.3515625,65643.3515625,65648.359375,65636.328125,65643.4296875,0
2026-07-23 09:53:00+00:00,65668.46875,65668.46875,65668.75,65645.2265625,65645.2265625,0
2026-07-23 09:54:00+00:00,65639.8671875,65639.8671875,65660.7421875,65639.859375,65660.7421875,0
2026-07-23 09:55:00+00:00,65644.609375,65644.609375,65644.609375,65629.46875,65640.796875,2424832
2026-07-23 09:56:00+00:00,65637.4296875,65637.4296875,65644.6171875,65634.078125,65644.609375,0
2026-07-23 09:57:00+00:00,65642.03125,65642.03125,65642.0390625,65636.7734375,65637.4296875,0
2026-07-23 09:58:00+00:00,65581.421875,65581.421875,65638.7578125,65581.421875,65638.7578125,0
2026-07-23 09:59:00+00:00,65607.0703125,65607.0703125,65607.0703125,65589.578125,65594.2109375,0
2026-07-23 10:00:00+00:00,65556.9609375,65556.9609375,65617.8125,65556.9609375,65617.8125,0
2026-07-23 10:01:00+00:00,65574.40625,65574.40625,65574.40625,65556.953125,65556.953125,0
2026-07-23 10:02:00+00:00,65605.71875,65605.71875,65605.71875,65574.40625,65574.40625,0
2026-07-23 10:03:00+00:00,65617.9921875,65617.9921875,65617.9921875,65593.9921875,65599.75,0
2026-07-23 10:04:00+00:00,65632.7109375,65632.7109375,65634.34375,65618.0,65618.0,0
2026-07-23 10:05:00+00:00,65663.6015625,65663.6015625,65671.2421875,65632.7109375,65632.7109375,0
2026-07-23 10:06:00+00:00,65639.296875,65639.296875,65654.7578125,65639.296875,65654.7578125,0
2026-07-23 10:07:00+00:00,65663.0234375,65663.0234375,65663.0234375,65632.1484375,65643.9921875,1370112
2026-07-23 10:08:00+00:00,65632.1484375,65632.1484375,65663.03125,65632.1484375,65663.03125,0
2026-07-23 10:09:00+00:00,65653.109375,65653.109375,65653.109375,65632.140625,65632.140625,0
2026-07-23 10:10:00+00:00,65662.75,65662.75,65664.0625,65646.8125,65654.1015625,0
2026-07-23 10:11:00+00:00,65660.78125,65660.78125,65669.53125,65653.6171875,65662.7421875,0
2026-07-23 10:12:00+00:00,65674.546875,65674.546875,65678.671875,65660.78125,65660.78125,0
2026-07-23 10:13:00+00:00,65672.6796875,65672.6796875,65673.25,65658.2890625,65673.25,40740864
2026-07-23 10:14:00+00:00,65685.7890625,65685.7890625,65685.7890625,65672.6796875,65672.6796875,1601536
2026-07-23 10:15:00+00:00,65689.40625,65689.40625,65693.0,65678.1796875,65685.7890625,10342400
2026-07-23 10:16:00+00:00,65694.9921875,65694.9921875,65694.9921875,65668.6015625,65689.40625,0
2026-07-23 10:17:00+00:00,65673.0078125,65673.0078125,65689.21875,65673.0,65688.9921875,872448
2026-07-23 10:18:00+00:00,65681.921875,65681.921875,65681.9296875,65660.7265625,65673.0078125,0
2026-07-23 10:19:00+00:00,65670.0,65670.0,65680.453125,65670.0,65680.453125,1796096
2026-07-23 10:20:00+00:00,65652.0,65652.0,65653.6328125,65648.0078125,65653.6171875,0
2026-07-23 10:21:00+00:00,65657.1875,65657.1875,65657.1875,65644.28125,65652.0,0
2026-07-23 10:22:00+00:00,65668.3203125,65668.3203125,65673.5625,65657.1875,65657.1875,0
2026-07-23 10:23:00+00:00,65660.96875,65660.96875,65674.890625,65653.7578125,65668.3203125,497664
2026-07-23 10:24:00+00:00,65682.25,65682.25,65682.25,65660.96875,65660.96875,28602368
2026-07-23 10:25:00+00:00,65691.109375,65691.109375,65691.109375,65682.25,65682.25,0
2026-07-23 10:26:00+00:00,65721.6328125,65721.6328125,65721.6328125,65694.9609375,65694.96875,0
2026-07-23 10:27:00+00:00,65725.4921875,65725.4921875,65728.7890625,65718.046875,65724.421875,0
2026-07-23 10:28:00+00:00,65722.0078125,65722.0078125,65728.1171875,65722.0078125,65725.4921875,2377728
2026-07-23 10:29:00+00:00,65728.6484375,65728.6484375,65735.9609375,65722.0078125,65722.0078125,0
2026-07-23 10:30:00+00:00,65732.3828125,65732.3828125,65757.03125,65718.0625,65724.4296875,0
2026-07-23 10:31:00+00:00,65746.7109375,65746.7109375,65755.9921875,65737.46875,65737.46875,0
2026-07-23 10:32:00+00:00,65732.34375,65732.34375,65743.1171875,65728.796875,65743.1171875,382976
2026-07-23 10:33:00+00:00,65735.4609375,65735.4609375,65745.2578125,65728.828125,65735.1015625,0
2026-07-23 10:34:00+00:00,65715.359375,65715.359375,65732.5,65715.359375,65730.859375,0
2026-07-23 10:35:00+00:00,65732.171875,65732.171875,65732.171875,65722.1484375,65722.1484375,323584
2026-07-23 10:36:00+00:00,65748.9921875,65748.9921875,65748.9921875,65732.171875,65732.171875,0
2026-07-23 10:37:00+00:00,65745.0078125,65745.0078125,65751.1875,65745.0078125,65746.03125,18253824
2026-07-23 10:38:00+00:00,65743.890625,65743.890625,65743.9921875,65739.65625,65740.6015625,0
2026-07-23 10:39:00+00:00,65743.1171875,65743.1171875,65743.8828125,65739.5390625,65743.8828125,3794944
2026-07-23 10:40:00+00:00,65743.3984375,65743.3984375,65746.6875,65743.109375,65743.1171875,0
2026-07-23 10:41:00+00:00,65745.7578125,65745.7578125,65753.1796875,65743.40625,65743.40625,0
2026-07-23 10:42:00+00:00,65752.09375,65752.09375,65752.09375,65745.7578125,65745.7578125,645408768
2026-07-23 10:43:00+00:00,65741.5,65741.5,65750.0234375,65738.921875,65750.0234375,0
2026-07-23 10:44:00+00:00,65754.359375,65754.359375,65754.359375,65741.5,65741.5078125,0
2026-07-23 10:45:00+00:00,65754.671875,65754.671875,65758.8203125,65754.359375,65754.359375,0
2026-07-23 10:46:00+00:00,65748.328125,65748.328125,65759.7890625,65748.328125,65754.671875,0
2026-07-23 10:47:00+00:00,65743.109375,65743.109375,65743.109375,65735.3515625,65739.5390625,0
2026-07-23 10:48:00+00:00,65757.4296875,65757.4296875,65757.4296875,65743.109375,65743.109375,0
2026-07-23 10:49:00+00:00,65761.0234375,65761.0234375,65761.0234375,65757.4296875,65757.4375,0
2026-07-23 10:50:00+00:00,65750.28125,65750.28125,65761.0078125,65750.28125,65761.0078125,0
2026-07-23 10:51:00+00:00,65730.0,65730.0,65743.703125,65730.0,65743.703125,0
2026-07-23 10:52:00+00:00,65718.0625,65718.0625,65735.03125,65709.9296875,65730.0,0
2026-07-23 10:53:00+00:00,65722.6796875,65722.6796875,65722.6875,65718.046875,65718.046875,0
2026-07-23 10:54:00+00:00,65702.421875,65702.421875,65722.6875,65702.421875,65722.6796875,0
2026-07-23 10:55:00+00:00,65696.578125,65696.578125,65712.1328125,65694.9609375,65700.109375,886784
2026-07-23 10:56:00+00:00,65716.75,65716.75,65718.0625,65695.2578125,65696.578125,0
2026-07-23 10:57:00+00:00,65689.421875,65689.421875,65716.7578125,65689.421875,65716.7578125,5259264
2026-07-23 10:58:00+00:00,65691.9921875,65691.9921875,65699.9921875,65690.9296875,65699.9921875,0
2026-07-23 10:59:00+00:00,65708.5625,65708.5625,65708.5625,65697.1171875,65697.1171875,360448
2026-07-23 11:00:00+00:00,65704.40625,65704.40625,65709.8828125,65704.40625,65708.5625,0
2026-07-23 11:01:00+00:00,65688.078125,65688.078125,65704.421875,65688.078125,65704.40625,0
2026-07-23 11:02:00+00:00,65671.6796875,65671.6796875,65680.0,65660.7890625,65680.0,0
2026-07-23 11:03:00+00:00,65664.2265625,65664.2265625,65671.671875,65661.421875,65671.671875,3125248
2026-07-23 11:04:00+00:00,65662.59375,65662.59375,65664.2421875,65662.59375,65664.2265625,0
2026-07-23 11:05:00+00:00,65642.8828125,65642.8828125,65658.0,65639.296875,65658.0,0
2026-07-23 11:06:00+00:00,65663.7109375,65663.7109375,65663.7109375,65642.8671875,65642.8671875,0
2026-07-23 11:07:00+00:00,65661.7890625,65661.7890625,65663.7109375,65657.078125,65663.7109375,0
2026-07-23 11:08:00+00:00,65653.609375,65653.609375,65653.6171875,65642.8828125,65653.6171875,0
2026-07-23 11:09:00+00:00,65633.9375,65633.9375,65653.609375,65628.65625,65653.609375,0
2026-07-23 11:10:00+00:00,65646.453125,65646.453125,65646.453125,65633.9375,65633.9375,0
2026-07-23 11:11:00+00:00,65666.8828125,65666.8828125,65666.890625,65646.4375,65646.4375,0
2026-07-23 11:12:00+00:00,65671.5078125,65671.5078125,65671.5234375,65658.7890625,65666.8828125,0
2026-07-23 11:13:00+00:00,65656.0703125,65656.0703125,65670.1796875,65654.0234375,65670.1796875,0
2026-07-23 11:14:00+00:00,65675.703125,65675.703125,65675.703125,65656.1015625,65656.1015625,0
2026-07-23 11:15:00+00:00,65684.9921875,65684.9921875,65686.3203125,65673.9921875,65673.9921875,0
2026-07-23 11:16:00+00:00,65685.0,65685.0,65685.0,65684.9921875,65684.9921875,0
2026-07-23 11:17:00+00:00,65650.0390625,65650.0390625,65684.9921875,65650.0390625,65684.9921875,0
2026-07-23 11:18:00+00:00,65657.1875,65657.1875,65657.203125,65648.0,65648.0,0
2026-07-23 11:19:00+00:00,65657.1875,65657.1875,65657.203125,65657.1875,65657.1875,108544
2026-07-23 11:20:00+00:00,65636.0,65636.0,65653.1328125,65635.9921875,65653.1328125,0
2026-07-23 11:21:00+00:00,65642.5625,65642.5625,65642.5625,65633.953125,65635.9921875,0
2026-07-23 11:22:00+00:00,65630.21875,65630.21875,65642.5703125,65624.9765625,65642.5703125,48214016
2026-07-23 11:23:00+00:00,65602.4921875,65602.4921875,65623.9921875,65599.9296875,65623.9921875,0
2026-07-23 11:24:00+00:00,65612.8984375,65612.8984375,65612.8984375,65589.1796875,65597.5625,0
2026-07-23 11:25:00+00:00,65610.859375,65610.859375,65610.859375,65603.96875,65608.796875,0
2026-07-23 11:26:00+00:00,65612.2734375,65612.2734375,65612.28125,65608.796875,65611.4609375,0
2026-07-23 11:27:00+00:00,65623.640625,65623.640625,65624.953125,65612.2734375,65612.28125,0
2026-07-23 11:28:00+00:00,65622.0,65622.0,65623.6484375,65622.0,65623.640625,0
2026-07-23 11:29:00+00:00,65592.75,65592.75,65610.6015625,65592.7421875,65610.6015625,0
2026-07-23 11:30:00+00:00,65591.1484375,65591.1484375,65593.65625,65584.890625,65584.890625,0
2026-07-23 11:31:00+00:00,65595.421875,65595.421875,65595.421875,65576.8671875,65582.03125,0
2026-07-23 11:32:00+00:00,65582.0234375,65582.0234375,65609.953125,65582.0234375,65595.4375,731136
2026-07-23 11:33:00+00:00,65571.2890625,65571.2890625,65584.9765625,65571.2890625,65578.3984375,46174208
2026-07-23 11:34:00+00:00,65596.328125,65596.328125,65596.328125,65571.2890625,65571.2890625,0
2026-07-23 11:35:00+00:00,65561.9921875,65561.9921875,65593.5703125,65556.953125,65593.5703125,0
2026-07-23 11:36:00+00:00,65581.40625,65581.40625,65583.359375,65561.9921875,65561.9921875,0
2026-07-23 11:37:00+00:00,65566.6171875,65566.6171875,65567.7265625,65560.7421875,65567.71875,0
2026-07-23 11:38:00+00:00,65559.3984375,65559.3984375,65567.046875,65554.53125,65566.6328125,0
2026-07-23 11:39:00+00:00,65549.9921875,65549.9921875,65554.53125,65549.3203125,65554.53125,0
2026-07-23 11:40:00+00:00,65525.140625,65525.140625,65549.9921875,65522.80859375,65549.9921875,0
2026-07-23 11:41:00+00:00,65526.75,65526.75,65530.33984375,65513.4296875,65530.33984375,0
2026-07-23 11:42:00+00:00,65551.953125,65551.953125,65551.953125,65524.76171875,65531.890625,0
2026-07-23 11:43:00+00:00,65536.6328125,65536.6328125,65546.21875,65524.73828125,65543.46875,0
2026-07-23 11:44:00+00:00,65525.9296875,65525.9296875,65530.828125,65525.921875,65528.3203125,0
2026-07-23 11:45:00+00:00,65527.421875,65527.421875,65542.6328125,65527.421875,65529.30859375,0
2026-07-23 11:46:00+00:00,65517.58984375,65517.58984375,65527.421875,65517.58984375,65527.421875,0
2026-07-23 11:47:00+00:00,65514.421875,65514.421875,65516.62109375,65505.51171875,65514.62109375,0
2026-07-23 11:48:00+00:00,65541.71875,65541.71875,65548.3203125,65517.37109375,65517.37109375,0
2026-07-23 11:49:00+00:00,65524.80078125,65524.80078125,65537.9921875,65524.7890625,65537.9921875,0
2026-07-23 11:50:00+00:00,65524.7890625,65524.7890625,65542.640625,65524.7890625,65534.3984375,0
2026-07-23 11:51:00+00:00,65529.078125,65529.078125,65529.078125,65524.7890625,65524.7890625,0
2026-07-23 11:52:00+00:00,65562.5703125,65562.5703125,65595.9921875,65525.1015625,65534.48046875,0
2026-07-23 11:53:00+00:00,65549.796875,65549.796875,65576.203125,65549.796875,65560.890625,0
2026-07-23 11:54:00+00:00,65536.09375,65536.09375,65555.796875,65536.09375,65546.2265625,0
2026-07-23 11:55:00+00:00,65531.30859375,65531.30859375,65541.3203125,65531.30859375,65541.3203125,0
2026-07-23 11:56:00+00:00,65510.78125,65510.78125,65529.03125,65509.41015625,65529.03125,0
2026-07-23 11:57:00+00:00,65515.421875,65515.421875,65520.6796875,65510.7890625,65510.7890625,18542592
2026-07-23 11:58:00+00:00,65516.37109375,65516.37109375,65519.6484375,65515.421875,65515.4296875,0
2026-07-23 11:59:00+00:00,65525.21875,65525.21875,65525.921875,65519.6484375,65519.6484375,0
2026-07-23 12:00:00+00:00,65498.671875,65498.671875,65522.171875,65498.671875,65522.171875,0
2026-07-23 12:01:00+00:00,65472.03125,65472.03125,65491.171875,65472.03125,65481.96875,0
2026-07-23 12:02:00+00:00,65501.58984375,65501.58984375,65510.41015625,65485.3515625,65485.3515625,0
2026-07-23 12:03:00+00:00,65527.421875,65527.421875,65527.421875,65497.421875,65501.58984375,0
2026-07-23 12:04:00+00:00,65531.03125,65531.03125,65550.890625,65528.6484375,65534.03125,7624704
2026-07-23 12:05:00+00:00,65503.6796875,65503.6796875,65549.9921875,65503.6796875,65533.578125,36087808
2026-07-23 12:06:00+00:00,65500.359375,65500.359375,65503.69140625,65485.359375,65503.69140625,0
2026-07-23 12:07:00+00:00,65493.2890625,65493.2890625,65497.51171875,65484.62109375,65497.51171875,0
2026-07-23 12:08:00+00:00,65463.890625,65463.890625,65498.19921875,65463.890625,65493.2890625,5861376
2026-07-23 12:09:00+00:00,65459.37890625,65459.37890625,65466.1015625,65455.890625,65465.53125,0
2026-07-23 12:10:00+00:00,65434.55859375,65434.55859375,65457.25,65434.55859375,65457.25,2570240
2026-07-23 12:11:00+00:00,65474.671875,65474.671875,65474.671875,65434.5703125,65434.5703125,0
2026-07-23 12:12:00+00:00,65464.55078125,65464.55078125,65478.01171875,65463.87890625,65478.01171875,55308288
2026-07-23 12:13:00+00:00,65492.51171875,65492.51171875,65492.51171875,65464.55078125,65464.55078125,0
2026-07-23 12:14:00+00:00,65472.3203125,65472.3203125,65492.05859375,65471.30859375,65492.05859375,2926592
2026-07-23 12:15:00+00:00,65471.03125,65471.03125,65484.01953125,65462.05078125,65462.05078125,0
2026-07-23 12:16:00+00:00,65375.62890625,65375.62890625,65468.421875,65375.62890625,65467.4609375,0
2026-07-23 12:17:00+00:00,65448.94140625,65448.94140625,65450.609375,65382.03125,65382.03125,1130496
2026-07-23 12:18:00+00:00,65409.91015625,65409.91015625,65450.609375,65407.109375,65450.609375,616167424
2026-07-23 12:19:00+00:00,65391.58984375,65391.58984375,65424.48828125,65386.96875,65409.91015625,0
2026-07-23 12:20:00+00:00,65411.8203125,65411.8203125,65411.8203125,65358.69921875,65387.01171875,10954752
2026-07-23 12:21:00+00:00,65453.0390625,65453.0390625,65453.0390625,65410.46875,65413.75,0
2026-07-23 12:22:00+00:00,65464.75,65464.75,65478.98828125,65448.171875,65448.171875,54276096
2026-07-23 12:23:00+00:00,65435.23828125,65435.23828125,65461.98828125,65435.23828125,65461.98046875,0
2026-07-23 12:24:00+00:00,65379.078125,65379.078125,65435.23828125,65378.5,65435.23828125,47048704
2026-07-23 12:25:00+00:00,65398.6796875,65398.6796875,65400.5703125,65386.98828125,65386.98828125,0
2026-07-23 12:26:00+00:00,65396.12890625,65396.12890625,65413.0703125,65396.12890625,65400.80078125,0
2026-07-23 12:27:00+00:00,65420.828125,65420.828125,65425.05859375,65398.03125,65398.03125,81690624
2026-07-23 12:28:00+00:00,65385.44140625,65385.44140625,65411.109375,65385.44140625,65411.109375,0
2026-07-23 12:29:00+00:00,65388.44921875,65388.44921875,65388.671875,65377.2109375,65377.2109375,0
2026-07-23 12:30:00+00:00,65359.1015625,65359.1015625,65379.16015625,65354.05859375,65354.05859375,0
2026-07-23 12:31:00+00:00,65354.1796875,65354.1796875,65356.83984375,65323.26171875,65343.9296875,0
2026-07-23 12:32:00+00:00,65331.609375,65331.609375,65349.3203125,65331.421875,65349.3203125,667648
2026-07-23 12:33:00+00:00,65228.28125,65228.28125,65325.078125,65228.28125,65325.078125,3454976
2026-07-23 12:34:00+00:00,65252.6484375,65252.6484375,65252.6484375,65203.69921875,65211.58984375,0
2026-07-23 12:35:00+00:00,65242.44921875,65242.44921875,65261.71875,65228.359375,65252.19140625,0
2026-07-23 12:36:00+00:00,65133.828125,65133.828125,65224.8984375,65133.828125,65224.8984375,0
2026-07-23 12:37:00+00:00,65130.1796875,65130.1796875,65143.578125,65108.7109375,65142.0,24576
2026-07-23 12:38:00+00:00,65117.94140625,65117.94140625,65148.1796875,65114.71875,65114.71875,0
2026-07-23 12:39:00+00:00,65131.98828125,65131.98828125,65131.98828125,65108.69921875,65117.94140625,190908416
2026-07-23 12:40:00+00:00,65119.98828125,65119.98828125,65123.66015625,65076.58984375,65076.58984375,3094528
2026-07-23 12:41:00+00:00,65102.2890625,65102.2890625,65111.80859375,65090.2109375,65111.80859375,0
2026-07-23 12:42:00+00:00,65057.921875,65057.921875,65104.25,65057.921875,65098.01171875,82857984
2026-07-23 12:43:00+00:00,65115.66015625,65115.66015625,65129.8515625,65066.5,65066.5,0
2026-07-23 12:44:00+00:00,65074.94140625,65074.94140625,65095.2890625,65046.0,65094.671875,10913792
2026-07-23 12:45:00+00:00,65061.76953125,65061.76953125,65069.640625,65042.46875,65053.23828125,33640448
2026-07-23 12:46:00+00:00,65022.75,65022.75,65071.0703125,65012.98046875,65068.53125,0
2026-07-23 12:47:00+00:00,64948.16015625,64948.16015625,65017.98828125,64948.16015625,65017.578125,12949504
2026-07-23 12:48:00+00:00,65071.08984375,65071.08984375,65080.8203125,64961.0,64961.0,62038016
2026-07-23 12:49:00+00:00,65109.55859375,65109.55859375,65119.5,65074.98046875,65077.5,0
2026-07-23 12:50:00+00:00,65140.98046875,65140.98046875,65140.98046875,65104.6796875,65104.6796875,133814272
2026-07-23 12:51:00+00:00,65215.69921875,65215.69921875,65218.0,65151.0390625,65151.0390625,0
2026-07-23 12:52:00+00:00,65183.98828125,65183.98828125,65219.12109375,65152.0,65219.12109375,3575808
2026-07-23 12:53:00+00:00,65186.71875,65186.71875,65216.859375,65174.01171875,65182.0,555008
2026-07-23 12:54:00+00:00,65198.55078125,65198.55078125,65200.62109375,65173.98828125,65181.328125,107503616
2026-07-23 12:55:00+00:00,65178.62109375,65178.62109375,65195.44140625,65178.53125,65195.44140625,9900032
2026-07-23 12:56:00+00:00,65177.44140625,65177.44140625,65187.921875,65166.76953125,65183.7109375,0
2026-07-23 12:57:00+00:00,65169.94140625,65169.94140625,65179.55078125,65164.76953125,65178.55859375,89511936
2026-07-23 12:58:00+00:00,65102.55078125,65102.55078125,65177.55859375,65102.30859375,65173.55859375,0
2026-07-23 12:59:00+00:00,65132.140625,65132.140625,65132.140625,65090.25,65096.01953125,0
2026-07-23 13:00:00+00:00,65174.0,65174.0,65184.62890625,65102.30859375,65132.0,0
2026-07-23 13:01:00+00:00,65154.5703125,65154.5703125,65171.37890625,65135.7109375,65171.37890625,0
2026-07-23 13:02:00+00:00,65128.0,65128.0,65173.671875,65128.0,65157.6796875,0
2026-07-23 13:03:00+00:00,65137.25,65137.25,65159.578125,65121.55859375,65147.9609375,0
2026-07-23 13:04:00+00:00,65093.44140625,65093.44140625,65155.51953125,65093.44140625,65145.421875,0
2026-07-23 13:05:00+00:00,65028.01953125,65028.01953125,65075.69140625,65028.01953125,65075.69140625,38946816
2026-07-23 13:06:00+00:00,65018.1015625,65018.1015625,65029.76171875,65006.30859375,65024.80078125,0
2026-07-23 13:07:00+00:00,65069.98046875,65069.98046875,65077.96875,65028.078125,65030.01953125,2191360
2026-07-23 13:08:00+00:00,65033.96875,65033.96875,65089.05078125,65023.12109375,65089.05078125,0
2026-07-23 13:09:00+00:00,64984.16015625,64984.16015625,65051.26953125,64984.16015625,65036.4296875,0
2026-07-23 13:10:00+00:00,65002.05078125,65002.05078125,65002.05078125,64972.3984375,64984.4296875,6457344
2026-07-23 13:11:00+00:00,64989.671875,64989.671875,65019.671875,64989.671875,65009.98828125,0
2026-07-23 13:12:00+00:00,65027.16015625,65027.16015625,65036.03125,64973.421875,64985.7890625,13969408
2026-07-23 13:13:00+00:00,64999.51171875,64999.51171875,65035.08984375,64990.359375,65032.87890625,40921088
2026-07-23 13:14:00+00:00,64999.87109375,64999.87109375,64999.87109375,64976.48828125,64984.171875,26386432
2026-07-23 13:15:00+00:00,64980.26953125,64980.26953125,65007.76953125,64980.26953125,64995.51953125,0
2026-07-23 13:16:00+00:00,64992.37890625,64992.37890625,64995.05078125,64981.828125,64987.5390625,0
2026-07-23 13:17:00+00:00,65032.01953125,65032.01953125,65032.01953125,64974.37109375,64992.01171875,28293120
2026-07-23 13:18:00+00:00,64986.6484375,64986.6484375,64998.76953125,64979.859375,64998.76953125,0
2026-07-23 13:19:00+00:00,64991.30859375,64991.30859375,64991.30859375,64948.26953125,64986.328125,2541568
2026-07-23 13:20:00+00:00,65034.73828125,65034.73828125,65044.2890625,64982.58984375,64982.58984375,51539968
2026-07-23 13:21:00+00:00,65052.171875,65052.171875,65052.171875,65039.359375,65039.359375,0
2026-07-23 13:22:00+00:00,65023.5390625,65023.5390625,65054.58984375,65023.5390625,65054.58984375,1843200
2026-07-23 13:23:00+00:00,65020.421875,65020.421875,65020.4296875,65002.0703125,65010.578125,0
2026-07-23 13:24:00+00:00,65012.16015625,65012.16015625,65032.12109375,65007.23046875,65030.23046875,33345536
2026-07-23 13:25:00+00:00,64983.640625,64983.640625,65009.21875,64980.578125,65009.21875,0
2026-07-23 13:26:00+00:00,64955.171875,64955.171875,64982.78125,64922.51171875,64982.78125,0
2026-07-23 13:27:00+00:00,64973.48046875,64973.48046875,64996.87109375,64917.12109375,64955.19140625,54038528
2026-07-23 13:28:00+00:00,64978.94140625,64978.94140625,65004.0,64978.05859375,64984.859375,411648
2026-07-23 13:29:00+00:00,64977.80859375,64977.80859375,64977.80859375,64947.44921875,64973.4296875,2332672
2026-07-23 13:30:00+00:00,65018.48828125,65018.48828125,65055.76171875,64974.12109375,64979.26171875,0
2026-07-23 13:31:00+00:00,65047.171875,65047.171875,65071.76171875,64991.3203125,65029.80859375,0
2026-07-23 13:32:00+00:00,65109.44921875,65109.44921875,65109.44921875,65043.98828125,65066.5,6623232
2026-07-23 13:33:00+00:00,65141.671875,65141.671875,65151.58984375,65095.140625,65095.140625,84621312
2026-07-23 13:34:00+00:00,65145.25,65145.25,65155.98828125,65111.94140625,65155.98828125,4081664
2026-07-23 13:35:00+00:00,65120.828125,65120.828125,65154.578125,65116.51171875,65134.53125,0
2026-07-23 13:36:00+00:00,65032.98046875,65032.98046875,65117.0,65030.0,65117.0,0
2026-07-23 13:37:00+00:00,65012.328125,65012.328125,65085.94921875,64988.578125,65050.16015625,0
2026-07-23 13:38:00+00:00,64922.0,64922.0,65030.69140625,64922.0,65000.4609375,1695744
2026-07-23 13:39:00+00:00,64965.98828125,64965.98828125,64965.98828125,64924.55859375,64924.55859375,0
2026-07-23 13:40:00+00:00,64977.26171875,64977.26171875,65007.6796875,64971.66015625,65007.6796875,0
2026-07-23 13:41:00+00:00,65034.94921875,65034.94921875,65042.9609375,64977.109375,64984.1484375,6256640
2026-07-23 13:42:00+00:00,65029.01171875,65029.01171875,65076.69921875,65029.01171875,65047.609375,20768768
2026-07-23 13:43:00+00:00,65038.62890625,65038.62890625,65059.0,65020.53125,65029.3515625,9566208
2026-07-23 13:44:00+00:00,65047.80078125,65047.80078125,65051.98828125,65019.9609375,65032.98046875,5201920
2026-07-23 13:45:00+00:00,65002.05859375,65002.05859375,65050.26171875,65002.05859375,65049.62109375,72243200
2026-07-23 13:46:00+00:00,64962.6796875,64962.6796875,65010.0,64937.62109375,65010.0,0
2026-07-23 13:47:00+00:00,64887.28125,64887.28125,64943.87890625,64863.98046875,64943.87890625,907264
2026-07-23 13:48:00+00:00,64852.23828125,64852.23828125,64906.01953125,64830.44921875,64904.671875,19214336
2026-07-23 13:49:00+00:00,64919.71875,64919.71875,64925.33984375,64866.01953125,64870.0,0
2026-07-23 13:50:00+00:00,64899.30859375,64899.30859375,64924.19140625,64862.28125,64916.140625,4569088
2026-07-23 13:51:00+00:00,64817.62890625,64817.62890625,64894.96875,64817.62890625,64887.421875,0
2026-07-23 13:52:00+00:00,64872.25,64872.25,64872.25,64823.05859375,64836.58984375,9224192
2026-07-23 13:53:00+00:00,64960.8984375,64960.8984375,64962.671875,64868.1015625,64868.1015625,64960512
2026-07-23 13:54:00+00:00,65042.30078125,65042.30078125,65089.0,64947.921875,64947.921875,0
2026-07-23 13:55:00+00:00,65028.58984375,65028.58984375,65071.19921875,65028.58984375,65042.2890625,0
2026-07-23 13:56:00+00:00,64968.26953125,64968.26953125,65041.4296875,64968.26953125,65038.01171875,0
2026-07-23 13:57:00+00:00,64923.1015625,64923.1015625,64979.62109375,64903.98828125,64972.01171875,35512320
2026-07-23 13:58:00+00:00,64894.66015625,64894.66015625,64894.66015625,64844.328125,64890.51953125,0
2026-07-23 13:59:00+00:00,64836.0,64836.0,64898.109375,64833.19140625,64898.109375,56907776
2026-07-23 14:00:00+00:00,64845.98828125,64845.98828125,64883.23828125,64831.171875,64844.5390625,42491904
2026-07-23 14:01:00+00:00,64832.109375,64832.109375,64857.16015625,64828.890625,64842.80078125,0
2026-07-23 14:02:00+00:00,64891.55859375,64891.55859375,64896.0,64798.76953125,64832.828125,45391872
2026-07-23 14:03:00+00:00,64857.6015625,64857.6015625,64894.66015625,64854.0,64894.66015625,0
2026-07-23 14:04:00+00:00,64881.98046875,64881.98046875,64906.69140625,64860.0,64860.0,0
2026-07-23 14:05:00+00:00,64914.609375,64914.609375,64914.609375,64885.98046875,64902.05859375,5328896
2026-07-23 14:06:00+00:00,64901.6484375,64901.6484375,64918.51953125,64891.078125,64918.51171875,0
2026-07-23 14:07:00+00:00,64919.7109375,64919.7109375,64919.7109375,64892.9609375,64892.9609375,606300160
2026-07-23 14:08:00+00:00,64844.19140625,64844.19140625,64922.87890625,64844.19140625,64901.8203125,0
2026-07-23 14:09:00+00:00,64852.7109375,64852.7109375,64852.7109375,64780.0,64844.8203125,96342016
2026-07-23 14:10:00+00:00,64924.78125,64924.78125,64928.44140625,64879.109375,64889.0,0
2026-07-23 14:11:00+00:00,64973.41015625,64973.41015625,64973.41015625,64901.671875,64912.55859375,0
2026-07-23 14:12:00+00:00,65008.890625,65008.890625,65008.890625,64980.578125,64986.71875,7843840
2026-07-23 14:13:00+00:00,65010.05859375,65010.05859375,65039.5,64999.03125,65027.109375,5148672
2026-07-23 14:14:00+00:00,65016.37109375,65016.37109375,65029.46875,64996.0,65014.23828125,1271808
2026-07-23 14:15:00+00:00,65002.1015625,65002.1015625,65031.3515625,64994.58984375,65002.2109375,0
2026-07-23 14:16:00+00:00,64995.87890625,64995.87890625,65020.78125,64992.0703125,64998.26171875,0
2026-07-23 14:17:00+00:00,65002.33984375,65002.33984375,65002.33984375,64963.171875,64991.62890625,3241984
2026-07-23 14:18:00+00:00,65000.01171875,65000.01171875,65027.890625,65000.01171875,65019.30078125,125855744
2026-07-23 14:19:00+00:00,65046.12890625,65046.12890625,65046.12890625,64987.73828125,65003.12109375,0
2026-07-23 14:20:00+00:00,65045.87890625,65045.87890625,65066.5,65038.62109375,65055.55859375,702464
2026-07-23 14:21:00+00:00,65122.0,65122.0,65122.0,65031.98828125,65031.98828125,0
2026-07-23 14:22:00+00:00,65145.26171875,65145.26171875,65180.0,65105.87890625,65110.0,69103616
2026-07-23 14:23:00+00:00,65109.44921875,65109.44921875,65148.828125,65101.01171875,65148.828125,0
2026-07-23 14:24:00+00:00,65092.4609375,65092.4609375,65111.53125,65074.328125,65111.53125,2304000
2026-07-23 14:25:00+00:00,65115.7890625,65115.7890625,65127.3515625,65077.23828125,65077.23828125,2396160
2026-07-23 14:26:00+00:00,65096.0,65096.0,65109.76953125,65079.4296875,65109.76953125,0
2026-07-23 14:27:00+00:00,65115.98828125,65115.98828125,65115.98828125,65066.890625,65097.55078125,0
2026-07-23 14:28:00+00:00,65052.4609375,65052.4609375,65114.51953125,65052.4609375,65098.71875,20826112
2026-07-23 14:29:00+00:00,65098.58984375,65098.58984375,65098.58984375,65053.30859375,65053.30859375,0
2026-07-23 14:30:00+00:00,65090.44140625,65090.44140625,65108.2890625,65066.5,65100.328125,0
2026-07-23 14:31:00+00:00,65055.48046875,65055.48046875,65113.03125,65055.48046875,65098.69921875,0
2026-07-23 14:32:00+00:00,65011.94921875,65011.94921875,65052.1796875,65011.94921875,65052.1796875,0
2026-07-23 14:33:00+00:00,64986.2890625,64986.2890625,65013.98828125,64986.2890625,65010.1796875,0
2026-07-23 14:34:00+00:00,65015.078125,65015.078125,65023.33984375,64989.37890625,64991.19921875,1658880
2026-07-23 14:35:00+00:00,64996.0,64996.0,65012.46875,64994.66015625,65012.46875,0
2026-07-23 14:36:00+00:00,65021.48828125,65021.48828125,65021.48828125,64994.55859375,64996.2109375,0
2026-07-23 14:37:00+00:00,65161.96875,65161.96875,65161.96875,65021.48828125,65021.48828125,74844160
2026-07-23 14:38:00+00:00,65123.6484375,65123.6484375,65164.66015625,65121.390625,65164.66015625,0
2026-07-23 14:39:00+00:00,65128.0,65128.0,65147.26171875,65112.0,65123.6484375,0
2026-07-23 14:40:00+00:00,65100.0,65100.0,65135.359375,65100.0,65133.05078125,231424
2026-07-23 14:41:00+00:00,65048.609375,65048.609375,65091.55078125,65048.609375,65087.98046875,0
2026-07-23 14:42:00+00:00,64983.0703125,64983.0703125,65055.671875,64983.0703125,65053.23828125,23085056
2026-07-23 14:43:00+00:00,64971.91015625,64971.91015625,64987.01171875,64969.83984375,64986.16015625,0
2026-07-23 14:44:00+00:00,64984.66015625,64984.66015625,64989.328125,64974.3203125,64974.3203125,161845248
2026-07-23 14:45:00+00:00,64944.78125,64944.78125,64980.01171875,64944.78125,64976.0,0
2026-07-23 14:46:00+00:00,64947.51953125,64947.51953125,64967.51953125,64944.78125,64944.78125,0
2026-07-23 14:47:00+00:00,64941.19921875,64941.19921875,64980.19921875,64937.91015625,64955.51953125,0
2026-07-23 14:48:00+00:00,64910.80859375,64910.80859375,64927.6796875,64906.48046875,64910.12890625,0
2026-07-23 14:49:00+00:00,64890.25,64890.25,64910.80859375,64875.0,64910.80859375,3287040
2026-07-23 14:50:00+00:00,64880.33984375,64880.33984375,64899.6796875,64816.76171875,64887.98828125,0
2026-07-23 14:51:00+00:00,64864.78125,64864.78125,64887.08984375,64848.12890625,64866.01953125,0
2026-07-23 14:52:00+00:00,64873.1796875,64873.1796875,64894.6484375,64850.46875,64853.4609375,2611200
2026-07-23 14:53:00+00:00,64824.890625,64824.890625,64858.87109375,64817.41015625,64858.87109375,0
2026-07-23 14:54:00+00:00,64809.0390625,64809.0390625,64824.890625,64795.23046875,64819.98828125,45586432
2026-07-23 14:55:00+00:00,64809.890625,64809.890625,64838.328125,64795.96875,64795.96875,944128
2026-07-23 14:56:00+00:00,64829.2109375,64829.2109375,64832.48828125,64808.94140625,64808.94140625,0
2026-07-23 14:57:00+00:00,64830.80078125,64830.80078125,64836.0703125,64820.05859375,64836.0703125,17610752
2026-07-23 14:58:00+00:00,64830.21875,64830.21875,64850.21875,64824.48046875,64840.8515625,7999488
2026-07-23 14:59:00+00:00,64868.19921875,64868.19921875,64868.19921875,64829.51953125,64829.51953125,360448
2026-07-23 15:00:00+00:00,64865.078125,64865.078125,64875.80859375,64853.1484375,64853.1484375,11466752
2026-07-23 15:01:00+00:00,64836.0,64836.0,64864.73046875,64826.55078125,64864.73046875,0
2026-07-23 15:02:00+00:00,64826.0390625,64826.0390625,64851.69921875,64824.171875,64831.26953125,6780928
2026-07-23 15:03:00+00:00,64815.8984375,64815.8984375,64833.7890625,64795.609375,64800.0,0
2026-07-23 15:04:00+00:00,64832.25,64832.25,64832.25,64800.5390625,64808.71875,2729984
2026-07-23 15:05:00+00:00,64799.0703125,64799.0703125,64820.80859375,64799.0703125,64820.80859375,0
2026-07-23 15:06:00+00:00,64799.5390625,64799.5390625,64799.5390625,64757.3203125,64788.62109375,0
2026-07-23 15:07:00+00:00,64827.859375,64827.859375,64847.109375,64763.328125,64796.98828125,130721792
2026-07-23 15:08:00+00:00,64771.37890625,64771.37890625,64819.48046875,64768.08984375,64819.48046875,0
2026-07-23 15:09:00+00:00,64768.41015625,64768.41015625,64801.41015625,64764.5390625,64796.5390625,0
2026-07-23 15:10:00+00:00,64768.6484375,64768.6484375,64783.30859375,64747.8515625,64754.8984375,9211904
2026-07-23 15:11:00+00:00,64736.26953125,64736.26953125,64760.28125,64732.71875,64760.28125,0
2026-07-23 15:12:00+00:00,64712.01171875,64712.01171875,64732.71875,64690.44140625,64732.71875,110807040
2026-07-23 15:13:00+00:00,64695.1484375,64695.1484375,64735.6484375,64695.1484375,64719.05859375,1071104
2026-07-23 15:14:00+00:00,64733.30078125,64733.30078125,64733.30078125,64673.69140625,64693.6484375,0
2026-07-23 15:15:00+00:00,64728.78125,64728.78125,64754.01171875,64706.0,64712.078125,0
2026-07-23 15:16:00+00:00,64761.609375,64761.609375,64774.91015625,64737.91015625,64737.91015625,0
2026-07-23 15:17:00+00:00,64794.8984375,64794.8984375,64799.3984375,64756.73828125,64756.73828125,77264896
2026-07-23 15:18:00+00:00,64801.58984375,64801.58984375,64821.16015625,64788.83984375,64794.8984375,118083584
2026-07-23 15:19:00+00:00,64830.2109375,64830.2109375,64830.2109375,64805.16015625,64807.94140625,2678784
2026-07-23 15:20:00+00:00,64833.80078125,64833.80078125,64857.640625,64823.05859375,64836.671875,103665664
2026-07-23 15:21:00+00:00,64852.94921875,64852.94921875,64858.8515625,64844.41015625,64845.828125,0
2026-07-23 15:22:00+00:00,64795.890625,64795.890625,64901.8984375,64768.1015625,64853.3203125,5482496
2026-07-23 15:23:00+00:00,64824.0,64824.0,64834.0,64796.0,64806.69921875,0
2026-07-23 15:24:00+00:00,64898.23828125,64898.23828125,64898.23828125,64826.76171875,64826.76171875,47558656
2026-07-23 15:25:00+00:00,64873.51953125,64873.51953125,64903.0390625,64868.19140625,64894.328125,0
2026-07-23 15:26:00+00:00,64848.19921875,64848.19921875,64880.4296875,64848.19921875,64873.53125,0
2026-07-23 15:27:00+00:00,64837.640625,64837.640625,64855.76171875,64830.23828125,64854.921875,0
2026-07-23 15:28:00+00:00,64826.640625,64826.640625,64862.0,64826.640625,64837.62890625,0
2026-07-23 15:29:00+00:00,64811.890625,64811.890625,64825.12890625,64803.1484375,64819.7109375,0
2026-07-23 15:30:00+00:00,64798.28125,64798.28125,64829.828125,64797.4609375,64812.890625,0
2026-07-23 15:31:00+00:00,64820.0,64820.0,64835.0,64764.859375,64787.26171875,0
2026-07-23 15:32:00+00:00,64857.890625,64857.890625,64867.94140625,64838.6484375,64838.6484375,0
2026-07-23 15:33:00+00:00,64862.44921875,64862.44921875,64879.66015625,64851.69921875,64874.1484375,2971648
2026-07-23 15:34:00+00:00,64863.44921875,64863.44921875,64869.3203125,64854.01171875,64869.3203125,0
2026-07-23 15:35:00+00:00,64880.33984375,64880.33984375,64894.6484375,64858.859375,64876.73046875,0
2026-07-23 15:36:00+00:00,64843.05078125,64843.05078125,64869.6015625,64823.37109375,64869.6015625,0
2026-07-23 15:37:00+00:00,64866.01953125,64866.01953125,64879.98046875,64812.1484375,64835.37109375,2297856
2026-07-23 15:38:00+00:00,64907.75,64907.75,64907.76171875,64872.91015625,64882.9609375,118382592
2026-07-23 15:39:00+00:00,64905.8984375,64905.8984375,64905.91015625,64891.75,64899.4296875,0
2026-07-23 15:40:00+00:00,64894.671875,64894.671875,64930.4609375,64894.671875,64916.12890625,24975360
2026-07-23 15:41:00+00:00,64917.6796875,64917.6796875,64917.6796875,64883.87109375,64883.921875,0
2026-07-23 15:42:00+00:00,64887.2109375,64887.2109375,64926.1796875,64887.2109375,64917.6484375,49213440
2026-07-23 15:43:00+00:00,64876.76171875,64876.76171875,64894.6484375,64876.76171875,64894.6484375,3010560
2026-07-23 15:44:00+00:00,64855.28125,64855.28125,64874.5,64855.28125,64873.1796875,4003840
2026-07-23 15:45:00+00:00,64850.0,64850.0,64865.0,64839.08984375,64851.98828125,0
2026-07-23 15:46:00+00:00,64819.46875,64819.46875,64855.2109375,64809.96875,64850.01171875,9224192
2026-07-23 15:47:00+00:00,64842.890625,64842.890625,64842.8984375,64813.51171875,64819.4609375,1150976
2026-07-23 15:48:00+00:00,64864.98828125,64864.98828125,64864.98828125,64844.1796875,64844.1796875,5068800
2026-07-23 15:49:00+00:00,64920.0,64920.0,64923.03125,64869.6015625,64869.6015625,4923392
2026-07-23 15:50:00+00:00,64969.96875,64969.96875,64969.96875,64914.6796875,64920.01171875,0
2026-07-23 15:51:00+00:00,64936.0,64936.0,64976.01171875,64930.4609375,64976.01171875,0
2026-07-23 15:52:00+00:00,64916.890625,64916.890625,64945.98046875,64916.890625,64945.98046875,0
2026-07-23 15:53:00+00:00,64900.01171875,64900.01171875,64905.3984375,64900.01171875,64905.3984375,0
2026-07-23 15:54:00+00:00,64912.55859375,64912.55859375,64916.140625,64898.37890625,64904.01953125,46718976
2026-07-23 15:55:00+00:00,64938.01171875,64938.01171875,64944.76171875,64909.8515625,64909.8515625,0
2026-07-23 15:56:00+00:00,64945.328125,64945.328125,64945.328125,64911.69921875,64938.01953125,0
2026-07-23 15:57:00+00:00,64915.640625,64915.640625,64927.25,64910.109375,64927.25,0
2026-07-23 15:58:00+00:00,64906.421875,64906.421875,64913.53125,64905.3984375,64912.55859375,0
2026-07-23 15:59:00+00:00,64898.25,64898.25,64909.62890625,64898.25,64909.62890625,1058816
2026-07-23 16:00:00+00:00,64894.21875,64894.21875,64898.7890625,64890.58984375,64898.7890625,160819200
2026-07-23 16:01:00+00:00,64872.0,64872.0,64887.48046875,64845.8984375,64887.48046875,0
2026-07-23 16:02:00+00:00,64820.609375,64820.609375,64870.23046875,64820.609375,64870.23046875,2150400
2026-07-23 16:03:00+00:00,64832.0,64832.0,64832.0,64815.8984375,64826.671875,0
2026-07-23 16:04:00+00:00,64814.5,64814.5,64822.48046875,64808.73828125,64808.73828125,0
2026-07-23 16:05:00+00:00,64798.01171875,64798.01171875,64809.96875,64794.390625,64809.96875,19318784
2026-07-23 16:06:00+00:00,64754.3515625,64754.3515625,64785.71875,64742.37890625,64785.71875,0
2026-07-23 16:07:00+00:00,64763.26171875,64763.26171875,64763.76953125,64751.421875,64751.4609375,0
2026-07-23 16:08:00+00:00,64774.94921875,64774.94921875,64783.3984375,64758.62890625,64783.3984375,0
2026-07-23 16:09:00+00:00,64776.1015625,64776.1015625,64776.1015625,64757.0703125,64770.5,223647744
2026-07-23 16:10:00+00:00,64798.76171875,64798.76171875,64802.109375,64785.6484375,64785.6484375,425984
2026-07-23 16:11:00+00:00,64813.62890625,64813.62890625,64833.80078125,64810.51171875,64810.51171875,0
2026-07-23 16:12:00+00:00,64815.8984375,64815.8984375,64833.76171875,64813.03125,64813.03125,0
2026-07-23 16:13:00+00:00,64798.26953125,64798.26953125,64851.26171875,64798.26953125,64815.75,4997120
2026-07-23 16:14:00+00:00,64815.4296875,64815.4296875,64815.4296875,64805.16015625,64805.16015625,114071552
2026-07-23 16:15:00+00:00,64817.0,64817.0,64829.1484375,64813.828125,64813.828125,0
2026-07-23 16:16:00+00:00,64795.7109375,64795.7109375,64822.359375,64795.7109375,64816.98828125,0
2026-07-23 16:17:00+00:00,64754.62109375,64754.62109375,64780.921875,64754.62109375,64780.921875,4685824
2026-07-23 16:18:00+00:00,64747.87109375,64747.87109375,64770.8203125,64733.55859375,64770.8203125,612352
2026-07-23 16:19:00+00:00,64707.66015625,64707.66015625,64745.23828125,64690.69921875,64745.23828125,0
2026-07-23 16:20:00+00:00,64733.55078125,64733.55078125,64733.80859375,64707.55859375,64709.73828125,0
2026-07-23 16:21:00+00:00,64727.921875,64727.921875,64733.53125,64707.23046875,64733.53125,0
2026-07-23 16:22:00+00:00,64729.5,64729.5,64729.5,64702.109375,64717.921875,0
2026-07-23 16:23:00+00:00,64770.51171875,64770.51171875,64776.19140625,64729.48828125,64729.48828125,0
2026-07-23 16:24:00+00:00,64767.78125,64767.78125,64774.01171875,64761.96875,64769.37109375,0
2026-07-23 16:25:00+00:00,64749.23046875,64749.23046875,64796.3984375,64749.23046875,64767.640625,0
2026-07-23 16:26:00+00:00,64739.0,64739.0,64754.87890625,64738.01953125,64754.87890625,0
2026-07-23 16:27:00+00:00,64736.171875,64736.171875,64749.7890625,64734.37109375,64740.30078125,56389632
2026-07-23 16:28:00+00:00,64739.66015625,64739.66015625,64740.46875,64735.94140625,64735.94140625,54960128
2026-07-23 16:29:00+00:00,64759.78125,64759.78125,64759.83984375,64743.2109375,64743.2109375,0
2026-07-23 16:30:00+00:00,64749.44921875,64749.44921875,64759.98046875,64726.390625,64759.98046875,38184960
2026-07-23 16:31:00+00:00,64721.859375,64721.859375,64743.05859375,64721.859375,64743.05859375,0
2026-07-23 16:32:00+00:00,64682.12890625,64682.12890625,64720.53125,64675.05859375,64720.53125,0
2026-07-23 16:33:00+00:00,64688.1015625,64688.1015625,64725.69921875,64681.4609375,64681.4609375,0
2026-07-23 16:34:00+00:00,64674.5703125,64674.5703125,64706.1796875,64672.53125,64697.75,0
2026-07-23 16:35:00+00:00,64694.48828125,64694.48828125,64694.48828125,64671.62109375,64674.5703125,1521664
2026-07-23 16:36:00+00:00,64712.48828125,64712.48828125,64736.9296875,64690.421875,64690.421875,0
2026-07-23 16:37:00+00:00,64703.109375,64703.109375,64712.1015625,64695.44140625,64710.0,12529664
2026-07-23 16:38:00+00:00,64726.390625,64726.390625,64726.390625,64699.8515625,64699.8515625,43620352
2026-07-23 16:39:00+00:00,64726.390625,64726.390625,64743.2890625,64707.71875,64728.9609375,0
2026-07-23 16:40:00+00:00,64696.96875,64696.96875,64720.55859375,64694.1796875,64720.51171875,0
2026-07-23 16:41:00+00:00,64669.87109375,64669.87109375,64702.30078125,64667.859375,64695.859375,0
2026-07-23 16:42:00+00:00,64690.01171875,64690.01171875,64690.01171875,64656.0,64666.8984375,17784832
2026-07-23 16:43:00+00:00,64710.578125,64710.578125,64712.0703125,64687.01953125,64690.0,0
2026-07-23 16:44:00+00:00,64687.03125,64687.03125,64708.48828125,64687.03125,64697.76171875,0
2026-07-23 16:45:00+00:00,64690.7890625,64690.7890625,64713.98828125,64690.7890625,64699.26953125,0
2026-07-23 16:46:00+00:00,64690.78125,64690.78125,64694.19140625,64690.78125,64693.6796875,0
2026-07-23 16:47:00+00:00,64688.5,64688.5,64690.78125,64675.078125,64690.78125,1482752
2026-07-23 16:48:00+00:00,64712.3984375,64712.3984375,64713.94921875,64698.5703125,64698.5703125,14745600
2026-07-23 16:49:00+00:00,64683.8515625,64683.8515625,64715.6484375,64683.8515625,64715.6484375,0
2026-07-23 16:50:00+00:00,64670.2890625,64670.2890625,64680.0,64667.01171875,64667.01171875,0
2026-07-23 16:51:00+00:00,64694.1796875,64694.1796875,64700.578125,64670.1796875,64670.1796875,0
2026-07-23 16:52:00+00:00,64705.890625,64705.890625,64707.44921875,64695.640625,64707.44921875,0
2026-07-23 16:53:00+00:00,64689.30859375,64689.30859375,64705.890625,64680.01171875,64704.1796875,52295680
2026-07-23 16:54:00+00:00,64707.19140625,64707.19140625,64710.01171875,64689.30859375,64689.30859375,0
2026-07-23 16:55:00+00:00,64726.37109375,64726.37109375,64726.37109375,64710.0,64710.0,11132928
2026-07-23 16:56:00+00:00,64723.25,64723.25,64728.5390625,64715.66015625,64721.8984375,0
2026-07-23 16:57:00+00:00,64744.12109375,64744.12109375,64744.12109375,64726.19921875,64726.19921875,0
2026-07-23 16:58:00+00:00,64756.328125,64756.328125,64774.3515625,64743.69140625,64743.69921875,0
2026-07-23 16:59:00+00:00,64691.01171875,64691.01171875,64756.328125,64691.01171875,64756.328125,0
2026-07-23 17:00:00+00:00,64719.80859375,64719.80859375,64720.87890625,64665.01171875,64690.0,0
2026-07-23 17:01:00+00:00,64719.01953125,64719.01953125,64724.37109375,64699.53125,64724.078125,0
2026-07-23 17:02:00+00:00,64735.08984375,64735.08984375,64735.08984375,64689.0,64726.0,0
2026-07-23 17:03:00+00:00,64720.69921875,64720.69921875,64738.828125,64711.0,64734.94921875,0
2026-07-23 17:04:00+00:00,64711.71875,64711.71875,64733.51953125,64711.71875,64720.69921875,6746112
2026-07-23 17:05:00+00:00,64694.609375,64694.609375,64707.0703125,64693.3203125,64707.0703125,0
2026-07-23 17:06:00+00:00,64690.01171875,64690.01171875,64736.08984375,64690.01171875,64700.44921875,0
2026-07-23 17:07:00+00:00,64698.01171875,64698.01171875,64713.8203125,64692.98046875,64692.98046875,5492736
2026-07-23 17:08:00+00:00,64704.9296875,64704.9296875,64733.55078125,64702.0,64702.01171875,40011776
2026-07-23 17:09:00+00:00,64717.328125,64717.328125,64726.359375,64701.62890625,64704.9296875,0
2026-07-23 17:10:00+00:00,64722.828125,64722.828125,64744.51953125,64714.26953125,64721.609375,0
2026-07-23 17:11:00+00:00,64683.2109375,64683.2109375,64724.12109375,64683.2109375,64724.12109375,0
2026-07-23 17:12:00+00:00,64707.3984375,64707.3984375,64709.48828125,64673.4296875,64678.80078125,0
2026-07-23 17:13:00+00:00,64679.87109375,64679.87109375,64703.890625,64679.87109375,64694.1796875,3641344
2026-07-23 17:14:00+00:00,64699.41015625,64699.41015625,64699.41015625,64676.96875,64679.87109375,38871040
2026-07-23 17:15:00+00:00,64725.44140625,64725.44140625,64727.28125,64702.69921875,64716.71875,1681408
2026-07-23 17:16:00+00:00,64700.94140625,64700.94140625,64767.62890625,64700.94140625,64727.25,0
2026-07-23 17:17:00+00:00,64704.9296875,64704.9296875,64739.41015625,64700.12890625,64700.12890625,1851392
2026-07-23 17:18:00+00:00,64682.4609375,64682.4609375,64701.3515625,64682.4609375,64701.3515625,0
2026-07-23 17:19:00+00:00,64702.19140625,64702.19140625,64702.19140625,64679.23828125,64690.55859375,19433472
2026-07-23 17:20:00+00:00,64745.98828125,64745.98828125,64760.01171875,64712.0703125,64712.0703125,0
2026-07-23 17:21:00+00:00,64728.58984375,64728.58984375,64757.28125,64728.58984375,64757.28125,0
2026-07-23 17:22:00+00:00,64746.98828125,64746.98828125,64749.4609375,64720.78125,64726.19921875,170950656
2026-07-23 17:23:00+00:00,64790.16015625,64790.16015625,64792.390625,64737.46875,64746.98828125,4438016
2026-07-23 17:24:00+00:00,64791.8984375,64791.8984375,64801.578125,64788.87890625,64788.87890625,0
2026-07-23 17:25:00+00:00,64765.71875,64765.71875,64784.83984375,64739.4609375,64784.83984375,51953664
2026-07-23 17:26:00+00:00,64780.55859375,64780.55859375,64788.23046875,64759.98046875,64768.37109375,0
2026-07-23 17:27:00+00:00,64790.83984375,64790.83984375,64797.98828125,64777.87890625,64779.4296875,0
2026-07-23 17:28:00+00:00,64803.828125,64803.828125,64807.73046875,64790.6484375,64790.66015625,7694336
2026-07-23 17:29:00+00:00,64785.0703125,64785.0703125,64800.2890625,64785.0703125,64794.76953125,0
2026-07-23 17:30:00+00:00,64773.71875,64773.71875,64782.98046875,64765.078125,64774.41015625,0
2026-07-23 17:31:00+00:00,64779.76953125,64779.76953125,64790.83984375,64763.421875,64772.44140625,0
2026-07-23 17:32:00+00:00,64789.12109375,64789.12109375,64795.1484375,64775.578125,64775.578125,17145856
2026-07-23 17:33:00+00:00,64817.62109375,64817.62109375,64829.05078125,64789.12109375,64789.12109375,602112
2026-07-23 17:34:00+00:00,64817.91015625,64817.91015625,64825.359375,64812.05859375,64813.98828125,0
2026-07-23 17:35:00+00:00,64764.46875,64764.46875,64822.1796875,64764.46875,64822.1796875,12621824
2026-07-23 17:36:00+00:00,64761.19921875,64761.19921875,64777.87890625,64757.80859375,64765.53125,0
2026-07-23 17:37:00+00:00,64728.03125,64728.03125,64755.03125,64728.03125,64743.48046875,0
2026-07-23 17:38:00+00:00,64749.01171875,64749.01171875,64753.76953125,64729.48828125,64733.78125,160649216
2026-07-23 17:39:00+00:00,64747.87890625,64747.87890625,64762.53125,64746.421875,64753.01953125,0
2026-07-23 17:40:00+00:00,64737.46875,64737.46875,64755.03125,64737.46875,64747.87890625,5451776
2026-07-23 17:41:00+00:00,64754.828125,64754.828125,64754.828125,64740.75,64747.87109375,0
2026-07-23 17:42:00+00:00,64760.53125,64760.53125,64762.69921875,64751.3984375,64751.3984375,0
2026-07-23 17:43:00+00:00,64773.98828125,64773.98828125,64773.98828125,64758.62890625,64762.6796875,0
2026-07-23 17:44:00+00:00,64770.94921875,64770.94921875,64771.37890625,64768.71875,64768.71875,0
2026-07-23 17:45:00+00:00,64806.5703125,64806.5703125,64806.5703125,64750.6484375,64750.6484375,0
2026-07-23 17:46:00+00:00,64797.98828125,64797.98828125,64800.0,64780.109375,64800.0,0
2026-07-23 17:47:00+00:00,64772.94921875,64772.94921875,64796.44921875,64772.94921875,64796.44921875,1024000
2026-07-23 17:48:00+00:00,64795.5,64795.5,64795.671875,64776.51953125,64776.8203125,202008576
2026-07-23 17:49:00+00:00,64783.01953125,64783.01953125,64804.3515625,64783.01953125,64801.5703125,0
2026-07-23 17:50:00+00:00,64776.73828125,64776.73828125,64777.01171875,64769.359375,64777.01171875,0
2026-07-23 17:51:00+00:00,64752.44921875,64752.44921875,64786.66015625,64747.9609375,64770.140625,0
2026-07-23 17:52:00+00:00,64768.44140625,64768.44140625,64781.3203125,64750.62109375,64750.62109375,292864
2026-07-23 17:53:00+00:00,64770.23046875,64770.23046875,64770.23046875,64744.30859375,64764.98828125,0
2026-07-23 17:54:00+00:00,64751.4609375,64751.4609375,64763.171875,64743.98828125,64757.078125,0
2026-07-23 17:55:00+00:00,64733.55078125,64733.55078125,64754.390625,64719.87890625,64744.58984375,0
2026-07-23 17:56:00+00:00,64715.66015625,64715.66015625,64735.98828125,64715.66015625,64732.62109375,0
2026-07-23 17:57:00+00:00,64701.3515625,64701.3515625,64721.8984375,64701.3515625,64715.671875,0
2026-07-23 17:58:00+00:00,64637.3515625,64637.3515625,64684.69921875,64601.3515625,64684.69921875,0
2026-07-23 17:59:00+00:00,64619.12109375,64619.12109375,64639.98828125,64604.328125,64630.6015625,446464
2026-07-23 18:00:00+00:00,64636.8984375,64636.8984375,64645.91015625,64617.8984375,64619.12109375,0
2026-07-23 18:01:00+00:00,64643.76171875,64643.76171875,64670.12890625,64629.91015625,64632.37109375,0
2026-07-23 18:02:00+00:00,64647.53125,64647.53125,64659.6484375,64642.75,64642.75,8888320
2026-07-23 18:03:00+00:00,64665.5390625,64665.5390625,64665.5390625,64647.6484375,64649.9296875,0
2026-07-23 18:04:00+00:00,64644.05859375,64644.05859375,64669.12109375,64641.640625,64667.609375,11048960
2026-07-23 18:05:00+00:00,64648.140625,64648.140625,64648.140625,64622.8203125,64635.140625,0
2026-07-23 18:06:00+00:00,64688.03125,64688.03125,64690.0,64654.5,64658.37890625,0
2026-07-23 18:07:00+00:00,64680.890625,64680.890625,64689.109375,64675.01171875,64689.109375,48865280
2026-07-23 18:08:00+00:00,64696.8515625,64696.8515625,64696.8515625,64680.890625,64680.890625,0
2026-07-23 18:09:00+00:00,64704.421875,64704.421875,64710.890625,64701.6015625,64708.26953125,154705920
2026-07-23 18:10:00+00:00,64701.33984375,64701.33984375,64714.01171875,64689.98046875,64689.98046875,0
2026-07-23 18:11:00+00:00,64678.109375,64678.109375,64685.390625,64672.16015625,64684.578125,0
2026-07-23 18:12:00+00:00,64704.328125,64704.328125,64704.328125,64676.01953125,64676.01953125,622592
2026-07-23 18:13:00+00:00,64685.94140625,64685.94140625,64704.921875,64683.7890625,64704.328125,48119808
2026-07-23 18:14:00+00:00,64671.46875,64671.46875,64691.87109375,64668.12890625,64683.7109375,17395712
2026-07-23 18:15:00+00:00,64701.08984375,64701.08984375,64701.08984375,64671.4609375,64671.4609375,0
2026-07-23 18:16:00+00:00,64690.609375,64690.609375,64706.71875,64676.80859375,64706.71875,0
2026-07-23 18:17:00+00:00,64667.21875,64667.21875,64696.87890625,64667.21875,64693.01171875,0
2026-07-23 18:18:00+00:00,64653.2890625,64653.2890625,64702.51171875,64649.23828125,64649.23828125,0
2026-07-23 18:19:00+00:00,64669.94921875,64669.94921875,64669.94921875,64649.96875,64649.98046875,0
2026-07-23 18:20:00+00:00,64667.3984375,64667.3984375,64668.0,64655.51953125,64668.0,0
2026-07-23 18:21:00+00:00,64653.8984375,64653.8984375,64663.21875,64635.96875,64647.3984375,0
2026-07-23 18:22:00+00:00,64671.30859375,64671.30859375,64673.94140625,64645.5703125,64657.78125,174172160
2026-07-23 18:23:00+00:00,64671.98828125,64671.98828125,64686.98046875,64662.30859375,64669.01953125,39131136
2026-07-23 18:24:00+00:00,64690.8203125,64690.8203125,64704.83984375,64677.62109375,64677.62109375,0
2026-07-23 18:25:00+00:00,64686.62890625,64686.62890625,64712.9609375,64683.41015625,64690.8203125,0
2026-07-23 18:26:00+00:00,64717.58984375,64717.58984375,64717.58984375,64691.5703125,64691.5703125,0
2026-07-23 18:27:00+00:00,64736.80078125,64736.80078125,64736.83984375,64716.26953125,64717.6015625,0
2026-07-23 18:28:00+00:00,64739.66015625,64739.66015625,64739.66015625,64714.0,64719.71875,0
2026-07-23 18:29:00+00:00,64750.078125,64750.078125,64763.98046875,64739.66015625,64739.66015625,0
2026-07-23 18:30:00+00:00,64746.44140625,64746.44140625,64759.921875,64733.609375,64750.08984375,0
2026-07-23 18:31:00+00:00,64772.8984375,64772.8984375,64772.9296875,64747.0703125,64747.0703125,0
2026-07-23 18:32:00+00:00,64787.87109375,64787.87109375,64787.87109375,64758.62109375,64777.80078125,0
2026-07-23 18:33:00+00:00,64796.0,64796.0,64796.01171875,64780.98828125,64780.98828125,11710464
2026-07-23 18:34:00+00:00,64809.05859375,64809.05859375,64809.05859375,64785.2109375,64801.19921875,0
2026-07-23 18:35:00+00:00,64806.4609375,64806.4609375,64814.76953125,64801.58984375,64814.76953125,88686592
2026-07-23 18:36:00+00:00,64790.1015625,64790.1015625,64804.01171875,64790.1015625,64803.23046875,0
2026-07-23 18:37:00+00:00,64790.28125,64790.28125,64795.71875,64772.9609375,64790.05078125,0
2026-07-23 18:38:00+00:00,64766.25,64766.25,64791.26953125,64766.25,64779.0390625,2961408
2026-07-23 18:39:00+00:00,64756.05078125,64756.05078125,64769.87109375,64756.05078125,64768.46875,1837056
2026-07-23 18:40:00+00:00,64760.8515625,64760.8515625,64760.8515625,64747.87890625,64757.3515625,0
2026-07-23 18:41:00+00:00,64724.87890625,64724.87890625,64772.0,64723.8984375,64772.0,0
2026-07-23 18:42:00+00:00,64739.78125,64739.78125,64739.78125,64714.48046875,64724.87890625,0
2026-07-23 18:43:00+00:00,64757.328125,64757.328125,64757.328125,64737.73046875,64738.80078125,0
2026-07-23 18:44:00+00:00,64756.8203125,64756.8203125,64759.421875,64753.12109375,64759.421875,0
2026-07-23 18:45:00+00:00,64779.859375,64779.859375,64779.859375,64762.0,64762.0,0
2026-07-23 18:46:00+00:00,64808.01953125,64808.01953125,64808.03125,64779.87109375,64779.87109375,0
2026-07-23 18:47:00+00:00,64829.98828125,64829.98828125,64832.6796875,64806.3203125,64806.3203125,0
2026-07-23 18:48:00+00:00,64840.16015625,64840.16015625,64847.91015625,64839.7890625,64839.7890625,0
2026-07-23 18:49:00+00:00,64829.1796875,64829.1796875,64840.16015625,64818.0,64840.16015625,0
2026-07-23 18:50:00+00:00,64827.98828125,64827.98828125,64827.98828125,64814.578125,64826.3984375,0
2026-07-23 18:51:00+00:00,64846.0390625,64846.0390625,64848.9609375,64823.23046875,64827.94140625,0
2026-07-23 18:52:00+00:00,64870.51953125,64870.51953125,64870.51953125,64848.94921875,64848.94921875,0
2026-07-23 18:53:00+00:00,64880.3515625,64880.3515625,64892.109375,64874.46875,64874.46875,770048
2026-07-23 18:54:00+00:00,64819.0,64819.0,64880.3515625,64819.0,64880.3515625,52023296
2026-07-23 18:55:00+00:00,64849.390625,64849.390625,64849.390625,64815.4296875,64815.4296875,0
2026-07-23 18:56:00+00:00,64845.171875,64845.171875,64852.140625,64842.921875,64851.4296875,0
2026-07-23 18:57:00+00:00,64799.37890625,64799.37890625,64845.171875,64796.01953125,64845.171875,24279040
2026-07-23 18:58:00+00:00,64792.94921875,64792.94921875,64799.44921875,64790.8515625,64798.55859375,0
2026-07-23 18:59:00+00:00,64807.578125,64807.578125,64807.578125,64792.9609375,64792.9609375,0
2026-07-23 19:00:00+00:00,64846.01953125,64846.01953125,64846.01953125,64823.05078125,64823.05859375,79591424
2026-07-23 19:01:00+00:00,64851.69140625,64851.69140625,64851.69140625,64845.44140625,64846.01171875,0
2026-07-23 19:02:00+00:00,64873.1796875,64873.1796875,64879.1015625,64853.69921875,64855.30078125,0
2026-07-23 19:03:00+00:00,64848.21875,64848.21875,64862.828125,64848.21875,64862.828125,0
2026-07-23 19:04:00+00:00,64848.23046875,64848.23046875,64853.1484375,64848.21875,64848.21875,0
2026-07-23 19:05:00+00:00,64828.8984375,64828.8984375,64846.94921875,64827.96875,64845.0,20905984
2026-07-23 19:06:00+00:00,64825.0390625,64825.0390625,64828.8984375,64820.26953125,64828.8984375,0
2026-07-23 19:07:00+00:00,64832.91015625,64832.91015625,64832.91015625,64815.8984375,64825.0390625,0
2026-07-23 19:08:00+00:00,64816.62890625,64816.62890625,64832.8515625,64811.28125,64832.8515625,0
2026-07-23 19:09:00+00:00,64817.94921875,64817.94921875,64819.58984375,64816.62890625,64816.62890625,147187712
2026-07-23 19:10:00+00:00,64798.05859375,64798.05859375,64823.98828125,64798.05859375,64817.98046875,1851392
2026-07-23 19:11:00+00:00,64790.609375,64790.609375,64801.7109375,64786.6484375,64796.69921875,0
2026-07-23 19:12:00+00:00,64734.69140625,64734.69140625,64805.30078125,64734.69140625,64805.30078125,0
2026-07-23 19:13:00+00:00,64736.01171875,64736.01171875,64739.671875,64691.1796875,64739.671875,1693696
2026-07-23 19:14:00+00:00,64743.078125,64743.078125,64744.30078125,64734.01171875,64734.01171875,0
2026-07-23 19:15:00+00:00,64774.98828125,64774.98828125,64789.6015625,64746.66015625,64746.66015625,0
2026-07-23 19:16:00+00:00,64783.58984375,64783.58984375,64794.41015625,64772.94921875,64772.94921875,0
2026-07-23 19:17:00+00:00,64791.921875,64791.921875,64798.0,64783.58984375,64783.58984375,2816000
2026-07-23 19:18:00+00:00,64765.73828125,64765.73828125,64783.390625,64755.890625,64783.390625,0
2026-07-23 19:19:00+00:00,64726.80078125,64726.80078125,64766.05859375,64726.80078125,64755.8984375,0
2026-07-23 19:20:00+00:00,64740.7109375,64740.7109375,64744.03125,64727.0390625,64743.01953125,51636224
2026-07-23 19:21:00+00:00,64760.75,64760.75,64765.6015625,64744.30078125,64744.30078125,0
2026-07-23 19:22:00+00:00,64740.0,64740.0,64758.0,64727.96875,64757.98828125,0
2026-07-23 19:23:00+00:00,64762.19921875,64762.19921875,64762.19921875,64738.0703125,64740.0,0
2026-07-23 19:24:00+00:00,64780.1015625,64780.1015625,64780.1015625,64758.8203125,64768.21875,0
2026-07-23 19:25:00+00:00,64817.28125,64817.28125,64819.48046875,64804.9609375,64804.9609375,1423360
2026-07-23 19:26:00+00:00,64820.96875,64820.96875,64821.01171875,64816.41015625,64817.2890625,0
2026-07-23 19:27:00+00:00,64827.921875,64827.921875,64833.96875,64820.98046875,64820.98046875,22620160
2026-07-23 19:28:00+00:00,64828.55078125,64828.55078125,64832.609375,64826.4296875,64827.921875,0
2026-07-23 19:29:00+00:00,64826.6484375,64826.6484375,64834.53125,64816.05859375,64828.55078125,0
2026-07-23 19:30:00+00:00,64863.890625,64863.890625,64863.8984375,64831.01953125,64849.19140625,18163712
2026-07-23 19:31:00+00:00,64835.4609375,64835.4609375,64866.01953125,64831.0390625,64866.01953125,0
2026-07-23 19:32:00+00:00,64860.0703125,64860.0703125,64861.87890625,64831.9296875,64831.9296875,0
2026-07-23 19:33:00+00:00,64836.9609375,64836.9609375,64862.1015625,64831.19921875,64862.1015625,155408384
2026-07-23 19:34:00+00:00,64833.80859375,64833.80859375,64843.08984375,64828.94921875,64839.4296875,0
2026-07-23 19:35:00+00:00,64809.7109375,64809.7109375,64830.21875,64809.23828125,64816.91015625,0
2026-07-23 19:36:00+00:00,64832.8203125,64832.8203125,64832.8203125,64796.69921875,64809.69921875,0
2026-07-23 19:37:00+00:00,64824.96875,64824.96875,64833.7109375,64824.96875,64832.828125,2217984
2026-07-23 19:38:00+00:00,64764.0,64764.0,64824.98046875,64764.0,64824.98046875,2625536
2026-07-23 19:39:00+00:00,64748.25,64748.25,64782.1484375,64747.890625,64761.46875,16848896
2026-07-23 19:40:00+00:00,64745.21875,64745.21875,64755.03125,64734.30078125,64755.03125,202752
2026-07-23 19:41:00+00:00,64681.76171875,64681.76171875,64747.87890625,64680.51953125,64747.87890625,0
2026-07-23 19:42:00+00:00,64665.16015625,64665.16015625,64688.890625,64665.1484375,64687.7890625,17580032
2026-07-23 19:43:00+00:00,64701.55859375,64701.55859375,64704.01171875,64667.98828125,64667.98828125,2758656
2026-07-23 19:44:00+00:00,64691.5390625,64691.5390625,64701.55859375,64688.0,64701.55859375,5986304
2026-07-23 19:45:00+00:00,64687.55078125,64687.55078125,64700.0,64687.55078125,64689.30078125,91305984
2026-07-23 19:46:00+00:00,64676.28125,64676.28125,64695.609375,64660.421875,64694.62109375,0
2026-07-23 19:47:00+00:00,64676.03125,64676.03125,64677.46875,64669.12109375,64675.98828125,0
2026-07-23 19:48:00+00:00,64661.9609375,64661.9609375,64687.421875,64657.0390625,64681.73046875,0
2026-07-23 19:49:00+00:00,64641.359375,64641.359375,64658.30078125,64638.69140625,64654.80859375,6506496
2026-07-23 19:50:00+00:00,64659.359375,64659.359375,64684.80078125,64658.0,64672.62890625,0
2026-07-23 19:51:00+00:00,64642.48046875,64642.48046875,64659.359375,64626.171875,64656.0,0
2026-07-23 19:52:00+00:00,64669.83984375,64669.83984375,64669.83984375,64647.91015625,64661.9296875,42921984
2026-07-23 19:53:00+00:00,64694.98828125,64694.98828125,64696.390625,64669.71875,64669.71875,4495360
2026-07-23 19:54:00+00:00,64655.91015625,64655.91015625,64689.859375,64645.28125,64689.859375,16066560
2026-07-23 19:55:00+00:00,64701.5,64701.5,64710.9609375,64689.94140625,64689.94140625,0
2026-07-23 19:56:00+00:00,64720.828125,64720.828125,64728.44921875,64701.33984375,64701.33984375,0
2026-07-23 19:57:00+00:00,64736.640625,64736.640625,64737.94140625,64724.0,64725.53125,111685632
2026-07-23 19:58:00+00:00,64768.828125,64768.828125,64768.828125,64734.26171875,64758.62109375,0
2026-07-23 19:59:00+00:00,64778.21875,64778.21875,64804.05859375,64762.2109375,64762.2109375,0
2026-07-23 20:00:00+00:00,64819.578125,64819.578125,64825.48046875,64763.578125,64763.578125,0
2026-07-23 20:01:00+00:00,64835.87109375,64835.87109375,64836.8984375,64814.62890625,64826.0,0
2026-07-23 20:02:00+00:00,64862.6015625,64862.6015625,64879.21875,64831.46875,64831.46875,51982336
2026-07-23 20:03:00+00:00,64868.44140625,64868.44140625,64871.51953125,64860.55859375,64862.6015625,0
2026-07-23 20:04:00+00:00,64880.80859375,64880.80859375,64898.12109375,64870.53125,64870.53125,0
2026-07-23 20:05:00+00:00,64905.7890625,64905.7890625,64909.0703125,64876.30859375,64877.21875,8996864
2026-07-23 20:06:00+00:00,64955.51953125,64955.51953125,64958.75,64904.23828125,64904.23828125,0
2026-07-23 20:07:00+00:00,64979.640625,64979.640625,64989.37109375,64948.37109375,64948.37109375,146182144
2026-07-23 20:08:00+00:00,64971.28125,64971.28125,64979.640625,64969.98828125,64979.640625,0
2026-07-23 20:09:00+00:00,64980.5,64980.5,64984.16015625,64959.46875,64971.2890625,0
2026-07-23 20:10:00+00:00,64972.03125,64972.03125,64979.26171875,64968.2109375,64979.25,11511808
2026-07-23 20:11:00+00:00,64982.3984375,64982.3984375,64983.91015625,64972.01953125,64972.03125,0
2026-07-23 20:12:00+00:00,64983.37109375,64983.37109375,64983.37109375,64971.0,64974.0,0
2026-07-23 20:13:00+00:00,64989.01953125,64989.01953125,64991.0,64981.3984375,64985.9609375,0
2026-07-23 20:14:00+00:00,64987.578125,64987.578125,64991.98828125,64984.171875,64990.0,1628160
2026-07-23 20:15:00+00:00,64993.578125,64993.578125,64997.26953125,64983.23046875,64992.0,52148224
2026-07-23 20:16:00+00:00,65047.33984375,65047.33984375,65073.359375,64993.87890625,64995.69921875,0
2026-07-23 20:17:00+00:00,65042.3515625,65042.3515625,65065.98046875,65042.3515625,65043.51171875,16674816
2026-07-23 20:18:00+00:00,65072.23046875,65072.23046875,65072.23046875,65037.87109375,65037.87109375,0
2026-07-23 20:19:00+00:00,65076.0,65076.0,65079.98828125,65070.3203125,65071.0,0
2026-07-23 20:20:00+00:00,65071.98046875,65071.98046875,65090.12109375,65064.46875,65077.0,18923520
2026-07-23 20:21:00+00:00,65062.6484375,65062.6484375,65078.08984375,65061.98828125,65071.98046875,0
2026-07-23 20:22:00+00:00,65097.21875,65097.21875,65097.21875,65073.6484375,65073.6484375,0
2026-07-23 20:23:00+00:00,65099.98046875,65099.98046875,65101.578125,65087.98828125,65101.578125,2947072
2026-07-23 20:24:00+00:00,65074.98828125,65074.98828125,65099.98046875,65074.8984375,65099.98046875,23973888
2026-07-23 20:25:00+00:00,65079.98828125,65079.98828125,65093.98828125,65079.8203125,65081.328125,4495360
2026-07-23 20:26:00+00:00,65101.0703125,65101.0703125,65102.01171875,65089.390625,65093.98046875,0
2026-07-23 20:27:00+00:00,65115.08984375,65115.08984375,65115.08984375,65102.98828125,65102.98828125,7845888
2026-07-23 20:28:00+00:00,65122.19140625,65122.19140625,65143.5703125,65122.19140625,65138.0,763904
2026-07-23 20:29:00+00:00,65117.98828125,65117.98828125,65123.30078125,65114.3515625,65123.30078125,0
2026-07-23 20:30:00+00:00,65115.98828125,65115.98828125,65126.3984375,65114.4609375,65117.98828125,227328
2026-07-23 20:31:00+00:00,65100.859375,65100.859375,65121.91015625,65093.03125,65115.98828125,0
2026-07-23 20:32:00+00:00,65087.078125,65087.078125,65095.98828125,65077.98828125,65082.0,15493120
2026-07-23 20:33:00+00:00,65080.0,65080.0,65091.87890625,65067.98828125,65091.87109375,87660544
2026-07-23 20:34:00+00:00,65073.08984375,65073.08984375,65090.7890625,65073.078125,65088.01953125,0
2026-07-23 20:35:00+00:00,65087.9296875,65087.9296875,65087.94921875,65078.3203125,65078.3203125,288768
2026-07-23 20:36:00+00:00,65085.0,65085.0,65097.98828125,65084.3984375,65087.9296875,0
2026-07-23 20:37:00+00:00,65108.12109375,65108.12109375,65108.12109375,65093.0,65093.0,13764608
2026-07-23 20:38:00+00:00,65074.98046875,65074.98046875,65108.12890625,65074.62109375,65108.12109375,0
2026-07-23 20:39:00+00:00,65070.0,65070.0,65087.94921875,65070.0,65076.16015625,29906944
2026-07-23 20:40:00+00:00,65064.46875,65064.46875,65076.2890625,65062.03125,65072.671875,0
2026-07-23 20:41:00+00:00,65077.23046875,65077.23046875,65077.23046875,65063.0390625,65063.0390625,0
2026-07-23 20:42:00+00:00,65065.01171875,65065.01171875,65081.98828125,65064.01171875,65080.80859375,161597440
2026-07-23 20:43:00+00:00,65077.51953125,65077.51953125,65087.05859375,65061.0,65061.0,460800
2026-07-23 20:44:00+00:00,65083.41015625,65083.41015625,65083.421875,65078.98046875,65078.98046875,671744
2026-07-23 20:45:00+00:00,65073.6796875,65073.6796875,65083.62890625,65073.6796875,65083.62890625,0
2026-07-23 20:46:00+00:00,65078.26953125,65078.26953125,65079.58984375,65070.05078125,65076.0,0
2026-07-23 20:47:00+00:00,65076.1484375,65076.1484375,65078.26953125,65056.01171875,65078.26953125,0
2026-07-23 20:48:00+00:00,65076.890625,65076.890625,65076.890625,65068.890625,65073.9609375,0
2026-07-23 20:49:00+00:00,65088.9609375,65088.9609375,65091.80859375,65076.890625,65076.890625,0
2026-07-23 20:50:00+00:00,65098.7109375,65098.7109375,65098.7109375,65088.1796875,65088.9609375,251105280
2026-07-23 20:51:00+00:00,65077.98828125,65077.98828125,65098.7109375,65077.98828125,65098.7109375,0
2026-07-23 20:52:00+00:00,65088.3515625,65088.3515625,65088.359375,65080.8203125,65080.8203125,8030208
2026-07-23 20:53:00+00:00,65077.98828125,65077.98828125,65088.62109375,65077.98828125,65088.3515625,0
2026-07-23 20:54:00+00:00,65088.30859375,65088.30859375,65088.30859375,65074.328125,65074.328125,0
2026-07-23 20:55:00+00:00,65101.98828125,65101.98828125,65101.98828125,65090.44140625,65090.44140625,0
2026-07-23 20:56:00+00:00,65101.1484375,65101.1484375,65101.98828125,65101.1484375,65101.98828125,0
2026-07-23 20:57:00+00:00,65102.30078125,65102.30078125,65121.19140625,65102.30078125,65106.01171875,387768320
2026-07-23 20:58:00+00:00,65097.58984375,65097.58984375,65103.23046875,65087.140625,65102.30078125,1515520
2026-07-23 20:59:00+00:00,65095.28125,65095.28125,65097.58984375,65091.98046875,65097.58984375,0
2026-07-23 21:00:00+00:00,65109.44921875,65109.44921875,65109.44921875,65097.58984375,65097.58984375,0
2026-07-23 21:01:00+00:00,65137.19140625,65137.19140625,65137.19921875,65108.46875,65111.30859375,0
2026-07-23 21:02:00+00:00,65125.94140625,65125.94140625,65153.21875,65125.94140625,65149.01953125,0
2026-07-23 21:03:00+00:00,65119.9296875,65119.9296875,65128.28125,65119.9296875,65128.28125,0
2026-07-23 21:04:00+00:00,65099.4609375,65099.4609375,65121.98828125,65098.71875,65119.921875,5758976
2026-07-23 21:05:00+00:00,65095.140625,65095.140625,65100.0,65095.140625,65099.98046875,21127168
2026-07-23 21:06:00+00:00,65085.05078125,65085.05078125,65102.98046875,65085.05078125,65095.1484375,0
2026-07-23 21:07:00+00:00,65052.23828125,65052.23828125,65077.98828125,65052.1796875,65077.98828125,22102016
2026-07-23 21:08:00+00:00,65042.46875,65042.46875,65060.98046875,65042.46875,65057.671875,5928960
2026-07-23 21:09:00+00:00,65034.2890625,65034.2890625,65058.87109375,65034.28125,65041.4296875,2756608
2026-07-23 21:10:00+00:00,65025.62890625,65025.62890625,65037.859375,65025.01171875,65034.28125,0
2026-07-23 21:11:00+00:00,65006.28125,65006.28125,65025.640625,65006.28125,65025.62890625,0
2026-07-23 21:12:00+00:00,64992.94921875,64992.94921875,65011.4609375,64992.890625,65006.2890625,13277184
2026-07-23 21:13:00+00:00,64996.1796875,64996.1796875,64996.1796875,64963.62109375,64991.37109375,0
2026-07-23 21:14:00+00:00,65003.609375,65003.609375,65003.609375,64996.3984375,64996.3984375,0
2026-07-23 21:15:00+00:00,65003.33984375,65003.33984375,65004.4296875,65000.5390625,65003.62109375,0
2026-07-23 21:16:00+00:00,64985.30078125,64985.30078125,65007.109375,64985.30078125,65003.33984375,0
2026-07-23 21:17:00+00:00,64981.28125,64981.28125,64981.28125,64978.0703125,64980.0,7094272
2026-07-23 21:18:00+00:00,64967.55859375,64967.55859375,64967.55859375,64959.1015625,64966.26953125,97642496
2026-07-23 21:19:00+00:00,64972.48828125,64972.48828125,64972.66015625,64967.5703125,64967.5703125,0
2026-07-23 21:20:00+00:00,64979.73828125,64979.73828125,64979.73828125,64976.98828125,64976.98828125,0
2026-07-23 21:21:00+00:00,65004.96875,65004.96875,65004.96875,64990.140625,64990.140625,44015616
2026-07-23 21:22:00+00:00,64996.87890625,64996.87890625,64996.87890625,64975.4609375,64990.51171875,0
2026-07-23 21:23:00+00:00,65035.23828125,65035.23828125,65035.23828125,64996.87890625,64996.87890625,0
2026-07-23 21:24:00+00:00,65027.12890625,65027.12890625,65038.69140625,65027.12109375,65036.109375,21633024
2026-07-23 21:25:00+00:00,65052.55078125,65052.55078125,65052.55078125,65026.0,65026.01171875,0
2026-07-23 21:26:00+00:00,65090.44140625,65090.44140625,65090.44140625,65052.55078125,65052.55078125,0
2026-07-23 21:27:00+00:00,65087.98828125,65087.98828125,65098.69921875,65080.9609375,65090.98046875,3483648
2026-07-23 21:28:00+00:00,65066.87890625,65066.87890625,65077.98828125,65066.87890625,65077.98828125,2437120
2026-07-23 21:29:00+00:00,65067.7890625,65067.7890625,65067.80078125,65066.87890625,65066.87890625,0
2026-07-23 21:30:00+00:00,65070.609375,65070.609375,65071.87109375,65067.7890625,65067.7890625,15233024
2026-07-23 21:31:00+00:00,65055.76953125,65055.76953125,65070.609375,65055.76953125,65070.609375,0
2026-07-23 21:32:00+00:00,65049.12109375,65049.12109375,65057.1484375,65045.01953125,65055.83984375,7378944
2026-07-23 21:33:00+00:00,65047.390625,65047.390625,65050.23828125,65042.01171875,65045.73046875,0
2026-07-23 21:34:00+00:00,65047.37890625,65047.37890625,65047.3984375,65047.37890625,65047.3984375,0
2026-07-23 21:35:00+00:00,65057.609375,65057.609375,65057.609375,65047.37890625,65047.37890625,2965504
2026-07-23 21:36:00+00:00,65062.91015625,65062.91015625,65062.91015625,65054.6796875,65057.609375,0
2026-07-23 21:37:00+00:00,65027.3515625,65027.3515625,65062.91015625,65027.3515625,65062.91015625,1890304
2026-07-23 21:38:00+00:00,65026.9296875,65026.9296875,65036.37109375,65022.55859375,65026.76171875,0
2026-07-23 21:39:00+00:00,65021.359375,65021.359375,65026.94140625,65019.9609375,65026.94140625,0
2026-07-23 21:40:00+00:00,65052.69921875,65052.69921875,65055.69921875,65032.9609375,65035.5703125,1429504
2026-07-23 21:41:00+00:00,65030.69921875,65030.69921875,65048.7109375,65030.69921875,65048.7109375,0
2026-07-23 21:42:00+00:00,65034.26953125,65034.26953125,65034.83984375,65023.55078125,65023.55078125,0
2026-07-23 21:43:00+00:00,65041.28125,65041.28125,65042.0390625,65025.8203125,65037.8515625,0
2026-07-23 21:44:00+00:00,65057.3515625,65057.3515625,65057.3515625,65034.28125,65034.28125,0
2026-07-23 21:45:00+00:00,65102.62109375,65102.62109375,65102.62109375,65054.4296875,65054.4296875,0
2026-07-23 21:46:00+00:00,65066.80859375,65066.80859375,65089.76953125,65066.5,65089.76953125,0
2026-07-23 21:47:00+00:00,65083.1796875,65083.1796875,65083.1796875,65054.6015625,65056.01953125,1832960
2026-07-23 21:48:00+00:00,65080.8203125,65080.8203125,65102.30078125,65077.23828125,65083.1796875,2856960
2026-07-23 21:49:00+00:00,65108.23046875,65108.23046875,65109.44140625,65081.48046875,65081.48046875,0
2026-07-23 21:50:00+00:00,65100.0,65100.0,65109.41015625,65096.25,65108.21875,0
2026-07-23 21:51:00+00:00,65109.4296875,65109.4296875,65112.98046875,65092.16015625,65094.08984375,0
2026-07-23 21:52:00+00:00,65108.828125,65108.828125,65112.94921875,65105.87109375,65105.87109375,1296384
2026-07-23 21:53:00+00:00,65084.44140625,65084.44140625,65102.51953125,65083.05078125,65102.51953125,0
2026-07-23 21:54:00+00:00,65087.69921875,65087.69921875,65087.69921875,65075.25,65077.25,6203392
2026-07-23 21:55:00+00:00,65091.890625,65091.890625,65098.390625,65066.51171875,65066.51171875,0
2026-07-23 21:56:00+00:00,65097.58984375,65097.58984375,65104.8984375,65097.48828125,65097.78125,0
2026-07-23 21:57:00+00:00,65097.16015625,65097.16015625,65099.98046875,65094.83984375,65097.58984375,11945984
2026-07-23 21:58:00+00:00,65092.2890625,65092.2890625,65101.609375,65091.62890625,65099.98828125,0
2026-07-23 21:59:00+00:00,65120.19140625,65120.19140625,65120.19140625,65075.94140625,65090.6796875,0
2026-07-23 22:00:00+00:00,65118.1796875,65118.1796875,65120.19921875,65090.578125,65120.19921875,31082496
2026-07-23 22:01:00+00:00,65086.98828125,65086.98828125,65106.98828125,65085.80078125,65105.87890625,0
2026-07-23 22:02:00+00:00,65109.4609375,65109.4609375,65120.19140625,65070.0703125,65077.23828125,0
2026-07-23 22:03:00+00:00,65112.12890625,65112.12890625,65125.30078125,65110.859375,65113.37109375,43139072
2026-07-23 22:04:00+00:00,65122.5,65122.5,65122.5,65097.44921875,65114.23046875,0
2026-07-23 22:05:00+00:00,65130.1015625,65130.1015625,65134.01953125,65120.19921875,65122.48828125,0
2026-07-23 22:06:00+00:00,65139.1796875,65139.1796875,65139.1796875,65122.55859375,65122.98828125,0
2026-07-23 22:07:00+00:00,65164.0,65164.0,65164.0,65133.98828125,65137.859375,3999744
2026-07-23 22:08:00+00:00,65141.01171875,65141.01171875,65164.0,65140.0,65164.0,56770560
2026-07-23 22:09:00+00:00,65110.0,65110.0,65148.03125,65110.0,65148.03125,27424768
2026-07-23 22:10:00+00:00,65048.6015625,65048.6015625,65110.0,65048.6015625,65110.0,11481088
2026-07-23 22:11:00+00:00,65079.0390625,65079.0390625,65079.0390625,65042.25,65046.48828125,0
2026-07-23 22:12:00+00:00,65056.0,65056.0,65076.0703125,65056.0,65076.0703125,0
2026-07-23 22:13:00+00:00,65035.828125,65035.828125,65058.9609375,65034.2890625,65058.9609375,7389184
2026-07-23 22:14:00+00:00,65050.0,65050.0,65050.0,65030.6015625,65030.6015625,3096576
2026-07-23 22:15:00+00:00,65041.44140625,65041.44140625,65061.609375,65041.44140625,65057.7109375,68921344
2026-07-23 22:16:00+00:00,65029.69921875,65029.69921875,65041.7109375,65029.69921875,65041.7109375,0
2026-07-23 22:17:00+00:00,64984.0703125,64984.0703125,65029.7109375,64962.7890625,65029.7109375,788480
2026-07-23 22:18:00+00:00,64985.19921875,64985.19921875,64987.73046875,64969.2109375,64985.109375,34707456
2026-07-23 22:19:00+00:00,65015.91015625,65015.91015625,65016.37109375,64984.890625,64984.890625,4816896
2026-07-23 22:20:00+00:00,65048.578125,65048.578125,65048.578125,65010.19921875,65012.96875,0
2026-07-23 22:21:00+00:00,65063.03125,65063.03125,65065.6796875,65045.12890625,65058.98828125,0
2026-07-23 22:22:00+00:00,65078.0,65078.0,65078.01171875,65063.01953125,65063.01953125,88354816
2026-07-23 22:23:00+00:00,65091.55859375,65091.55859375,65109.44140625,65078.0,65078.01171875,2752512
2026-07-23 22:24:00+00:00,65105.87109375,65105.87109375,65116.30078125,65086.0,65093.4296875,68665344
2026-07-23 22:25:00+00:00,65138.3515625,65138.3515625,65138.3515625,65120.12890625,65120.140625,0
2026-07-23 22:26:00+00:00,65116.62890625,65116.62890625,65144.9609375,65113.05078125,65138.3515625,0
2026-07-23 22:27:00+00:00,65116.62109375,65116.62109375,65133.28125,65113.98828125,65128.6484375,7104512
2026-07-23 22:28:00+00:00,65125.96875,65125.96875,65134.51171875,65125.96875,65130.6796875,37476352
2026-07-23 22:29:00+00:00,65097.98828125,65097.98828125,65113.0390625,65094.1015625,65113.0390625,21063680
2026-07-23 22:30:00+00:00,65128.8515625,65128.8515625,65130.94140625,65094.26171875,65094.26171875,0
2026-07-23 22:31:00+00:00,65131.140625,65131.140625,65133.2109375,65127.5390625,65127.5390625,0
2026-07-23 22:32:00+00:00,65133.2109375,65133.2109375,65133.2109375,65115.6796875,65122.26953125,0
2026-07-23 22:33:00+00:00,65134.51171875,65134.51171875,65134.51953125,65128.87109375,65133.2109375,168265728
2026-07-23 22:34:00+00:00,65142.96875,65142.96875,65142.96875,65120.2109375,65136.98046875,714752
2026-07-23 22:35:00+00:00,65150.51171875,65150.51171875,65150.51171875,65138.98046875,65138.98828125,176128
2026-07-23 22:36:00+00:00,65147.98828125,65147.98828125,65149.98828125,65142.921875,65149.98828125,0
2026-07-23 22:37:00+00:00,65150.51953125,65150.51953125,65153.98828125,65143.1015625,65149.98828125,0
2026-07-23 22:38:00+00:00,65172.62890625,65172.62890625,65172.62890625,65150.51953125,65150.51953125,1697792
2026-07-23 22:39:00+00:00,65169.73046875,65169.73046875,65169.73046875,65163.16015625,65165.98828125,0
2026-07-23 22:40:00+00:00,65134.921875,65134.921875,65165.390625,65125.28125,65165.390625,13142016
2026-07-23 22:41:00+00:00,65151.8203125,65151.8203125,65151.8203125,65129.390625,65134.921875,0
2026-07-23 22:42:00+00:00,65159.5703125,65159.5703125,65159.5703125,65151.6484375,65151.828125,0
2026-07-23 22:43:00+00:00,65171.21875,65171.21875,65171.21875,65161.98828125,65161.98828125,236935168
2026-07-23 22:44:00+00:00,65161.98828125,65161.98828125,65177.73828125,65156.0,65177.73828125,0
2026-07-23 22:45:00+00:00,65136.0,65136.0,65162.0,65136.0,65161.98828125,0
2026-07-23 22:46:00+00:00,65159.55859375,65159.55859375,65159.55859375,65138.0,65138.0,0
2026-07-23 22:47:00+00:00,65136.01171875,65136.01171875,65155.96875,65136.01171875,65155.96875,1886208
2026-07-23 22:48:00+00:00,65151.6484375,65151.6484375,65151.66015625,65133.25,65133.25,0
2026-07-23 22:49:00+00:00,65137.0390625,65137.0390625,65151.6484375,65137.0390625,65151.6484375,18188288
2026-07-23 22:50:00+00:00,65135.98828125,65135.98828125,65142.0,65135.98828125,65142.0,0
2026-07-23 22:51:00+00:00,65128.78125,65128.78125,65136.0,65123.7890625,65135.98828125,0
2026-07-23 22:52:00+00:00,65098.71875,65098.71875,65116.62890625,65098.71875,65116.62109375,552960
2026-07-23 22:53:00+00:00,65102.25,65102.25,65104.0,65087.98046875,65098.71875,159744
2026-07-23 22:54:00+00:00,65099.26171875,65099.26171875,65109.44921875,65099.26171875,65102.23828125,0
2026-07-23 22:55:00+00:00,65138.55078125,65138.55078125,65138.55078125,65108.41015625,65108.41015625,0
2026-07-23 22:56:00+00:00,65137.21875,65137.21875,65139.8515625,65137.2109375,65138.5390625,0
2026-07-23 22:57:00+00:00,65145.25,65145.25,65148.0,65136.55078125,65137.98828125,191330304
2026-07-23 22:58:00+00:00,65146.80859375,65146.80859375,65147.03125,65145.1796875,65145.26171875,1816576
2026-07-23 22:59:00+00:00,65142.51171875,65142.51171875,65148.828125,65142.51171875,65146.9609375,0
2026-07-23 23:00:00+00:00,65158.87890625,65158.87890625,65158.87890625,65134.53125,65134.53125,0
2026-07-23 23:01:00+00:00,65135.98828125,65135.98828125,65159.98828125,65134.53125,65159.98828125,0
2026-07-23 23:02:00+00:00,65151.98828125,65151.98828125,65152.0,65140.609375,65140.609375,0
2026-07-23 23:03:00+00:00,65143.109375,65143.109375,65163.16015625,65142.94921875,65151.98828125,0
2026-07-23 23:04:00+00:00,65139.26171875,65139.26171875,65144.0,65120.01953125,65143.5,5341184
2026-07-23 23:05:00+00:00,65152.4296875,65152.4296875,65163.1484375,65140.55859375,65140.55859375,30720
2026-07-23 23:06:00+00:00,65159.5703125,65159.5703125,65159.5703125,65145.26953125,65152.4296875,0
2026-07-23 23:07:00+00:00,65163.1484375,65163.1484375,65163.16015625,65159.5703125,65159.5703125,0
2026-07-23 23:08:00+00:00,65152.44921875,65152.44921875,65157.98828125,65152.4296875,65157.6484375,1243136
2026-07-23 23:09:00+00:00,65119.48828125,65119.48828125,65160.37890625,65119.48828125,65158.91015625,0
2026-07-23 23:10:00+00:00,65127.37109375,65127.37109375,65133.94140625,65120.359375,65120.359375,0
2026-07-23 23:11:00+00:00,65126.890625,65126.890625,65127.5,65093.62890625,65120.19921875,0
2026-07-23 23:12:00+00:00,65113.05078125,65113.05078125,65126.890625,65113.05078125,65126.890625,176160768
2026-07-23 23:13:00+00:00,65118.44140625,65118.44140625,65118.44140625,65109.4609375,65109.4609375,11577344
2026-07-23 23:14:00+00:00,65137.6796875,65137.6796875,65137.6796875,65117.48046875,65118.44921875,0
2026-07-23 23:15:00+00:00,65140.4296875,65140.4296875,65140.4296875,65127.71875,65127.71875,3817472
2026-07-23 23:16:00+00:00,65139.1484375,65139.1484375,65154.44140625,65139.1484375,65140.4296875,0
2026-07-23 23:17:00+00:00,65133.19921875,65133.19921875,65139.1484375,65133.19921875,65139.1484375,0
2026-07-23 23:18:00+00:00,65133.078125,65133.078125,65133.19921875,65131.78125,65133.19921875,23283712
2026-07-23 23:19:00+00:00,65152.01171875,65152.01171875,65152.01171875,65133.078125,65133.078125,794624
2026-07-23 23:20:00+00:00,65153.98046875,65153.98046875,65153.98828125,65152.0,65152.0,0
2026-07-23 23:21:00+00:00,65164.98828125,65164.98828125,65165.0,65153.98046875,65153.98046875,0
2026-07-23 23:22:00+00:00,65144.05078125,65144.05078125,65167.48046875,65138.109375,65167.48046875,0
2026-07-23 23:23:00+00:00,65128.48828125,65128.48828125,65145.41015625,65128.48828125,65144.421875,1523712
2026-07-23 23:24:00+00:00,65119.7890625,65119.7890625,65128.48828125,65116.62890625,65128.48828125,0
2026-07-23 23:25:00+00:00,65129.9296875,65129.9296875,65132.03125,65119.7890625,65119.7890625,1941504
2026-07-23 23:26:00+00:00,65113.05078125,65113.05078125,65128.828125,65113.05078125,65127.828125,0
2026-07-23 23:27:00+00:00,65111.73046875,65111.73046875,65113.05078125,65105.98828125,65113.05078125,33509376
2026-07-23 23:28:00+00:00,65123.21875,65123.21875,65123.21875,65093.8515625,65107.5,0
2026-07-23 23:29:00+00:00,65123.21875,65123.21875,65123.21875,65102.0,65119.91015625,21006336
2026-07-23 23:30:00+00:00,65132.62890625,65132.62890625,65132.62890625,65125.98046875,65125.98046875,0
2026-07-23 23:31:00+00:00,65106.0,65106.0,65132.55078125,65106.0,65132.55078125,0
2026-07-23 23:32:00+00:00,65103.98828125,65103.98828125,65109.98046875,65093.69140625,65109.46875,0
2026-07-23 23:33:00+00:00,65120.9609375,65120.9609375,65120.9609375,65103.94140625,65105.26171875,0
2026-07-23 23:34:00+00:00,65151.6796875,65151.6796875,65151.6796875,65120.9609375,65120.9609375,1601536
2026-07-23 23:35:00+00:00,65149.98828125,65149.98828125,65151.98828125,65149.98828125,65151.69140625,1386496
2026-07-23 23:36:00+00:00,65150.6796875,65150.6796875,65152.0,65150.6796875,65151.98828125,0
2026-07-23 23:37:00+00:00,65148.828125,65148.828125,65151.98046875,65130.94140625,65151.78125,13529088
2026-07-23 23:38:00+00:00,65160.98828125,65160.98828125,65160.98828125,65148.828125,65148.828125,0
2026-07-23 23:39:00+00:00,65141.98046875,65141.98046875,65154.83984375,65141.6796875,65154.83984375,41222144
2026-07-23 23:40:00+00:00,65105.890625,65105.890625,65134.51953125,65105.890625,65134.51953125,22222848
2026-07-23 23:41:00+00:00,65129.37890625,65129.37890625,65138.98046875,65110.48046875,65110.48046875,0
2026-07-23 23:42:00+00:00,65128.1015625,65128.1015625,65136.7890625,65125.98828125,65129.3203125,0
2026-07-23 23:43:00+00:00,65114.98828125,65114.98828125,65121.8984375,65106.37109375,65119.98828125,0
2026-07-23 23:44:00+00:00,65124.01171875,65124.01171875,65124.01171875,65114.98828125,65114.98828125,0
2026-07-23 23:45:00+00:00,65118.55078125,65118.55078125,65136.0,65102.609375,65102.609375,0
2026-07-23 23:46:00+00:00,65118.3515625,65118.3515625,65118.3515625,65113.0703125,65118.0,0
2026-07-23 23:47:00+00:00,65091.5703125,65091.5703125,65121.3203125,65091.5703125,65119.55859375,782336
2026-07-23 23:48:00+00:00,65103.359375,65103.359375,65103.359375,65088.76171875,65098.578125,0
2026-07-23 23:49:00+00:00,65084.41015625,65084.41015625,65103.37109375,65084.3984375,65103.37109375,0
2026-07-23 23:50:00+00:00,65077.37109375,65077.37109375,65089.4296875,65077.37109375,65084.3984375,0
2026-07-23 23:51:00+00:00,65043.23046875,65043.23046875,65077.37890625,65043.21875,65077.37890625,0
2026-07-23 23:52:00+00:00,65029.98828125,65029.98828125,65043.21875,65023.01953125,65043.21875,0
2026-07-23 23:53:00+00:00,65039.98046875,65039.98046875,65045.98828125,65031.078125,65031.078125,219136
2026-07-23 23:54:00+00:00,65026.5,65026.5,65039.98046875,65023.55078125,65039.98046875,107008000
2026-07-23 23:55:00+00:00,65013.55859375,65013.55859375,65028.0,65007.98828125,65025.98828125,0
2026-07-23 23:56:00+00:00,65015.05078125,65015.05078125,65017.51171875,64997.609375,65017.5,0
2026-07-23 23:57:00+00:00,65023.53125,65023.53125,65023.5390625,65016.0390625,65016.05078125,0
2026-07-23 23:58:00+00:00,65048.01171875,65048.01171875,65053.98046875,65031.98828125,65031.98828125,2285568
2026-07-24 00:00:00+00:00,65044.0703125,65044.0703125,65057.51171875,65043.0,65057.51171875,0
2026-07-24 00:01:00+00:00,65016.26171875,65016.26171875,65047.0,65009.23046875,65047.0,0
2026-07-24 00:02:00+00:00,65024.3203125,65024.3203125,65057.98828125,65024.3203125,65041.4296875,0
2026-07-24 00:03:00+00:00,65000.98828125,65000.98828125,65023.48828125,65000.98828125,65020.2109375,103108608
2026-07-24 00:04:00+00:00,64978.6796875,64978.6796875,65000.55859375,64947.51171875,65000.55859375,0
2026-07-24 00:05:00+00:00,64916.5,64916.5,64978.6796875,64916.5,64978.6796875,2383872
2026-07-24 00:06:00+00:00,64965.87890625,64965.87890625,64965.87890625,64906.51171875,64906.51953125,0
2026-07-24 00:07:00+00:00,64934.0390625,64934.0390625,64965.87890625,64934.0390625,64965.87890625,0
2026-07-24 00:08:00+00:00,64921.6484375,64921.6484375,64933.328125,64911.390625,64933.328125,0
2026-07-24 00:09:00+00:00,64892.9296875,64892.9296875,64921.6484375,64890.0,64921.6484375,124794880
2026-07-24 00:10:00+00:00,64859.98828125,64859.98828125,64905.3984375,64855.94140625,64900.87109375,0
2026-07-24 00:11:00+00:00,64861.96875,64861.96875,64864.5390625,64836.53125,64860.0,0
2026-07-24 00:12:00+00:00,64880.33984375,64880.33984375,64880.33984375,64847.390625,64861.96875,0
2026-07-24 00:13:00+00:00,64902.98046875,64902.98046875,64902.98046875,64883.37890625,64897.6015625,1937408
2026-07-24 00:14:00+00:00,64879.44140625,64879.44140625,64892.78125,64875.3984375,64892.78125,0
2026-07-24 00:15:00+00:00,64883.8984375,64883.8984375,64898.0,64879.12890625,64879.12890625,1935360
2026-07-24 00:16:00+00:00,64886.171875,64886.171875,64888.140625,64883.890625,64883.890625,0
2026-07-24 00:17:00+00:00,64872.83984375,64872.83984375,64901.80859375,64866.78125,64899.46875,0
2026-07-24 00:18:00+00:00,64897.51171875,64897.51171875,64897.51171875,64858.87109375,64870.01953125,0
2026-07-24 00:19:00+00:00,64876.73828125,64876.73828125,64901.80859375,64875.5703125,64901.80859375,0
2026-07-24 00:20:00+00:00,64870.328125,64870.328125,64870.328125,64855.2890625,64866.80078125,0
2026-07-24 00:21:00+00:00,64894.69140625,64894.69140625,64906.73046875,64876.75,64876.75,0
2026-07-24 00:22:00+00:00,64906.71875,64906.71875,64906.71875,64885.12890625,64897.98828125,0
2026-07-24 00:23:00+00:00,64940.98046875,64940.98046875,64940.98046875,64904.58984375,64905.421875,0
2026-07-24 00:24:00+00:00,64929.53125,64929.53125,64938.37109375,64929.53125,64932.55078125,108201984
2026-07-24 00:25:00+00:00,64887.51171875,64887.51171875,64916.73828125,64887.51171875,64916.73046875,0
2026-07-24 00:26:00+00:00,64880.33984375,64880.33984375,64889.0,64861.03125,64861.03125,0
2026-07-24 00:27:00+00:00,64845.26953125,64845.26953125,64875.2109375,64845.21875,64875.2109375,0
2026-07-24 00:28:00+00:00,64832.0,64832.0,64839.75,64830.9609375,64839.75,0
2026-07-24 00:29:00+00:00,64831.3515625,64831.3515625,64831.98828125,64829.0,64831.98828125,11046912
2026-07-24 00:30:00+00:00,64825.46875,64825.46875,64856.828125,64824.421875,64831.3515625,0
2026-07-24 00:31:00+00:00,64830.21875,64830.21875,64830.21875,64824.44140625,64826.37109375,0
2026-07-24 00:32:00+00:00,64787.66015625,64787.66015625,64838.62890625,64786.0,64830.2109375,0
2026-07-24 00:33:00+00:00,64760.98046875,64760.98046875,64776.51171875,64723.98828125,64771.0390625,0
2026-07-24 00:34:00+00:00,64787.26171875,64787.26171875,64787.26171875,64755.0390625,64760.98046875,10735616
2026-07-24 00:35:00+00:00,64833.109375,64833.109375,64833.109375,64786.78125,64786.78125,0
2026-07-24 00:36:00+00:00,64850.80078125,64850.80078125,64859.41015625,64835.76171875,64835.76171875,0
2026-07-24 00:37:00+00:00,64812.328125,64812.328125,64846.8203125,64809.0,64846.8203125,57344
2026-07-24 00:38:00+00:00,64737.55859375,64737.55859375,64801.58984375,64735.87890625,64801.58984375,69447680
2026-07-24 00:39:00+00:00,64734.53125,64734.53125,64770.01171875,64734.53125,64747.890625,0
2026-07-24 00:40:00+00:00,64726.8984375,64726.8984375,64738.3203125,64701.3515625,64738.3203125,25536512
2026-07-24 00:41:00+00:00,64722.8203125,64722.8203125,64753.53125,64722.8203125,64745.578125,0
2026-07-24 00:42:00+00:00,64772.16015625,64772.16015625,64781.53125,64729.98046875,64729.98046875,0
2026-07-24 00:43:00+00:00,64798.0,64798.0,64810.640625,64787.26171875,64794.01171875,0
2026-07-24 00:44:00+00:00,64800.609375,64800.609375,64808.73046875,64800.609375,64802.8515625,0
2026-07-24 00:45:00+00:00,64860.01171875,64860.01171875,64860.01171875,64800.609375,64800.609375,0
2026-07-24 00:46:00+00:00,64873.19140625,64873.19140625,64879.6796875,64862.4296875,64862.4296875,0
2026-07-24 00:47:00+00:00,64874.5,64874.5,64874.5,64851.69921875,64867.2890625,0
2026-07-24 00:48:00+00:00,64873.1796875,64873.1796875,64880.55859375,64862.44921875,64873.76953125,0
2026-07-24 00:49:00+00:00,64880.328125,64880.328125,64882.48828125,64859.5390625,64873.1796875,0
2026-07-24 00:50:00+00:00,64888.98828125,64888.98828125,64888.98828125,64862.44921875,64880.328125,0
2026-07-24 00:51:00+00:00,64900.8515625,64900.8515625,64900.859375,64883.58984375,64892.98046875,0
2026-07-24 00:52:00+00:00,64882.3984375,64882.3984375,64898.98046875,64877.0,64895.9609375,0
2026-07-24 00:53:00+00:00,64880.33984375,64880.33984375,64887.53125,64873.19140625,64885.8984375,0
2026-07-24 00:54:00+00:00,64863.78125,64863.78125,64880.33984375,64863.78125,64880.33984375,0
2026-07-24 00:55:00+00:00,64874.4609375,64874.4609375,64874.4609375,64851.7109375,64863.78125,0
2026-07-24 00:56:00+00:00,64891.94140625,64891.94140625,64892.66015625,64874.4609375,64874.4609375,0
2026-07-24 00:57:00+00:00,64901.98046875,64901.98046875,64905.98828125,64883.640625,64890.30859375,0
2026-07-24 00:58:00+00:00,64914.2890625,64914.2890625,64914.2890625,64901.98046875,64901.98046875,0
2026-07-24 00:59:00+00:00,64925.8515625,64925.8515625,64925.98046875,64911.28125,64914.2890625,0
2026-07-24 01:00:00+00:00,64905.390625,64905.390625,64928.4296875,64894.69921875,64928.4296875,0
2026-07-24 01:01:00+00:00,64924.578125,64924.578125,64924.58984375,64898.25,64905.390625,0
2026-07-24 01:02:00+00:00,64914.859375,64914.859375,64937.96875,64914.859375,64934.421875,0
2026-07-24 01:03:00+00:00,64929.96875,64929.96875,64929.98046875,64915.8515625,64919.98046875,142188544
2026-07-24 01:04:00+00:00,65023.66015625,65023.66015625,65028.2109375,64929.96875,64929.96875,6670336
2026-07-24 01:05:00+00:00,65032.98046875,65032.98046875,65075.98046875,65030.0,65041.390625,428032
2026-07-24 01:06:00+00:00,65025.7109375,65025.7109375,65038.94140625,65009.21875,65032.98828125,0
2026-07-24 01:07:00+00:00,65010.05859375,65010.05859375,65039.19140625,65007.5,65012.80078125,0
2026-07-24 01:08:00+00:00,65018.19140625,65018.19140625,65018.19921875,65002.05859375,65005.6484375,58449920
2026-07-24 01:09:00+00:00,65029.0,65029.0,65041.66015625,65013.7109375,65013.7109375,0
2026-07-24 01:10:00+00:00,65019.96875,65019.96875,65041.4296875,65019.96875,65019.96875,0
2026-07-24 01:11:00+00:00,64991.3203125,64991.3203125,65012.80078125,64991.3203125,65012.80078125,0
2026-07-24 01:12:00+00:00,64995.5703125,64995.5703125,64995.5703125,64969.83984375,64987.75,0
2026-07-24 01:13:00+00:00,65004.98828125,65004.98828125,65004.98828125,64990.0,64990.41015625,0
2026-07-24 01:14:00+00:00,64988.9609375,64988.9609375,65005.48046875,64988.9609375,65005.48046875,0
2026-07-24 01:15:00+00:00,64973.3203125,64973.3203125,64980.58984375,64957.9296875,64980.58984375,0
2026-07-24 01:16:00+00:00,64964.0,64964.0,65000.53125,64958.62109375,64967.359375,0
2026-07-24 01:17:00+00:00,64970.359375,64970.359375,64971.98046875,64953.73046875,64954.8515625,0
2026-07-24 01:18:00+00:00,64943.19921875,64943.19921875,64976.51953125,64943.19921875,64970.71875,76441600
2026-07-24 01:19:00+00:00,64989.96875,64989.96875,64989.96875,64945.7109375,64948.359375,0
2026-07-24 01:20:00+00:00,64978.91015625,64978.91015625,64989.9609375,64969.8515625,64980.578125,0
2026-07-24 01:21:00+00:00,64948.69921875,64948.69921875,64982.8515625,64948.69921875,64978.91015625,0
2026-07-24 01:22:00+00:00,64962.671875,64962.671875,64962.671875,64945.96875,64948.69921875,0
2026-07-24 01:23:00+00:00,64978.80859375,64978.80859375,64978.80859375,64962.671875,64962.671875,0
2026-07-24 01:24:00+00:00,64987.96875,64987.96875,64987.96875,64969.8515625,64969.8515625,0
2026-07-24 01:25:00+00:00,65036.0,65036.0,65036.0,64987.96875,64987.96875,0
2026-07-24 01:26:00+00:00,65050.30859375,65050.30859375,65069.140625,65045.01953125,65045.01953125,0
2026-07-24 01:27:00+00:00,65061.03125,65061.03125,65067.6796875,65033.98046875,65053.96875,0
2026-07-24 01:28:00+00:00,65059.73046875,65059.73046875,65061.359375,65051.37109375,65052.1796875,0
2026-07-24 01:29:00+00:00,64973.98828125,64973.98828125,65061.9609375,64973.98828125,65051.37890625,0
2026-07-24 01:30:00+00:00,64986.44921875,64986.44921875,65014.0,64978.26171875,64978.26171875,0
2026-07-24 01:31:00+00:00,64984.16015625,64984.16015625,65016.37109375,64984.16015625,64986.44921875,0
2026-07-24 01:32:00+00:00,64995.58984375,64995.58984375,64998.55859375,64982.859375,64982.859375,397312
2026-07-24 01:33:00+00:00,65062.8984375,65062.8984375,65062.8984375,64998.4609375,64998.4609375,0
2026-07-24 01:34:00+00:00,65080.21875,65080.21875,65084.390625,65075.3515625,65076.58984375,0
2026-07-24 01:35:00+00:00,65066.5,65066.5,65080.21875,65054.01171875,65080.21875,428032
2026-07-24 01:36:00+00:00,65074.78125,65074.78125,65082.4296875,65067.5,65077.94921875,0
2026-07-24 01:37:00+00:00,65099.3984375,65099.3984375,65099.3984375,65067.30859375,65074.76171875,165640192
2026-07-24 01:38:00+00:00,65110.98828125,65110.98828125,65110.98828125,65091.1796875,65091.5390625,0
2026-07-24 01:39:00+00:00,65095.140625,65095.140625,65120.19140625,65095.140625,65120.19140625,0
2026-07-24 01:40:00+00:00,65095.140625,65095.140625,65105.19140625,65079.5703125,65079.5703125,1990656
2026-07-24 01:41:00+00:00,65102.12109375,65102.12109375,65102.12109375,65085.62890625,65093.98828125,0
2026-07-24 01:42:00+00:00,65077.23828125,65077.23828125,65109.98828125,65075.9296875,65105.87890625,0
2026-07-24 01:43:00+00:00,65084.37890625,65084.37890625,65084.37890625,65077.23046875,65077.23828125,0
2026-07-24 01:44:00+00:00,65052.19140625,65052.19140625,65087.96875,65048.6015625,65084.390625,2621440
2026-07-24 01:45:00+00:00,65037.859375,65037.859375,65062.91015625,65037.859375,65049.05859375,0
2026-07-24 01:46:00+00:00,65058.7890625,65058.7890625,65068.69140625,65052.171875,65052.171875,0
2026-07-24 01:47:00+00:00,65081.98046875,65081.98046875,65081.98046875,65036.5703125,65053.80078125,0
2026-07-24 01:48:00+00:00,65075.73046875,65075.73046875,65077.9296875,65068.12890625,65077.9296875,0
2026-07-24 01:49:00+00:00,65075.98046875,65075.98046875,65077.609375,65070.08984375,65075.71875,0
2026-07-24 01:50:00+00:00,65030.7109375,65030.7109375,65055.12890625,65030.7109375,65037.859375,0
2026-07-24 01:51:00+00:00,65035.98828125,65035.98828125,65050.87890625,65029.8515625,65035.98828125,0
2026-07-24 01:52:00+00:00,65052.0,65052.0,65052.0,65021.48828125,65033.98828125,2967552
2026-07-24 01:53:00+00:00,65070.078125,65070.078125,65070.078125,65032.6796875,65053.41015625,9465856
2026-07-24 01:54:00+00:00,65046.08984375,65046.08984375,65077.23046875,65046.08984375,65075.98828125,0
2026-07-24 01:55:00+00:00,65038.578125,65038.578125,65049.87890625,65037.01171875,65039.58984375,0
2026-07-24 01:56:00+00:00,65027.12109375,65027.12109375,65045.01171875,65020.859375,65037.98828125,0
2026-07-24 01:57:00+00:00,65014.421875,65014.421875,65030.69140625,65014.421875,65025.5703125,0
2026-07-24 01:58:00+00:00,65040.01171875,65040.01171875,65040.01171875,65009.51171875,65009.51171875,0
2026-07-24 01:59:00+00:00,65030.0,65030.0,65041.44140625,65030.0,65041.44140625,0
2026-07-24 02:00:00+00:00,65046.08984375,65046.08984375,65046.1015625,65030.69921875,65030.69921875,0
2026-07-24 02:01:00+00:00,65058.46875,65058.46875,65063.98046875,65052.1796875,65055.75,0
2026-07-24 02:02:00+00:00,65060.91015625,65060.91015625,65060.91015625,65046.1015625,65058.46875,0
2026-07-24 02:03:00+00:00,65073.6484375,65073.6484375,65073.6484375,65055.16015625,65060.8984375,1179648
2026-07-24 02:04:00+00:00,65030.0,65030.0,65073.640625,65030.0,65068.921875,0
2026-07-24 02:05:00+00:00,65012.80078125,65012.80078125,65014.0,65006.66015625,65014.0,0
2026-07-24 02:06:00+00:00,65031.98828125,65031.98828125,65031.98828125,65014.421875,65015.98046875,0
2026-07-24 02:07:00+00:00,65037.8515625,65037.8515625,65037.8515625,65016.0,65031.98828125,111861760
2026-07-24 02:08:00+00:00,65067.1796875,65067.1796875,65072.5390625,65057.0703125,65068.0,0
2026-07-24 02:09:00+00:00,65078.98046875,65078.98046875,65078.98046875,65059.359375,65062.01171875,0
2026-07-24 02:10:00+00:00,65077.23828125,65077.23828125,65086.03125,65072.03125,65078.98046875,0
2026-07-24 02:11:00+00:00,65099.98046875,65099.98046875,65099.98046875,65078.53125,65078.53125,0
2026-07-24 02:12:00+00:00,65128.7109375,65128.7109375,65128.7109375,65098.3515625,65098.3515625,3573760
2026-07-24 02:13:00+00:00,65132.01171875,65132.01171875,65135.94921875,65120.640625,65128.7109375,0
2026-07-24 02:14:00+00:00,65114.01171875,65114.01171875,65126.01171875,65113.69921875,65126.01171875,3901440
2026-07-24 02:15:00+00:00,65104.0,65104.0,65119.5,65104.0,65113.69921875,0
2026-07-24 02:16:00+00:00,65070.078125,65070.078125,65108.9296875,65070.078125,65104.0,0
2026-07-24 02:17:00+00:00,65066.80859375,65066.80859375,65087.98046875,65066.80859375,65070.078125,77824
2026-07-24 02:18:00+00:00,65068.109375,65068.109375,65082.609375,65063.5390625,65073.66015625,0
2026-07-24 02:19:00+00:00,65081.48046875,65081.48046875,65081.48046875,65068.109375,65068.109375,1218560
2026-07-24 02:20:00+00:00,65060.9609375,65060.9609375,65081.48046875,65059.33984375,65081.46875,0
2026-07-24 02:21:00+00:00,65038.87890625,65038.87890625,65064.05859375,65034.2890625,65060.9609375,0
2026-07-24 02:22:00+00:00,65057.609375,65057.609375,65057.609375,65045.01171875,65045.01171875,115050496
2026-07-24 02:23:00+00:00,65066.4296875,65066.4296875,65068.28125,65057.609375,65057.609375,2506752
2026-07-24 02:24:00+00:00,65102.21875,65102.21875,65108.98046875,65068.28125,65068.28125,0
2026-07-24 02:25:00+00:00,65108.98828125,65108.98828125,65108.98828125,65098.71875,65098.71875,407552
2026-07-24 02:26:00+00:00,65114.0,65114.0,65122.48828125,65098.01171875,65106.0,0
2026-07-24 02:27:00+00:00,65112.98046875,65112.98046875,65119.76953125,65099.5703125,65119.078125,0
2026-07-24 02:28:00+00:00,65086.0,65086.0,65112.98046875,65086.0,65112.98046875,0
2026-07-24 02:29:00+00:00,65100.62890625,65100.62890625,65100.62890625,65074.01171875,65084.3984375,110741504
2026-07-24 02:30:00+00:00,65066.0390625,65066.0390625,65094.71875,65056.0,65094.71875,0
2026-07-24 02:31:00+00:00,65037.66015625,65037.66015625,65066.0,65037.66015625,65061.1484375,0
2026-07-24 02:32:00+00:00,65017.55078125,65017.55078125,65040.3515625,65016.390625,65037.66015625,0
2026-07-24 02:33:00+00:00,64944.78125,64944.78125,65017.5390625,64944.78125,65017.5390625,21487616
2026-07-24 02:34:00+00:00,64894.66015625,64894.66015625,64939.1015625,64892.05859375,64937.62890625,3534848
2026-07-24 02:35:00+00:00,64904.359375,64904.359375,64904.359375,64885.55859375,64894.671875,2467840
2026-07-24 02:36:00+00:00,64883.8203125,64883.8203125,64905.390625,64883.80859375,64904.359375,0
2026-07-24 02:37:00+00:00,64918.51171875,64918.51171875,64918.51171875,64881.91015625,64882.4296875,50278400
2026-07-24 02:38:00+00:00,64932.359375,64932.359375,64934.0390625,64918.51171875,64918.51171875,0
2026-07-24 02:39:00+00:00,64938.9609375,64938.9609375,64940.6015625,64925.98828125,64926.0,0
2026-07-24 02:40:00+00:00,65004.328125,65004.328125,65020.25,64966.01953125,64966.01953125,1372160
2026-07-24 02:41:00+00:00,65000.05078125,65000.05078125,65005.640625,64987.73828125,65005.640625,0
2026-07-24 02:42:00+00:00,64988.828125,64988.828125,65012.80078125,64987.73828125,65002.859375,42248192
2026-07-24 02:43:00+00:00,64991.58984375,64991.58984375,64991.58984375,64987.53125,64987.53125,0
2026-07-24 02:44:00+00:00,65008.890625,65008.890625,65008.8984375,65004.0,65004.01171875,0
2026-07-24 02:45:00+00:00,65003.75,65003.75,65012.80078125,65000.30859375,65004.01171875,0
2026-07-24 02:46:00+00:00,64987.73828125,64987.73828125,65012.08984375,64987.73828125,65002.05859375,0
2026-07-24 02:47:00+00:00,64894.66015625,64894.66015625,64987.73828125,64894.66015625,64982.87109375,17469440
2026-07-24 02:48:00+00:00,64899.078125,64899.078125,64918.4296875,64885.28125,64899.08984375,0
2026-07-24 02:49:00+00:00,64926.87109375,64926.87109375,64926.87890625,64905.37890625,64905.37890625,0
2026-07-24 02:50:00+00:00,64934.98046875,64934.98046875,64934.98046875,64895.51171875,64926.87109375,2709504
2026-07-24 02:51:00+00:00,64965.578125,64965.578125,64965.578125,64930.0,64946.859375,0
2026-07-24 02:52:00+00:00,64969.83984375,64969.83984375,64974.98828125,64944.0,64965.58984375,0
2026-07-24 02:53:00+00:00,64959.12890625,64959.12890625,64967.640625,64956.01171875,64964.98828125,4825088
2026-07-24 02:54:00+00:00,64956.05078125,64956.05078125,64960.0,64951.94921875,64956.01171875,9076736
2026-07-24 02:55:00+00:00,64976.98828125,64976.98828125,64981.828125,64957.7890625,64957.7890625,1890304
2026-07-24 02:56:00+00:00,64994.05078125,64994.05078125,65004.01171875,64975.0703125,64975.0703125,0
2026-07-24 02:57:00+00:00,65016.37890625,65016.37890625,65016.37890625,64991.3203125,64996.890625,9506816
2026-07-24 02:58:00+00:00,65028.3203125,65028.3203125,65042.890625,65018.98046875,65018.98828125,0
2026-07-24 02:59:00+00:00,65066.98046875,65066.98046875,65066.98046875,65041.859375,65041.859375,0
2026-07-24 03:00:00+00:00,65048.16015625,65048.16015625,65069.98046875,65019.9609375,65066.98046875,0
2026-07-24 03:01:00+00:00,65083.46875,65083.46875,65083.46875,65048.171875,65048.171875,0
2026-07-24 03:02:00+00:00,65089.01953125,65089.01953125,65095.01953125,65083.46875,65083.46875,3649536
2026-07-24 03:03:00+00:00,65107.328125,65107.328125,65113.69140625,65073.671875,65113.01953125,0
2026-07-24 03:04:00+00:00,65113.62890625,65113.62890625,65113.6796875,65107.33984375,65107.33984375,0
2026-07-24 03:05:00+00:00,65113.62890625,65113.62890625,65118.8515625,65113.62890625,65113.62890625,409600
2026-07-24 03:06:00+00:00,65156.0,65156.0,65163.1484375,65141.6796875,65143.76171875,0
2026-07-24 03:07:00+00:00,65189.1015625,65189.1015625,65189.1015625,65145.26171875,65169.8984375,6682624
2026-07-24 03:08:00+00:00,65245.73828125,65245.73828125,65259.80859375,65238.33984375,65248.03125,0
2026-07-24 03:09:00+00:00,65223.109375,65223.109375,65245.75,65223.109375,65241.921875,0
2026-07-24 03:10:00+00:00,65216.03125,65216.03125,65220.37109375,65210.05859375,65211.41015625,5478400
2026-07-24 03:11:00+00:00,65229.4296875,65229.4296875,65229.4296875,65196.0,65207.87890625,0
2026-07-24 03:12:00+00:00,65258.7109375,65258.7109375,65258.7109375,65229.44140625,65229.44140625,156030976
2026-07-24 03:13:00+00:00,65261.76953125,65261.76953125,65265.8515625,65252.66015625,65265.8515625,0
2026-07-24 03:14:00+00:00,65266.96875,65266.96875,65266.96875,65256.25,65261.76953125,0
2026-07-24 03:15:00+00:00,65325.28125,65325.28125,65334.01171875,65268.33984375,65268.33984375,0
2026-07-24 03:16:00+00:00,65312.73046875,65312.73046875,65331.41015625,65312.73046875,65319.87109375,0
2026-07-24 03:17:00+00:00,65335.6796875,65335.6796875,65335.6796875,65292.69140625,65321.98046875,0
2026-07-24 03:18:00+00:00,65335.640625,65335.640625,65348.9609375,65335.0,65345.73046875,142223360
2026-07-24 03:19:00+00:00,65306.5390625,65306.5390625,65332.359375,65292.8984375,65327.46875,3971072
2026-07-24 03:20:00+00:00,65318.98828125,65318.98828125,65318.98828125,65278.6796875,65301.0,0
2026-07-24 03:21:00+00:00,65315.98046875,65315.98046875,65318.98046875,65306.359375,65318.98046875,0
2026-07-24 03:22:00+00:00,65330.98046875,65330.98046875,65330.98046875,65301.44921875,65315.98046875,0
2026-07-24 03:23:00+00:00,65264.98828125,65264.98828125,65315.0390625,65264.98828125,65315.0390625,0
2026-07-24 03:24:00+00:00,65258.01171875,65258.01171875,65288.44921875,65258.01171875,65276.6484375,134643712
2026-07-24 03:25:00+00:00,65277.7109375,65277.7109375,65277.7109375,65253.94140625,65260.46875,4075520
2026-07-24 03:26:00+00:00,65315.98046875,65315.98046875,65318.98828125,65274.859375,65274.859375,0
2026-07-24 03:27:00+00:00,65311.55859375,65311.55859375,65343.8203125,65311.55859375,65321.98046875,15796224
2026-07-24 03:28:00+00:00,65300.4609375,65300.4609375,65311.55859375,65300.4609375,65311.55859375,0
2026-07-24 03:29:00+00:00,65275.421875,65275.421875,65300.4609375,65270.30859375,65300.4609375,0
2026-07-24 03:30:00+00:00,65292.44921875,65292.44921875,65298.91015625,65275.421875,65275.421875,0
2026-07-24 03:31:00+00:00,65312.12890625,65312.12890625,65313.578125,65292.5,65298.91015625,0
2026-07-24 03:32:00+00:00,65277.109375,65277.109375,65306.37109375,65277.109375,65306.37109375,0
2026-07-24 03:33:00+00:00,65241.921875,65241.921875,65277.12109375,65230.19140625,65277.12109375,103555072
2026-07-24 03:34:00+00:00,65263.390625,65263.390625,65263.390625,65242.1796875,65242.1796875,0
2026-07-24 03:35:00+00:00,65260.6015625,65260.6015625,65274.140625,65256.87890625,65269.8984375,409600
2026-07-24 03:36:00+00:00,65254.4609375,65254.4609375,65259.8203125,65245.51171875,65259.8203125,0
2026-07-24 03:37:00+00:00,65252.2109375,65252.2109375,65256.890625,65227.78125,65256.890625,130080768
2026-07-24 03:38:00+00:00,65257.69140625,65257.69140625,65266.98046875,65252.2109375,65252.2109375,0
2026-07-24 03:39:00+00:00,65255.55078125,65255.55078125,65280.0,65255.55078125,65266.96875,0
2026-07-24 03:40:00+00:00,65277.9296875,65277.9296875,65288.44921875,65255.55859375,65255.55859375,110592
2026-07-24 03:41:00+00:00,65271.19140625,65271.19140625,65291.94140625,65271.19140625,65291.94140625,0
2026-07-24 03:42:00+00:00,65309.94140625,65309.94140625,65309.94140625,65271.19140625,65271.19140625,0
2026-07-24 03:43:00+00:00,65338.0,65338.0,65338.0,65316.98046875,65318.1015625,0
2026-07-24 03:44:00+00:00,65358.05859375,65358.05859375,65360.05859375,65338.0,65338.0,0
2026-07-24 03:45:00+00:00,65353.8984375,65353.8984375,65357.80078125,65347.4609375,65352.8984375,19220480
2026-07-24 03:46:00+00:00,65341.48046875,65341.48046875,65353.890625,65341.48046875,65353.890625,0
2026-07-24 03:47:00+00:00,65349.16015625,65349.16015625,65350.48046875,65343.9609375,65350.46875,3178496
2026-07-24 03:48:00+00:00,65399.44140625,65399.44140625,65416.48828125,65352.890625,65352.890625,7313408
2026-07-24 03:49:00+00:00,65395.859375,65395.859375,65406.23046875,65394.69140625,65399.98828125,2004992
2026-07-24 03:50:00+00:00,65384.98046875,65384.98046875,65392.91015625,65368.6015625,65392.91015625,11843584
2026-07-24 03:51:00+00:00,65384.421875,65384.421875,65393.8203125,65376.0,65376.0,0
2026-07-24 03:52:00+00:00,65396.0,65396.0,65399.87109375,65393.33984375,65393.8203125,0
2026-07-24 03:53:00+00:00,65369.62890625,65369.62890625,65396.0,65360.05859375,65396.0,4657152
2026-07-24 03:54:00+00:00,65366.0,65366.0,65369.62890625,65360.05859375,65369.62890625,18151424
2026-07-24 03:55:00+00:00,65378.51171875,65378.51171875,65378.51171875,65366.0,65366.0,0
2026-07-24 03:56:00+00:00,65406.828125,65406.828125,65406.828125,65380.51953125,65380.53125,0
2026-07-24 03:57:00+00:00,65402.9609375,65402.9609375,65406.828125,65399.44140625,65399.44921875,8929280
2026-07-24 03:58:00+00:00,65404.58984375,65404.58984375,65411.640625,65404.58984375,65404.6015625,2238464
2026-07-24 03:59:00+00:00,65408.0,65408.0,65408.0,65404.58984375,65404.6015625,0
2026-07-24 04:00:00+00:00,65371.98828125,65371.98828125,65420.9296875,65371.87109375,65420.9296875,17176576
2026-07-24 04:01:00+00:00,65389.7890625,65389.7890625,65391.1015625,65371.98828125,65379.98046875,0
2026-07-24 04:02:00+00:00,65392.26953125,65392.26953125,65392.26953125,65388.0,65389.7890625,3833856
2026-07-24 04:03:00+00:00,65395.359375,65395.359375,65410.609375,65395.359375,65399.44140625,0
2026-07-24 04:04:00+00:00,65401.890625,65401.890625,65401.890625,65390.0,65395.359375,2197504
2026-07-24 04:05:00+00:00,65386.94140625,65386.94140625,65394.6484375,65381.98046875,65381.98046875,0
2026-07-24 04:06:00+00:00,65368.46875,65368.46875,65382.0390625,65363.0,65382.0390625,0
2026-07-24 04:07:00+00:00,65382.44921875,65382.44921875,65385.12109375,65368.46875,65368.46875,159152128
2026-07-24 04:08:00+00:00,65368.5703125,65368.5703125,65385.109375,65367.21875,65385.109375,2451456
2026-07-24 04:09:00+00:00,65367.2109375,65367.2109375,65368.5703125,65357.98828125,65368.5703125,0
2026-07-24 04:10:00+00:00,65341.98828125,65341.98828125,65367.26171875,65341.98828125,65359.640625,243712
2026-07-24 04:11:00+00:00,65360.05078125,65360.05078125,65360.05078125,65344.421875,65349.98828125,0
2026-07-24 04:12:00+00:00,65353.87109375,65353.87109375,65372.25,65350.4609375,65367.21875,0
2026-07-24 04:13:00+00:00,65355.98828125,65355.98828125,65361.859375,65349.98828125,65360.0390625,0
2026-07-24 04:14:00+00:00,65345.98828125,65345.98828125,65364.01171875,65342.7890625,65364.01171875,1871872
2026-07-24 04:15:00+00:00,65326.8984375,65326.8984375,65346.0,65323.98828125,65346.0,0
2026-07-24 04:16:00+00:00,65316.41015625,65316.41015625,65331.41015625,65316.41015625,65328.21875,0
2026-07-24 04:17:00+00:00,65316.41015625,65316.41015625,65325.921875,65316.41015625,65324.23828125,0
2026-07-24 04:18:00+00:00,65326.94921875,65326.94921875,65337.98828125,65326.94921875,65330.0,7917568
2026-07-24 04:19:00+00:00,65324.3515625,65324.3515625,65330.140625,65320.421875,65326.9609375,0
2026-07-24 04:20:00+00:00,65299.83984375,65299.83984375,65336.98828125,65299.828125,65335.69921875,0
2026-07-24 04:21:00+00:00,65290.7109375,65290.7109375,65299.828125,65279.48828125,65299.828125,0
2026-07-24 04:22:00+00:00,65309.078125,65309.078125,65309.078125,65289.55859375,65289.5703125,0
2026-07-24 04:23:00+00:00,65390.01171875,65390.01171875,65390.01171875,65307.98828125,65307.98828125,5361664
2026-07-24 04:24:00+00:00,65363.6484375,65363.6484375,65390.1015625,65360.69140625,65390.01171875,2148352
2026-07-24 04:25:00+00:00,65370.609375,65370.609375,65370.609375,65363.640625,65363.640625,0
2026-07-24 04:26:00+00:00,65349.3203125,65349.3203125,65376.51953125,65349.3203125,65374.37890625,0
2026-07-24 04:27:00+00:00,65374.37109375,65374.37109375,65377.9609375,65352.078125,65358.0,150728704
2026-07-24 04:28:00+00:00,65371.421875,65371.421875,65375.96875,65371.421875,65375.51953125,0
2026-07-24 04:29:00+00:00,65367.58984375,65367.58984375,65375.96875,65367.58984375,65371.4296875,0
2026-07-24 04:30:00+00:00,65337.12109375,65337.12109375,65363.640625,65332.0,65363.640625,0
2026-07-24 04:31:00+00:00,65338.46875,65338.46875,65349.30859375,65337.12109375,65337.12890625,0
2026-07-24 04:32:00+00:00,65352.890625,65352.890625,65352.8984375,65345.05078125,65349.30859375,9029632
2026-07-24 04:33:00+00:00,65369.19140625,65369.19140625,65369.19140625,65352.890625,65352.890625,0
2026-07-24 04:34:00+00:00,65337.76171875,65337.76171875,65353.890625,65334.12109375,65353.890625,0
2026-07-24 04:35:00+00:00,65299.19921875,65299.19921875,65326.3203125,65299.19921875,65320.69140625,217088
2026-07-24 04:36:00+00:00,65326.19921875,65326.19921875,65332.73046875,65304.0,65304.0,0
2026-07-24 04:37:00+00:00,65313.53125,65313.53125,65330.12890625,65310.26171875,65330.12890625,0
2026-07-24 04:38:00+00:00,65299.2109375,65299.2109375,65312.0390625,65299.2109375,65312.0390625,3737600
2026-07-24 04:39:00+00:00,65285.51953125,65285.51953125,65303.73046875,65285.51953125,65299.2109375,0
2026-07-24 04:40:00+00:00,65259.26953125,65259.26953125,65287.94921875,65259.26953125,65287.94921875,0
2026-07-24 04:41:00+00:00,65258.30078125,65258.30078125,65267.078125,65248.3984375,65260.26953125,0
2026-07-24 04:42:00+00:00,65266.9609375,65266.9609375,65266.9609375,65251.08984375,65258.30078125,1179648
2026-07-24 04:43:00+00:00,65291.23828125,65291.23828125,65291.23828125,65273.44921875,65273.4609375,41519104
2026-07-24 04:44:00+00:00,65295.078125,65295.078125,65295.078125,65291.23828125,65291.23828125,0
2026-07-24 04:45:00+00:00,65295.078125,65295.078125,65295.08984375,65286.01171875,65286.01171875,0
2026-07-24 04:46:00+00:00,65284.87890625,65284.87890625,65314.48828125,65284.87890625,65295.078125,0
2026-07-24 04:47:00+00:00,65278.28125,65278.28125,65299.19921875,65277.73046875,65292.0390625,0
2026-07-24 04:48:00+00:00,65270.55859375,65270.55859375,65278.2890625,65270.55859375,65278.28125,0
2026-07-24 04:49:00+00:00,65285.9296875,65285.9296875,65285.9296875,65268.01953125,65268.01953125,0
2026-07-24 04:50:00+00:00,65263.98828125,65263.98828125,65294.98828125,65263.98828125,65285.9296875,12914688
2026-07-24 04:51:00+00:00,65264.0,65264.0,65268.8984375,65264.0,65265.859375,0
2026-07-24 04:52:00+00:00,65261.71875,65261.71875,65264.0,65259.921875,65259.921875,0
2026-07-24 04:53:00+00:00,65265.0,65265.0,65276.51953125,65256.25,65268.33984375,0
2026-07-24 04:54:00+00:00,65263.66015625,65263.66015625,65271.12109375,65263.66015625,65269.890625,6344704
2026-07-24 04:55:00+00:00,65251.078125,65251.078125,65259.8203125,65251.078125,65259.8203125,0
2026-07-24 04:56:00+00:00,65249.87109375,65249.87109375,65251.08984375,65249.87109375,65251.08984375,0
2026-07-24 04:57:00+00:00,65241.91015625,65241.91015625,65244.98046875,65217.98828125,65244.98046875,360448
2026-07-24 04:58:00+00:00,65224.98828125,65224.98828125,65240.6015625,65220.21875,65240.6015625,0
2026-07-24 04:59:00+00:00,65240.96875,65240.96875,65240.96875,65224.98828125,65224.98828125,561152
2026-07-24 05:00:00+00:00,65233.078125,65233.078125,65269.44921875,65233.078125,65268.28125,130361344
2026-07-24 05:01:00+00:00,65220.21875,65220.21875,65233.08984375,65220.21875,65233.08984375,0
2026-07-24 05:02:00+00:00,65223.30859375,65223.30859375,65223.30859375,65206.30859375,65206.30859375,0
2026-07-24 05:03:00+00:00,65229.48046875,65229.48046875,65231.171875,65205.98828125,65227.21875,0
2026-07-24 05:04:00+00:00,65219.578125,65219.578125,65237.62890625,65219.5703125,65223.73046875,0
2026-07-24 05:05:00+00:00,65252.21875,65252.21875,65252.21875,65216.859375,65220.87890625,8312832
2026-07-24 05:06:00+00:00,65297.98046875,65297.98046875,65303.01953125,65258.98046875,65258.98046875,0
2026-07-24 05:07:00+00:00,65345.73046875,65345.73046875,65345.73046875,65303.98046875,65312.05078125,0
2026-07-24 05:08:00+00:00,65337.76953125,65337.76953125,65338.0,65317.109375,65338.0,0
2026-07-24 05:09:00+00:00,65319.66015625,65319.66015625,65337.78125,65319.66015625,65337.76953125,0
2026-07-24 05:10:00+00:00,65317.30078125,65317.30078125,65322.80078125,65313.51953125,65319.66015625,22052864
2026-07-24 05:11:00+00:00,65302.76953125,65302.76953125,65304.03125,65292.80859375,65304.03125,0
2026-07-24 05:12:00+00:00,65310.73828125,65310.73828125,65311.44921875,65307.4609375,65311.44921875,0
2026-07-24 05:13:00+00:00,65310.73046875,65310.73046875,65310.73828125,65308.609375,65308.609375,0
2026-07-24 05:14:00+00:00,65302.76953125,65302.76953125,65310.73046875,65299.19921875,65310.73046875,1306624
2026-07-24 05:15:00+00:00,65299.98046875,65299.98046875,65302.78125,65292.8203125,65302.78125,17766400
2026-07-24 05:16:00+00:00,65305.55078125,65305.55078125,65308.5,65292.8203125,65292.8203125,0
2026-07-24 05:17:00+00:00,65321.98046875,65321.98046875,65321.98046875,65309.7890625,65309.7890625,0
2026-07-24 05:18:00+00:00,65302.7890625,65302.7890625,65321.859375,65302.7890625,65313.69140625,198475776
2026-07-24 05:19:00+00:00,65309.69921875,65309.69921875,65311.0,65302.01171875,65302.01171875,0
2026-07-24 05:20:00+00:00,65300.01171875,65300.01171875,65309.69140625,65295.62109375,65309.69140625,0
2026-07-24 05:21:00+00:00,65295.66015625,65295.66015625,65313.51953125,65295.62109375,65297.80078125,0
2026-07-24 05:22:00+00:00,65286.76171875,65286.76171875,65295.671875,65280.01171875,65295.66015625,20666368
2026-07-24 05:23:00+00:00,65285.8515625,65285.8515625,65287.51171875,65282.23046875,65285.87109375,0
2026-07-24 05:24:00+00:00,65286.01171875,65286.01171875,65286.01171875,65282.890625,65285.98828125,0
2026-07-24 05:25:00+00:00,65279.44921875,65279.44921875,65303.44921875,65275.73046875,65303.44921875,0
2026-07-24 05:26:00+00:00,65286.03125,65286.03125,65290.87890625,65283.390625,65283.390625,0
2026-07-24 05:27:00+00:00,65287.37890625,65287.37890625,65289.609375,65286.03125,65286.03125,0
2026-07-24 05:28:00+00:00,65287.140625,65287.140625,65289.609375,65287.12890625,65287.37109375,0
2026-07-24 05:29:00+00:00,65284.48828125,65284.48828125,65287.140625,65280.01171875,65287.140625,40419328
2026-07-24 05:30:00+00:00,65272.0,65272.0,65284.5,65267.1015625,65284.5,0
2026-07-24 05:31:00+00:00,65267.1015625,65267.1015625,65271.01171875,65267.1015625,65271.01171875,0
2026-07-24 05:32:00+00:00,65256.23828125,65256.23828125,65268.421875,65256.23828125,65267.109375,0
2026-07-24 05:33:00+00:00,65236.62890625,65236.62890625,65256.23828125,65236.62890625,65256.23828125,0
2026-07-24 05:34:00+00:00,65247.48828125,65247.48828125,65247.48828125,65236.62890625,65239.96875,0
2026-07-24 05:35:00+00:00,65227.05078125,65227.05078125,65247.48828125,65225.53125,65247.48828125,101439488
2026-07-24 05:36:00+00:00,65232.83984375,65232.83984375,65232.83984375,65227.05078125,65227.05859375,0
2026-07-24 05:37:00+00:00,65246.73046875,65246.73046875,65251.3515625,65236.55078125,65236.55078125,923648
2026-07-24 05:38:00+00:00,65220.44140625,65220.44140625,65246.73828125,65220.44140625,65246.73828125,8151040
2026-07-24 05:39:00+00:00,65224.7109375,65224.7109375,65226.3203125,65218.37890625,65226.3203125,0
2026-07-24 05:40:00+00:00,65224.01171875,65224.01171875,65224.71875,65224.0,65224.7109375,708608
2026-07-24 05:41:00+00:00,65222.48046875,65222.48046875,65222.48828125,65218.53125,65218.53125,0
2026-07-24 05:42:00+00:00,65229.98828125,65229.98828125,65229.98828125,65211.28125,65222.76171875,0
2026-07-24 05:43:00+00:00,65234.76171875,65234.76171875,65242.359375,65229.98046875,65229.98046875,0
2026-07-24 05:44:00+00:00,65265.0,65265.0,65265.0,65234.76171875,65234.76171875,7041024
2026-07-24 05:45:00+00:00,65266.96875,65266.96875,65266.98046875,65251.73046875,65251.8203125,2068480
2026-07-24 05:46:00+00:00,65256.6796875,65256.6796875,65266.98046875,65256.6796875,65266.96875,0
2026-07-24 05:47:00+00:00,65267.98046875,65267.98046875,65267.98046875,65256.6796875,65256.6796875,212992
2026-07-24 05:48:00+00:00,65278.01171875,65278.01171875,65288.98046875,65267.98046875,65267.98046875,128428032
2026-07-24 05:49:00+00:00,65260.44140625,65260.44140625,65272.3515625,65260.44140625,65272.3515625,0
2026-07-24 05:50:00+00:00,65237.75,65237.75,65260.4609375,65237.75,65259.8203125,1470464
2026-07-24 05:51:00+00:00,65253.87109375,65253.87109375,65254.71875,65238.0,65238.0,0
2026-07-24 05:52:00+00:00,65251.98828125,65251.98828125,65256.6796875,65251.98828125,65253.859375,0
2026-07-24 05:53:00+00:00,65252.80078125,65252.80078125,65258.671875,65251.98828125,65252.0,0
2026-07-24 05:54:00+00:00,65263.390625,65263.390625,65263.390625,65245.5,65251.62890625,0
2026-07-24 05:55:00+00:00,65237.0390625,65237.0390625,65256.0,65237.03125,65256.0,1363968
2026-07-24 05:56:00+00:00,65255.4609375,65255.4609375,65255.46875,65237.03125,65237.03125,0
2026-07-24 05:57:00+00:00,65252.921875,65252.921875,65255.46875,65252.91015625,65255.4609375,0
2026-07-24 05:58:00+00:00,65252.91015625,65252.91015625,65252.921875,65252.91015625,65252.91015625,1366016
2026-07-24 05:59:00+00:00,65268.44140625,65268.44140625,65268.44140625,65245.51171875,65252.91015625,0
2026-07-24 06:00:00+00:00,65235.8203125,65235.8203125,65259.98828125,65235.8203125,65259.98828125,0
2026-07-24 06:01:00+00:00,65234.01953125,65234.01953125,65245.5,65234.01953125,65239.6484375,0
2026-07-24 06:02:00+00:00,65226.7890625,65226.7890625,65233.94140625,65226.7890625,65229.3203125,612352
2026-07-24 06:03:00+00:00,65231.19140625,65231.19140625,65240.51171875,65231.1796875,65240.51171875,24276992
2026-07-24 06:04:00+00:00,65272.94140625,65272.94140625,65272.94140625,65231.1796875,65231.1796875,0
2026-07-24 06:05:00+00:00,65241.578125,65241.578125,65256.23828125,65236.48046875,65256.23828125,1769472
2026-07-24 06:06:00+00:00,65247.23828125,65247.23828125,65247.23828125,65246.48046875,65246.48046875,0
2026-07-24 06:07:00+00:00,65236.80859375,65236.80859375,65247.23828125,65232.80078125,65247.23828125,36978688
2026-07-24 06:08:00+00:00,65267.41015625,65267.41015625,65267.41015625,65227.6015625,65236.8203125,121270272
2026-07-24 06:09:00+00:00,65278.921875,65278.921875,65278.921875,65267.41015625,65267.41015625,0
2026-07-24 06:10:00+00:00,65286.76171875,65286.76171875,65286.76171875,65278.859375,65278.859375,5140480
2026-07-24 06:11:00+00:00,65291.890625,65291.890625,65291.8984375,65286.75,65286.76171875,0
2026-07-24 06:12:00+00:00,65310.01171875,65310.01171875,65310.01171875,65291.890625,65291.890625,44244992
2026-07-24 06:13:00+00:00,65300.9296875,65300.9296875,65314.96875,65299.19921875,65313.51171875,0
2026-07-24 06:14:00+00:00,65331.01171875,65331.01171875,65331.01171875,65300.9296875,65300.9296875,0
2026-07-24 06:15:00+00:00,65313.51953125,65313.51953125,65326.87109375,65313.51953125,65326.87109375,0
2026-07-24 06:16:00+00:00,65332.328125,65332.328125,65332.66015625,65309.94140625,65313.53125,0
2026-07-24 06:17:00+00:00,65345.73046875,65345.73046875,65347.5390625,65332.328125,65332.328125,11356160
2026-07-24 06:18:00+00:00,65343.25,65343.25,65345.73046875,65337.94921875,65345.73046875,24014848
2026-07-24 06:19:00+00:00,65438.8203125,65438.8203125,65450.0,65343.25,65343.25,0
2026-07-24 06:20:00+00:00,65424.51171875,65424.51171875,65445.0,65424.5,65445.0,0
2026-07-24 06:21:00+00:00,65414.23828125,65414.23828125,65424.5,65414.23828125,65424.5,0
2026-07-24 06:22:00+00:00,65385.87890625,65385.87890625,65435.23046875,65383.1015625,65433.80078125,11173888
2026-07-24 06:23:00+00:00,65384.0,65384.0,65393.890625,65360.0703125,65383.1015625,0
2026-07-24 06:24:00+00:00,65407.30859375,65407.30859375,65407.30859375,65387.6796875,65387.6796875,2170880
2026-07-24 06:25:00+00:00,65419.55078125,65419.55078125,65424.46875,65407.30859375,65407.30859375,0
2026-07-24 06:26:00+00:00,65395.859375,65395.859375,65419.55078125,65385.53125,65419.55078125,0
2026-07-24 06:27:00+00:00,65388.69140625,65388.69140625,65401.44140625,65383.1796875,65395.8515625,0
2026-07-24 06:28:00+00:00,65380.6484375,65380.6484375,65383.55859375,65377.44921875,65383.55859375,0
2026-07-24 06:29:00+00:00,65402.01171875,65402.01171875,65402.01171875,65366.859375,65380.6484375,0
2026-07-24 06:30:00+00:00,65343.73828125,65343.73828125,65402.33984375,65343.66015625,65402.33984375,175679488
2026-07-24 06:31:00+00:00,65381.44140625,65381.44140625,65381.44140625,65343.73828125,65343.73828125,0
2026-07-24 06:32:00+00:00,65363.421875,65363.421875,65381.44140625,65363.421875,65381.44140625,0
2026-07-24 06:33:00+00:00,65369.94921875,65369.94921875,65369.9609375,65363.41015625,65363.421875,218259456
2026-07-24 06:34:00+00:00,65402.01171875,65402.01171875,65402.01171875,65369.94921875,65369.94921875,0
2026-07-24 06:35:00+00:00,65417.05859375,65417.05859375,65417.05859375,65402.01171875,65402.01953125,624640
2026-07-24 06:36:00+00:00,65438.51171875,65438.51171875,65438.51171875,65416.9609375,65417.0703125,0
2026-07-24 06:37:00+00:00,65449.01953125,65449.01953125,65449.01953125,65424.16015625,65429.171875,57716736
2026-07-24 06:38:00+00:00,65460.05859375,65460.05859375,65464.58984375,65436.7109375,65449.01171875,0
2026-07-24 06:39:00+00:00,65446.01171875,65446.01171875,65452.01953125,65442.6484375,65442.66015625,51435520
2026-07-24 06:40:00+00:00,65427.73046875,65427.73046875,65435.0703125,65427.73046875,65435.0703125,0
2026-07-24 06:41:00+00:00,65413.390625,65413.390625,65427.73046875,65408.48828125,65427.73046875,0
2026-07-24 06:42:00+00:00,65413.390625,65413.390625,65413.3984375,65413.390625,65413.3984375,0
2026-07-24 06:43:00+00:00,65415.44140625,65415.44140625,65415.44140625,65412.8984375,65413.3984375,0
2026-07-24 06:44:00+00:00,65407.98828125,65407.98828125,65418.91015625,65399.80078125,65415.44140625,46827520
2026-07-24 06:45:00+00:00,65384.98046875,65384.98046875,65408.0,65377.48828125,65407.98828125,0
2026-07-24 06:46:00+00:00,65420.05859375,65420.05859375,65420.05859375,65384.98046875,65384.98046875,0
2026-07-24 06:47:00+00:00,65434.859375,65434.859375,65434.859375,65429.98046875,65429.98046875,83367936
2026-07-24 06:48:00+00:00,65434.19921875,65434.19921875,65434.73828125,65433.66015625,65434.58984375,0
2026-07-24 06:49:00+00:00,65399.03125,65399.03125,65434.2109375,65399.03125,65434.2109375,12945408
2026-07-24 06:50:00+00:00,65399.03125,65399.03125,65413.3984375,65399.03125,65399.0390625,0
2026-07-24 06:51:00+00:00,65394.0,65394.0,65399.0390625,65394.0,65399.03125,0
2026-07-24 06:52:00+00:00,65404.48828125,65404.48828125,65404.48828125,65394.9296875,65394.9296875,243712
2026-07-24 06:53:00+00:00,65395.078125,65395.078125,65404.48828125,65391.8515625,65404.48828125,0
2026-07-24 06:54:00+00:00,65408.87109375,65408.87109375,65408.87109375,65396.25,65396.390625,405504
2026-07-24 06:55:00+00:00,65381.078125,65381.078125,65408.87109375,65381.078125,65408.87109375,0
2026-07-24 06:56:00+00:00,65393.80078125,65393.80078125,65396.03125,65381.078125,65381.078125,0
2026-07-24 06:57:00+00:00,65390.66015625,65390.66015625,65393.03125,65390.66015625,65391.98046875,16508928
2026-07-24 06:58:00+00:00,65416.58984375,65416.58984375,65416.6015625,65400.87890625,65400.87890625,237568
2026-07-24 06:59:00+00:00,65426.94140625,65426.94140625,65426.94140625,65416.58984375,65416.58984375,150982656
2026-07-24 07:00:00+00:00,65432.76171875,65432.76171875,65441.46875,65432.55859375,65432.55859375,1163264
2026-07-24 07:01:00+00:00,65432.6015625,65432.6015625,65432.76953125,65424.16015625,65432.76953125,0
2026-07-24 07:02:00+00:00,65528.26171875,65528.26171875,65528.26171875,65432.6015625,65432.6015625,1077248
2026-07-24 07:03:00+00:00,65530.2109375,65530.2109375,65531.8515625,65514.0,65531.8515625,0
2026-07-24 07:04:00+00:00,65494.48828125,65494.48828125,65530.2109375,65494.48828125,65530.2109375,0
2026-07-24 07:05:00+00:00,65501.2109375,65501.2109375,65501.2109375,65488.78125,65489.578125,0
2026-07-24 07:06:00+00:00,65514.76953125,65514.76953125,65527.98828125,65498.0,65502.4609375,0
2026-07-24 07:07:00+00:00,65504.98046875,65504.98046875,65507.19140625,65497.37109375,65507.19140625,189544448
2026-07-24 07:08:00+00:00,65535.44140625,65535.44140625,65535.44921875,65515.62109375,65515.62109375,0
2026-07-24 07:09:00+00:00,65579.9765625,65579.9765625,65579.9765625,65532.3515625,65532.3515625,22398976
2026-07-24 07:10:00+00:00,65661.609375,65661.609375,65663.703125,65579.9765625,65579.9765625,0
2026-07-24 07:11:00+00:00,65670.0390625,65670.0390625,65707.046875,65661.609375,65661.609375,0
2026-07-24 07:12:00+00:00,65679.0390625,65679.0390625,65696.9921875,65664.703125,65670.0390625,39245824
2026-07-24 07:13:00+00:00,65706.578125,65706.578125,65718.5390625,65682.640625,65692.4921875,0
2026-07-24 07:14:00+00:00,65722.1171875,65722.1171875,65722.1171875,65700.7421875,65706.59375,0
2026-07-24 07:15:00+00:00,65686.21875,65686.21875,65718.53125,65674.890625,65713.8125,9863168
2026-07-24 07:16:00+00:00,65756.7578125,65756.7578125,65756.7578125,65687.6796875,65694.921875,0
2026-07-24 07:17:00+00:00,65711.359375,65711.359375,65756.75,65707.640625,65750.3515625,0
2026-07-24 07:18:00+00:00,65661.9921875,65661.9921875,65707.640625,65661.9921875,65707.640625,358400
2026-07-24 07:19:00+00:00,65672.0703125,65672.0703125,65683.71875,65657.453125,65675.4609375,10375168
2026-07-24 07:20:00+00:00,65659.1328125,65659.1328125,65681.96875,65657.8125,65681.96875,0
2026-07-24 07:21:00+00:00,65663.9609375,65663.9609375,65668.2734375,65643.1484375,65652.5625,0
2026-07-24 07:22:00+00:00,65675.46875,65675.46875,65680.5625,65665.1171875,65668.2734375,31690752
2026-07-24 07:23:00+00:00,65618.03125,65618.03125,65675.4609375,65618.0234375,65675.4609375,0
2026-07-24 07:24:00+00:00,65600.34375,65600.34375,65617.40625,65595.6796875,65616.703125,29192192
2026-07-24 07:25:00+00:00,65607.25,65607.25,65608.6796875,65582.1171875,65591.0,0
2026-07-24 07:26:00+00:00,65615.9921875,65615.9921875,65618.25,65613.59375,65613.59375,0
2026-07-24 07:27:00+00:00,65592.8828125,65592.8828125,65615.9921875,65582.6328125,65615.9921875,2129920
2026-07-24 07:28:00+00:00,65580.0,65580.0,65592.8828125,65572.71875,65592.8828125,0
2026-07-24 07:29:00+00:00,65598.53125,65598.53125,65598.53125,65574.5234375,65574.5234375,1247232
2026-07-24 07:30:00+00:00,65556.9921875,65556.9921875,65603.421875,65556.9921875,65598.53125,28612608
2026-07-24 07:31:00+00:00,65605.4765625,65605.4765625,65610.3984375,65594.9765625,65599.9765625,0
2026-07-24 07:32:00+00:00,65654.0,65654.0,65654.0,65603.28125,65607.2421875,1363968
2026-07-24 07:33:00+00:00,65567.7578125,65567.7578125,65644.21875,65567.7578125,65644.21875,0
2026-07-24 07:34:00+00:00,65521.08984375,65521.08984375,65539.9921875,65506.25,65525.08984375,0
2026-07-24 07:35:00+00:00,65477.3203125,65477.3203125,65510.87890625,65464.76171875,65507.01953125,0
2026-07-24 07:36:00+00:00,65433.078125,65433.078125,65442.109375,65412.30859375,65440.5390625,0
2026-07-24 07:37:00+00:00,65429.75,65429.75,65429.75,65422.41015625,65427.3203125,172462080
2026-07-24 07:38:00+00:00,65449.359375,65449.359375,65449.98828125,65437.078125,65437.078125,0
2026-07-24 07:39:00+00:00,65441.62109375,65441.62109375,65449.98828125,65441.62109375,65449.98828125,0
2026-07-24 07:40:00+00:00,65402.05078125,65402.05078125,65441.62109375,65399.03125,65441.62109375,4909056
2026-07-24 07:41:00+00:00,65377.44140625,65377.44140625,65402.05078125,65370.30859375,65402.05078125,0
2026-07-24 07:42:00+00:00,65335.19921875,65335.19921875,65373.9609375,65335.19921875,65370.30859375,740245504
2026-07-24 07:43:00+00:00,65326.0,65326.0,65354.87890625,65316.0,65340.76171875,0
2026-07-24 07:44:00+00:00,65330.94140625,65330.94140625,65340.80078125,65327.21875,65327.21875,204861440
2026-07-24 07:45:00+00:00,65335.83984375,65335.83984375,65335.83984375,65323.640625,65330.94140625,0
2026-07-24 07:46:00+00:00,65353.109375,65353.109375,65357.33984375,65330.8203125,65335.83984375,0
2026-07-24 07:47:00+00:00,65375.5390625,65375.5390625,65375.5390625,65349.03125,65349.03125,1843200
2026-07-24 07:48:00+00:00,65385.3203125,65385.3203125,65385.328125,65375.5390625,65375.5390625,99575808
2026-07-24 07:49:00+00:00,65405.98828125,65405.98828125,65405.98828125,65386.76953125,65386.76953125,0
2026-07-24 07:50:00+00:00,65371.3515625,65371.3515625,65401.671875,65371.3515625,65394.19140625,49920000
2026-07-24 07:51:00+00:00,65391.44140625,65391.44140625,65391.44140625,65378.6015625,65378.6015625,0
2026-07-24 07:52:00+00:00,65391.859375,65391.859375,65424.1484375,65391.44140625,65391.44921875,0
2026-07-24 07:53:00+00:00,65417.76953125,65417.76953125,65417.76953125,65391.8515625,65391.8515625,0
2026-07-24 07:54:00+00:00,65456.44140625,65456.44140625,65456.44140625,65417.76171875,65417.76171875,0
2026-07-24 07:55:00+00:00,65451.0703125,65451.0703125,65459.76171875,65449.2890625,65450.98828125,1935360
2026-07-24 07:56:00+00:00,65459.1015625,65459.1015625,65459.1015625,65451.0703125,65451.078125,0
2026-07-24 07:57:00+00:00,65457.73828125,65457.73828125,65459.1015625,65453.71875,65459.1015625,0
2026-07-24 07:58:00+00:00,65449.8203125,65449.8203125,65454.46875,65448.7890625,65454.46875,11724800
2026-07-24 07:59:00+00:00,65453.98046875,65453.98046875,65453.98828125,65449.8203125,65449.8203125,0
2026-07-24 08:00:00+00:00,65437.359375,65437.359375,65464.109375,65432.94921875,65456.421875,55126016
2026-07-24 08:01:00+00:00,65438.51171875,65438.51171875,65438.51171875,65416.98828125,65433.609375,0
2026-07-24 08:02:00+00:00,65401.01171875,65401.01171875,65431.078125,65396.390625,65431.078125,348160
2026-07-24 08:03:00+00:00,65388.26171875,65388.26171875,65397.01171875,65388.26171875,65395.078125,0
2026-07-24 08:04:00+00:00,65387.328125,65387.328125,65394.23828125,65387.328125,65391.109375,0
2026-07-24 08:05:00+00:00,65404.01953125,65404.01953125,65406.19921875,65381.08984375,65393.87890625,5877760
2026-07-24 08:06:00+00:00,65389.890625,65389.890625,65407.01171875,65389.890625,65407.01171875,0
2026-07-24 08:07:00+00:00,65395.4296875,65395.4296875,65395.4296875,65380.109375,65386.5,0
2026-07-24 08:08:00+00:00,65418.58984375,65418.58984375,65418.6015625,65399.01953125,65399.01953125,0
2026-07-24 08:09:00+00:00,65445.69921875,65445.69921875,65457.53125,65420.5703125,65420.5703125,0
2026-07-24 08:10:00+00:00,65423.05078125,65423.05078125,65445.7109375,65418.328125,65445.69921875,0
2026-07-24 08:11:00+00:00,65395.44140625,65395.44140625,65411.78125,65395.44140625,65411.78125,0
2026-07-24 08:12:00+00:00,65381.08984375,65381.08984375,65395.44921875,65381.078125,65395.44140625,180488192
2026-07-24 08:13:00+00:00,65397.5390625,65397.5390625,65397.5390625,65381.078125,65381.078125,0
2026-07-24 08:14:00+00:00,65391.8515625,65391.8515625,65405.37890625,65391.8515625,65396.609375,538624
2026-07-24 08:15:00+00:00,65388.26171875,65388.26171875,65405.94921875,65380.609375,65391.8515625,0
2026-07-24 08:16:00+00:00,65436.30078125,65436.30078125,65436.30078125,65388.26171875,65388.26171875,0
2026-07-24 08:17:00+00:00,65420.5703125,65420.5703125,65430.76953125,65420.5703125,65427.75,4057088
2026-07-24 08:18:00+00:00,65391.8515625,65391.8515625,65422.140625,65391.8515625,65418.62890625,458752
2026-07-24 08:19:00+00:00,65369.7890625,65369.7890625,65388.26171875,65365.7890625,65388.26171875,0
2026-07-24 08:20:00+00:00,65359.9296875,65359.9296875,65369.7890625,65359.9296875,65369.7890625,0
2026-07-24 08:21:00+00:00,65330.8203125,65330.8203125,65355.9609375,65330.8203125,65355.9609375,0
2026-07-24 08:22:00+00:00,65316.46875,65316.46875,65336.71875,65316.4609375,65332.37109375,0
2026-07-24 08:23:00+00:00,65323.5,65323.5,65327.21875,65316.4609375,65316.4609375,62179328
2026-07-24 08:24:00+00:00,65306.80859375,65306.80859375,65318.05859375,65302.1015625,65318.05859375,0
2026-07-24 08:25:00+00:00,65265.98828125,65265.98828125,65306.80859375,65265.98828125,65306.80859375,0
2026-07-24 08:26:00+00:00,65312.859375,65312.859375,65312.859375,65270.578125,65270.578125,0
2026-07-24 08:27:00+00:00,65334.3984375,65334.3984375,65334.41015625,65309.2890625,65312.859375,0
2026-07-24 08:28:00+00:00,65327.21875,65327.21875,65334.41015625,65327.21875,65334.3984375,0
2026-07-24 08:29:00+00:00,65342.0,65342.0,65346.7890625,65327.23046875,65327.23046875,1355776
2026-07-24 08:30:00+00:00,65358.421875,65358.421875,65358.421875,65343.21875,65348.421875,0
2026-07-24 08:31:00+00:00,65376.078125,65376.078125,65376.078125,65358.421875,65358.421875,0
2026-07-24 08:32:00+00:00,65384.66015625,65384.66015625,65384.66015625,65366.87890625,65371.26953125,0
2026-07-24 08:33:00+00:00,65357.21875,65357.21875,65368.859375,65357.21875,65368.859375,0
2026-07-24 08:34:00+00:00,65360.671875,65360.671875,65360.671875,65356.828125,65356.828125,0
2026-07-24 08:35:00+00:00,65345.78125,65345.78125,65360.671875,65341.6796875,65360.671875,0
2026-07-24 08:36:00+00:00,65377.7890625,65377.7890625,65377.7890625,65345.640625,65355.46875,0
2026-07-24 08:37:00+00:00,65376.71875,65376.71875,65381.80078125,65361.671875,65361.671875,0
2026-07-24 08:38:00+00:00,65399.08984375,65399.08984375,65399.08984375,65376.80078125,65376.80078125,151650304
2026-07-24 08:39:00+00:00,65403.98828125,65403.98828125,65409.75,65393.8984375,65393.8984375,0
2026-07-24 08:40:00+00:00,65399.01171875,65399.01171875,65405.98828125,65399.01171875,65403.98828125,0
2026-07-24 08:41:00+00:00,65392.8515625,65392.8515625,65397.98046875,65388.26171875,65395.96875,0
2026-07-24 08:42:00+00:00,65389.5,65389.5,65397.94140625,65384.8515625,65396.6796875,0
2026-07-24 08:43:00+00:00,65388.25,65388.25,65391.390625,65379.46875,65385.69140625,13543424
2026-07-24 08:44:00+00:00,65396.0,65396.0,65396.0,65388.25,65388.26171875,1957888
2026-07-24 08:45:00+00:00,65392.5390625,65392.5390625,65399.98046875,65385.80078125,65395.98828125,2478080
2026-07-24 08:46:00+00:00,65379.83984375,65379.83984375,65392.5390625,65378.05078125,65392.5390625,0
2026-07-24 08:47:00+00:00,65379.83984375,65379.83984375,65392.5390625,65379.828125,65388.26171875,0
2026-07-24 08:48:00+00:00,65380.5,65380.5,65388.25,65373.8984375,65388.25,7151616
2026-07-24 08:49:00+00:00,65381.0703125,65381.0703125,65384.4296875,65370.30859375,65381.8203125,3616768
2026-07-24 08:50:00+00:00,65366.71875,65366.71875,65381.078125,65366.71875,65381.0703125,1753088
2026-07-24 08:51:00+00:00,65330.19140625,65330.19140625,65366.73046875,65330.19140625,65366.73046875,10645504
2026-07-24 08:52:00+00:00,65316.4609375,65316.4609375,65331.0390625,65316.4609375,65330.19140625,0
2026-07-24 08:53:00+00:00,65291.33984375,65291.33984375,65320.2890625,65291.33984375,65319.66015625,0
2026-07-24 08:54:00+00:00,65283.0,65283.0,65296.62890625,65281.7109375,65291.33984375,0
2026-07-24 08:55:00+00:00,65276.96875,65276.96875,65285.1015625,65269.7890625,65283.01171875,0
2026-07-24 08:56:00+00:00,65276.96875,65276.96875,65285.98828125,65276.96875,65276.96875,0
2026-07-24 08:57:00+00:00,65277.96875,65277.96875,65277.96875,65270.76171875,65276.96875,0
2026-07-24 08:58:00+00:00,65270.76171875,65270.76171875,65279.98046875,65270.76171875,65277.98046875,0
2026-07-24 08:59:00+00:00,65259.01953125,65259.01953125,65270.76171875,65259.01953125,65270.76171875,0
2026-07-24 09:00:00+00:00,65266.19921875,65266.19921875,65266.2109375,65257.0,65257.0,0
2026-07-24 09:01:00+00:00,65259.01171875,65259.01171875,65267.87890625,65245.140625,65266.26953125,0
2026-07-24 09:02:00+00:00,65248.25,65248.25,65275.78125,65248.25,65263.01171875,0
2026-07-24 09:03:00+00:00,65241.359375,65241.359375,65248.26171875,65241.359375,65248.25,0
2026-07-24 09:04:00+00:00,65152.0,65152.0,65241.37109375,65152.0,65241.359375,1757184
2026-07-24 09:05:00+00:00,65090.62109375,65090.62109375,65156.859375,65083.98828125,65156.859375,0
2026-07-24 09:06:00+00:00,65083.98828125,65083.98828125,65113.48828125,65083.98828125,65084.28125,0
2026-07-24 09:07:00+00:00,65111.4296875,65111.4296875,65119.01171875,65069.62890625,65079.53125,0
2026-07-24 09:08:00+00:00,65090.30078125,65090.30078125,65114.5,65090.2890625,65097.46875,9203712
2026-07-24 09:09:00+00:00,65085.3203125,65085.3203125,65092.62890625,65078.0,65092.62890625,5576704
2026-07-24 09:10:00+00:00,65069.98046875,65069.98046875,65085.3203125,65048.37109375,65085.3203125,2727936
2026-07-24 09:11:00+00:00,65053.21875,65053.21875,65061.578125,65018.578125,65061.578125,184238080
2026-07-24 09:12:00+00:00,65054.03125,65054.03125,65057.26953125,65053.26171875,65053.48046875,0
2026-07-24 09:13:00+00:00,65040.3203125,65040.3203125,65059.48046875,65040.0,65054.0390625,0
2026-07-24 09:14:00+00:00,65001.7109375,65001.7109375,65025.671875,64993.359375,65025.671875,0
2026-07-24 09:15:00+00:00,64945.58984375,64945.58984375,65026.9609375,64945.58984375,64995.62109375,0
2026-07-24 09:16:00+00:00,65001.3515625,65001.3515625,65008.8203125,64965.1015625,64965.1015625,4685824
2026-07-24 09:17:00+00:00,64980.73828125,64980.73828125,65001.3515625,64980.73828125,65001.3515625,0
2026-07-24 09:18:00+00:00,64966.3984375,64966.3984375,64983.1015625,64961.05859375,64983.1015625,37382144
2026-07-24 09:19:00+00:00,64946.62109375,64946.62109375,64964.33984375,64907.2109375,64964.33984375,0
2026-07-24 09:20:00+00:00,64946.69140625,64946.69140625,64974.98828125,64946.69140625,64949.62890625,159428608
2026-07-24 09:21:00+00:00,64930.16015625,64930.16015625,64956.1015625,64930.16015625,64946.69921875,0
2026-07-24 09:22:00+00:00,64911.62109375,64911.62109375,64930.1796875,64900.0,64929.48046875,0
2026-07-24 09:23:00+00:00,64944.46875,64944.46875,64944.46875,64918.98828125,64918.98828125,34463744
2026-07-24 09:24:00+00:00,64928.03125,64928.03125,64949.51171875,64925.62109375,64949.08984375,5777408
2026-07-24 09:25:00+00:00,64961.05078125,64961.05078125,64986.171875,64922.0,64925.75,0
2026-07-24 09:26:00+00:00,64953.87109375,64953.87109375,64975.41015625,64953.87109375,64975.0,1648640
2026-07-24 09:27:00+00:00,64939.51953125,64939.51953125,64950.2890625,64939.51171875,64950.28125,0
2026-07-24 09:28:00+00:00,64924.19921875,64924.19921875,64932.328125,64911.1796875,64932.328125,13086720
2026-07-24 09:29:00+00:00,64917.96875,64917.96875,64939.359375,64917.96875,64928.69140625,4644864
2026-07-24 09:30:00+00:00,64933.05859375,64933.05859375,64939.51171875,64921.55859375,64932.3203125,0
2026-07-24 09:31:00+00:00,64927.37890625,64927.37890625,64932.12890625,64920.28125,64932.12890625,0
2026-07-24 09:32:00+00:00,64943.109375,64943.109375,64960.16015625,64927.37890625,64927.37890625,0
2026-07-24 09:33:00+00:00,64946.6796875,64946.6796875,64951.26953125,64922.140625,64941.7890625,0
2026-07-24 09:34:00+00:00,64939.0703125,64939.0703125,64939.0703125,64910.71875,64935.921875,4126720
2026-07-24 09:35:00+00:00,64928.73828125,64928.73828125,64949.98046875,64928.73828125,64940.5703125,0
2026-07-24 09:36:00+00:00,64947.4296875,64947.4296875,64948.53125,64928.75,64928.75,0
2026-07-24 09:37:00+00:00,64948.0,64948.0,64959.140625,64944.51171875,64953.859375,0
2026-07-24 09:38:00+00:00,64935.9296875,64935.9296875,64965.0,64935.9296875,64955.5390625,6397952
2026-07-24 09:39:00+00:00,64987.3984375,64987.3984375,64994.98046875,64935.9296875,64935.9296875,0
2026-07-24 09:40:00+00:00,65022.23828125,65022.23828125,65038.1796875,64993.62890625,64993.62890625,0
2026-07-24 09:41:00+00:00,65014.8984375,65014.8984375,65026.94921875,65014.8984375,65026.94921875,195239936
2026-07-24 09:42:00+00:00,65039.6484375,65039.6484375,65039.6484375,65014.8984375,65014.91015625,0
2026-07-24 09:43:00+00:00,65047.98828125,65047.98828125,65047.98828125,65028.51953125,65032.4609375,4708352
2026-07-24 09:44:00+00:00,65025.6796875,65025.6796875,65043.9609375,65025.6796875,65041.078125,0
2026-07-24 09:45:00+00:00,65032.828125,65032.828125,65032.828125,65022.73828125,65025.6796875,49512448
2026-07-24 09:46:00+00:00,65072.328125,65072.328125,65072.328125,65032.828125,65032.828125,2433024
2026-07-24 09:47:00+00:00,65050.578125,65050.578125,65077.55078125,65050.578125,65076.26171875,0
2026-07-24 09:48:00+00:00,65032.8515625,65032.8515625,65050.58984375,65030.8984375,65050.578125,0
2026-07-24 09:49:00+00:00,65037.73046875,65037.73046875,65052.890625,65032.8515625,65032.8515625,0
2026-07-24 09:50:00+00:00,65057.96875,65057.96875,65057.96875,65031.98828125,65036.0,0
2026-07-24 09:51:00+00:00,65064.71875,65064.71875,65075.2109375,65057.98046875,65057.98046875,0
2026-07-24 09:52:00+00:00,65079.76171875,65079.76171875,65082.76171875,65064.73046875,65064.73046875,0
2026-07-24 09:53:00+00:00,65071.80078125,65071.80078125,65086.328125,65068.75,65079.75,155615232
2026-07-24 09:54:00+00:00,65071.76171875,65071.76171875,65074.25,65071.75,65071.80859375,0
2026-07-24 09:55:00+00:00,65076.37109375,65076.37109375,65077.76171875,65070.01171875,65071.75,2367488
2026-07-24 09:56:00+00:00,65072.8203125,65072.8203125,65074.73828125,65066.5703125,65068.75,0
2026-07-24 09:57:00+00:00,65054.3984375,65054.3984375,65072.8203125,65054.3984375,65072.80859375,0
2026-07-24 09:58:00+00:00,65055.71875,65055.71875,65062.87109375,65055.7109375,65055.7109375,0
2026-07-24 09:59:00+00:00,65064.2890625,65064.2890625,65064.2890625,65041.5390625,65055.71875,76288000
2026-07-24 10:00:00+00:00,65089.359375,65089.359375,65101.05859375,65056.30078125,65074.73046875,0
2026-07-24 10:01:00+00:00,65053.12109375,65053.12109375,65075.30859375,65050.80078125,65075.30859375,1040384
2026-07-24 10:02:00+00:00,65039.98828125,65039.98828125,65054.73828125,65033.5703125,65053.12890625,0
2026-07-24 10:03:00+00:00,65050.7890625,65050.7890625,65060.73046875,65047.2109375,65050.7890625,0
2026-07-24 10:04:00+00:00,65065.16015625,65065.16015625,65076.76953125,65050.7890625,65050.7890625,0
2026-07-24 10:05:00+00:00,65036.44921875,65036.44921875,65065.171875,65036.44921875,65065.171875,0
2026-07-24 10:06:00+00:00,65027.3203125,65027.3203125,65039.98828125,65026.3203125,65039.98046875,0
2026-07-24 10:07:00+00:00,65032.859375,65032.859375,65042.33984375,65032.859375,65036.44140625,0
2026-07-24 10:08:00+00:00,65022.078125,65022.078125,65027.609375,65022.078125,65027.609375,144347136
2026-07-24 10:09:00+00:00,64998.25,64998.25,65018.48828125,64994.23828125,65018.48828125,0
2026-07-24 10:10:00+00:00,65024.4609375,65024.4609375,65024.46875,65009.23046875,65012.55859375,0
2026-07-24 10:11:00+00:00,64998.5390625,64998.5390625,65024.46875,64998.5390625,65024.4609375,0
2026-07-24 10:12:00+00:00,64958.6796875,64958.6796875,64989.76953125,64952.7890625,64989.76953125,0
2026-07-24 10:13:00+00:00,64946.69921875,64946.69921875,64953.87890625,64946.69921875,64953.87890625,0
2026-07-24 10:14:00+00:00,64947.73046875,64947.73046875,64956.6015625,64946.69921875,64946.69921875,0
2026-07-24 10:15:00+00:00,64961.05078125,64961.05078125,64971.359375,64941.51171875,64943.1015625,0
2026-07-24 10:16:00+00:00,64954.21875,64954.21875,64961.05078125,64952.01953125,64961.0390625,0
2026-07-24 10:17:00+00:00,64922.51953125,64922.51953125,64952.03125,64922.51953125,64952.03125,0
2026-07-24 10:18:00+00:00,64921.55859375,64921.55859375,64927.5,64921.55859375,64921.5703125,0
2026-07-24 10:19:00+00:00,64919.44921875,64919.44921875,64919.44921875,64914.37890625,64914.390625,389120
2026-07-24 10:20:00+00:00,64939.76953125,64939.76953125,64941.71875,64919.4609375,64919.4609375,0
2026-07-24 10:21:00+00:00,64940.171875,64940.171875,64940.171875,64921.5703125,64937.859375,18386944
2026-07-24 10:22:00+00:00,64949.109375,64949.109375,64949.109375,64938.69921875,64938.7109375,0
2026-07-24 10:23:00+00:00,64962.890625,64962.890625,64964.23046875,64940.98828125,64949.109375,18141184
2026-07-24 10:24:00+00:00,64964.1796875,64964.1796875,64968.171875,64950.28125,64962.8984375,9756672
2026-07-24 10:25:00+00:00,64951.30859375,64951.30859375,64965.98046875,64946.73046875,64964.1796875,3088384
2026-07-24 10:26:00+00:00,64969.87109375,64969.87109375,64971.55078125,64955.828125,64955.828125,51439616
2026-07-24 10:27:00+00:00,64960.48046875,64960.48046875,64969.87109375,64950.76953125,64969.87109375,0
2026-07-24 10:28:00+00:00,64973.109375,64973.109375,64979.9609375,64965.53125,64965.53125,7417856
2026-07-24 10:29:00+00:00,64963.828125,64963.828125,64968.9296875,64958.828125,64958.828125,126332928
2026-07-24 10:30:00+00:00,64979.140625,64979.140625,65002.140625,64963.828125,64963.828125,0
2026-07-24 10:31:00+00:00,64982.421875,64982.421875,64993.80859375,64977.26953125,64981.1015625,0
2026-07-24 10:32:00+00:00,64974.1015625,64974.1015625,64983.76171875,64967.640625,64983.75,0
2026-07-24 10:33:00+00:00,64985.3984375,64985.3984375,64990.0,64974.109375,64974.109375,74680320
2026-07-24 10:34:00+00:00,64955.859375,64955.859375,64990.26953125,64955.859375,64985.390625,1146880
2026-07-24 10:35:00+00:00,64950.2109375,64950.2109375,64957.94921875,64946.33984375,64957.94921875,3016704
2026-07-24 10:36:00+00:00,64970.30078125,64970.30078125,64970.30859375,64950.21875,64950.21875,0
2026-07-24 10:37:00+00:00,64991.44921875,64991.44921875,64991.44921875,64970.30859375,64970.30859375,0
2026-07-24 10:38:00+00:00,64984.359375,64984.359375,64991.4609375,64977.30078125,64991.4609375,2191360
2026-07-24 10:39:00+00:00,64958.41015625,64958.41015625,64984.3515625,64958.41015625,64984.3515625,228186112
2026-07-24 10:40:00+00:00,64962.1015625,64962.1015625,64975.0,64954.078125,64954.08984375,2396160
2026-07-24 10:41:00+00:00,64993.109375,64993.109375,64993.12109375,64973.421875,64973.4296875,176128
2026-07-24 10:42:00+00:00,64994.390625,64994.390625,64995.5,64993.12109375,64993.12109375,0
2026-07-24 10:43:00+00:00,64986.7890625,64986.7890625,64989.0,64981.171875,64989.0,0
2026-07-24 10:44:00+00:00,64964.66015625,64964.66015625,64981.1796875,64964.66015625,64981.1796875,3792896
2026-07-24 10:45:00+00:00,64968.41015625,64968.41015625,64975.37109375,64958.3515625,64958.359375,45178880
2026-07-24 10:46:00+00:00,64987.41015625,64987.41015625,64988.69921875,64968.3984375,64968.41015625,2222080
2026-07-24 10:47:00+00:00,64987.0703125,64987.0703125,64991.98828125,64984.140625,64987.3984375,0
2026-07-24 10:48:00+00:00,64981.12890625,64981.12890625,64989.3984375,64970.8203125,64987.05859375,894976
2026-07-24 10:49:00+00:00,64973.75,64973.75,64973.75,64972.7890625,64973.69140625,175265792
2026-07-24 10:50:00+00:00,64950.2109375,64950.2109375,64976.76171875,64950.2109375,64976.76171875,0
2026-07-24 10:51:00+00:00,64925.828125,64925.828125,64970.30859375,64925.828125,64959.98828125,0
2026-07-24 10:52:00+00:00,64910.69140625,64910.69140625,64925.828125,64904.75,64925.8203125,0
2026-07-24 10:53:00+00:00,64858.0,64858.0,64896.0390625,64855.21875,64896.0390625,0
2026-07-24 10:54:00+00:00,64868.94921875,64868.94921875,64882.390625,64858.01171875,64862.87890625,0
2026-07-24 10:55:00+00:00,64891.921875,64891.921875,64897.0390625,64861.19921875,64863.6796875,6764544
2026-07-24 10:56:00+00:00,64896.80078125,64896.80078125,64896.80078125,64891.9296875,64891.9296875,69613568
2026-07-24 10:57:00+00:00,64899.23046875,64899.23046875,64899.23046875,64891.9296875,64891.9296875,0
2026-07-24 10:58:00+00:00,64904.76171875,64904.76171875,64906.0,64899.23828125,64899.23828125,2189312
2026-07-24 10:59:00+00:00,64903.08984375,64903.08984375,64903.08984375,64897.05078125,64897.05078125,0
2026-07-24 11:00:00+00:00,64881.73046875,64881.73046875,64903.08984375,64865.6484375,64903.08984375,0
2026-07-24 11:01:00+00:00,64896.98828125,64896.98828125,64902.55078125,64874.9296875,64878.6796875,806912
2026-07-24 11:02:00+00:00,64927.0,64927.0,64936.69140625,64884.421875,64896.98828125,0
2026-07-24 11:03:00+00:00,64951.66015625,64951.66015625,64951.66015625,64926.16015625,64927.0,0
2026-07-24 11:04:00+00:00,64943.87109375,64943.87109375,64957.26171875,64940.7890625,64957.26171875,0
2026-07-24 11:05:00+00:00,64970.8515625,64970.8515625,64970.8515625,64949.9296875,64949.9296875,2680832
2026-07-24 11:06:00+00:00,64963.21875,64963.21875,64973.421875,64949.2109375,64973.421875,39974912
2026-07-24 11:07:00+00:00,64957.9609375,64957.9609375,64975.16015625,64957.9609375,64963.21875,0
2026-07-24 11:08:00+00:00,64955.48046875,64955.48046875,64957.94140625,64947.890625,64954.109375,183248896
2026-07-24 11:09:00+00:00,64920.01171875,64920.01171875,64948.98046875,64920.01171875,64948.98046875,0
2026-07-24 11:10:00+00:00,64931.0,64931.0,64931.0,64908.109375,64920.01171875,2813952
2026-07-24 11:11:00+00:00,64944.78125,64944.78125,64947.5390625,64932.30859375,64932.30859375,5171200
2026-07-24 11:12:00+00:00,64957.62109375,64957.62109375,64957.62890625,64944.76953125,64944.76953125,0
2026-07-24 11:13:00+00:00,64963.62109375,64963.62109375,64963.62109375,64952.58984375,64957.62890625,62414848
2026-07-24 11:14:00+00:00,64946.3515625,64946.3515625,64960.51171875,64946.3515625,64954.8515625,0
2026-07-24 11:15:00+00:00,64997.828125,64997.828125,64997.828125,64946.3515625,64946.3515625,33261568
2026-07-24 11:16:00+00:00,64981.37890625,64981.37890625,64988.5390625,64969.5703125,64987.01953125,2594816
2026-07-24 11:17:00+00:00,64991.69921875,64991.69921875,65000.69921875,64986.0,64986.0,0
2026-07-24 11:18:00+00:00,64990.01171875,64990.01171875,64990.01171875,64985.0390625,64990.0,0
2026-07-24 11:19:00+00:00,64980.0,64980.0,64994.0,64977.30078125,64994.0,137216
2026-07-24 11:20:00+00:00,64975.0,64975.0,64980.0,64975.0,64980.0,0
2026-07-24 11:21:00+00:00,64987.98828125,64987.98828125,64994.98828125,64987.98828125,64990.2890625,819200
2026-07-24 11:22:00+00:00,64989.75,64989.75,64992.9609375,64986.01171875,64987.98828125,0
2026-07-24 11:23:00+00:00,64985.05078125,64985.05078125,64996.0,64974.98828125,64988.5,0
2026-07-24 11:24:00+00:00,64991.23046875,64991.23046875,64992.80859375,64985.05078125,64985.05078125,2154496
2026-07-24 11:25:00+00:00,64985.05078125,64985.05078125,64997.71875,64985.05078125,64994.83984375,36884480
2026-07-24 11:26:00+00:00,64994.21875,64994.21875,64994.23046875,64977.30859375,64977.30859375,0
2026-07-24 11:27:00+00:00,65010.44921875,65010.44921875,65019.421875,64986.390625,64986.390625,0
2026-07-24 11:28:00+00:00,65000.53125,65000.53125,65008.26953125,65000.51953125,65008.26953125,19587072
2026-07-24 11:29:00+00:00,64981.1796875,64981.1796875,65000.53125,64977.828125,65000.53125,56135680
2026-07-24 11:30:00+00:00,64973.75,64973.75,64992.390625,64969.55859375,64981.1796875,164603904
2026-07-24 11:31:00+00:00,64961.828125,64961.828125,64997.96875,64961.828125,64972.55078125,759808
2026-07-24 11:32:00+00:00,64979.87890625,64979.87890625,64979.87890625,64928.1484375,64949.21875,0
2026-07-24 11:33:00+00:00,64970.19921875,64970.19921875,65008.25,64967.3203125,64983.7109375,21649408
2026-07-24 11:34:00+00:00,64936.0390625,64936.0390625,64990.98828125,64934.73828125,64973.94140625,0
2026-07-24 11:35:00+00:00,64919.26171875,64919.26171875,64942.0,64919.26171875,64923.12890625,657408
2026-07-24 11:36:00+00:00,64938.25,64938.25,64938.25,64910.91015625,64919.26171875,0
2026-07-24 11:37:00+00:00,64934.1796875,64934.1796875,64942.390625,64919.55859375,64940.96875,18087936
2026-07-24 11:38:00+00:00,64942.0,64942.0,64943.78125,64934.01171875,64934.19140625,4700160
2026-07-24 11:39:00+00:00,64959.62890625,64959.62890625,64959.640625,64937.30859375,64937.30859375,24168448
2026-07-24 11:40:00+00:00,64934.73828125,64934.73828125,64938.890625,64934.73828125,64938.890625,0
2026-07-24 11:41:00+00:00,64936.0,64936.0,64941.98046875,64934.73046875,64934.73046875,2916352
2026-07-24 11:42:00+00:00,64925.55078125,64925.55078125,64936.0,64920.890625,64936.0,0
2026-07-24 11:43:00+00:00,64927.98828125,64927.98828125,64950.8984375,64909.0703125,64922.23828125,31588352
2026-07-24 11:44:00+00:00,64888.44921875,64888.44921875,64925.1015625,64888.44921875,64915.7109375,0
2026-07-24 11:45:00+00:00,64872.8203125,64872.8203125,64899.890625,64872.8203125,64888.66015625,1681408
2026-07-24 11:46:00+00:00,64817.37890625,64817.37890625,64868.94140625,64814.98828125,64868.94140625,2187264
2026-07-24 11:47:00+00:00,64805.98828125,64805.98828125,64843.78125,64805.44140625,64837.96875,0
2026-07-24 11:48:00+00:00,64813.78125,64813.78125,64813.7890625,64800.01171875,64805.98046875,0
2026-07-24 11:49:00+00:00,64880.48046875,64880.48046875,64880.48828125,64820.26953125,64829.01171875,2127872
2026-07-24 11:50:00+00:00,64928.44140625,64928.44140625,64928.44140625,64883.73046875,64883.73046875,5177344
2026-07-24 11:51:00+00:00,64922.7890625,64922.7890625,64928.44140625,64915.37890625,64925.140625,47153152
2026-07-24 11:52:00+00:00,64940.01171875,64940.01171875,64954.46875,64922.7890625,64922.7890625,0
2026-07-24 11:53:00+00:00,64982.51171875,64982.51171875,64984.30078125,64936.62109375,64940.01171875,2547712
2026-07-24 11:54:00+00:00,65013.9609375,65013.9609375,65023.140625,64982.5,64982.51171875,0
2026-07-24 11:55:00+00:00,64983.83984375,64983.83984375,65019.87890625,64983.83984375,65019.87890625,0
2026-07-24 11:56:00+00:00,64974.828125,64974.828125,64982.53125,64971.96875,64982.53125,0
2026-07-24 11:57:00+00:00,64965.69921875,64965.69921875,64994.421875,64965.69921875,64977.66015625,0
2026-07-24 11:58:00+00:00,65022.1484375,65022.1484375,65022.1484375,64950.2109375,64950.2109375,0
2026-07-24 11:59:00+00:00,65027.6484375,65027.6484375,65033.76953125,65018.7890625,65019.3984375,544768
2026-07-24 12:00:00+00:00,64995.6484375,64995.6484375,65021.98828125,64995.6484375,65012.12890625,70406144
2026-07-24 12:01:00+00:00,65013.0,65013.0,65013.0,64989.1484375,64990.78125,1675264
2026-07-24 12:02:00+00:00,64984.421875,64984.421875,65008.25,64969.55859375,64997.01953125,0
2026-07-24 12:03:00+00:00,64948.4609375,64948.4609375,64996.5703125,64948.4609375,64979.94921875,0
2026-07-24 12:04:00+00:00,64957.8984375,64957.8984375,64962.80859375,64946.12109375,64946.62890625,0
2026-07-24 12:05:00+00:00,64938.8984375,64938.8984375,64960.8984375,64937.01171875,64960.8984375,0
2026-07-24 12:06:00+00:00,64995.51171875,64995.51171875,64995.51953125,64941.671875,64941.671875,240297984
2026-07-24 12:07:00+00:00,64985.05078125,64985.05078125,64994.5703125,64981.1796875,64991.9609375,0
2026-07-24 12:08:00+00:00,64981.171875,64981.171875,64981.171875,64961.8203125,64977.6015625,0
2026-07-24 12:09:00+00:00,65026.94921875,65026.94921875,65028.94140625,64981.171875,64981.171875,0
2026-07-24 12:10:00+00:00,65027.6015625,65027.6015625,65035.3515625,65016.0,65026.94921875,0
2026-07-24 12:11:00+00:00,65042.359375,65042.359375,65048.33984375,65025.0390625,65025.0390625,20035584
2026-07-24 12:12:00+00:00,65014.69921875,65014.69921875,65029.078125,65014.69921875,65029.078125,0
2026-07-24 12:13:00+00:00,65013.41015625,65013.41015625,65014.7109375,65012.12890625,65014.69921875,0
2026-07-24 12:14:00+00:00,65016.23046875,65016.23046875,65016.30859375,65008.26953125,65013.3984375,0
2026-07-24 12:15:00+00:00,65006.51953125,65006.51953125,65016.23828125,65003.078125,65016.23046875,18122752
2026-07-24 12:16:00+00:00,65000.30859375,65000.30859375,65006.51171875,64993.73828125,65006.51171875,0
2026-07-24 12:17:00+00:00,65022.1484375,65022.1484375,65027.1484375,65000.30859375,65000.30859375,0
2026-07-24 12:18:00+00:00,64993.44921875,64993.44921875,65022.1484375,64993.44921875,65022.1484375,66607104
2026-07-24 12:19:00+00:00,64977.30078125,64977.30078125,64994.73828125,64977.30078125,64993.4609375,0
2026-07-24 12:20:00+00:00,64969.55859375,64969.55859375,64977.30078125,64966.640625,64977.30078125,0
2026-07-24 12:21:00+00:00,64976.94921875,64976.94921875,64996.6484375,64969.55859375,64969.55859375,0
2026-07-24 12:22:00+00:00,65004.62109375,65004.62109375,65010.421875,64976.94921875,64976.94921875,0
2026-07-24 12:23:00+00:00,65029.37109375,65029.37109375,65039.609375,65004.62109375,65004.62109375,0
2026-07-24 12:24:00+00:00,65064.19140625,65064.19140625,65064.19140625,65031.94921875,65031.94921875,115011584
2026-07-24 12:25:00+00:00,65033.98828125,65033.98828125,65064.1796875,64998.2890625,65064.1796875,2217984
2026-07-24 12:26:00+00:00,65055.94921875,65055.94921875,65055.94921875,65040.44921875,65042.7109375,0
2026-07-24 12:27:00+00:00,65043.08984375,65043.08984375,65072.98828125,65043.08984375,65061.1484375,0
2026-07-24 12:28:00+00:00,64992.359375,64992.359375,65043.08984375,64985.3515625,65043.08984375,0
2026-07-24 12:29:00+00:00,64966.12890625,64966.12890625,64994.80859375,64961.828125,64992.3515625,208896
2026-07-24 12:30:00+00:00,64980.19140625,64980.19140625,64980.19140625,64954.08984375,64964.828125,0
2026-07-24 12:31:00+00:00,64981.91015625,64981.91015625,64992.76953125,64969.5703125,64974.73046875,0
2026-07-24 12:32:00+00:00,65004.26171875,65004.26171875,65004.26171875,64986.0703125,64988.98828125,0
2026-07-24 12:33:00+00:00,64996.66015625,64996.66015625,65004.73828125,64996.66015625,65004.73046875,0
2026-07-24 12:34:00+00:00,64944.0,64944.0,64988.91015625,64944.0,64988.91015625,0
2026-07-24 12:35:00+00:00,64958.41015625,64958.41015625,64958.41015625,64939.0703125,64939.0703125,0
2026-07-24 12:36:00+00:00,64934.73828125,64934.73828125,64958.421875,64934.73828125,64958.421875,0
2026-07-24 12:37:00+00:00,64985.51171875,64985.51171875,64985.51171875,64934.73828125,64934.73828125,0
2026-07-24 12:38:00+00:00,64950.48046875,64950.48046875,64976.19140625,64950.48046875,64969.5703125,0
2026-07-24 12:39:00+00:00,64967.05859375,64967.05859375,64972.21875,64957.94921875,64963.98828125,0
2026-07-24 12:40:00+00:00,64956.640625,64956.640625,64977.28125,64950.2109375,64977.28125,10522624
2026-07-24 12:41:00+00:00,64942.48828125,64942.48828125,64956.62890625,64942.48828125,64956.62890625,0
2026-07-24 12:42:00+00:00,64899.73828125,64899.73828125,64932.80859375,64899.73828125,64932.80859375,0
2026-07-24 12:43:00+00:00,64896.078125,64896.078125,64896.078125,64881.80859375,64896.03125,181444608
2026-07-24 12:44:00+00:00,64870.12890625,64870.12890625,64890.91015625,64863.640625,64890.91015625,0
2026-07-24 12:45:00+00:00,64888.51171875,64888.51171875,64896.25,64870.140625,64870.140625,0
2026-07-24 12:46:00+00:00,64850.30859375,64850.30859375,64888.51171875,64842.71875,64888.51171875,0
2026-07-24 12:47:00+00:00,64816.0,64816.0,64834.109375,64813.1484375,64834.109375,0
2026-07-24 12:48:00+00:00,64794.62890625,64794.62890625,64814.76171875,64776.0703125,64814.76171875,0
2026-07-24 12:49:00+00:00,64788.69140625,64788.69140625,64802.2890625,64773.87890625,64788.140625,0
2026-07-24 12:50:00+00:00,64793.03125,64793.03125,64800.3203125,64788.69140625,64788.69140625,0
2026-07-24 12:51:00+00:00,64813.23046875,64813.23046875,64814.26171875,64796.69140625,64804.41015625,51353600
2026-07-24 12:52:00+00:00,64803.109375,64803.109375,64814.26171875,64803.109375,64807.01171875,0
2026-07-24 12:53:00+00:00,64776.140625,64776.140625,64792.69921875,64765.01171875,64792.69921875,700416
2026-07-24 12:54:00+00:00,64790.2890625,64790.2890625,64795.46875,64769.71875,64769.71875,0
2026-07-24 12:55:00+00:00,64823.26953125,64823.26953125,64834.109375,64792.1796875,64798.01171875,0
2026-07-24 12:56:00+00:00,64701.62109375,64701.62109375,64826.12890625,64701.62109375,64826.12890625,0
2026-07-24 12:57:00+00:00,64715.98046875,64715.98046875,64727.3515625,64710.26171875,64710.26171875,0
2026-07-24 12:58:00+00:00,64727.30859375,64727.30859375,64727.30859375,64715.96875,64715.98046875,0
2026-07-24 12:59:00+00:00,64715.98046875,64715.98046875,64739.25,64715.98046875,64727.30859375,0
2026-07-24 13:00:00+00:00,64707.62890625,64707.62890625,64738.0,64707.62890625,64738.0,0
2026-07-24 13:01:00+00:00,64672.140625,64672.140625,64697.62109375,64663.98828125,64681.55078125,528384
2026-07-24 13:02:00+00:00,64661.98828125,64661.98828125,64678.44921875,64651.03125,64675.87109375,0
2026-07-24 13:03:00+00:00,64647.5703125,64647.5703125,64653.578125,64641.69140625,64648.3515625,0
2026-07-24 13:04:00+00:00,64650.6484375,64650.6484375,64656.078125,64635.01953125,64647.5703125,14827520
2026-07-24 13:05:00+00:00,64528.44921875,64528.44921875,64649.859375,64478.0,64649.859375,636928
2026-07-24 13:06:00+00:00,64488.859375,64488.859375,64528.0703125,64446.0,64528.0703125,0
2026-07-24 13:07:00+00:00,64371.55078125,64371.55078125,64478.859375,64333.0,64478.859375,0
2026-07-24 13:08:00+00:00,64374.0,64374.0,64381.51171875,64360.0,64381.51171875,7761920
2026-07-24 13:09:00+00:00,64341.4296875,64341.4296875,64371.6015625,64303.921875,64370.25,56735744
2026-07-24 13:10:00+00:00,64337.98828125,64337.98828125,64345.41015625,64305.96875,64345.41015625,12007424
2026-07-24 13:11:00+00:00,64370.609375,64370.609375,64382.9609375,64354.26171875,64364.3984375,7659520
2026-07-24 13:12:00+00:00,64345.23046875,64345.23046875,64412.44140625,64345.23046875,64389.05859375,0
2026-07-24 13:13:00+00:00,64304.51171875,64304.51171875,64352.5703125,64304.51171875,64342.4296875,0
2026-07-24 13:14:00+00:00,64317.3515625,64317.3515625,64317.3515625,64300.33984375,64303.921875,0
2026-07-24 13:15:00+00:00,64343.01953125,64343.01953125,64348.91015625,64293.5703125,64306.76171875,0
2026-07-24 13:16:00+00:00,64367.08984375,64367.08984375,64367.08984375,64346.359375,64347.94921875,8216576
2026-07-24 13:17:00+00:00,64440.0,64440.0,64440.0,64362.91015625,64369.71875,0
2026-07-24 13:18:00+00:00,64460.16015625,64460.16015625,64479.01171875,64430.01171875,64435.51171875,591872
2026-07-24 13:19:00+00:00,64443.76953125,64443.76953125,64485.19921875,64436.140625,64460.1484375,0
2026-07-24 13:20:00+00:00,64440.03125,64440.03125,64440.03125,64422.7109375,64423.8984375,7723008
2026-07-24 13:21:00+00:00,64414.9296875,64414.9296875,64440.328125,64414.9296875,64438.7109375,64509952
2026-07-24 13:22:00+00:00,64383.75,64383.75,64414.94140625,64373.6015625,64414.94140625,0
2026-07-24 13:23:00+00:00,64390.51171875,64390.51171875,64404.0,64363.98046875,64404.0,10289152
2026-07-24 13:24:00+00:00,64330.12109375,64330.12109375,64400.98828125,64323.48046875,64400.98828125,812517376
2026-07-24 13:25:00+00:00,64325.0,64325.0,64325.0,64297.37109375,64316.25,0
2026-07-24 13:26:00+00:00,64369.37109375,64369.37109375,64369.37109375,64323.28125,64323.28125,7784448
2026-07-24 13:27:00+00:00,64361.98828125,64361.98828125,64374.94921875,64351.48046875,64365.8203125,0
2026-07-24 13:28:00+00:00,64346.0,64346.0,64365.6796875,64346.0,64358.6484375,79556608
2026-07-24 13:29:00+00:00,64321.98828125,64321.98828125,64335.98046875,64315.5390625,64335.98046875,23826432
2026-07-24 13:30:00+00:00,64294.01171875,64294.01171875,64355.9609375,64294.01171875,64322.0,181440512
2026-07-24 13:31:00+00:00,64254.62890625,64254.62890625,64277.62890625,64253.5703125,64268.0703125,2738176
2026-07-24 13:32:00+00:00,64237.98046875,64237.98046875,64270.3203125,64237.98046875,64263.26171875,0
2026-07-24 13:33:00+00:00,64246.01171875,64246.01171875,64264.28125,64230.0,64252.33984375,0
2026-07-24 13:34:00+00:00,64252.01171875,64252.01171875,64257.96875,64228.75,64257.96875,0
2026-07-24 13:35:00+00:00,64269.08984375,64269.08984375,64274.078125,64234.7109375,64258.23046875,7571456
2026-07-24 13:36:00+00:00,64223.87890625,64223.87890625,64260.01171875,64216.0,64250.6015625,170340352
2026-07-24 13:37:00+00:00,64274.421875,64274.421875,64274.421875,64200.01171875,64214.37890625,0
2026-07-24 13:38:00+00:00,64219.78125,64219.78125,64294.2890625,64219.78125,64289.7109375,26494976
2026-07-24 13:39:00+00:00,64222.640625,64222.640625,64243.078125,64211.87109375,64212.2890625,0
2026-07-24 13:40:00+00:00,64213.921875,64213.921875,64219.21875,64167.98828125,64195.55859375,3473408
2026-07-24 13:41:00+00:00,64198.078125,64198.078125,64222.390625,64187.62890625,64202.44921875,0
2026-07-24 13:42:00+00:00,64219.62890625,64219.62890625,64227.87109375,64183.94921875,64186.8984375,0
2026-07-24 13:43:00+00:00,64296.87890625,64296.87890625,64314.25,64226.53125,64236.0,181063680
2026-07-24 13:44:00+00:00,64343.69140625,64343.69140625,64343.69140625,64289.94921875,64322.01953125,6158336
2026-07-24 13:45:00+00:00,64364.1796875,64364.1796875,64376.44140625,64339.87890625,64339.87890625,0
2026-07-24 13:46:00+00:00,64348.25,64348.25,64350.4609375,64326.828125,64346.48828125,5867520
2026-07-24 13:47:00+00:00,64277.0,64277.0,64353.55859375,64277.0,64351.9296875,0
2026-07-24 13:48:00+00:00,64230.6015625,64230.6015625,64290.140625,64230.6015625,64259.98046875,10047488
2026-07-24 13:49:00+00:00,64209.96875,64209.96875,64259.859375,64209.96875,64249.109375,99110912
2026-07-24 13:50:00+00:00,64174.9609375,64174.9609375,64194.73046875,64142.1796875,64194.73046875,19294208
2026-07-24 13:51:00+00:00,64067.0,64067.0,64129.76953125,64064.0,64129.76953125,56201216
2026-07-24 13:52:00+00:00,63998.48046875,63998.48046875,64068.01953125,63993.421875,64066.87109375,0
2026-07-24 13:53:00+00:00,63938.94921875,63938.94921875,64007.94921875,63925.98046875,63995.98828125,0
2026-07-24 13:54:00+00:00,63955.140625,63955.140625,63977.73046875,63934.390625,63937.8203125,0
2026-07-24 13:55:00+00:00,63861.87109375,63861.87109375,63933.109375,63848.2890625,63933.109375,0
2026-07-24 13:56:00+00:00,63922.01171875,63922.01171875,63926.26953125,63869.2890625,63873.421875,454656
2026-07-24 13:57:00+00:00,63980.859375,63980.859375,63980.859375,63895.2890625,63911.859375,0
2026-07-24 13:58:00+00:00,64027.12109375,64027.12109375,64032.01171875,63977.19140625,63977.19140625,52291584
2026-07-24 13:59:00+00:00,64056.01171875,64056.01171875,64056.01171875,64032.328125,64032.328125,31840256
2026-07-24 14:00:00+00:00,64058.98828125,64058.98828125,64095.0,64041.9296875,64095.0,134289408
2026-07-24 14:01:00+00:00,64052.2109375,64052.2109375,64135.48828125,64033.03125,64103.98828125,604160
2026-07-24 14:02:00+00:00,64021.8203125,64021.8203125,64059.37109375,64021.8203125,64059.37109375,0
2026-07-24 14:03:00+00:00,63972.98046875,63972.98046875,63991.8984375,63942.3984375,63990.44921875,37961728
2026-07-24 14:04:00+00:00,63912.05859375,63912.05859375,63971.01953125,63905.3203125,63971.01953125,0
2026-07-24 14:05:00+00:00,64000.0,64000.0,64023.98828125,63909.1796875,63909.1796875,0
2026-07-24 14:06:00+00:00,63985.8515625,63985.8515625,64023.98046875,63975.19921875,64022.6484375,8589312
2026-07-24 14:07:00+00:00,64041.890625,64041.890625,64041.890625,63965.828125,63990.421875,0
2026-07-24 14:08:00+00:00,64078.48828125,64078.48828125,64111.1796875,64054.73828125,64054.73828125,19527680
2026-07-24 14:09:00+00:00,64117.4609375,64117.4609375,64129.76171875,64080.37109375,64080.37109375,0
2026-07-24 14:10:00+00:00,64130.4296875,64130.4296875,64139.328125,64114.6015625,64117.30078125,29546496
2026-07-24 14:11:00+00:00,64105.37109375,64105.37109375,64129.91015625,64100.0,64129.91015625,237568
2026-07-24 14:12:00+00:00,63973.41015625,63973.41015625,64120.25,63973.41015625,64095.859375,0
2026-07-24 14:13:00+00:00,63947.8984375,63947.8984375,64000.0,63947.8984375,64000.0,0
2026-07-24 14:14:00+00:00,63910.0703125,63910.0703125,63973.23046875,63910.0703125,63933.890625,3495936
2026-07-24 14:15:00+00:00,63901.109375,63901.109375,63920.7890625,63885.9609375,63905.83984375,121339904
2026-07-24 14:16:00+00:00,63890.33984375,63890.33984375,63912.7890625,63870.48046875,63912.7890625,352256
2026-07-24 14:17:00+00:00,63820.98046875,63820.98046875,63882.640625,63818.80859375,63882.640625,0
2026-07-24 14:18:00+00:00,63736.01171875,63736.01171875,63837.48828125,63736.01171875,63837.48828125,0
2026-07-24 14:19:00+00:00,63807.6796875,63807.6796875,63826.921875,63720.26953125,63753.7109375,3121152
2026-07-24 14:20:00+00:00,63723.5,63723.5,63784.25,63695.46875,63784.25,2705408
2026-07-24 14:21:00+00:00,63774.23828125,63774.23828125,63784.16015625,63720.23828125,63721.01953125,0
2026-07-24 14:22:00+00:00,63689.16015625,63689.16015625,63764.55859375,63689.16015625,63764.55859375,0
2026-07-24 14:23:00+00:00,63717.30078125,63717.30078125,63723.359375,63692.12890625,63706.359375,170553344
2026-07-24 14:26:00+00:00,63670.8984375,63670.8984375,63705.1796875,63669.5703125,63704.0703125,130527232
2026-07-24 14:27:00+00:00,63714.98828125,63714.98828125,63726.0,63673.0,63673.0,0
2026-07-24 14:28:00+00:00,63738.8984375,63738.8984375,63745.69140625,63703.4296875,63716.48046875,195940352
2026-07-24 14:29:00+00:00,63795.26171875,63795.26171875,63795.37109375,63752.640625,63752.640625,10422272
2026-07-24 14:30:00+00:00,63735.3515625,63735.3515625,63795.98828125,63728.37109375,63784.12109375,230383616
2026-07-24 14:31:00+00:00,63765.98046875,63765.98046875,63765.98046875,63727.2890625,63734.8515625,3592192
2026-07-24 14:32:00+00:00,63768.359375,63768.359375,63782.12109375,63741.2109375,63769.37890625,0
2026-07-24 14:33:00+00:00,63773.71875,63773.71875,63790.94140625,63749.55078125,63749.55078125,48121856
2026-07-24 14:34:00+00:00,63753.921875,63753.921875,63776.5390625,63746.5703125,63775.6015625,866304
2026-07-24 14:35:00+00:00,63785.30859375,63785.30859375,63799.41015625,63754.23828125,63754.23828125,7190528
2026-07-24 14:36:00+00:00,63779.5703125,63779.5703125,63802.5703125,63773.69921875,63792.421875,0
2026-07-24 14:37:00+00:00,63749.01171875,63749.01171875,63777.0,63749.01171875,63777.0,0
2026-07-24 14:38:00+00:00,63777.6015625,63777.6015625,63782.6015625,63741.30078125,63741.30078125,10485760
2026-07-24 14:39:00+00:00,63738.8984375,63738.8984375,63810.8203125,63738.8984375,63791.4609375,50644992
2026-07-24 14:40:00+00:00,63776.51953125,63776.51953125,63807.69140625,63751.0390625,63751.0390625,1304576
2026-07-24 14:41:00+00:00,63769.46875,63769.46875,63770.0,63731.859375,63746.44140625,0
2026-07-24 14:42:00+00:00,63732.19140625,63732.19140625,63770.98828125,63731.0390625,63753.6796875,0
2026-07-24 14:43:00+00:00,63765.0,63765.0,63765.671875,63728.55078125,63742.390625,14501888
2026-07-24 14:44:00+00:00,63755.94140625,63755.94140625,63777.1015625,63751.859375,63764.921875,0
2026-07-24 14:45:00+00:00,63708.96875,63708.96875,63762.05859375,63708.96875,63762.05859375,173244416
2026-07-24 14:46:00+00:00,63756.30859375,63756.30859375,63756.30859375,63684.71875,63687.80078125,804864
2026-07-24 14:47:00+00:00,63684.7109375,63684.7109375,63756.73046875,63677.640625,63756.73046875,0
2026-07-24 14:48:00+00:00,63677.12109375,63677.12109375,63688.9296875,63671.26953125,63672.5703125,55883776
2026-07-24 14:49:00+00:00,63775.71875,63775.71875,63784.75,63677.30078125,63677.30078125,8534016
2026-07-24 14:50:00+00:00,63881.359375,63881.359375,63884.08984375,63800.0,63800.0,4046848
2026-07-24 14:51:00+00:00,63830.03125,63830.03125,63878.0703125,63825.26953125,63878.0703125,0
2026-07-24 14:52:00+00:00,63803.53125,63803.53125,63864.3984375,63803.53125,63831.921875,0
2026-07-24 14:53:00+00:00,63869.0,63869.0,63882.73046875,63816.26171875,63816.26171875,0
2026-07-24 14:54:00+00:00,63858.03125,63858.03125,63885.0,63834.01171875,63881.2890625,0
2026-07-24 14:55:00+00:00,63872.28125,63872.28125,63889.8203125,63857.640625,63857.640625,38912
2026-07-24 14:56:00+00:00,63925.609375,63925.609375,63929.1015625,63883.9296875,63883.9296875,2242560
2026-07-24 14:57:00+00:00,63947.75,63947.75,63975.8984375,63947.01953125,63963.37890625,0
2026-07-24 14:58:00+00:00,63954.1015625,63954.1015625,63956.98046875,63941.58984375,63941.640625,0
2026-07-24 14:59:00+00:00,63993.51171875,63993.51171875,63993.51171875,63956.98046875,63956.98046875,2056192
2026-07-24 15:00:00+00:00,63968.08984375,63968.08984375,63980.37890625,63951.75,63980.37890625,125022208
2026-07-24 15:01:00+00:00,63932.7890625,63932.7890625,63976.2890625,63932.7890625,63976.2890625,5554176
2026-07-24 15:02:00+00:00,63913.890625,63913.890625,63933.890625,63908.0,63933.890625,0
2026-07-24 15:03:00+00:00,63886.75,63886.75,63936.2890625,63885.5703125,63936.2890625,770312192
2026-07-24 15:04:00+00:00,63854.55859375,63854.55859375,63885.578125,63834.6796875,63885.578125,0
2026-07-24 15:05:00+00:00,63835.6484375,63835.6484375,63855.33984375,63831.21875,63831.78125,0
2026-07-24 15:06:00+00:00,63804.91015625,63804.91015625,63836.71875,63804.91015625,63836.71875,29736960
2026-07-24 15:07:00+00:00,63858.76953125,63858.76953125,63858.76953125,63782.03125,63789.2109375,0
2026-07-24 15:08:00+00:00,63873.0,63873.0,63906.98046875,63858.3515625,63862.28125,5562368
2026-07-24 15:09:00+00:00,63852.0,63852.0,63870.5,63852.0,63866.609375,0
2026-07-24 15:10:00+00:00,63994.421875,63994.421875,63994.421875,63838.421875,63843.23046875,0
2026-07-24 15:11:00+00:00,63943.2109375,63943.2109375,64029.05078125,63920.1015625,63985.01953125,10455040
2026-07-24 15:12:00+00:00,63959.91015625,63959.91015625,63979.48828125,63944.609375,63946.578125,0
2026-07-24 15:13:00+00:00,63962.76953125,63962.76953125,63978.0,63929.21875,63961.51953125,0
2026-07-24 15:14:00+00:00,64072.16015625,64072.16015625,64072.359375,63966.62109375,63966.62109375,13500416
2026-07-24 15:15:00+00:00,64091.8515625,64091.8515625,64103.96875,64058.98828125,64063.98046875,205273088
2026-07-24 15:16:00+00:00,64075.9296875,64075.9296875,64103.58984375,64075.9296875,64098.80078125,0
2026-07-24 15:17:00+00:00,64009.80859375,64009.80859375,64091.640625,64006.05078125,64084.3984375,0
2026-07-24 15:18:00+00:00,63948.0,63948.0,64017.26953125,63925.0,64009.80859375,0
2026-07-24 15:19:00+00:00,63901.33984375,63901.33984375,63933.21875,63900.48828125,63933.21875,1568768
2026-07-24 15:20:00+00:00,63988.51953125,63988.51953125,63997.9296875,63894.62109375,63894.62109375,2942976
2026-07-24 15:21:00+00:00,64002.171875,64002.171875,64024.1484375,63995.05859375,63995.05859375,0
2026-07-24 15:22:00+00:00,63996.0,63996.0,64008.23828125,63964.80078125,64003.01953125,0
2026-07-24 15:23:00+00:00,64030.6484375,64030.6484375,64045.12890625,64005.9296875,64005.9296875,0
2026-07-24 15:24:00+00:00,64052.640625,64052.640625,64054.0390625,64008.98828125,64020.33984375,0
2026-07-24 15:25:00+00:00,64042.44921875,64042.44921875,64059.83984375,64041.8515625,64041.8515625,0
2026-07-24 15:26:00+00:00,64042.26953125,64042.26953125,64065.0,64036.890625,64063.98828125,1318912
2026-07-24 15:27:00+00:00,64056.23046875,64056.23046875,64075.05078125,64023.171875,64032.12109375,0
2026-07-24 15:28:00+00:00,64075.578125,64075.578125,64093.5390625,64062.94921875,64063.96875,6897664
2026-07-24 15:29:00+00:00,64055.55859375,64055.55859375,64071.71875,64019.390625,64060.73828125,970752
2026-07-24 15:30:00+00:00,63999.62109375,63999.62109375,64049.859375,63999.62109375,64026.7109375,207708160
2026-07-24 15:31:00+00:00,64076.30078125,64076.30078125,64076.30078125,64002.921875,64003.359375,4669440
2026-07-24 15:32:00+00:00,64099.7890625,64099.7890625,64099.7890625,64048.51171875,64058.1796875,0
2026-07-24 15:33:00+00:00,64149.9609375,64149.9609375,64149.9609375,64078.23828125,64078.23828125,99432448
2026-07-24 15:34:00+00:00,64124.19140625,64124.19140625,64137.5,64115.76953125,64115.76953125,4395008
2026-07-24 15:35:00+00:00,64150.05078125,64150.05078125,64153.01171875,64120.2890625,64121.6015625,54558720
2026-07-24 15:36:00+00:00,64157.671875,64157.671875,64177.19921875,64128.44921875,64128.44921875,221321216
2026-07-24 15:37:00+00:00,64169.30078125,64169.30078125,64179.75,64120.6796875,64155.6484375,0
2026-07-24 15:38:00+00:00,64197.51953125,64197.51953125,64199.55859375,64148.26953125,64187.69140625,46098432
2026-07-24 15:39:00+00:00,64224.71875,64224.71875,64224.71875,64160.80859375,64160.80859375,0
2026-07-24 15:40:00+00:00,64239.9609375,64239.9609375,64257.578125,64215.6796875,64230.26953125,194066432
2026-07-24 15:41:00+00:00,64167.640625,64167.640625,64253.9296875,64167.640625,64253.9296875,11159552
2026-07-24 15:42:00+00:00,64093.6484375,64093.6484375,64176.76953125,64093.6484375,64161.5390625,0
2026-07-24 15:43:00+00:00,64137.76171875,64137.76171875,64139.71875,64115.98828125,64115.98828125,59047936
2026-07-24 15:44:00+00:00,64096.8515625,64096.8515625,64155.73046875,64096.8515625,64146.12890625,70252544
2026-07-24 15:45:00+00:00,64090.140625,64090.140625,64124.53125,64086.55078125,64100.390625,195780608
2026-07-24 15:46:00+00:00,64083.33984375,64083.33984375,64108.5703125,64079.328125,64087.26953125,6400000
2026-07-24 15:47:00+00:00,64068.6015625,64068.6015625,64093.53125,64068.6015625,64087.76953125,0
2026-07-24 15:48:00+00:00,64098.80859375,64098.80859375,64098.80859375,64059.12890625,64059.12890625,0
2026-07-24 15:49:00+00:00,64060.69140625,64060.69140625,64078.94140625,64032.23828125,64078.94140625,0
2026-07-24 15:50:00+00:00,64098.80078125,64098.80078125,64098.80078125,64068.73828125,64071.73046875,8183808
2026-07-24 15:51:00+00:00,64097.98046875,64097.98046875,64119.37109375,64097.98046875,64109.76953125,234504192
2026-07-24 15:52:00+00:00,63992.19921875,63992.19921875,64107.80078125,63990.078125,64099.0,0
2026-07-24 15:53:00+00:00,64040.51171875,64040.51171875,64040.51171875,63978.8984375,63991.140625,0
2026-07-24 15:54:00+00:00,64036.8984375,64036.8984375,64046.12890625,64013.6796875,64044.62109375,21153792
2026-07-24 15:55:00+00:00,64117.109375,64117.109375,64129.05859375,64069.2109375,64069.2109375,8380416
2026-07-24 15:56:00+00:00,64128.69140625,64128.69140625,64128.69140625,64100.16015625,64106.4609375,3647488
2026-07-24 15:57:00+00:00,64129.171875,64129.171875,64129.171875,64118.171875,64128.69140625,0
2026-07-24 15:58:00+00:00,64090.3984375,64090.3984375,64121.828125,64082.69140625,64121.828125,0
2026-07-24 15:59:00+00:00,64034.75,64034.75,64087.359375,64021.890625,64079.5703125,16388096
2026-07-24 16:00:00+00:00,63996.671875,63996.671875,64029.33984375,63996.671875,64026.98828125,0
2026-07-24 16:01:00+00:00,63974.5390625,63974.5390625,64009.80078125,63961.8203125,64009.80078125,1955840
2026-07-24 16:02:00+00:00,63993.390625,63993.390625,63993.390625,63967.48046875,63973.73046875,0
2026-07-24 16:03:00+00:00,64016.19921875,64016.19921875,64016.19921875,63990.96875,63993.3984375,0
2026-07-24 16:04:00+00:00,64064.671875,64064.671875,64083.328125,64016.19140625,64016.19140625,0
2026-07-24 16:05:00+00:00,64073.41015625,64073.41015625,64073.83984375,64060.37109375,64073.83984375,0
2026-07-24 16:06:00+00:00,64017.5390625,64017.5390625,64075.26171875,64017.5390625,64065.7890625,177258496
2026-07-24 16:07:00+00:00,64101.08984375,64101.08984375,64101.08984375,64024.171875,64024.171875,0
2026-07-24 16:08:00+00:00,64092.21875,64092.21875,64092.21875,64083.30078125,64089.69140625,0
2026-07-24 16:09:00+00:00,64088.2890625,64088.2890625,64117.19140625,64088.2890625,64095.23828125,0
2026-07-24 16:10:00+00:00,64139.75,64139.75,64139.75,64092.98828125,64092.98828125,0
2026-07-24 16:11:00+00:00,64099.51953125,64099.51953125,64138.23828125,64099.51953125,64138.23828125,20310016
2026-07-24 16:12:00+00:00,64103.6796875,64103.6796875,64112.12109375,64094.01171875,64102.421875,0
2026-07-24 16:13:00+00:00,64077.140625,64077.140625,64104.5390625,64069.01171875,64104.5390625,0
2026-07-24 16:14:00+00:00,64082.41015625,64082.41015625,64083.94140625,64076.0,64077.140625,0
2026-07-24 16:15:00+00:00,64101.66015625,64101.66015625,64101.66015625,64077.87109375,64082.41015625,0
2026-07-24 16:16:00+00:00,64056.23828125,64056.23828125,64105.23046875,64056.23828125,64102.83984375,0
2026-07-24 16:17:00+00:00,64043.19140625,64043.19140625,64063.30859375,64022.12890625,64063.30859375,0
2026-07-24 16:18:00+00:00,64044.75,64044.75,64053.98046875,64044.75,64046.0703125,0
2026-07-24 16:19:00+00:00,64091.0,64091.0,64092.23046875,64046.0390625,64046.0390625,0
2026-07-24 16:20:00+00:00,64093.078125,64093.078125,64096.8203125,64088.58984375,64090.98828125,3430400
2026-07-24 16:21:00+00:00,64052.26953125,64052.26953125,64089.83984375,64044.75,64088.69140625,144578560
2026-07-24 16:22:00+00:00,64104.03125,64104.03125,64104.03125,64060.0,64062.62109375,0
2026-07-24 16:23:00+00:00,64097.55078125,64097.55078125,64106.671875,64094.94921875,64106.640625,0
2026-07-24 16:24:00+00:00,64075.58984375,64075.58984375,64097.55078125,64075.58984375,64092.58984375,0
2026-07-24 16:25:00+00:00,64091.4296875,64091.4296875,64098.03125,64075.58984375,64075.87109375,1435648
2026-07-24 16:26:00+00:00,64060.51953125,64060.51953125,64093.80859375,64060.51953125,64093.80859375,0
2026-07-24 16:27:00+00:00,64033.03125,64033.03125,64057.48828125,64033.03125,64057.48828125,0
2026-07-24 16:28:00+00:00,64043.6796875,64043.6796875,64048.25,64033.01953125,64033.01953125,1265664
2026-07-24 16:29:00+00:00,64027.51171875,64027.51171875,64041.0,64027.51171875,64041.0,0
2026-07-24 16:30:00+00:00,63971.8515625,63971.8515625,64021.01171875,63971.8515625,64014.30859375,0
2026-07-24 16:31:00+00:00,63952.01171875,63952.01171875,63979.83984375,63946.75,63978.94140625,0
2026-07-24 16:32:00+00:00,63967.23046875,63967.23046875,63967.23046875,63937.0,63964.23828125,0
2026-07-24 16:33:00+00:00,63959.2109375,63959.2109375,63967.98046875,63944.01953125,63967.98046875,0
2026-07-24 16:34:00+00:00,63973.48828125,63973.48828125,63973.48828125,63960.7890625,63964.98046875,3807232
2026-07-24 16:35:00+00:00,63925.0703125,63925.0703125,63953.73046875,63925.0703125,63942.578125,0
2026-07-24 16:36:00+00:00,63944.08984375,63944.08984375,63952.30078125,63928.4609375,63941.26953125,0
2026-07-24 16:37:00+00:00,63950.3984375,63950.3984375,63950.3984375,63921.5703125,63928.33984375,0
2026-07-24 16:38:00+00:00,63932.3984375,63932.3984375,63962.26171875,63932.3984375,63950.3984375,0
2026-07-24 16:39:00+00:00,63926.87109375,63926.87109375,63948.62109375,63915.0,63932.3984375,27025408
2026-07-24 16:40:00+00:00,63920.75,63920.75,63926.87109375,63911.01171875,63926.87109375,1298432
2026-07-24 16:41:00+00:00,63905.3203125,63905.3203125,63914.8515625,63899.30859375,63907.078125,0
2026-07-24 16:42:00+00:00,63894.19140625,63894.19140625,63902.80078125,63884.98828125,63895.421875,0
2026-07-24 16:43:00+00:00,63878.8203125,63878.8203125,63889.7890625,63878.8203125,63888.05078125,0
2026-07-24 16:44:00+00:00,63871.48046875,63871.48046875,63886.5,63865.01171875,63878.8203125,0
2026-07-24 16:45:00+00:00,63901.4296875,63901.4296875,63902.12890625,63866.48828125,63866.48828125,149702656
2026-07-24 16:46:00+00:00,63868.140625,63868.140625,63901.421875,63868.140625,63901.421875,0
2026-07-24 16:47:00+00:00,63845.6015625,63845.6015625,63878.2109375,63833.921875,63863.76953125,0
2026-07-24 16:48:00+00:00,63831.87890625,63831.87890625,63848.12890625,63811.0,63848.12890625,0
2026-07-24 16:49:00+00:00,63858.828125,63858.828125,63863.109375,63835.671875,63835.671875,1878016
2026-07-24 16:50:00+00:00,63833.87109375,63833.87109375,63849.76171875,63831.7890625,63849.76171875,0
2026-07-24 16:51:00+00:00,63816.87109375,63816.87109375,63830.859375,63813.9609375,63827.69140625,249190400
2026-07-24 16:52:00+00:00,63818.55078125,63818.55078125,63822.69140625,63810.80078125,63822.69140625,0
2026-07-24 16:53:00+00:00,63838.0,63838.0,63838.0,63814.0,63814.0,0
2026-07-24 16:54:00+00:00,63869.48046875,63869.48046875,63878.140625,63837.98828125,63837.98828125,0
2026-07-24 16:55:00+00:00,63887.83984375,63887.83984375,63890.98046875,63860.41015625,63865.44140625,1894400
2026-07-24 16:56:00+00:00,63889.4296875,63889.4296875,63889.4296875,63878.21875,63886.5,4694016
2026-07-24 16:57:00+00:00,63931.140625,63931.140625,63932.03125,63895.80078125,63895.80078125,0
2026-07-24 16:58:00+00:00,63940.140625,63940.140625,63941.80078125,63937.609375,63940.140625,13258752
2026-07-24 16:59:00+00:00,63889.83984375,63889.83984375,63946.1015625,63889.83984375,63940.140625,0
2026-07-24 17:00:00+00:00,63902.55859375,63902.55859375,63904.5,63885.98046875,63887.30078125,208336896
2026-07-24 17:01:00+00:00,63902.58984375,63902.58984375,63902.58984375,63872.7890625,63902.5703125,0
2026-07-24 17:02:00+00:00,63902.16015625,63902.16015625,63909.1796875,63886.53125,63900.98046875,0
2026-07-24 17:03:00+00:00,63912.0390625,63912.0390625,63920.7890625,63885.96875,63913.05078125,0
2026-07-24 17:04:00+00:00,63936.23828125,63936.23828125,63939.98828125,63924.2890625,63925.30078125,7403520
2026-07-24 17:05:00+00:00,63944.828125,63944.828125,63944.828125,63928.53125,63928.53125,0
2026-07-24 17:06:00+00:00,63889.62109375,63889.62109375,63940.51171875,63872.41015625,63936.28125,0
2026-07-24 17:07:00+00:00,63880.41015625,63880.41015625,63903.0,63880.41015625,63896.0390625,0
2026-07-24 17:08:00+00:00,63885.05078125,63885.05078125,63885.05078125,63851.12890625,63880.9609375,0
2026-07-24 17:09:00+00:00,63871.0390625,63871.0390625,63893.5,63866.62109375,63866.62109375,0
2026-07-24 17:10:00+00:00,63856.55078125,63856.55078125,63904.94921875,63856.55078125,63866.62109375,23838720
2026-07-24 17:11:00+00:00,63871.609375,63871.609375,63880.73828125,63838.890625,63871.5,0
2026-07-24 17:12:00+00:00,63882.5,63882.5,63886.87890625,63871.421875,63875.44140625,0
2026-07-24 17:13:00+00:00,63869.078125,63869.078125,63873.0,63854.1796875,63870.48828125,5601280
2026-07-24 17:14:00+00:00,63897.55859375,63897.55859375,63901.390625,63875.98828125,63875.98828125,0
2026-07-24 17:15:00+00:00,63894.671875,63894.671875,63910.98046875,63886.66015625,63897.8984375,2916352
2026-07-24 17:16:00+00:00,63889.83984375,63889.83984375,63899.16015625,63882.1015625,63894.671875,10921984
2026-07-24 17:17:00+00:00,63934.55859375,63934.55859375,63934.55859375,63889.83984375,63889.83984375,0
2026-07-24 17:18:00+00:00,63973.75,63973.75,63980.12109375,63937.71875,63937.71875,149018624
2026-07-24 17:19:00+00:00,63974.8203125,63974.8203125,63983.91015625,63959.5,63959.5,0
2026-07-24 17:20:00+00:00,63985.9296875,63985.9296875,63997.078125,63975.33984375,63975.33984375,2791424
2026-07-24 17:21:00+00:00,64000.671875,64000.671875,64005.80859375,63986.578125,63986.578125,0
2026-07-24 17:22:00+00:00,63967.23046875,63967.23046875,64012.609375,63967.23046875,63999.66015625,0
2026-07-24 17:23:00+00:00,63978.8515625,63978.8515625,63993.359375,63971.109375,63975.78125,0
2026-07-24 17:24:00+00:00,64011.0703125,64011.0703125,64011.0703125,63971.0703125,63971.0703125,0
2026-07-24 17:25:00+00:00,64072.921875,64072.921875,64072.921875,64013.671875,64017.671875,20224000
2026-07-24 17:26:00+00:00,64056.23828125,64056.23828125,64074.5390625,64044.37890625,64074.5390625,2209792
2026-07-24 17:27:00+00:00,64071.05078125,64071.05078125,64077.55078125,64068.25,64076.05859375,0
2026-07-24 17:28:00+00:00,64081.421875,64081.421875,64083.30859375,64074.01953125,64076.28125,0
2026-07-24 17:29:00+00:00,64044.640625,64044.640625,64081.421875,64044.640625,64081.421875,0
2026-07-24 17:30:00+00:00,64042.48828125,64042.48828125,64049.98828125,64023.01953125,64029.16015625,72136704
2026-07-24 17:31:00+00:00,64029.16015625,64029.16015625,64042.48828125,64029.1484375,64042.48828125,0
2026-07-24 17:32:00+00:00,64076.609375,64076.609375,64083.328125,64030.0,64030.0,0
2026-07-24 17:33:00+00:00,64099.98828125,64099.98828125,64100.0,64073.4296875,64076.609375,2600960
2026-07-24 17:34:00+00:00,64117.5703125,64117.5703125,64117.5703125,64098.80859375,64099.98828125,0
2026-07-24 17:35:00+00:00,64118.890625,64118.890625,64129.6796875,64118.16015625,64127.23046875,0
2026-07-24 17:36:00+00:00,64098.8203125,64098.8203125,64114.30078125,64089.0,64114.30078125,108699648
2026-07-24 17:37:00+00:00,64075.05859375,64075.05859375,64094.0,64075.05859375,64094.0,0
2026-07-24 17:38:00+00:00,64076.69140625,64076.69140625,64077.140625,64070.66015625,64071.98046875,3047424
2026-07-24 17:39:00+00:00,64087.2109375,64087.2109375,64087.2109375,64073.96875,64076.69921875,58333184
2026-07-24 17:40:00+00:00,64094.9296875,64094.9296875,64094.9296875,64077.33984375,64087.2109375,0
2026-07-24 17:41:00+00:00,64089.5390625,64089.5390625,64094.94140625,64080.0,64094.94140625,0
2026-07-24 17:42:00+00:00,64102.3203125,64102.3203125,64102.3203125,64085.01171875,64089.5390625,0
2026-07-24 17:43:00+00:00,64099.078125,64099.078125,64107.140625,64099.078125,64102.3203125,0
2026-07-24 17:44:00+00:00,64106.078125,64106.078125,64108.91015625,64101.66015625,64107.80859375,5019648
2026-07-24 17:45:00+00:00,64100.640625,64100.640625,64104.6484375,64095.26171875,64103.19140625,4370432
2026-07-24 17:46:00+00:00,64103.9609375,64103.9609375,64109.4609375,64100.640625,64100.640625,1716224
2026-07-24 17:47:00+00:00,64068.91015625,64068.91015625,64103.9609375,64068.8984375,64103.9609375,0
2026-07-24 17:48:00+00:00,64070.109375,64070.109375,64074.640625,64066.05078125,64073.3984375,82501632
2026-07-24 17:49:00+00:00,64082.62109375,64082.62109375,64082.62109375,64071.98828125,64071.98828125,0
2026-07-24 17:50:00+00:00,64090.1015625,64090.1015625,64102.48828125,64071.73046875,64086.23046875,0
2026-07-24 17:51:00+00:00,64070.98828125,64070.98828125,64096.5,64070.98828125,64096.5,0
2026-07-24 17:52:00+00:00,64076.71875,64076.71875,64079.37109375,64069.41015625,64071.0,0
2026-07-24 17:53:00+00:00,64098.80859375,64098.80859375,64098.80859375,64091.83984375,64094.94140625,1898496
2026-07-24 17:54:00+00:00,64082.01953125,64082.01953125,64109.12109375,64082.01953125,64098.80859375,12208128
2026-07-24 17:55:00+00:00,64101.7890625,64101.7890625,64106.55078125,64082.01953125,64082.01953125,847872
2026-07-24 17:56:00+00:00,64137.51171875,64137.51171875,64137.51171875,64106.41015625,64108.8984375,0
2026-07-24 17:57:00+00:00,64118.48046875,64118.48046875,64137.44140625,64116.16015625,64137.44140625,0
2026-07-24 17:58:00+00:00,64119.23046875,64119.23046875,64119.23046875,64101.94921875,64103.55078125,0
2026-07-24 17:59:00+00:00,64117.0703125,64117.0703125,64123.6015625,64113.30859375,64123.6015625,4440064
2026-07-24 18:00:00+00:00,64120.87890625,64120.87890625,64128.30078125,64109.140625,64110.7890625,33865728
2026-07-24 18:01:00+00:00,64110.8984375,64110.8984375,64122.12890625,64105.6015625,64122.12890625,0
2026-07-24 18:02:00+00:00,64119.91015625,64119.91015625,64120.390625,64108.12890625,64108.12890625,0
2026-07-24 18:03:00+00:00,64104.03125,64104.03125,64122.01171875,64104.03125,64122.01171875,0
2026-07-24 18:04:00+00:00,64121.62109375,64121.62109375,64121.62109375,64099.44140625,64103.69140625,0
2026-07-24 18:05:00+00:00,64136.78125,64136.78125,64136.78125,64103.6796875,64113.4296875,0
2026-07-24 18:06:00+00:00,64092.44140625,64092.44140625,64141.91015625,64086.44140625,64141.91015625,0
2026-07-24 18:07:00+00:00,64135.8984375,64135.8984375,64135.8984375,64095.078125,64095.078125,0
2026-07-24 18:08:00+00:00,64116.23828125,64116.23828125,64136.73046875,64106.76171875,64136.73046875,70713344
2026-07-24 18:09:00+00:00,64106.80859375,64106.80859375,64116.21875,64102.69140625,64102.69140625,0
2026-07-24 18:10:00+00:00,64108.12890625,64108.12890625,64109.62890625,64094.94921875,64106.7890625,2340864
2026-07-24 18:11:00+00:00,64105.46875,64105.46875,64109.421875,64105.46875,64108.12890625,0
2026-07-24 18:12:00+00:00,64108.55859375,64108.55859375,64110.25,64101.80859375,64105.96875,0
2026-07-24 18:13:00+00:00,64117.4296875,64117.4296875,64124.640625,64111.23046875,64111.23046875,4468736
2026-07-24 18:14:00+00:00,64143.0,64143.0,64147.171875,64118.19921875,64121.01953125,0
2026-07-24 18:15:00+00:00,64152.37890625,64152.37890625,64156.8203125,64137.51953125,64138.98046875,0
2026-07-24 18:16:00+00:00,64111.12109375,64111.12109375,64153.12109375,64101.96875,64153.12109375,0
2026-07-24 18:17:00+00:00,64104.46875,64104.46875,64120.05078125,64102.69140625,64115.75,0
2026-07-24 18:18:00+00:00,64087.578125,64087.578125,64104.44921875,64083.0,64104.44921875,0
2026-07-24 18:19:00+00:00,64082.140625,64082.140625,64087.69140625,64071.140625,64087.69140625,5376000
2026-07-24 18:20:00+00:00,64079.98828125,64079.98828125,64084.5,64072.16015625,64072.98046875,0
2026-07-24 18:21:00+00:00,64077.0,64077.0,64078.25,64069.71875,64076.98046875,0
2026-07-24 18:22:00+00:00,64091.078125,64091.078125,64099.0,64081.19921875,64081.19921875,0
2026-07-24 18:23:00+00:00,64101.48828125,64101.48828125,64101.5,64091.078125,64100.2890625,0
2026-07-24 18:24:00+00:00,64101.69140625,64101.69140625,64106.5390625,64096.890625,64101.48828125,66416640
2026-07-24 18:25:00+00:00,64106.8515625,64106.8515625,64111.0,64100.4296875,64100.4296875,188416
2026-07-24 18:26:00+00:00,64097.78125,64097.78125,64099.98828125,64087.98828125,64087.98828125,628736
2026-07-24 18:27:00+00:00,64083.46875,64083.46875,64094.421875,64083.23046875,64088.0,0
2026-07-24 18:28:00+00:00,64073.05859375,64073.05859375,64079.46875,64073.05859375,64079.4609375,82513920
2026-07-24 18:29:00+00:00,64091.05859375,64091.05859375,64091.05859375,64072.0,64072.0,835584
2026-07-24 18:30:00+00:00,64099.53125,64099.53125,64106.23046875,64093.0,64093.0,0
2026-07-24 18:31:00+00:00,64105.671875,64105.671875,64113.640625,64099.5390625,64099.5390625,0
2026-07-24 18:32:00+00:00,64122.359375,64122.359375,64132.0,64106.96875,64106.96875,0
2026-07-24 18:33:00+00:00,64107.5,64107.5,64130.6484375,64106.51953125,64122.359375,0
2026-07-24 18:34:00+00:00,64093.98828125,64093.98828125,64107.5,64083.359375,64107.5,2471936
2026-07-24 18:35:00+00:00,64086.8203125,64086.8203125,64088.28125,64079.4609375,64086.23046875,0
2026-07-24 18:36:00+00:00,64080.87890625,64080.87890625,64110.5,64079.46875,64097.80078125,0
2026-07-24 18:37:00+00:00,64085.98046875,64085.98046875,64094.08984375,64080.87890625,64080.87890625,0
2026-07-24 18:38:00+00:00,64109.359375,64109.359375,64109.359375,64084.71875,64085.98046875,0
2026-07-24 18:39:00+00:00,64101.44140625,64101.44140625,64111.01953125,64085.5390625,64102.48828125,9422848
2026-07-24 18:40:00+00:00,64087.9296875,64087.9296875,64104.828125,64087.2109375,64104.828125,0
2026-07-24 18:41:00+00:00,64071.8984375,64071.8984375,64091.55078125,64069.94921875,64087.9296875,747520
2026-07-24 18:42:00+00:00,64085.80078125,64085.80078125,64085.80078125,64066.328125,64066.328125,0
2026-07-24 18:43:00+00:00,64096.26953125,64096.26953125,64096.28125,64071.87109375,64085.80078125,0
2026-07-24 18:44:00+00:00,64113.80078125,64113.80078125,64118.078125,64093.83984375,64093.83984375,2152448
2026-07-24 18:45:00+00:00,64120.26171875,64120.26171875,64126.6796875,64107.48828125,64107.48828125,9523200
2026-07-24 18:46:00+00:00,64139.58984375,64139.58984375,64139.58984375,64120.26171875,64136.8984375,315392
2026-07-24 18:47:00+00:00,64164.6015625,64164.6015625,64170.05859375,64139.6015625,64139.6015625,0
2026-07-24 18:48:00+00:00,64170.98046875,64170.98046875,64178.98828125,64164.98828125,64167.3515625,0
2026-07-24 18:49:00+00:00,64181.21875,64181.21875,64182.2109375,64176.12890625,64176.12890625,847872
2026-07-24 18:50:00+00:00,64165.80078125,64165.80078125,64181.21875,64163.98828125,64181.21875,0
2026-07-24 18:51:00+00:00,64190.640625,64190.640625,64191.69140625,64165.80859375,64165.80859375,0
2026-07-24 18:52:00+00:00,64231.0,64231.0,64231.0,64213.1484375,64213.1484375,0
2026-07-24 18:53:00+00:00,64229.76171875,64229.76171875,64236.98046875,64213.6015625,64230.76171875,2117632
2026-07-24 18:54:00+00:00,64222.41015625,64222.41015625,64226.01953125,64218.78125,64226.01953125,0
2026-07-24 18:55:00+00:00,64217.78125,64217.78125,64217.78125,64196.0703125,64198.87890625,806912
2026-07-24 18:56:00+00:00,64219.98828125,64219.98828125,64220.0,64209.16015625,64218.76953125,681984
2026-07-24 18:57:00+00:00,64219.2109375,64219.2109375,64228.12109375,64215.41015625,64215.41015625,0
2026-07-24 18:58:00+00:00,64210.01171875,64210.01171875,64223.2109375,64199.25,64223.2109375,8671232
2026-07-24 18:59:00+00:00,64210.91015625,64210.91015625,64212.98046875,64203.8515625,64203.8515625,0
2026-07-24 19:00:00+00:00,64208.01953125,64208.01953125,64222.640625,64174.0390625,64222.640625,90105856
2026-07-24 19:01:00+00:00,64200.921875,64200.921875,64236.1796875,64200.921875,64209.671875,3418112
2026-07-24 19:02:00+00:00,64173.94140625,64173.94140625,64206.609375,64170.859375,64200.921875,0
2026-07-24 19:03:00+00:00,64162.1796875,64162.1796875,64173.94140625,64149.73046875,64173.94140625,0
2026-07-24 19:04:00+00:00,64161.48828125,64161.48828125,64178.33984375,64161.48828125,64166.0390625,9693184
2026-07-24 19:05:00+00:00,64159.41015625,64159.41015625,64169.62890625,64136.91015625,64136.91015625,0
2026-07-24 19:06:00+00:00,64139.8984375,64139.8984375,64162.8984375,64139.8984375,64160.140625,0
2026-07-24 19:07:00+00:00,64096.66015625,64096.66015625,64139.8984375,64096.66015625,64139.8984375,0
2026-07-24 19:08:00+00:00,64099.359375,64099.359375,64115.6484375,64099.359375,64099.859375,8030208
2026-07-24 19:09:00+00:00,64092.5390625,64092.5390625,64108.94921875,64085.80078125,64096.48046875,0
2026-07-24 19:10:00+00:00,64093.58984375,64093.58984375,64096.21875,64082.87890625,64093.98828125,0
2026-07-24 19:11:00+00:00,64097.80078125,64097.80078125,64097.80859375,64081.73828125,64089.859375,0
2026-07-24 19:12:00+00:00,64105.640625,64105.640625,64124.98828125,64098.80078125,64098.80078125,0
2026-07-24 19:13:00+00:00,64099.23828125,64099.23828125,64112.98828125,64099.23828125,64100.01171875,1800192
2026-07-24 19:14:00+00:00,64086.140625,64086.140625,64104.01171875,64082.44921875,64099.23046875,1282048
2026-07-24 19:15:00+00:00,64118.80859375,64118.80859375,64118.80859375,64085.80859375,64087.98046875,15247360
2026-07-24 19:16:00+00:00,64104.9609375,64104.9609375,64118.80078125,64102.08984375,64118.80078125,0
2026-07-24 19:17:00+00:00,64136.8515625,64136.8515625,64144.08984375,64104.96875,64104.96875,0
2026-07-24 19:18:00+00:00,64118.16015625,64118.16015625,64140.05078125,64118.16015625,64136.859375,0
2026-07-24 19:19:00+00:00,64130.9609375,64130.9609375,64137.5,64120.58984375,64120.58984375,0
2026-07-24 19:20:00+00:00,64147.51953125,64147.51953125,64147.51953125,64125.7890625,64126.94921875,0
2026-07-24 19:21:00+00:00,64146.58984375,64146.58984375,64147.51953125,64141.1015625,64147.51953125,93034496
2026-07-24 19:22:00+00:00,64150.98828125,64150.98828125,64158.28125,64143.8515625,64143.8515625,0
2026-07-24 19:23:00+00:00,64144.3203125,64144.3203125,64150.98046875,64141.1015625,64150.98046875,0
2026-07-24 19:24:00+00:00,64133.80078125,64133.80078125,64141.6015625,64109.4609375,64141.6015625,0
2026-07-24 19:25:00+00:00,64130.01171875,64130.01171875,64136.4296875,64123.58984375,64135.390625,0
2026-07-24 19:26:00+00:00,64133.62890625,64133.62890625,64135.2890625,64129.05859375,64132.51171875,0
2026-07-24 19:27:00+00:00,64139.91015625,64139.91015625,64141.19921875,64133.12890625,64138.921875,0
2026-07-24 19:28:00+00:00,64145.5,64145.5,64145.5,64135.98828125,64137.98828125,5474304
2026-07-24 19:29:00+00:00,64149.12109375,64149.12109375,64157.23828125,64147.0703125,64151.1796875,0
2026-07-24 19:30:00+00:00,64144.30078125,64144.30078125,64153.5,64135.94140625,64139.359375,798851072
2026-07-24 19:31:00+00:00,64149.01953125,64149.01953125,64159.671875,64135.51953125,64135.51953125,0
2026-07-24 19:32:00+00:00,64167.19140625,64167.19140625,64167.19921875,64143.48046875,64150.078125,0
2026-07-24 19:33:00+00:00,64161.9609375,64161.9609375,64180.80859375,64160.37890625,64167.19921875,0
2026-07-24 19:34:00+00:00,64165.3515625,64165.3515625,64170.6484375,64161.640625,64161.640625,1320960
2026-07-24 19:35:00+00:00,64170.0,64170.0,64181.23828125,64162.359375,64165.33984375,0
2026-07-24 19:36:00+00:00,64151.01171875,64151.01171875,64172.98046875,64146.80078125,64164.87890625,0
2026-07-24 19:37:00+00:00,64200.01953125,64200.01953125,64204.75,64153.30859375,64153.30859375,0
2026-07-24 19:38:00+00:00,64196.25,64196.25,64200.01953125,64180.08984375,64200.01953125,0
2026-07-24 19:39:00+00:00,64197.48828125,64197.48828125,64216.71875,64191.46875,64200.21875,0
2026-07-24 19:40:00+00:00,64189.828125,64189.828125,64199.421875,64184.76171875,64189.76171875,2615296
2026-07-24 19:41:00+00:00,64182.890625,64182.890625,64189.109375,64175.69921875,64188.30859375,0
2026-07-24 19:42:00+00:00,64186.7109375,64186.7109375,64186.7109375,64175.48828125,64182.890625,0
2026-07-24 19:43:00+00:00,64185.96875,64185.96875,64185.96875,64172.76953125,64183.0703125,129572864
2026-07-24 19:44:00+00:00,64196.80078125,64196.80078125,64196.80859375,64186.7109375,64186.7109375,0
2026-07-24 19:45:00+00:00,64183.96875,64183.96875,64207.171875,64183.9609375,64201.51171875,0
2026-07-24 19:46:00+00:00,64167.26953125,64167.26953125,64180.08984375,64164.6015625,64180.08984375,0
2026-07-24 19:47:00+00:00,64161.328125,64161.328125,64177.98828125,64150.05859375,64176.2109375,0
2026-07-24 19:48:00+00:00,64144.6484375,64144.6484375,64161.33984375,64139.87109375,64161.33984375,0
2026-07-24 19:49:00+00:00,64156.859375,64156.859375,64156.859375,64139.109375,64144.6484375,325632
2026-07-24 19:50:00+00:00,64159.58984375,64159.58984375,64170.73046875,64139.171875,64170.73046875,0
2026-07-24 19:51:00+00:00,64154.3984375,64154.3984375,64162.171875,64146.7890625,64157.078125,0
2026-07-24 19:52:00+00:00,64144.03125,64144.03125,64154.41015625,64144.03125,64154.3984375,0
2026-07-24 19:53:00+00:00,64162.33984375,64162.33984375,64174.58984375,64144.03125,64144.03125,0
2026-07-24 19:54:00+00:00,64157.05859375,64157.05859375,64161.98828125,64142.3203125,64153.0,0
2026-07-24 19:55:00+00:00,64137.51953125,64137.51953125,64149.19921875,64133.6484375,64133.6484375,0
2026-07-24 19:56:00+00:00,64136.01953125,64136.01953125,64145.16015625,64116.87890625,64137.51953125,16488448
2026-07-24 19:57:00+00:00,64130.51953125,64130.51953125,64141.140625,64114.2890625,64131.37109375,0
2026-07-24 19:58:00+00:00,64145.03125,64145.03125,64152.98828125,64127.37890625,64130.53125,4689920
2026-07-24 19:59:00+00:00,64161.76171875,64161.76171875,64171.0,64149.98046875,64161.23828125,0
2026-07-24 20:00:00+00:00,64179.41015625,64179.41015625,64179.41015625,64153.390625,64170.171875,0
2026-07-24 20:01:00+00:00,64208.80078125,64208.80078125,64223.73046875,64182.37109375,64182.37109375,2183168
2026-07-24 20:02:00+00:00,64181.62109375,64181.62109375,64214.3203125,64176.62890625,64207.171875,0
2026-07-24 20:03:00+00:00,64207.51171875,64207.51171875,64212.41015625,64181.609375,64181.609375,0
2026-07-24 20:04:00+00:00,64175.44921875,64175.44921875,64203.30859375,64173.01171875,64203.30859375,0
2026-07-24 20:05:00+00:00,64131.05078125,64131.05078125,64175.44921875,64131.05078125,64175.44921875,0
2026-07-24 20:06:00+00:00,64145.640625,64145.640625,64146.921875,64134.01953125,64137.1484375,169521152
2026-07-24 20:07:00+00:00,64141.83984375,64141.83984375,64157.9609375,64136.30859375,64145.640625,0
2026-07-24 20:08:00+00:00,64139.01953125,64139.01953125,64141.828125,64134.6015625,64139.359375,0
2026-07-24 20:09:00+00:00,64139.26953125,64139.26953125,64141.83984375,64130.58984375,64139.01953125,0
2026-07-24 20:10:00+00:00,64135.98828125,64135.98828125,64137.640625,64132.8203125,64137.640625,0
2026-07-24 20:11:00+00:00,64147.28125,64147.28125,64147.2890625,64136.19921875,64136.19921875,0
2026-07-24 20:12:00+00:00,64147.30078125,64147.30078125,64147.30078125,64147.28125,64147.28125,0
2026-07-24 20:13:00+00:00,64151.890625,64151.890625,64151.8984375,64151.16015625,64151.890625,0
2026-07-24 20:14:00+00:00,64151.01171875,64151.01171875,64151.8984375,64144.19921875,64151.8984375,694272
2026-07-24 20:15:00+00:00,64160.51953125,64160.51953125,64160.51953125,64149.7109375,64149.7109375,0
2026-07-24 20:16:00+00:00,64162.6796875,64162.6796875,64163.98828125,64159.23046875,64160.53125,0
2026-07-24 20:17:00+00:00,64146.51953125,64146.51953125,64159.51953125,64145.26953125,64159.51953125,0
2026-07-24 20:18:00+00:00,64159.01171875,64159.01171875,64159.01171875,64148.80078125,64148.80078125,76720128
2026-07-24 20:19:00+00:00,64141.26953125,64141.26953125,64160.08984375,64137.51171875,64160.08984375,0
2026-07-24 20:20:00+00:00,64147.98046875,64147.98046875,64156.62109375,64143.30859375,64143.30859375,0
2026-07-24 20:21:00+00:00,64151.51171875,64151.51171875,64151.51171875,64147.96875,64147.96875,0
2026-07-24 20:22:00+00:00,64178.578125,64178.578125,64178.578125,64150.2109375,64150.2109375,0
2026-07-24 20:23:00+00:00,64178.421875,64178.421875,64181.55859375,64172.33984375,64181.55859375,0
2026-07-24 20:24:00+00:00,64191.6796875,64191.6796875,64200.48828125,64187.8203125,64187.8203125,0
2026-07-24 20:25:00+00:00,64201.19921875,64201.19921875,64201.19921875,64192.48828125,64196.05859375,0
2026-07-24 20:26:00+00:00,64204.8203125,64204.8203125,64204.8203125,64201.19921875,64201.2109375,0
2026-07-24 20:27:00+00:00,64200.37109375,64200.37109375,64204.80859375,64185.08984375,64204.80859375,0
2026-07-24 20:28:00+00:00,64186.359375,64186.359375,64204.48828125,64186.359375,64201.30078125,0
2026-07-24 20:29:00+00:00,64178.48828125,64178.48828125,64187.609375,64178.48828125,64186.37109375,0
2026-07-24 20:30:00+00:00,64152.19921875,64152.19921875,64174.71875,64151.41015625,64174.71875,0
2026-07-24 20:31:00+00:00,64134.80078125,64134.80078125,64151.69921875,64134.7890625,64150.921875,0
2026-07-24 20:32:00+00:00,64138.5703125,64138.5703125,64147.171875,64136.3984375,64136.3984375,0
2026-07-24 20:33:00+00:00,64147.83984375,64147.83984375,64148.94921875,64138.578125,64138.578125,0
2026-07-24 20:34:00+00:00,64142.21875,64142.21875,64147.83984375,64141.73046875,64147.828125,0
2026-07-24 20:35:00+00:00,64144.80859375,64144.80859375,64144.80859375,64139.73828125,64142.21875,0
2026-07-24 20:36:00+00:00,64148.9609375,64148.9609375,64148.9609375,64141.1484375,64144.80859375,0
2026-07-24 20:37:00+00:00,64139.08984375,64139.08984375,64142.73828125,64139.08984375,64141.1484375,0
2026-07-24 20:38:00+00:00,64098.23046875,64098.23046875,64142.69140625,64093.19140625,64139.08984375,0
2026-07-24 20:39:00+00:00,64145.0390625,64145.0390625,64145.0390625,64075.6015625,64092.08984375,0
2026-07-24 20:40:00+00:00,64143.30078125,64143.30078125,64150.80859375,64143.30078125,64145.03125,0
2026-07-24 20:41:00+00:00,64114.76171875,64114.76171875,64143.30859375,64114.76171875,64143.30859375,3622912
2026-07-24 20:42:00+00:00,64106.1015625,64106.1015625,64107.37890625,64102.6796875,64102.6796875,0
2026-07-24 20:43:00+00:00,64110.41015625,64110.41015625,64110.41015625,64106.08984375,64106.08984375,73142272
2026-07-24 20:44:00+00:00,64116.26171875,64116.26171875,64121.1796875,64110.41015625,64110.41015625,3909632
2026-07-24 20:45:00+00:00,64120.6015625,64120.6015625,64127.578125,64113.7109375,64113.7109375,11937792
2026-07-24 20:46:00+00:00,64127.578125,64127.578125,64127.578125,64116.828125,64116.828125,4745216
2026-07-24 20:47:00+00:00,64087.51171875,64087.51171875,64127.55859375,64087.51171875,64127.55859375,0
2026-07-24 20:48:00+00:00,64088.48046875,64088.48046875,64088.48046875,64071.71875,64081.1015625,154757120
2026-07-24 20:49:00+00:00,64088.48828125,64088.48828125,64088.48828125,64071.73046875,64081.8984375,19163136
2026-07-24 20:50:00+00:00,64088.48828125,64088.48828125,64088.5,64088.48046875,64088.48046875,2193408
2026-07-24 20:51:00+00:00,64088.5,64088.5,64088.5,64080.87109375,64080.87109375,11032576
2026-07-24 20:52:00+00:00,64087.2109375,64087.2109375,64088.5,64087.2109375,64088.48828125,0
2026-07-24 20:53:00+00:00,64096.96875,64096.96875,64096.96875,64088.48828125,64088.5,3420160
2026-07-24 20:54:00+00:00,64109.140625,64109.140625,64110.37890625,64096.1796875,64096.9609375,0
2026-07-24 20:55:00+00:00,64102.7109375,64102.7109375,64103.37109375,64098.8203125,64103.37109375,0
2026-07-24 20:56:00+00:00,64108.48828125,64108.48828125,64108.48828125,64102.69921875,64102.7109375,3293184
2026-07-24 20:57:00+00:00,64109.69140625,64109.69140625,64109.69921875,64108.55859375,64108.55859375,0
2026-07-24 20:58:00+00:00,64127.03125,64127.03125,64132.19140625,64109.69140625,64109.69140625,0
2026-07-24 20:59:00+00:00,64102.6015625,64102.6015625,64102.6015625,64100.44140625,64100.44140625,0
2026-07-24 21:00:00+00:00,64094.94921875,64094.94921875,64104.0390625,64094.94921875,64103.98828125,0
2026-07-24 21:01:00+00:00,64095.87109375,64095.87109375,64096.171875,64094.94921875,64094.94921875,0
2026-07-24 21:02:00+00:00,64145.26171875,64145.26171875,64157.25,64112.921875,64112.921875,0
2026-07-24 21:03:00+00:00,64124.0390625,64124.0390625,64153.76953125,64123.48828125,64153.76953125,9859072
2026-07-24 21:04:00+00:00,64129.78125,64129.78125,64140.9609375,64129.78125,64138.390625,0
2026-07-24 21:05:00+00:00,64128.55859375,64128.55859375,64128.5703125,64124.9609375,64124.9609375,0
2026-07-24 21:06:00+00:00,64106.55078125,64106.55078125,64123.4296875,64106.55078125,64123.4296875,5085184
2026-07-24 21:07:00+00:00,64092.8984375,64092.8984375,64103.890625,64092.8984375,64103.890625,0
2026-07-24 21:08:00+00:00,64110.51953125,64110.51953125,64110.51953125,64087.2109375,64092.91015625,0
2026-07-24 21:09:00+00:00,64115.46875,64115.46875,64117.23828125,64109.7890625,64111.62890625,0
2026-07-24 21:10:00+00:00,64092.359375,64092.359375,64115.46875,64091.078125,64115.46875,55296
2026-07-24 21:11:00+00:00,64093.48828125,64093.48828125,64093.5,64089.0,64091.3515625,0
2026-07-24 21:12:00+00:00,64090.6015625,64090.6015625,64093.5,64090.6015625,64093.5,0
2026-07-24 21:13:00+00:00,64075.21875,64075.21875,64091.2890625,64069.48828125,64090.6015625,30980096
2026-07-24 21:14:00+00:00,64089.4609375,64089.4609375,64089.4609375,64075.6015625,64075.6015625,61882368
2026-07-24 21:15:00+00:00,64088.21875,64088.21875,64089.4609375,64083.48046875,64089.4609375,0
2026-07-24 21:16:00+00:00,64100.171875,64100.171875,64100.171875,64088.21875,64088.21875,3606528
2026-07-24 21:17:00+00:00,64102.26171875,64102.26171875,64102.26171875,64102.25,64102.25,0
2026-07-24 21:18:00+00:00,64103.828125,64103.828125,64110.80078125,64102.26171875,64102.26171875,0
2026-07-24 21:19:00+00:00,64090.62890625,64090.62890625,64103.828125,64090.62890625,64103.828125,0
2026-07-24 21:20:00+00:00,64090.078125,64090.078125,64096.1796875,64090.0703125,64090.078125,557056
2026-07-24 21:21:00+00:00,64092.5,64092.5,64096.48046875,64092.5,64094.37109375,6617088
2026-07-24 21:22:00+00:00,64098.671875,64098.671875,64099.69921875,64094.109375,64094.109375,0
2026-07-24 21:23:00+00:00,64098.91015625,64098.91015625,64098.91015625,64098.671875,64098.671875,0
2026-07-24 21:24:00+00:00,64104.01953125,64104.01953125,64104.01953125,64091.98828125,64098.91015625,7948288
2026-07-24 21:25:00+00:00,64118.01171875,64118.01171875,64118.01171875,64110.890625,64110.890625,0
2026-07-24 21:26:00+00:00,64120.69921875,64120.69921875,64120.69921875,64118.01171875,64118.01171875,0
2026-07-24 21:27:00+00:00,64108.171875,64108.171875,64119.41015625,64108.171875,64119.41015625,0
2026-07-24 21:28:00+00:00,64094.94921875,64094.94921875,64108.171875,64094.94140625,64108.171875,12611584
2026-07-24 21:29:00+00:00,64093.9609375,64093.9609375,64095.578125,64093.9609375,64094.94921875,11651072
2026-07-24 21:30:00+00:00,64127.109375,64127.109375,64127.109375,64112.98046875,64112.98046875,37457920
2026-07-24 21:31:00+00:00,64145.01953125,64145.01953125,64145.01953125,64127.1015625,64127.109375,0
2026-07-24 21:32:00+00:00,64132.19921875,64132.19921875,64145.01953125,64132.19140625,64145.01953125,0
2026-07-24 21:33:00+00:00,64132.19140625,64132.19140625,64137.76953125,64132.19140625,64132.19140625,247808
2026-07-24 21:34:00+00:00,64110.44140625,64110.44140625,64132.19921875,64110.421875,64132.19921875,21475328
2026-07-24 21:35:00+00:00,64116.828125,64116.828125,64116.83984375,64113.109375,64114.05078125,2537472
2026-07-24 21:36:00+00:00,64116.6796875,64116.6796875,64116.83984375,64116.6796875,64116.83984375,3256320
2026-07-24 21:37:00+00:00,64118.921875,64118.921875,64118.921875,64116.6796875,64116.6796875,0
2026-07-24 21:38:00+00:00,64106.55859375,64106.55859375,64120.78125,64106.55078125,64120.1015625,7483392
2026-07-24 21:39:00+00:00,64102.6796875,64102.6796875,64106.55859375,64102.6796875,64106.55078125,1353728
2026-07-24 21:40:00+00:00,64109.1015625,64109.1015625,64109.1015625,64094.0,64106.55859375,60434432
2026-07-24 21:41:00+00:00,64093.51171875,64093.51171875,64098.01953125,64093.51171875,64098.01953125,4302848
2026-07-24 21:42:00+00:00,64099.94921875,64099.94921875,64102.2890625,64093.51171875,64093.51171875,0
2026-07-24 21:43:00+00:00,64101.41015625,64101.41015625,64101.41015625,64079.4609375,64101.23046875,7864320
2026-07-24 21:44:00+00:00,64103.671875,64103.671875,64110.1484375,64078.51953125,64110.140625,1333248
2026-07-24 21:45:00+00:00,64082.3984375,64082.3984375,64095.078125,64082.3984375,64095.078125,940032
2026-07-24 21:46:00+00:00,64087.48828125,64087.48828125,64090.51953125,64075.8515625,64080.671875,1714176
2026-07-24 21:47:00+00:00,64075.859375,64075.859375,64085.2109375,64075.8515625,64085.2109375,0
2026-07-24 21:48:00+00:00,64096.80859375,64096.80859375,64110.03125,64075.8515625,64075.8515625,0
2026-07-24 21:49:00+00:00,64117.578125,64117.578125,64121.5703125,64102.6796875,64121.5703125,21417984
2026-07-24 21:50:00+00:00,64106.55859375,64106.55859375,64117.578125,64106.55859375,64117.5703125,0
2026-07-24 21:51:00+00:00,64074.16015625,64074.16015625,64107.12890625,64074.16015625,64106.41015625,0
2026-07-24 21:52:00+00:00,64075.6015625,64075.6015625,64089.69140625,64075.58984375,64089.69140625,0
2026-07-24 21:53:00+00:00,64077.7890625,64077.7890625,64079.08984375,64075.58984375,64075.58984375,0
2026-07-24 21:54:00+00:00,64087.44921875,64087.44921875,64087.4609375,64086.76171875,64086.76171875,19429376
2026-07-24 21:55:00+00:00,64083.98046875,64083.98046875,64083.98046875,64083.05078125,64083.05078125,163383296
2026-07-24 21:56:00+00:00,64068.9609375,64068.9609375,64085.26171875,64068.9609375,64085.25,260096
2026-07-24 21:57:00+00:00,64068.69140625,64068.69140625,64075.8984375,64064.91015625,64075.8984375,0
2026-07-24 21:58:00+00:00,64075.9609375,64075.9609375,64075.9609375,64063.98046875,64068.6796875,1980416
2026-07-24 21:59:00+00:00,64087.30078125,64087.30078125,64087.30078125,64065.71875,64068.859375,0
2026-07-24 22:00:00+00:00,64080.0,64080.0,64088.08984375,64076.5390625,64088.08984375,15572992
2026-07-24 22:01:00+00:00,64064.859375,64064.859375,64078.23046875,64064.859375,64078.23046875,524288
2026-07-24 22:02:00+00:00,64081.390625,64081.390625,64081.3984375,64068.51171875,64068.51171875,0
2026-07-24 22:03:00+00:00,64078.48046875,64078.48046875,64081.3984375,64075.48828125,64081.3984375,0
2026-07-24 22:04:00+00:00,64077.62109375,64077.62109375,64077.62890625,64076.33984375,64076.3515625,0
2026-07-24 22:05:00+00:00,64076.05859375,64076.05859375,64077.62109375,64074.8984375,64077.62109375,0
2026-07-24 22:06:00+00:00,64076.05859375,64076.05859375,64076.05859375,64076.05078125,64076.05859375,7768064
2026-07-24 22:07:00+00:00,64083.3203125,64083.3203125,64096.08984375,64076.05078125,64076.05078125,0
2026-07-24 22:08:00+00:00,64079.46875,64079.46875,64096.48046875,64079.46875,64083.328125,0
2026-07-24 22:09:00+00:00,64089.0703125,64089.0703125,64089.0703125,64074.6484375,64079.4609375,0
2026-07-24 22:10:00+00:00,64110.62890625,64110.62890625,64110.62890625,64089.05859375,64089.05859375,0
2026-07-24 22:11:00+00:00,64108.91015625,64108.91015625,64110.62890625,64102.69140625,64110.62890625,0
2026-07-24 22:12:00+00:00,64103.73046875,64103.73046875,64108.921875,64100.578125,64108.91015625,0
2026-07-24 22:13:00+00:00,64083.328125,64083.328125,64094.2109375,64083.328125,64094.19921875,0
2026-07-24 22:14:00+00:00,64089.421875,64089.421875,64089.4609375,64077.05859375,64083.328125,0
2026-07-24 22:15:00+00:00,64081.98046875,64081.98046875,64088.3984375,64079.46875,64088.3984375,128212992
2026-07-24 22:16:00+00:00,64100.1015625,64100.1015625,64100.1015625,64081.96875,64081.98046875,0
2026-07-24 22:17:00+00:00,64094.73828125,64094.73828125,64099.9609375,64094.73828125,64099.9609375,0
2026-07-24 22:18:00+00:00,64099.08984375,64099.08984375,64099.9609375,64098.66015625,64099.9609375,0
2026-07-24 22:19:00+00:00,64109.05859375,64109.05859375,64109.05859375,64099.08984375,64099.08984375,0
2026-07-24 22:20:00+00:00,64100.0,64100.0,64102.69140625,64095.46875,64102.69140625,0
2026-07-24 22:21:00+00:00,64101.921875,64101.921875,64101.921875,64100.2890625,64100.7109375,0
2026-07-24 22:22:00+00:00,64091.0703125,64091.0703125,64101.921875,64091.0703125,64101.921875,0
2026-07-24 22:23:00+00:00,64097.7890625,64097.7890625,64101.1484375,64097.7890625,64101.1484375,0
2026-07-24 22:24:00+00:00,64110.3984375,64110.3984375,64110.3984375,64084.328125,64097.80078125,0
2026-07-24 22:25:00+00:00,64093.37109375,64093.37109375,64105.71875,64091.078125,64105.71875,0
2026-07-24 22:26:00+00:00,64093.3984375,64093.3984375,64093.3984375,64091.0703125,64093.359375,0
2026-07-24 22:27:00+00:00,64097.4609375,64097.4609375,64097.46875,64096.26953125,64096.26953125,0
2026-07-24 22:28:00+00:00,64097.4609375,64097.4609375,64097.46875,64097.4609375,64097.4609375,0
2026-07-24 22:29:00+00:00,64106.2890625,64106.2890625,64106.30078125,64103.87109375,64103.87109375,0
2026-07-24 22:30:00+00:00,64112.0,64112.0,64113.8203125,64108.01953125,64110.28125,38346752
2026-07-24 22:31:00+00:00,64121.6015625,64121.6015625,64121.6015625,64112.890625,64112.8984375,0
2026-07-24 22:32:00+00:00,64128.0,64128.0,64128.0,64118.171875,64121.6015625,0
2026-07-24 22:33:00+00:00,64137.5,64137.5,64147.76953125,64127.1484375,64128.0,7528448
2026-07-24 22:34:00+00:00,64125.91015625,64125.91015625,64134.421875,64125.91015625,64134.421875,0
2026-07-24 22:35:00+00:00,64126.3984375,64126.3984375,64133.9296875,64125.94140625,64125.94140625,2541568
2026-07-24 22:36:00+00:00,64133.37890625,64133.37890625,64133.37890625,64122.0,64122.0,184854528
2026-07-24 22:37:00+00:00,64133.9296875,64133.9296875,64133.94140625,64127.640625,64133.390625,0
2026-07-24 22:38:00+00:00,64132.48828125,64132.48828125,64133.94140625,64132.48828125,64133.9296875,33816576
2026-07-24 22:39:00+00:00,64122.171875,64122.171875,64133.9296875,64122.171875,64133.9296875,0
2026-07-24 22:40:00+00:00,64147.1484375,64147.1484375,64151.66015625,64127.8203125,64127.94921875,0
2026-07-24 22:41:00+00:00,64149.94921875,64149.94921875,64151.21875,64149.2109375,64149.2109375,0
2026-07-24 22:42:00+00:00,64151.6484375,64151.6484375,64151.6484375,64149.94921875,64149.94921875,0
2026-07-24 22:43:00+00:00,64142.8203125,64142.8203125,64151.66015625,64139.94921875,64151.6484375,0
2026-07-24 22:44:00+00:00,64112.0,64112.0,64142.8203125,64112.0,64142.80859375,9031680
2026-07-24 22:45:00+00:00,64126.94921875,64126.94921875,64126.9609375,64120.5390625,64120.5390625,0
2026-07-24 22:46:00+00:00,64126.94140625,64126.94140625,64126.94921875,64126.921875,64126.94921875,0
2026-07-24 22:47:00+00:00,64105.87890625,64105.87890625,64126.94140625,64102.6796875,64126.94140625,0
2026-07-24 22:48:00+00:00,64113.21875,64113.21875,64113.21875,64106.30859375,64106.30859375,7792640
2026-07-24 22:49:00+00:00,64120.421875,64120.421875,64125.0,64102.69140625,64113.23046875,2185216
2026-07-24 22:50:00+00:00,64106.671875,64106.671875,64120.41015625,64106.671875,64120.41015625,0
2026-07-24 22:51:00+00:00,64109.98828125,64109.98828125,64110.0,64104.30078125,64106.6796875,0
2026-07-24 22:52:00+00:00,64108.71875,64108.71875,64110.0,64108.71875,64110.0,0
2026-07-24 22:53:00+00:00,64107.890625,64107.890625,64110.78125,64106.28125,64108.71875,28145664
2026-07-24 22:54:00+00:00,64107.078125,64107.078125,64107.890625,64104.30078125,64106.6015625,0
2026-07-24 22:55:00+00:00,64110.8984375,64110.8984375,64112.73828125,64107.078125,64107.078125,690176
2026-07-24 22:56:00+00:00,64113.08984375,64113.08984375,64113.08984375,64110.62890625,64110.8984375,0
2026-07-24 22:57:00+00:00,64113.078125,64113.078125,64113.08984375,64113.078125,64113.078125,0
2026-07-24 22:58:00+00:00,64104.30078125,64104.30078125,64113.078125,64104.30078125,64113.078125,139782144
2026-07-24 22:59:00+00:00,64100.51953125,64100.51953125,64104.30078125,64099.23046875,64104.30078125,0
2026-07-24 23:00:00+00:00,64100.51953125,64100.51953125,64100.51953125,64100.51171875,64100.51953125,0
2026-07-24 23:01:00+00:00,64094.94921875,64094.94921875,64100.51953125,64094.94140625,64100.51953125,0
2026-07-24 23:02:00+00:00,64107.73046875,64107.73046875,64107.73046875,64087.19921875,64094.94921875,0
2026-07-24 23:03:00+00:00,64107.75,64107.75,64107.76171875,64107.73046875,64107.73046875,0
2026-07-24 23:04:00+00:00,64100.0,64100.0,64116.828125,64100.0,64107.75,0
2026-07-24 23:05:00+00:00,64081.98046875,64081.98046875,64095.80859375,64081.98046875,64091.33984375,0
2026-07-24 23:06:00+00:00,64093.4296875,64093.4296875,64093.4296875,64081.98828125,64081.98828125,0
2026-07-24 23:07:00+00:00,64094.76953125,64094.76953125,64094.76953125,64093.4296875,64093.4296875,0
2026-07-24 23:08:00+00:00,64094.76953125,64094.76953125,64094.76953125,64094.76953125,64094.76953125,0
2026-07-24 23:09:00+00:00,64101.16015625,64101.16015625,64101.16015625,64094.76171875,64094.76953125,0
2026-07-24 23:10:00+00:00,64099.94921875,64099.94921875,64101.171875,64099.94921875,64101.16015625,0
2026-07-24 23:11:00+00:00,64096.05078125,64096.05078125,64101.171875,64096.05078125,64101.171875,0
2026-07-24 23:12:00+00:00,64092.94140625,64092.94140625,64097.37890625,64092.94140625,64096.05078125,0
2026-07-24 23:13:00+00:00,64103.0390625,64103.0390625,64103.0390625,64091.0703125,64091.0703125,0
2026-07-24 23:14:00+00:00,64094.94140625,64094.94140625,64107.578125,64094.94140625,64106.19921875,0
2026-07-24 23:15:00+00:00,64081.69140625,64081.69140625,64094.94921875,64081.69140625,64094.94140625,0
2026-07-24 23:16:00+00:00,64088.5390625,64088.5390625,64088.55078125,64081.69921875,64081.69921875,0
2026-07-24 23:17:00+00:00,64092.23046875,64092.23046875,64092.23046875,64088.55078125,64088.55078125,0
2026-07-24 23:18:00+00:00,64092.21875,64092.21875,64092.23046875,64092.21875,64092.23046875,0
2026-07-24 23:19:00+00:00,64086.55078125,64086.55078125,64092.21875,64086.5390625,64092.21875,71680
2026-07-24 23:20:00+00:00,64092.23046875,64092.23046875,64092.23046875,64082.48046875,64082.48046875,0
2026-07-24 23:21:00+00:00,64098.62109375,64098.62109375,64098.62109375,64095.3984375,64095.41015625,0
2026-07-24 23:22:00+00:00,64105.01953125,64105.01953125,64105.01953125,64102.46875,64102.46875,0
2026-07-24 23:23:00+00:00,64105.01953125,64105.01953125,64105.03125,64105.01171875,64105.01171875,0
2026-07-24 23:24:00+00:00,64114.26953125,64114.26953125,64114.26953125,64105.01953125,64105.01953125,0
2026-07-24 23:25:00+00:00,64100.51953125,64100.51953125,64108.51953125,64100.51953125,64108.51953125,0
2026-07-24 23:26:00+00:00,64103.03125,64103.03125,64103.03125,64100.12890625,64100.53125,0
2026-07-24 23:27:00+00:00,64106.94140625,64106.94140625,64106.94140625,64103.01953125,64103.01953125,0
2026-07-24 23:28:00+00:00,64113.328125,64113.328125,64113.328125,64106.9296875,64106.94140625,0
2026-07-24 23:29:00+00:00,64112.140625,64112.140625,64113.33984375,64112.140625,64113.328125,1642496
2026-07-24 23:30:00+00:00,64113.3203125,64113.3203125,64113.328125,64113.3203125,64113.328125,0
2026-07-24 23:31:00+00:00,64113.328125,64113.328125,64113.33984375,64113.3203125,64113.328125,0
2026-07-24 23:32:00+00:00,64113.33984375,64113.33984375,64113.3515625,64113.328125,64113.33984375,0
2026-07-24 23:33:00+00:00,64115.0,64115.0,64115.0,64113.33984375,64113.3515625,0
2026-07-24 23:34:00+00:00,64114.98828125,64114.98828125,64115.0,64114.98828125,64114.98828125,0
2026-07-24 23:35:00+00:00,64099.33984375,64099.33984375,64099.33984375,64092.9609375,64093.94921875,0
2026-07-24 23:36:00+00:00,64099.33984375,64099.33984375,64099.3515625,64099.33984375,64099.3515625,0
2026-07-24 23:37:00+00:00,64084.609375,64084.609375,64099.33984375,64083.328125,64099.33984375,0
2026-07-24 23:38:00+00:00,64075.6015625,64075.6015625,64084.62109375,64075.58984375,64084.609375,0
2026-07-24 23:39:00+00:00,64112.19140625,64112.19140625,64112.19140625,64075.6015625,64075.6015625,156381184
2026-07-24 23:40:00+00:00,64095.30859375,64095.30859375,64104.12109375,64095.30078125,64104.12109375,587776
2026-07-24 23:41:00+00:00,64101.30859375,64101.30859375,64101.30859375,64095.30859375,64095.30859375,0
2026-07-24 23:42:00+00:00,64101.69921875,64101.69921875,64101.7109375,64101.30078125,64101.30078125,0
2026-07-24 23:43:00+00:00,64112.9296875,64112.9296875,64112.9296875,64106.5390625,64106.5390625,0
2026-07-24 23:44:00+00:00,64116.33984375,64116.33984375,64117.80078125,64116.328125,64117.7890625,0
2026-07-24 23:45:00+00:00,64106.8203125,64106.8203125,64109.80078125,64098.8203125,64098.8203125,112773120
2026-07-24 23:46:00+00:00,64111.0,64111.0,64111.0,64109.41015625,64109.41015625,208896
2026-07-24 23:47:00+00:00,64098.80859375,64098.80859375,64112.2109375,64098.80859375,64112.2109375,0
2026-07-24 23:48:00+00:00,64099.19921875,64099.19921875,64100.48046875,64098.80859375,64098.80859375,0
2026-07-24 23:49:00+00:00,64097.94140625,64097.94140625,64099.19140625,64097.44140625,64099.19140625,229376
2026-07-24 23:50:00+00:00,64096.12109375,64096.12109375,64097.94140625,64096.12109375,64097.94140625,264192
2026-07-24 23:51:00+00:00,64097.0390625,64097.0390625,64097.94921875,64096.12109375,64096.12109375,188045312
2026-07-24 23:52:00+00:00,64096.23046875,64096.23046875,64100.46875,64096.21875,64100.46875,0
2026-07-24 23:53:00+00:00,64096.21875,64096.21875,64096.23046875,64096.21875,64096.23046875,0
2026-07-24 23:54:00+00:00,64083.8984375,64083.8984375,64091.078125,64083.8984375,64091.078125,4659200
2026-07-24 23:55:00+00:00,64092.80078125,64092.80078125,64092.80859375,64090.44921875,64090.44921875,0
2026-07-24 23:56:00+00:00,64092.80078125,64092.80078125,64092.80859375,64092.80078125,64092.80078125,0
2026-07-24 23:57:00+00:00,64093.9609375,64093.9609375,64093.96875,64090.4609375,64093.96875,0
2026-07-24 23:58:00+00:00,64096.98828125,64096.98828125,64096.98828125,64093.9609375,64093.96875,3840000
2026-07-25 00:00:00+00:00,64077.28125,64077.28125,64090.5,64077.28125,64083.30859375,0
2026-07-25 00:01:00+00:00,64097.66015625,64097.66015625,64097.671875,64075.58984375,64077.28125,0
2026-07-25 00:02:00+00:00,64080.8984375,64080.8984375,64097.66015625,64080.8984375,64097.66015625,0
2026-07-25 00:03:00+00:00,64108.37890625,64108.37890625,64114.5390625,64080.890625,64080.890625,0
2026-07-25 00:04:00+00:00,64103.62890625,64103.62890625,64108.37890625,64103.62890625,64108.37890625,0
2026-07-25 00:05:00+00:00,64110.0703125,64110.0703125,64110.078125,64107.80859375,64107.80859375,0
2026-07-25 00:06:00+00:00,64097.25,64097.25,64103.16015625,64095.98046875,64103.16015625,170575872
2026-07-25 00:07:00+00:00,64094.2109375,64094.2109375,64099.96875,64094.2109375,64099.96875,0
2026-07-25 00:08:00+00:00,64083.328125,64083.328125,64097.19921875,64083.328125,64095.8984375,0
2026-07-25 00:09:00+00:00,64079.4609375,64079.4609375,64083.33984375,64079.4609375,64083.33984375,0
2026-07-25 00:10:00+00:00,64083.87109375,64083.87109375,64083.87109375,64079.46875,64079.46875,0
2026-07-25 00:11:00+00:00,64083.87109375,64083.87109375,64085.48046875,64083.87109375,64085.46875,0
2026-07-25 00:12:00+00:00,64085.859375,64085.859375,64093.51171875,64083.87109375,64083.87109375,0
2026-07-25 00:13:00+00:00,64085.25,64085.25,64085.87109375,64085.25,64085.87109375,0
2026-07-25 00:14:00+00:00,64079.25,64079.25,64085.859375,64079.23828125,64085.26171875,0
2026-07-25 00:15:00+00:00,64085.859375,64085.859375,64085.87109375,64082.76171875,64082.76953125,0
2026-07-25 00:16:00+00:00,64085.859375,64085.859375,64085.87109375,64085.859375,64085.859375,950272
2026-07-25 00:17:00+00:00,64085.859375,64085.859375,64085.87109375,64085.859375,64085.859375,0
2026-07-25 00:18:00+00:00,64085.859375,64085.859375,64085.87109375,64084.578125,64085.87109375,0
2026-07-25 00:19:00+00:00,64077.98828125,64077.98828125,64085.859375,64077.98828125,64085.8515625,3287040
2026-07-25 00:20:00+00:00,64092.25,64092.25,64092.26171875,64090.6484375,64092.26171875,175943680
2026-07-25 00:21:00+00:00,64092.25,64092.25,64092.26171875,64092.25,64092.25,0
2026-07-25 00:22:00+00:00,64098.3203125,64098.3203125,64101.98828125,64092.25,64092.26171875,0
2026-07-25 00:23:00+00:00,64098.30078125,64098.30078125,64098.328125,64098.23046875,64098.3203125,0
2026-07-25 00:24:00+00:00,64099.73046875,64099.73046875,64099.73828125,64098.2890625,64098.30078125,13402112
2026-07-25 00:25:00+00:00,64099.73046875,64099.73046875,64099.73828125,64099.73046875,64099.73046875,0
2026-07-25 00:26:00+00:00,64103.71875,64103.71875,64103.73046875,64099.73046875,64099.73828125,2684928
2026-07-25 00:27:00+00:00,64103.71875,64103.71875,64103.73046875,64102.73828125,64103.71875,0
2026-07-25 00:28:00+00:00,64103.73046875,64103.73046875,64103.73046875,64103.71875,64103.71875,0
2026-07-25 00:29:00+00:00,64094.7109375,64094.7109375,64103.73046875,64094.7109375,64103.71875,0
2026-07-25 00:30:00+00:00,64090.96875,64090.96875,64094.69921875,64090.96875,64094.69921875,0
2026-07-25 00:31:00+00:00,64091.828125,64091.828125,64091.828125,64090.96875,64090.96875,0
2026-07-25 00:32:00+00:00,64100.05859375,64100.05859375,64101.33984375,64100.05078125,64101.3203125,0
2026-07-25 00:33:00+00:00,64101.41015625,64101.41015625,64103.71875,64100.05859375,64100.05859375,59392
2026-07-25 00:34:00+00:00,64101.8515625,64101.8515625,64104.7109375,64101.8515625,64103.73046875,0
2026-07-25 00:35:00+00:00,64088.01171875,64088.01171875,64101.859375,64088.01171875,64101.859375,0
2026-07-25 00:36:00+00:00,64093.76953125,64093.76953125,64093.76953125,64088.01171875,64088.01171875,0
2026-07-25 00:37:00+00:00,64093.80859375,64093.80859375,64093.8203125,64093.76953125,64093.76953125,0
2026-07-25 00:38:00+00:00,64098.0,64098.0,64098.0,64093.80859375,64093.80859375,0
2026-07-25 00:39:00+00:00,64093.80078125,64093.80078125,64098.0,64093.80078125,64098.0,0
2026-07-25 00:40:00+00:00,64083.51171875,64083.51171875,64093.80859375,64083.51171875,64093.80078125,0
2026-07-25 00:41:00+00:00,64077.1015625,64077.1015625,64083.51953125,64077.08984375,64083.51953125,0
2026-07-25 00:42:00+00:00,64067.98828125,64067.98828125,64081.53125,64067.98828125,64077.08984375,0
2026-07-25 00:43:00+00:00,64052.3515625,64052.3515625,64066.0,64042.859375,64050.0,0
2026-07-25 00:44:00+00:00,64040.0,64040.0,64052.359375,64039.76171875,64052.3515625,0
2026-07-25 00:45:00+00:00,64028.7109375,64028.7109375,64039.75,64024.37109375,64039.75,0
2026-07-25 00:46:00+00:00,64038.390625,64038.390625,64038.390625,64023.26171875,64023.6796875,2916352
2026-07-25 00:47:00+00:00,64037.078125,64037.078125,64037.12109375,64035.7890625,64037.12109375,0
2026-07-25 00:48:00+00:00,64031.73828125,64031.73828125,64037.08984375,64031.73828125,64037.078125,0
2026-07-25 00:49:00+00:00,64031.73828125,64031.73828125,64031.73828125,64031.73046875,64031.73828125,4952064
2026-07-25 00:50:00+00:00,64029.171875,64029.171875,64032.55859375,64029.16015625,64031.73828125,423936
2026-07-25 00:51:00+00:00,64032.73046875,64032.73046875,64033.078125,64029.171875,64029.171875,47722496
2026-07-25 00:52:00+00:00,64032.71875,64032.71875,64032.73046875,64032.71875,64032.71875,0
2026-07-25 00:53:00+00:00,64029.01171875,64029.01171875,64032.73046875,64029.01171875,64032.71875,1779712
2026-07-25 00:54:00+00:00,64027.3515625,64027.3515625,64030.4609375,64027.33984375,64029.01171875,0
2026-07-25 00:55:00+00:00,64026.671875,64026.671875,64027.33984375,64026.66015625,64027.33984375,0
2026-07-25 00:56:00+00:00,64009.8984375,64009.8984375,64026.671875,63990.12890625,64026.671875,0
2026-07-25 00:57:00+00:00,64009.8984375,64009.8984375,64009.8984375,64009.890625,64009.890625,0
2026-07-25 00:58:00+00:00,64009.8984375,64009.8984375,64009.8984375,64009.890625,64009.8984375,62986240
2026-07-25 00:59:00+00:00,64009.0,64009.0,64009.8984375,64009.0,64009.8984375,4085760
2026-07-25 01:00:00+00:00,64067.8515625,64067.8515625,64067.8515625,64009.0,64009.01171875,2588672
2026-07-25 01:01:00+00:00,64067.94921875,64067.94921875,64072.3984375,64062.6015625,64062.6015625,604160
2026-07-25 01:02:00+00:00,64085.55078125,64085.55078125,64098.80078125,64067.94140625,64067.94140625,0
2026-07-25 01:03:00+00:00,64082.390625,64082.390625,64084.0,64079.46875,64079.46875,0
2026-07-25 01:04:00+00:00,64060.12109375,64060.12109375,64082.390625,64060.12109375,64082.37890625,0
2026-07-25 01:05:00+00:00,64058.671875,64058.671875,64061.73828125,64056.23828125,64060.12109375,0
2026-07-25 01:06:00+00:00,64060.5703125,64060.5703125,64060.5703125,64056.25,64056.25,6092800
2026-07-25 01:07:00+00:00,64030.44140625,64030.44140625,64060.5703125,64030.44140625,64060.55859375,0
2026-07-25 01:08:00+00:00,64023.23828125,64023.23828125,64036.8984375,64023.23828125,64036.8984375,0
2026-07-25 01:09:00+00:00,64004.640625,64004.640625,64023.23828125,64004.1015625,64023.23828125,63373312
2026-07-25 01:10:00+00:00,63982.83984375,63982.83984375,64004.6484375,63982.83984375,64004.6484375,0
2026-07-25 01:11:00+00:00,63968.46875,63968.46875,63982.83984375,63968.46875,63982.83984375,0
2026-07-25 01:12:00+00:00,63974.98828125,63974.98828125,63974.98828125,63968.48046875,63968.48046875,0
2026-07-25 01:13:00+00:00,63953.98828125,63953.98828125,63974.98828125,63948.0,63974.98046875,0
2026-07-25 01:14:00+00:00,63958.890625,63958.890625,63962.19921875,63953.98828125,63953.98828125,0
2026-07-25 01:15:00+00:00,63971.1015625,63971.1015625,63971.1015625,63956.91015625,63958.890625,0
2026-07-25 01:16:00+00:00,63951.76171875,63951.76171875,63973.80078125,63951.76171875,63971.1015625,1951744
2026-07-25 01:17:00+00:00,63953.3515625,63953.3515625,63953.3515625,63951.75,63951.75,0
2026-07-25 01:18:00+00:00,63958.62109375,63958.62109375,63961.55078125,63953.19140625,63953.19140625,0
2026-07-25 01:19:00+00:00,63946.62109375,63946.62109375,63953.98046875,63944.01953125,63953.96875,0
2026-07-25 01:20:00+00:00,63945.48828125,63945.48828125,63949.1015625,63945.48828125,63946.609375,0
2026-07-25 01:21:00+00:00,63956.87890625,63956.87890625,63956.87890625,63942.28125,63945.48828125,0
2026-07-25 01:22:00+00:00,63956.87109375,63956.87109375,63956.87890625,63956.87109375,63956.87890625,0
2026-07-25 01:23:00+00:00,63953.51171875,63953.51171875,63956.87890625,63953.5,63956.87890625,0
2026-07-25 01:24:00+00:00,63954.0,63954.0,63956.37890625,63951.98828125,63953.51171875,0
2026-07-25 01:25:00+00:00,63961.51171875,63961.51171875,63965.8984375,63947.890625,63954.0,1699840
2026-07-25 01:26:00+00:00,63970.48828125,63970.48828125,63970.48828125,63961.51171875,63961.51171875,0
2026-07-25 01:27:00+00:00,63982.01953125,63982.01953125,63982.01953125,63959.48828125,63970.48828125,0
2026-07-25 01:28:00+00:00,64008.94921875,64008.94921875,64008.94921875,63982.41015625,63982.41015625,85837824
2026-07-25 01:29:00+00:00,63986.58984375,63986.58984375,64008.94921875,63986.58984375,64008.94921875,0
2026-07-25 01:30:00+00:00,63971.109375,63971.109375,63986.58984375,63971.109375,63986.58984375,8998912
2026-07-25 01:31:00+00:00,63977.37109375,63977.37109375,63977.37109375,63971.109375,63971.109375,2711552
2026-07-25 01:32:00+00:00,63977.859375,63977.859375,63977.87109375,63977.37109375,63977.37109375,0
2026-07-25 01:33:00+00:00,63999.0,63999.0,63999.0,63977.87109375,63977.87109375,0
2026-07-25 01:34:00+00:00,64013.62890625,64013.62890625,64013.62890625,64005.390625,64005.3984375,0
2026-07-25 01:35:00+00:00,64059.6015625,64059.6015625,64059.609375,64013.62890625,64013.62890625,0
2026-07-25 01:36:00+00:00,64042.3984375,64042.3984375,64059.6015625,64042.3984375,64059.6015625,0
2026-07-25 01:37:00+00:00,64045.19140625,64045.19140625,64049.80078125,64042.3984375,64042.3984375,0
2026-07-25 01:38:00+00:00,64046.44140625,64046.44140625,64046.44140625,64045.19140625,64045.19921875,0
2026-07-25 01:39:00+00:00,64012.01953125,64012.01953125,64049.71875,64012.01953125,64046.44140625,0
2026-07-25 01:40:00+00:00,64033.98046875,64033.98046875,64033.98046875,64006.73828125,64006.73828125,5732352
2026-07-25 01:41:00+00:00,64041.75,64041.75,64043.0390625,64035.94921875,64035.9609375,0
2026-07-25 01:42:00+00:00,64043.30859375,64043.30859375,64043.30859375,64041.73828125,64041.73828125,0
2026-07-25 01:43:00+00:00,64058.51953125,64058.51953125,64058.51953125,64041.578125,64041.578125,46342144
2026-07-25 01:44:00+00:00,64066.078125,64066.078125,64066.078125,64058.51171875,64058.51171875,4341760
2026-07-25 01:45:00+00:00,64067.7890625,64067.7890625,64067.7890625,64058.51953125,64066.078125,219336704
2026-07-25 01:46:00+00:00,64075.48828125,64075.48828125,64075.48828125,64067.78125,64067.78125,0
2026-07-25 01:47:00+00:00,64074.01953125,64074.01953125,64078.0,64074.01953125,64075.48828125,0
2026-07-25 01:48:00+00:00,64074.01953125,64074.01953125,64080.421875,64074.01953125,64074.01953125,0
2026-07-25 01:49:00+00:00,64050.58984375,64050.58984375,64074.08984375,64050.58984375,64074.01953125,0
2026-07-25 01:50:00+00:00,64048.48828125,64048.48828125,64070.12109375,64048.48828125,64052.0,0
2026-07-25 01:51:00+00:00,64047.19921875,64047.19921875,64048.5,64047.19921875,64048.5,87779328
2026-07-25 01:52:00+00:00,64034.71875,64034.71875,64047.2109375,64034.7109375,64047.19921875,0
2026-07-25 01:53:00+00:00,64030.48828125,64030.48828125,64033.4296875,64025.73046875,64033.421875,0
2026-07-25 01:54:00+00:00,64032.3515625,64032.3515625,64032.3515625,64030.48046875,64030.48046875,23445504
2026-07-25 01:55:00+00:00,64033.23046875,64033.23046875,64035.98046875,64032.33984375,64032.3515625,1540096
2026-07-25 01:56:00+00:00,64030.78125,64030.78125,64033.46875,64030.78125,64031.94921875,0
2026-07-25 01:57:00+00:00,64025.98046875,64025.98046875,64025.98046875,64020.9296875,64025.73828125,0
2026-07-25 01:58:00+00:00,64005.94140625,64005.94140625,64025.98046875,64005.9296875,64025.98046875,0
2026-07-25 01:59:00+00:00,64006.48828125,64006.48828125,64006.48828125,64003.51171875,64005.94140625,0
2026-07-25 02:00:00+00:00,64010.4609375,64010.4609375,64012.5,64010.4609375,64012.28125,0
2026-07-25 02:01:00+00:00,64008.8515625,64008.8515625,64010.46875,64008.2109375,64010.4609375,9134080
2026-07-25 02:02:00+00:00,64010.80078125,64010.80078125,64013.66015625,64008.2109375,64008.94140625,0
2026-07-25 02:03:00+00:00,64018.98046875,64018.98046875,64018.98046875,64010.7890625,64010.7890625,0
2026-07-25 02:04:00+00:00,64022.76953125,64022.76953125,64022.78125,64018.96875,64018.98046875,0
2026-07-25 02:05:00+00:00,64025.109375,64025.109375,64025.12109375,64023.37109375,64023.37109375,20271104
2026-07-25 02:06:00+00:00,64021.41015625,64021.41015625,64029.33984375,64021.41015625,64025.109375,108681216
2026-07-25 02:07:00+00:00,64025.109375,64025.109375,64025.12109375,64021.41015625,64021.421875,0
2026-07-25 02:08:00+00:00,64035.75,64035.75,64038.98046875,64028.94921875,64028.9609375,2172928
2026-07-25 02:09:00+00:00,64039.28125,64039.28125,64039.2890625,64035.73828125,64035.73828125,0
2026-07-25 02:10:00+00:00,64023.2109375,64023.2109375,64025.01953125,64023.2109375,64025.0,428032
2026-07-25 02:11:00+00:00,64022.7890625,64022.7890625,64023.21875,64022.7890625,64023.2109375,0
2026-07-25 02:12:00+00:00,64016.01953125,64016.01953125,64016.01953125,64007.12109375,64007.12109375,0
2026-07-25 02:13:00+00:00,64010.26953125,64010.26953125,64021.19921875,64010.26953125,64016.01171875,163117056
2026-07-25 02:14:00+00:00,64005.5,64005.5,64011.28125,64005.5,64010.26953125,0
2026-07-25 02:15:00+00:00,63989.98046875,63989.98046875,64015.0,63989.98046875,64015.0,0
2026-07-25 02:16:00+00:00,63989.98046875,63989.98046875,63996.0,63989.98046875,63989.98046875,0
2026-07-25 02:17:00+00:00,63982.73828125,63982.73828125,63989.98046875,63976.1796875,63989.98046875,0
2026-07-25 02:18:00+00:00,63978.3515625,63978.3515625,63982.75,63978.3515625,63982.75,12388352
2026-07-25 02:19:00+00:00,63975.91015625,63975.91015625,63980.76953125,63972.1796875,63978.3515625,172015616
2026-07-25 02:20:00+00:00,63983.98046875,63983.98046875,63983.98046875,63973.03125,63975.921875,1505280
2026-07-25 02:21:00+00:00,63991.8984375,63991.8984375,63993.98046875,63983.98046875,63983.98046875,0
2026-07-25 02:22:00+00:00,63987.98828125,63987.98828125,63991.91015625,63987.98828125,63991.8984375,0
2026-07-25 02:23:00+00:00,63987.98828125,63987.98828125,63988.0,63987.98828125,63987.98828125,1130496
2026-07-25 02:24:00+00:00,63974.96875,63974.96875,63988.0,63974.96875,63988.0,28936192
2026-07-25 02:25:00+00:00,63971.28125,63971.28125,63973.69921875,63971.26171875,63973.69140625,0
2026-07-25 02:26:00+00:00,63999.28125,63999.28125,63999.98828125,63971.26171875,63971.26953125,0
2026-07-25 02:27:00+00:00,63995.12890625,63995.12890625,63999.28125,63995.12890625,63999.28125,0
2026-07-25 02:28:00+00:00,63995.96875,63995.96875,63995.96875,63995.44921875,63995.44921875,0
2026-07-25 02:29:00+00:00,63997.23828125,63997.23828125,63997.23828125,63997.23046875,63997.23046875,190464
2026-07-25 02:30:00+00:00,63999.28125,63999.28125,63999.28125,63995.44921875,63997.23046875,82937856
2026-07-25 02:31:00+00:00,63974.7109375,63974.7109375,63996.58984375,63974.7109375,63996.58984375,1533952
2026-07-25 02:32:00+00:00,63976.0,63976.0,63976.01171875,63970.01171875,63973.4296875,0
2026-07-25 02:33:00+00:00,63972.51171875,63972.51171875,63976.0,63972.51171875,63976.0,0
2026-07-25 02:34:00+00:00,63979.48828125,63979.48828125,63979.48828125,63972.51953125,63972.51953125,0
2026-07-25 02:35:00+00:00,63966.0,63966.0,63979.48828125,63965.98046875,63979.48828125,0
2026-07-25 02:36:00+00:00,63966.87890625,63966.87890625,63967.5,63965.98046875,63965.98828125,0
2026-07-25 02:37:00+00:00,63962.078125,63962.078125,63973.98828125,63962.078125,63966.87890625,0
2026-07-25 02:38:00+00:00,63977.80078125,63977.80078125,63977.80078125,63962.078125,63962.08984375,0
2026-07-25 02:39:00+00:00,63989.98828125,63989.98828125,63989.98828125,63976.48828125,63977.80078125,35342336
2026-07-25 02:40:00+00:00,63990.51171875,63990.51171875,63994.3203125,63981.41015625,63994.30859375,1054720
2026-07-25 02:41:00+00:00,63988.91015625,63988.91015625,63990.5,63988.91015625,63990.5,0
2026-07-25 02:42:00+00:00,63988.8984375,63988.8984375,63988.921875,63988.8984375,63988.91015625,0
2026-07-25 02:43:00+00:00,63992.0,63992.0,63994.83984375,63988.8984375,63988.91015625,109916160
2026-07-25 02:44:00+00:00,63983.96875,63983.96875,63992.0,63983.96875,63992.0,16513024
2026-07-25 02:45:00+00:00,63986.94921875,63986.94921875,63986.94921875,63984.0,63984.0,0
2026-07-25 02:46:00+00:00,63978.8515625,63978.8515625,63992.76171875,63974.98046875,63986.94921875,0
2026-07-25 02:47:00+00:00,63983.390625,63983.390625,63983.3984375,63979.48046875,63979.48046875,0
2026-07-25 02:48:00+00:00,63990.4296875,63990.4296875,63990.4296875,63978.8515625,63983.390625,0
2026-07-25 02:49:00+00:00,63972.359375,63972.359375,63990.4296875,63972.3515625,63990.421875,1302528
2026-07-25 02:50:00+00:00,63961.98828125,63961.98828125,63974.98828125,63961.5703125,63974.98828125,0
2026-07-25 02:51:00+00:00,63960.0,63960.0,63963.98828125,63960.0,63961.98828125,0
2026-07-25 02:52:00+00:00,63962.859375,63962.859375,63962.859375,63960.0,63960.0,0
2026-07-25 02:53:00+00:00,63969.98828125,63969.98828125,63969.98828125,63956.87109375,63962.859375,456704
2026-07-25 02:54:00+00:00,63980.671875,63980.671875,63980.671875,63959.5,63974.80859375,74123264
2026-07-25 02:55:00+00:00,63963.9296875,63963.9296875,63980.671875,63963.37109375,63980.671875,0
2026-07-25 02:56:00+00:00,63959.01953125,63959.01953125,63963.37890625,63958.2109375,63963.37890625,0
2026-07-25 02:57:00+00:00,63961.96875,63961.96875,63961.96875,63958.2109375,63959.01953125,0
2026-07-25 02:58:00+00:00,63961.9609375,63961.9609375,63961.96875,63959.9609375,63961.96875,0
2026-07-25 02:59:00+00:00,63980.5703125,63980.5703125,63980.5703125,63960.359375,63961.9609375,0
2026-07-25 03:00:00+00:00,63965.6484375,63965.6484375,63980.5703125,63965.6484375,63980.5703125,41621504
2026-07-25 03:01:00+00:00,63955.62109375,63955.62109375,63965.6484375,63955.62109375,63965.6484375,0
2026-07-25 03:02:00+00:00,63955.98046875,63955.98046875,63955.98828125,63954.37890625,63955.62109375,0
2026-07-25 03:03:00+00:00,63957.578125,63957.578125,63957.578125,63955.98046875,63955.98046875,0
2026-07-25 03:04:00+00:00,63992.6484375,63992.6484375,63992.6484375,63957.5703125,63957.5703125,0
2026-07-25 03:05:00+00:00,63975.0,63975.0,63989.16015625,63974.96875,63989.16015625,0
2026-07-25 03:06:00+00:00,63974.76171875,63974.76171875,63974.98046875,63974.03125,63974.96875,5951488
2026-07-25 03:07:00+00:00,63974.76171875,63974.76171875,63974.76171875,63974.75,63974.75,0
2026-07-25 03:08:00+00:00,63983.51171875,63983.51171875,63983.51953125,63974.75,63974.76171875,6469632
2026-07-25 03:09:00+00:00,63982.23828125,63982.23828125,63982.23828125,63982.23046875,63982.23828125,8949760
2026-07-25 03:10:00+00:00,63982.23046875,63982.23046875,63982.23828125,63982.23046875,63982.23828125,0
2026-07-25 03:11:00+00:00,63990.140625,63990.140625,63990.140625,63982.23046875,63982.23046875,0
2026-07-25 03:12:00+00:00,64007.78125,64007.78125,64007.78125,63996.51953125,63996.51953125,0
2026-07-25 03:13:00+00:00,64013.8984375,64013.8984375,64013.8984375,64010.94140625,64010.94140625,131835904
2026-07-25 03:14:00+00:00,63978.0,63978.0,64015.48828125,63978.0,64013.87109375,0
2026-07-25 03:15:00+00:00,64002.0,64002.0,64003.87109375,63987.98828125,63987.98828125,0
2026-07-25 03:16:00+00:00,64014.37109375,64014.37109375,64015.48046875,64005.98046875,64005.98046875,0
2026-07-25 03:17:00+00:00,64003.140625,64003.140625,64014.37890625,64003.12890625,64014.37890625,0
2026-07-25 03:18:00+00:00,64015.46875,64015.46875,64015.46875,64000.0,64003.12890625,203776000
2026-07-25 03:19:00+00:00,64015.2109375,64015.2109375,64015.2109375,64015.19921875,64015.19921875,331776
2026-07-25 03:20:00+00:00,64001.421875,64001.421875,64015.2109375,64001.421875,64015.2109375,0
2026-07-25 03:21:00+00:00,64009.98828125,64009.98828125,64010.0,64001.421875,64001.421875,0
2026-07-25 03:22:00+00:00,64006.23046875,64006.23046875,64010.0,64006.23046875,64010.0,0
2026-07-25 03:23:00+00:00,64005.44140625,64005.44140625,64006.23828125,64005.4296875,64006.23046875,0
2026-07-25 03:24:00+00:00,64007.98046875,64007.98046875,64007.98828125,64005.44921875,64005.44921875,0
2026-07-25 03:25:00+00:00,64022.01171875,64022.01171875,64022.01171875,64007.98046875,64007.98046875,1513472
2026-07-25 03:26:00+00:00,64033.46875,64033.46875,64033.48046875,64022.0,64022.0,0
2026-07-25 03:27:00+00:00,64038.21875,64038.21875,64040.76171875,64033.46875,64033.46875,0
2026-07-25 03:28:00+00:00,64017.01953125,64017.01953125,64042.48828125,64017.01953125,64038.21875,0
2026-07-25 03:29:00+00:00,64013.96875,64013.96875,64018.98046875,64013.6796875,64017.01953125,0
2026-07-25 03:30:00+00:00,64007.98046875,64007.98046875,64009.80078125,64007.98046875,64009.80078125,0
2026-07-25 03:31:00+00:00,64002.05859375,64002.05859375,64007.98828125,64002.05859375,64007.98046875,0
2026-07-25 03:32:00+00:00,64026.0,64026.0,64026.0,64002.05859375,64002.05859375,0
2026-07-25 03:33:00+00:00,64038.53125,64038.53125,64038.53125,64022.23046875,64026.0,0
2026-07-25 03:34:00+00:00,64039.12890625,64039.12890625,64039.12890625,64038.83984375,64038.83984375,1345536
2026-07-25 03:35:00+00:00,64032.05859375,64032.05859375,64039.12109375,64030.0,64039.12109375,0
2026-07-25 03:36:00+00:00,64039.109375,64039.109375,64039.12890625,64032.0703125,64032.0703125,0
2026-07-25 03:37:00+00:00,64030.55078125,64030.55078125,64035.26953125,64030.55078125,64035.26953125,0
2026-07-25 03:38:00+00:00,64020.859375,64020.859375,64030.55078125,64020.0,64028.3984375,1646592
2026-07-25 03:39:00+00:00,64020.76171875,64020.76171875,64022.66015625,64019.19921875,64020.8515625,0
2026-07-25 03:40:00+00:00,64019.921875,64019.921875,64022.69140625,64017.5390625,64022.1484375,366592
2026-07-25 03:41:00+00:00,64023.890625,64023.890625,64023.9609375,64019.921875,64019.9296875,0
2026-07-25 03:42:00+00:00,64028.890625,64028.890625,64028.890625,64023.890625,64023.890625,0
2026-07-25 03:43:00+00:00,64025.37890625,64025.37890625,64028.890625,64025.37890625,64028.890625,0
2026-07-25 03:44:00+00:00,64035.26171875,64035.26171875,64035.26171875,64025.37890625,64025.37890625,0
2026-07-25 03:45:00+00:00,64037.26953125,64037.26953125,64037.2890625,64035.26171875,64035.26171875,0
2026-07-25 03:46:00+00:00,64018.53125,64018.53125,64040.69140625,64018.53125,64037.28125,0
2026-07-25 03:47:00+00:00,64025.98828125,64025.98828125,64025.98828125,64019.98046875,64019.98828125,0
2026-07-25 03:48:00+00:00,64025.98828125,64025.98828125,64025.98828125,64025.98828125,64025.98828125,0
2026-07-25 03:49:00+00:00,64005.94140625,64005.94140625,64025.98828125,64005.94140625,64025.98828125,0
2026-07-25 03:50:00+00:00,63992.0,63992.0,64005.94140625,63990.4609375,64000.0,0
2026-07-25 03:51:00+00:00,63989.62890625,63989.62890625,63992.0,63982.7109375,63992.0,0
2026-07-25 03:52:00+00:00,63998.0,63998.0,63998.0,63989.62109375,63989.62890625,0
2026-07-25 03:53:00+00:00,63999.98046875,63999.98046875,64001.83984375,63997.76171875,64000.0,0
2026-07-25 03:54:00+00:00,64009.12890625,64009.12890625,64009.12890625,64004.78125,64004.7890625,0
2026-07-25 03:55:00+00:00,64006.0390625,64006.0390625,64009.12890625,64006.03125,64009.12890625,0
2026-07-25 03:56:00+00:00,64004.37890625,64004.37890625,64004.73828125,64003.1015625,64004.73828125,0
2026-07-25 03:57:00+00:00,64025.28125,64025.28125,64025.28125,64010.76953125,64010.76953125,0
2026-07-25 03:58:00+00:00,64028.359375,64028.359375,64029.640625,64025.28125,64025.28125,0
2026-07-25 03:59:00+00:00,64021.421875,64021.421875,64028.359375,64021.421875,64028.359375,0
2026-07-25 04:00:00+00:00,64030.48828125,64030.48828125,64030.48828125,64021.41015625,64021.41015625,0
2026-07-25 04:01:00+00:00,64040.1015625,64040.1015625,64040.1015625,64030.0,64030.0,0
2026-07-25 04:02:00+00:00,64035.19921875,64035.19921875,64040.08984375,64035.19921875,64040.08984375,0
2026-07-25 04:03:00+00:00,64039.23828125,64039.23828125,64039.23828125,64035.19921875,64035.19921875,103102464
2026-07-25 04:04:00+00:00,64049.87109375,64049.87109375,64049.87890625,64039.23828125,64039.23828125,0
2026-07-25 04:05:00+00:00,64049.87109375,64049.87109375,64055.98828125,64049.87109375,64049.87890625,407552
2026-07-25 04:06:00+00:00,64051.48046875,64051.48046875,64051.48046875,64049.87109375,64049.87109375,0
2026-07-25 04:07:00+00:00,64056.19921875,64056.19921875,64057.48828125,64051.48046875,64051.48046875,0
2026-07-25 04:08:00+00:00,64057.48828125,64057.48828125,64057.48828125,64056.19921875,64056.19921875,0
2026-07-25 04:09:00+00:00,64062.62109375,64062.62109375,64062.62109375,64057.48046875,64057.48046875,0
2026-07-25 04:10:00+00:00,64063.44921875,64063.44921875,64063.44921875,64061.328125,64062.62109375,0
2026-07-25 04:11:00+00:00,64061.05859375,64061.05859375,64063.44921875,64060.12890625,64063.44921875,0
2026-07-25 04:12:00+00:00,64061.05859375,64061.05859375,64061.0703125,64061.05859375,64061.0703125,0
2026-07-25 04:13:00+00:00,64061.05859375,64061.05859375,64061.0703125,64061.05859375,64061.05859375,60772352
2026-07-25 04:14:00+00:00,64063.9609375,64063.9609375,64063.9609375,64061.05859375,64061.0703125,0
2026-07-25 04:15:00+00:00,64060.98828125,64060.98828125,64076.71875,64060.98828125,64063.9609375,55226368
2026-07-25 04:16:00+00:00,64060.12890625,64060.12890625,64060.98828125,64060.12890625,64060.98828125,0
2026-07-25 04:17:00+00:00,64061.1796875,64061.1796875,64062.0,64060.12890625,64060.12890625,0
2026-07-25 04:18:00+00:00,64059.94140625,64059.94140625,64062.0,64059.94140625,64062.0,0
2026-07-25 04:19:00+00:00,64051.890625,64051.890625,64059.94921875,64051.87890625,64059.94140625,0
2026-07-25 04:20:00+00:00,64048.5,64048.5,64051.890625,64048.5,64051.87890625,0
2026-07-25 04:21:00+00:00,64048.5,64048.5,64048.51171875,64048.5,64048.5,57714688
2026-07-25 04:22:00+00:00,64048.51171875,64048.51171875,64048.51171875,64048.5,64048.5,0
2026-07-25 04:23:00+00:00,64048.51171875,64048.51171875,64048.51171875,64048.5,64048.51171875,0
2026-07-25 04:24:00+00:00,64044.640625,64044.640625,64048.51171875,64044.62890625,64048.5,0
2026-07-25 04:25:00+00:00,64048.51171875,64048.51171875,64048.51171875,64044.640625,64044.640625,0
2026-07-25 04:26:00+00:00,64051.98828125,64051.98828125,64051.98828125,64048.5,64048.5,0
2026-07-25 04:27:00+00:00,64048.51171875,64048.51171875,64051.98828125,64048.5,64051.98828125,0
2026-07-25 04:28:00+00:00,64048.5,64048.5,64048.51171875,64048.5,64048.51171875,339968
2026-07-25 04:29:00+00:00,64045.98046875,64045.98046875,64045.98046875,64040.76171875,64040.76171875,0
2026-07-25 04:30:00+00:00,64045.98046875,64045.98046875,64045.98828125,64045.98046875,64045.98828125,12539904
2026-07-25 04:31:00+00:00,64045.98828125,64045.98828125,64045.98828125,64045.98046875,64045.98046875,0
2026-07-25 04:32:00+00:00,64049.48828125,64049.48828125,64052.37109375,64045.98046875,64045.98828125,0
2026-07-25 04:33:00+00:00,64036.8984375,64036.8984375,64045.98828125,64036.890625,64045.98828125,0
2026-07-25 04:34:00+00:00,64029.16015625,64029.16015625,64036.8984375,64029.1484375,64036.8984375,0
2026-07-25 04:35:00+00:00,64041.1484375,64041.1484375,64041.1484375,64026.890625,64026.890625,0
2026-07-25 04:36:00+00:00,64059.890625,64059.890625,64059.890625,64045.94140625,64046.98828125,0
2026-07-25 04:37:00+00:00,64064.05859375,64064.05859375,64064.05859375,64059.890625,64059.890625,0
2026-07-25 04:38:00+00:00,64065.83984375,64065.83984375,64070.51953125,64065.83984375,64070.51953125,15243264
2026-07-25 04:39:00+00:00,64073.98046875,64073.98046875,64073.98046875,64065.828125,64065.83984375,0
2026-07-25 04:40:00+00:00,64073.98828125,64073.98828125,64073.98828125,64073.98046875,64073.98828125,0
2026-07-25 04:41:00+00:00,64089.98046875,64089.98046875,64089.98046875,64073.98046875,64073.98828125,1810432
2026-07-25 04:42:00+00:00,64118.98046875,64118.98046875,64118.98046875,64089.98828125,64089.98828125,0
2026-07-25 04:43:00+00:00,64122.921875,64122.921875,64123.98828125,64117.71875,64122.03125,0
2026-07-25 04:44:00+00:00,64121.1015625,64121.1015625,64123.98828125,64121.1015625,64123.98046875,0
2026-07-25 04:45:00+00:00,64123.94921875,64123.94921875,64131.28125,64121.1015625,64121.1015625,0
2026-07-25 04:46:00+00:00,64129.1015625,64129.1015625,64129.109375,64123.94140625,64123.94140625,4362240
2026-07-25 04:47:00+00:00,64118.171875,64118.171875,64130.3984375,64118.171875,64129.109375,0
2026-07-25 04:48:00+00:00,64125.78125,64125.78125,64125.78125,64118.171875,64118.171875,0
2026-07-25 04:49:00+00:00,64126.140625,64126.140625,64126.140625,64125.78125,64125.78125,0
2026-07-25 04:50:00+00:00,64129.359375,64129.359375,64129.359375,64126.12890625,64126.140625,0
2026-07-25 04:51:00+00:00,64139.75,64139.75,64139.75,64129.359375,64129.359375,9844736
2026-07-25 04:52:00+00:00,64095.390625,64095.390625,64143.2890625,64094.4296875,64140.0703125,0
2026-07-25 04:53:00+00:00,64097.078125,64097.078125,64097.08984375,64095.7109375,64095.7109375,0
2026-07-25 04:54:00+00:00,64094.421875,64094.421875,64097.08984375,64094.421875,64097.078125,6115328
2026-07-25 04:55:00+00:00,64091.6484375,64091.6484375,64094.421875,64091.6484375,64094.421875,0
2026-07-25 04:56:00+00:00,64093.03125,64093.03125,64093.03125,64091.6484375,64091.6484375,186368
2026-07-25 04:57:00+00:00,64085.6015625,64085.6015625,64093.03125,64085.6015625,64093.03125,0
2026-07-25 04:58:00+00:00,64091.6484375,64091.6484375,64091.66015625,64088.33984375,64088.33984375,0
2026-07-25 04:59:00+00:00,64117.19140625,64117.19140625,64117.19140625,64091.6484375,64091.6484375,0
2026-07-25 05:00:00+00:00,64127.1796875,64127.1796875,64127.1796875,64117.19140625,64117.19140625,0
2026-07-25 05:01:00+00:00,64127.171875,64127.171875,64135.0,64127.171875,64127.1796875,436224
2026-07-25 05:02:00+00:00,64127.01171875,64127.01171875,64127.01171875,64127.0,64127.01171875,0
2026-07-25 05:03:00+00:00,64122.66015625,64122.66015625,64127.01171875,64122.6484375,64127.01171875,0
2026-07-25 05:04:00+00:00,64110.76953125,64110.76953125,64122.66015625,64110.76953125,64122.66015625,0
2026-07-25 05:05:00+00:00,64104.01171875,64104.01171875,64106.55078125,64104.01171875,64106.55078125,0
2026-07-25 05:06:00+00:00,64105.98046875,64105.98046875,64106.55078125,64105.96875,64106.5390625,0
2026-07-25 05:07:00+00:00,64105.96875,64105.96875,64105.98046875,64105.96875,64105.98046875,0
2026-07-25 05:08:00+00:00,64105.30078125,64105.30078125,64105.98046875,64105.30078125,64105.96875,1308672
2026-07-25 05:09:00+00:00,64114.2890625,64114.2890625,64114.2890625,64093.26171875,64105.1484375,37941248
2026-07-25 05:10:00+00:00,64108.3984375,64108.3984375,64114.2890625,64108.3984375,64114.2890625,0
2026-07-25 05:11:00+00:00,64092.98828125,64092.98828125,64108.3984375,64092.98828125,64108.3984375,145408
2026-07-25 05:12:00+00:00,64085.140625,64085.140625,64091.08984375,64085.12890625,64091.078125,0
2026-07-25 05:13:00+00:00,64087.37890625,64087.37890625,64093.0390625,64086.828125,64091.359375,145174528
2026-07-25 05:14:00+00:00,64087.9609375,64087.9609375,64087.9609375,64087.37890625,64087.37890625,1984512
2026-07-25 05:15:00+00:00,64087.94921875,64087.94921875,64087.9609375,64087.94921875,64087.9609375,0
2026-07-25 05:16:00+00:00,64087.94921875,64087.94921875,64087.9609375,64087.94921875,64087.94921875,0
2026-07-25 05:17:00+00:00,64092.33984375,64092.33984375,64092.33984375,64087.94921875,64087.94921875,0
2026-07-25 05:18:00+00:00,64092.71875,64092.71875,64092.73046875,64092.33984375,64092.33984375,3825664
2026-07-25 05:19:00+00:00,64084.26953125,64084.26953125,64092.71875,64084.26953125,64092.71875,2482176
2026-07-25 05:20:00+00:00,64086.71875,64086.71875,64093.140625,64086.7109375,64088.96875,0
2026-07-25 05:21:00+00:00,64091.75,64091.75,64091.75,64079.3984375,64086.01171875,0
2026-07-25 05:22:00+00:00,64094.96875,64094.96875,64094.98046875,64091.73828125,64091.73828125,0
2026-07-25 05:23:00+00:00,64095.0,64095.0,64095.0,64094.96875,64094.96875,0
2026-07-25 05:24:00+00:00,64095.01953125,64095.01953125,64095.01953125,64095.01171875,64095.01171875,9850880
2026-07-25 05:25:00+00:00,64090.0,64090.0,64090.01171875,64089.87109375,64090.0,0
2026-07-25 05:26:00+00:00,64089.98046875,64089.98046875,64090.01171875,64086.51953125,64090.0,0
2026-07-25 05:27:00+00:00,64088.69140625,64088.69140625,64089.98828125,64088.69140625,64089.98828125,0
2026-07-25 05:28:00+00:00,64082.578125,64082.578125,64090.01171875,64082.2890625,64088.7109375,0
2026-07-25 05:29:00+00:00,64083.30078125,64083.30078125,64083.30859375,64082.578125,64082.578125,0
2026-07-25 05:30:00+00:00,64079.390625,64079.390625,64089.6015625,64079.390625,64088.37890625,117155840
2026-07-25 05:31:00+00:00,64079.3984375,64079.3984375,64080.0,64079.390625,64079.3984375,296960
2026-07-25 05:32:00+00:00,64079.390625,64079.390625,64086.23828125,64079.390625,64086.23046875,0
2026-07-25 05:33:00+00:00,64071.2890625,64071.2890625,64079.390625,64071.2890625,64079.390625,0
2026-07-25 05:34:00+00:00,64044.62890625,64044.62890625,64071.30078125,64044.62890625,64071.2890625,0
2026-07-25 05:35:00+00:00,64014.0,64014.0,64040.76953125,64014.0,64040.76171875,3661824
2026-07-25 05:36:00+00:00,63998.19921875,63998.19921875,64013.94921875,63998.19140625,64013.94921875,0
2026-07-25 05:37:00+00:00,63986.94921875,63986.94921875,63998.19921875,63982.75,63998.19921875,0
2026-07-25 05:38:00+00:00,63975.98828125,63975.98828125,63986.94921875,63974.33984375,63986.94921875,3260416
2026-07-25 05:39:00+00:00,63968.0,63968.0,63975.98828125,63967.23046875,63975.98828125,23996416
2026-07-25 05:40:00+00:00,63967.671875,63967.671875,63967.6796875,63960.0,63961.26171875,1980416
2026-07-25 05:41:00+00:00,63973.73828125,63973.73828125,63979.8984375,63967.671875,63967.671875,4233216
2026-07-25 05:42:00+00:00,63973.73828125,63973.73828125,63973.73828125,63973.73046875,63973.73046875,0
2026-07-25 05:43:00+00:00,63977.73046875,63977.73046875,63977.73046875,63976.58984375,63976.58984375,1992704
2026-07-25 05:44:00+00:00,63977.73828125,63977.73828125,63977.73828125,63977.73046875,63977.73046875,3559424
2026-07-25 05:45:00+00:00,63977.73046875,63977.73046875,63977.73828125,63977.73046875,63977.73046875,0
2026-07-25 05:46:00+00:00,63977.73828125,63977.73828125,63977.73828125,63977.73046875,63977.73828125,0
2026-07-25 05:47:00+00:00,63975.0,63975.0,63977.73828125,63975.0,63977.73828125,0
2026-07-25 05:48:00+00:00,63973.73828125,63973.73828125,63975.01171875,63973.73046875,63975.01171875,0
2026-07-25 05:49:00+00:00,63970.48046875,63970.48046875,63973.73046875,63970.0,63973.73046875,0
2026-07-25 05:50:00+00:00,63974.98828125,63974.98828125,63975.01171875,63972.0,63975.01171875,866304
2026-07-25 05:51:00+00:00,63974.98046875,63974.98046875,63975.37890625,63974.98046875,63974.98828125,0
2026-07-25 05:52:00+00:00,63955.62890625,63955.62890625,63974.98046875,63955.62890625,63974.98046875,0
2026-07-25 05:53:00+00:00,63927.98828125,63927.98828125,63955.62890625,63916.0,63955.62109375,290816
2026-07-25 05:54:00+00:00,63954.73828125,63954.73828125,63955.98828125,63939.69921875,63939.69921875,26607616
2026-07-25 05:55:00+00:00,63955.2109375,63955.2109375,63955.2109375,63953.51171875,63953.51953125,1755136
2026-07-25 05:56:00+00:00,63944.01953125,63944.01953125,63955.2109375,63944.01953125,63955.2109375,5029888
2026-07-25 05:57:00+00:00,63967.51171875,63967.51171875,63969.7890625,63943.828125,63944.01953125,0
2026-07-25 05:58:00+00:00,63967.5,63967.5,63967.51171875,63967.5,63967.51171875,176252928
2026-07-25 05:59:00+00:00,63956.5703125,63956.5703125,63967.26953125,63956.5703125,63967.26953125,2787328
2026-07-25 06:00:00+00:00,63955.48828125,63955.48828125,63956.578125,63953.23828125,63956.5703125,0
2026-07-25 06:01:00+00:00,63963.3515625,63963.3515625,63963.3515625,63955.48046875,63955.48828125,770048
2026-07-25 06:02:00+00:00,63970.87890625,63970.87890625,63970.87890625,63966.76171875,63966.76953125,0
2026-07-25 06:03:00+00:00,63989.28125,63989.28125,63989.28125,63970.87109375,63970.87109375,0
2026-07-25 06:04:00+00:00,63985.51953125,63985.51953125,63989.28125,63985.51953125,63989.26953125,0
2026-07-25 06:05:00+00:00,63985.51953125,63985.51953125,63985.51953125,63985.51171875,63985.51953125,1189888
2026-07-25 06:06:00+00:00,63970.87109375,63970.87109375,63988.5703125,63970.87109375,63985.51171875,0
2026-07-25 06:07:00+00:00,63984.140625,63984.140625,63984.1484375,63967.23828125,63967.23828125,0
2026-07-25 06:08:00+00:00,63987.55859375,63987.55859375,63987.55859375,63985.98828125,63985.98828125,0
2026-07-25 06:09:00+00:00,63994.16015625,63994.16015625,63994.16015625,63987.55078125,63987.55078125,0
2026-07-25 06:10:00+00:00,63979.58984375,63979.58984375,63991.62890625,63979.578125,63991.62890625,608256
2026-07-25 06:11:00+00:00,63981.140625,63981.140625,63981.140625,63979.58984375,63979.58984375,0
2026-07-25 06:12:00+00:00,63987.98046875,63987.98046875,63987.98046875,63984.01171875,63984.01171875,0
2026-07-25 06:13:00+00:00,63989.96875,63989.96875,63989.98046875,63987.98828125,63987.98828125,0
2026-07-25 06:14:00+00:00,63996.37109375,63996.37109375,63996.37890625,63989.96875,63989.96875,0
2026-07-25 06:15:00+00:00,63982.76953125,63982.76953125,64005.5703125,63982.76953125,63996.37890625,0
2026-07-25 06:16:00+00:00,63955.25,63955.25,63985.5703125,63953.19921875,63982.76953125,0
2026-07-25 06:17:00+00:00,63976.6015625,63976.6015625,63976.6015625,63955.98046875,63955.98046875,0
2026-07-25 06:18:00+00:00,63984.2109375,63984.2109375,63984.21875,63976.58984375,63976.6015625,0
2026-07-25 06:19:00+00:00,63976.2890625,63976.2890625,63985.5,63976.2890625,63984.2109375,0
2026-07-25 06:20:00+00:00,63961.109375,63961.109375,63976.2890625,63961.109375,63976.28125,1355776
2026-07-25 06:21:00+00:00,63960.12890625,63960.12890625,63961.1015625,63957.8984375,63961.1015625,8839168
2026-07-25 06:22:00+00:00,63960.23046875,63960.23046875,63960.23046875,63959.48828125,63959.48828125,0
2026-07-25 06:23:00+00:00,63935.98046875,63935.98046875,63960.23046875,63935.96875,63960.23046875,0
2026-07-25 06:24:00+00:00,63930.01953125,63930.01953125,63935.96875,63930.01171875,63935.96875,0
2026-07-25 06:25:00+00:00,63932.3984375,63932.3984375,63944.01171875,63932.3984375,63934.5,0
2026-07-25 06:26:00+00:00,63928.5390625,63928.5390625,63932.98828125,63928.5390625,63932.41015625,0
2026-07-25 06:27:00+00:00,63939.37109375,63939.37109375,63939.37109375,63928.53125,63928.5390625,0
2026-07-25 06:28:00+00:00,63951.75,63951.75,63951.75,63939.37109375,63939.37109375,0
2026-07-25 06:29:00+00:00,63945.7109375,63945.7109375,63951.75,63945.69921875,63951.75,0
2026-07-25 06:30:00+00:00,63920.98046875,63920.98046875,63945.69921875,63920.98046875,63945.69921875,8914944
2026-07-25 06:31:00+00:00,63933.23828125,63933.23828125,63933.25,63920.98046875,63920.98046875,942080
2026-07-25 06:32:00+00:00,63933.23828125,63933.23828125,63933.25,63933.23828125,63933.23828125,0
2026-07-25 06:33:00+00:00,63913.62109375,63913.62109375,63933.25,63901.890625,63933.25,0
2026-07-25 06:34:00+00:00,63924.66015625,63924.66015625,63924.66015625,63913.62109375,63913.62109375,0
2026-07-25 06:35:00+00:00,63917.98046875,63917.98046875,63924.859375,63913.62109375,63924.859375,0
2026-07-25 06:36:00+00:00,63929.80078125,63929.80078125,63929.80078125,63928.01953125,63928.03125,0
2026-07-25 06:37:00+00:00,63942.828125,63942.828125,63942.828125,63929.80078125,63929.80078125,0
2026-07-25 06:38:00+00:00,63961.98046875,63961.98046875,63961.98828125,63945.23046875,63945.23046875,0
2026-07-25 06:39:00+00:00,63961.98828125,63961.98828125,63961.98828125,63961.98046875,63961.98046875,0
2026-07-25 06:40:00+00:00,63949.12109375,63949.12109375,63961.98046875,63949.109375,63961.98046875,0
2026-07-25 06:41:00+00:00,63940.51171875,63940.51171875,63949.12109375,63940.51171875,63949.12109375,0
2026-07-25 06:42:00+00:00,63926.51953125,63926.51953125,63934.01171875,63921.01953125,63934.0,0
2026-07-25 06:43:00+00:00,63925.9609375,63925.9609375,63927.25,63924.640625,63926.5703125,85094400
2026-07-25 06:44:00+00:00,63925.51171875,63925.51171875,63940.140625,63925.51171875,63926.55078125,0
2026-07-25 06:45:00+00:00,63926.75,63926.75,63926.75,63925.51171875,63925.51953125,144424960
2026-07-25 06:46:00+00:00,63905.01953125,63905.01953125,63927.7890625,63904.328125,63926.75,0
2026-07-25 06:47:00+00:00,63907.94921875,63907.94921875,63907.94921875,63898.828125,63907.28125,0
2026-07-25 06:48:00+00:00,63894.01171875,63894.01171875,63908.3203125,63894.01171875,63908.3203125,1159168
2026-07-25 06:49:00+00:00,63897.578125,63897.578125,63907.46875,63894.01171875,63894.01171875,0
2026-07-25 06:50:00+00:00,63905.921875,63905.921875,63906.0,63897.578125,63897.578125,0
2026-07-25 06:51:00+00:00,63902.8515625,63902.8515625,63902.8515625,63902.51171875,63902.51171875,0
2026-07-25 06:52:00+00:00,63908.140625,63908.140625,63908.140625,63907.98828125,63907.98828125,0
2026-07-25 06:53:00+00:00,63923.83984375,63923.83984375,63923.83984375,63911.96875,63911.96875,0
2026-07-25 06:54:00+00:00,63925.37890625,63925.37890625,63925.37890625,63923.83984375,63923.83984375,30720
2026-07-25 06:55:00+00:00,63925.37109375,63925.37109375,63925.37890625,63925.37109375,63925.37890625,0
2026-07-25 06:56:00+00:00,63925.37109375,63925.37109375,63925.37890625,63925.37109375,63925.37109375,0
2026-07-25 06:57:00+00:00,63919.0,63919.0,63925.37890625,63919.0,63925.37890625,0
2026-07-25 06:58:00+00:00,63930.140625,63930.140625,63930.140625,63919.0,63919.0,0
2026-07-25 06:59:00+00:00,63952.078125,63952.078125,63952.078125,63933.96875,63933.96875,647168
2026-07-25 07:00:00+00:00,63952.19921875,63952.19921875,63952.2109375,63952.19921875,63952.2109375,0
2026-07-25 07:01:00+00:00,63951.28125,63951.28125,63952.19921875,63951.28125,63952.19921875,1511424
2026-07-25 07:02:00+00:00,63948.87109375,63948.87109375,63951.2890625,63944.01953125,63951.2890625,0
2026-07-25 07:03:00+00:00,63953.05859375,63953.05859375,63953.05859375,63950.73828125,63950.73828125,405504
2026-07-25 07:04:00+00:00,63952.55078125,63952.55078125,63969.94140625,63952.55078125,63953.0703125,0
2026-07-25 07:05:00+00:00,63953.8515625,63953.8515625,63953.8515625,63943.23046875,63943.23046875,0
2026-07-25 07:06:00+00:00,63954.0,63954.0,63957.30078125,63954.0,63957.30078125,0
2026-07-25 07:07:00+00:00,63956.76171875,63956.76171875,63956.76171875,63954.0,63954.0,0
2026-07-25 07:08:00+00:00,63958.578125,63958.578125,63960.1484375,63956.75,63956.75,0
2026-07-25 07:09:00+00:00,63945.23828125,63945.23828125,63958.58984375,63945.23828125,63958.578125,0
2026-07-25 07:10:00+00:00,63948.96875,63948.96875,63948.96875,63948.109375,63948.19921875,62078976
2026-07-25 07:11:00+00:00,63955.7109375,63955.7109375,63955.71875,63948.9609375,63948.9609375,0
2026-07-25 07:12:00+00:00,63959.44140625,63959.44140625,63964.80078125,63955.7109375,63955.71875,0
2026-07-25 07:13:00+00:00,63957.03125,63957.03125,63959.44140625,63957.03125,63959.44140625,0
2026-07-25 07:14:00+00:00,63950.58984375,63950.58984375,63957.03125,63949.30859375,63957.03125,0
2026-07-25 07:15:00+00:00,63950.8515625,63950.8515625,63950.8515625,63950.578125,63950.58984375,0
2026-07-25 07:16:00+00:00,63962.58984375,63962.58984375,63962.58984375,63950.8515625,63950.8515625,0
2026-07-25 07:17:00+00:00,63948.96875,63948.96875,63962.76953125,63948.96875,63962.62109375,0
2026-07-25 07:18:00+00:00,63940.1484375,63940.1484375,63948.96875,63940.1484375,63948.96875,0
2026-07-25 07:19:00+00:00,63961.109375,63961.109375,63961.109375,63936.26953125,63937.26171875,0
2026-07-25 07:20:00+00:00,63955.30859375,63955.30859375,63955.30859375,63950.26171875,63951.75,0
2026-07-25 07:21:00+00:00,63953.671875,63953.671875,63955.3203125,63953.671875,63955.3203125,0
2026-07-25 07:22:00+00:00,63971.75,63971.75,63971.76171875,63953.671875,63953.671875,0
2026-07-25 07:23:00+00:00,63970.48828125,63970.48828125,63970.48828125,63970.48046875,63970.48046875,0
2026-07-25 07:24:00+00:00,63950.5390625,63950.5390625,63979.71875,63950.5390625,63970.48828125,0
2026-07-25 07:25:00+00:00,63961.26953125,63961.26953125,63963.25,63959.98828125,63961.01953125,0
2026-07-25 07:26:00+00:00,63959.71875,63959.71875,63961.26953125,63955.26953125,63961.26953125,0
2026-07-25 07:27:00+00:00,63962.0,63962.0,63962.0,63959.7109375,63959.71875,0
2026-07-25 07:28:00+00:00,63962.0,63962.0,63962.0,63961.98828125,63961.98828125,0
2026-07-25 07:29:00+00:00,63954.7109375,63954.7109375,63962.0,63954.7109375,63961.98828125,0
2026-07-25 07:30:00+00:00,63944.01953125,63944.01953125,63954.0,63944.01171875,63949.8984375,57540608
2026-07-25 07:31:00+00:00,63940.1484375,63940.1484375,63944.01953125,63940.1484375,63944.01953125,0
2026-07-25 07:32:00+00:00,63946.98046875,63946.98046875,63946.98046875,63933.76953125,63940.1484375,0
2026-07-25 07:33:00+00:00,63956.48046875,63956.48046875,63956.48046875,63944.80078125,63944.80078125,0
2026-07-25 07:34:00+00:00,63965.03125,63965.03125,63965.03125,63953.4296875,63956.46875,0
2026-07-25 07:35:00+00:00,63959.390625,63959.390625,63965.01953125,63959.390625,63965.01953125,0
2026-07-25 07:36:00+00:00,63959.390625,63959.390625,63959.390625,63959.37890625,63959.390625,0
2026-07-25 07:37:00+00:00,63960.1484375,63960.1484375,63960.16015625,63959.390625,63959.390625,0
2026-07-25 07:38:00+00:00,63971.1015625,63971.1015625,63971.1015625,63960.1484375,63960.1484375,0
2026-07-25 07:39:00+00:00,63972.69921875,63972.69921875,63976.609375,63971.08984375,63971.08984375,64000000
2026-07-25 07:40:00+00:00,63964.828125,63964.828125,63977.609375,63964.828125,63977.609375,0
2026-07-25 07:41:00+00:00,63959.80859375,63959.80859375,63964.828125,63959.80859375,63964.8203125,0
2026-07-25 07:42:00+00:00,63964.3984375,63964.3984375,63964.3984375,63959.80078125,63959.80078125,0
2026-07-25 07:43:00+00:00,63960.328125,63960.328125,63964.76953125,63960.328125,63964.3984375,7892992
2026-07-25 07:44:00+00:00,63971.08984375,63971.08984375,63971.08984375,63960.33984375,63960.33984375,0
2026-07-25 07:45:00+00:00,63974.3984375,63974.3984375,63974.9609375,63971.08984375,63971.08984375,59461632
2026-07-25 07:46:00+00:00,63972.80078125,63972.80078125,63974.41015625,63972.80078125,63974.41015625,0
2026-07-25 07:47:00+00:00,63972.80078125,63972.80078125,63972.80859375,63972.80078125,63972.80859375,0
2026-07-25 07:48:00+00:00,63975.76171875,63975.76171875,63977.609375,63975.76171875,63977.6015625,0
2026-07-25 07:49:00+00:00,63942.609375,63942.609375,63975.76171875,63942.609375,63975.76171875,0
2026-07-25 07:50:00+00:00,63954.9296875,63954.9296875,63954.94140625,63947.98046875,63947.98046875,5269504
2026-07-25 07:51:00+00:00,63957.578125,63957.578125,63957.578125,63954.9296875,63954.94140625,0
2026-07-25 07:52:00+00:00,63959.51171875,63959.51171875,63959.51171875,63957.578125,63957.578125,0
2026-07-25 07:53:00+00:00,63959.51171875,63959.51171875,63959.51953125,63959.51171875,63959.51953125,0
2026-07-25 07:54:00+00:00,63951.76171875,63951.76171875,63959.53125,63951.76171875,63959.51171875,0
2026-07-25 07:55:00+00:00,63965.921875,63965.921875,63965.9296875,63951.75,63951.76171875,0
2026-07-25 07:56:00+00:00,63967.2109375,63967.2109375,63967.2109375,63965.921875,63965.9296875,0
2026-07-25 07:57:00+00:00,63963.7109375,63963.7109375,63967.21875,63963.7109375,63967.2109375,0
2026-07-25 07:58:00+00:00,63963.7109375,63963.7109375,63963.71875,63963.7109375,63963.71875,0
2026-07-25 07:59:00+00:00,63940.5,63940.5,63967.87109375,63940.5,63963.98828125,0
2026-07-25 08:00:00+00:00,63944.0,63944.0,63944.0,63934.98046875,63941.41015625,0
2026-07-25 08:01:00+00:00,63937.6796875,63937.6796875,63941.140625,63936.28125,63941.140625,1564672
2026-07-25 08:02:00+00:00,63907.859375,63907.859375,63925.05078125,63907.859375,63925.05078125,0
2026-07-25 08:03:00+00:00,63903.890625,63903.890625,63908.109375,63903.890625,63907.87109375,16517120
2026-07-25 08:04:00+00:00,63901.19140625,63901.19140625,63907.828125,63901.19140625,63907.828125,0
2026-07-25 08:05:00+00:00,63910.390625,63910.390625,63910.390625,63901.51953125,63904.0,0
2026-07-25 08:06:00+00:00,63888.01171875,63888.01171875,63912.73828125,63888.0,63912.73828125,0
2026-07-25 08:07:00+00:00,63888.75,63888.75,63891.01171875,63880.0,63891.0,0
2026-07-25 08:08:00+00:00,63872.91015625,63872.91015625,63872.91015625,63866.80078125,63869.98828125,0
2026-07-25 08:09:00+00:00,63876.08984375,63876.08984375,63891.8515625,63876.08984375,63879.98828125,0
2026-07-25 08:10:00+00:00,63875.23828125,63875.23828125,63876.08984375,63875.23046875,63876.078125,2877440
2026-07-25 08:11:00+00:00,63902.73046875,63902.73046875,63902.73046875,63875.23046875,63875.23046875,2465792
2026-07-25 08:12:00+00:00,63870.1015625,63870.1015625,63898.0,63870.1015625,63898.0,0
2026-07-25 08:13:00+00:00,63893.69140625,63893.69140625,63893.69140625,63870.1015625,63870.1015625,88293376
2026-07-25 08:14:00+00:00,63902.7890625,63902.7890625,63902.80078125,63893.69140625,63893.69921875,0
2026-07-25 08:15:00+00:00,63920.98828125,63920.98828125,63920.98828125,63902.7890625,63902.7890625,8151040
2026-07-25 08:16:00+00:00,63926.37109375,63926.37109375,63926.37109375,63923.05859375,63923.0703125,1843200
2026-07-25 08:17:00+00:00,63923.0703125,63923.0703125,63926.37890625,63923.05859375,63926.37890625,0
2026-07-25 08:18:00+00:00,63916.921875,63916.921875,63923.05859375,63916.921875,63923.05859375,24201216
2026-07-25 08:19:00+00:00,63916.8984375,63916.8984375,63916.9296875,63909.609375,63916.9296875,0
2026-07-25 08:20:00+00:00,63932.37109375,63932.37109375,63932.37109375,63913.05078125,63916.8984375,0
2026-07-25 08:21:00+00:00,63926.44140625,63926.44140625,63932.37109375,63926.44140625,63932.359375,0
2026-07-25 08:22:00+00:00,63915.19140625,63915.19140625,63926.44140625,63915.19140625,63926.44140625,0
2026-07-25 08:23:00+00:00,63912.73046875,63912.73046875,63915.19921875,63912.73046875,63915.19140625,0
2026-07-25 08:24:00+00:00,63912.73046875,63912.73046875,63912.73828125,63912.73046875,63912.73046875,0
2026-07-25 08:25:00+00:00,63920.78125,63920.78125,63920.78125,63912.73046875,63912.73046875,0
2026-07-25 08:26:00+00:00,63924.66015625,63924.66015625,63924.66015625,63920.78125,63920.78125,0
2026-07-25 08:27:00+00:00,63919.51171875,63919.51171875,63921.01171875,63918.671875,63921.0,0
2026-07-25 08:28:00+00:00,63938.33984375,63938.33984375,63938.33984375,63923.48828125,63923.48828125,0
2026-07-25 08:29:00+00:00,63938.33984375,63938.33984375,63938.3515625,63938.33984375,63938.33984375,70985728
2026-07-25 08:30:00+00:00,63932.01953125,63932.01953125,63946.37890625,63932.01171875,63938.33984375,0
2026-07-25 08:31:00+00:00,63932.578125,63932.578125,63932.58984375,63929.7890625,63932.01171875,0
2026-07-25 08:32:00+00:00,63932.8515625,63932.8515625,63932.8515625,63932.578125,63932.578125,0
2026-07-25 08:33:00+00:00,63944.0,63944.0,63944.0,63932.8515625,63932.8515625,0
2026-07-25 08:34:00+00:00,63925.3515625,63925.3515625,63944.0,63924.66015625,63944.0,745472
2026-07-25 08:35:00+00:00,63909.1796875,63909.1796875,63925.3515625,63909.1796875,63925.3515625,0
2026-07-25 08:36:00+00:00,63897.578125,63897.578125,63909.19140625,63897.578125,63909.1796875,13232128
2026-07-25 08:37:00+00:00,63900.390625,63900.390625,63901.44140625,63897.5703125,63897.578125,0
2026-07-25 08:38:00+00:00,63900.390625,63900.390625,63901.4296875,63900.390625,63900.390625,0
2026-07-25 08:39:00+00:00,63900.3984375,63900.3984375,63900.3984375,63900.390625,63900.390625,0
2026-07-25 08:40:00+00:00,63909.80078125,63909.80078125,63909.80078125,63907.859375,63907.859375,0
2026-07-25 08:41:00+00:00,63915.28125,63915.28125,63917.44140625,63909.80078125,63909.80078125,30707712
2026-07-25 08:42:00+00:00,63919.98828125,63919.98828125,63920.0,63915.2890625,63915.2890625,0
2026-07-25 08:43:00+00:00,63893.69921875,63893.69921875,63919.98828125,63893.69921875,63919.98828125,0
2026-07-25 08:44:00+00:00,63899.55078125,63899.55078125,63899.55078125,63890.37109375,63891.76171875,0
2026-07-25 08:45:00+00:00,63866.44921875,63866.44921875,63899.55078125,63854.6015625,63899.55078125,0
2026-07-25 08:46:00+00:00,63895.66015625,63895.66015625,63895.66015625,63878.2109375,63878.2109375,0
2026-07-25 08:47:00+00:00,63895.66015625,63895.66015625,63895.671875,63895.66015625,63895.66015625,0
2026-07-25 08:48:00+00:00,63873.69140625,63873.69140625,63896.94921875,63864.01953125,63895.66015625,0
2026-07-25 08:49:00+00:00,63810.26953125,63810.26953125,63873.69140625,63800.0,63873.69140625,1013760
2026-07-25 08:50:00+00:00,63811.23046875,63811.23046875,63815.98828125,63811.21875,63811.21875,0
2026-07-25 08:51:00+00:00,63799.421875,63799.421875,63815.46875,63799.421875,63811.21875,26505216
2026-07-25 08:52:00+00:00,63740.640625,63740.640625,63799.4296875,63733.6796875,63799.4296875,0
2026-07-25 08:53:00+00:00,63764.98828125,63764.98828125,63764.98828125,63748.76171875,63748.76171875,0
2026-07-25 08:54:00+00:00,63746.640625,63746.640625,63765.0,63746.640625,63764.98828125,0
2026-07-25 08:55:00+00:00,63764.98828125,63764.98828125,63764.98828125,63743.46875,63748.6484375,13004800
2026-07-25 08:56:00+00:00,63800.8203125,63800.8203125,63826.51171875,63765.171875,63765.171875,0
2026-07-25 08:57:00+00:00,63811.828125,63811.828125,63820.16015625,63807.1796875,63807.1796875,0
2026-07-25 08:58:00+00:00,63775.5,63775.5,63817.44921875,63771.94140625,63811.828125,46206976
2026-07-25 08:59:00+00:00,63806.7109375,63806.7109375,63806.7109375,63779.55078125,63779.55078125,4409344
2026-07-25 09:00:00+00:00,63837.98046875,63837.98046875,63837.98046875,63816.671875,63816.671875,102420480
2026-07-25 09:01:00+00:00,63849.30859375,63849.30859375,63857.0390625,63847.1015625,63847.1015625,3774464
2026-07-25 09:02:00+00:00,63816.828125,63816.828125,63851.05078125,63816.828125,63846.25,0
2026-07-25 09:03:00+00:00,63813.171875,63813.171875,63815.5703125,63813.171875,63815.5703125,159027200
2026-07-25 09:04:00+00:00,63771.01171875,63771.01171875,63811.87890625,63767.58984375,63811.87890625,5560320
2026-07-25 09:05:00+00:00,63769.859375,63769.859375,63793.0703125,63769.859375,63779.83984375,81168384
2026-07-25 09:06:00+00:00,63771.98828125,63771.98828125,63776.0,63771.98828125,63775.98828125,0
2026-07-25 09:07:00+00:00,63779.98828125,63779.98828125,63780.0,63762.12109375,63762.12109375,0
2026-07-25 09:08:00+00:00,63785.98828125,63785.98828125,63785.98828125,63779.98828125,63780.0,0
2026-07-25 09:09:00+00:00,63794.6484375,63794.6484375,63794.6484375,63779.98828125,63785.98828125,15071232
2026-07-25 09:10:00+00:00,63786.62109375,63786.62109375,63807.98046875,63785.33984375,63796.94140625,0
2026-07-25 09:11:00+00:00,63789.78125,63789.78125,63789.7890625,63786.62109375,63786.62109375,9476096
2026-07-25 09:12:00+00:00,63789.78125,63789.78125,63789.7890625,63789.78125,63789.7890625,0
2026-07-25 09:13:00+00:00,63791.26953125,63791.26953125,63791.28125,63789.7890625,63789.7890625,208896
2026-07-25 09:14:00+00:00,63811.8203125,63811.8203125,63811.8203125,63799.23828125,63801.109375,0
2026-07-25 09:15:00+00:00,63822.8203125,63822.8203125,63822.828125,63811.8203125,63811.8203125,0
2026-07-25 09:16:00+00:00,63827.8984375,63827.8984375,63827.8984375,63822.8203125,63822.8203125,0
2026-07-25 09:17:00+00:00,63858.21875,63858.21875,63858.21875,63827.91015625,63827.91015625,0
2026-07-25 09:18:00+00:00,63842.9296875,63842.9296875,63855.98828125,63839.51953125,63855.98828125,32421888
2026-07-25 09:19:00+00:00,63835.6484375,63835.6484375,63844.1484375,63835.6484375,63842.9296875,0
2026-07-25 09:20:00+00:00,63820.1484375,63820.1484375,63831.78125,63817.46875,63831.78125,0
2026-07-25 09:21:00+00:00,63820.48046875,63820.48046875,63820.48046875,63820.1484375,63820.1484375,0
2026-07-25 09:22:00+00:00,63824.66015625,63824.66015625,63826.5,63820.48046875,63820.48046875,0
2026-07-25 09:23:00+00:00,63835.98828125,63835.98828125,63836.0,63824.66015625,63824.66015625,0
2026-07-25 09:24:00+00:00,63866.0,63866.0,63866.0,63835.98828125,63835.98828125,136546304
2026-07-25 09:25:00+00:00,63859.5703125,63859.5703125,63868.98828125,63852.171875,63868.98828125,2172928
2026-07-25 09:26:00+00:00,63859.859375,63859.859375,63859.87109375,63852.1796875,63852.1796875,117102592
2026-07-25 09:27:00+00:00,63867.23046875,63867.23046875,63868.23828125,63858.87890625,63859.859375,0
2026-07-25 09:28:00+00:00,63875.98828125,63875.98828125,63875.98828125,63870.171875,63870.171875,0
2026-07-25 09:29:00+00:00,63875.98828125,63875.98828125,63876.0,63875.98828125,63876.0,7460864
2026-07-25 09:30:00+00:00,63882.078125,63882.078125,63882.078125,63875.98828125,63875.98828125,108544
2026-07-25 09:31:00+00:00,63878.359375,63878.359375,63878.359375,63872.28125,63876.01953125,0
2026-07-25 09:32:00+00:00,63883.359375,63883.359375,63883.359375,63878.359375,63878.359375,0
2026-07-25 09:33:00+00:00,63883.48828125,63883.48828125,63883.48828125,63881.23828125,63883.3515625,0
2026-07-25 09:34:00+00:00,63872.5390625,63872.5390625,63883.48828125,63872.5390625,63883.48828125,0
2026-07-25 09:35:00+00:00,63872.5390625,63872.5390625,63872.55859375,63872.5390625,63872.55859375,0
2026-07-25 09:36:00+00:00,63874.890625,63874.890625,63874.890625,63857.58984375,63872.5390625,89704448
2026-07-25 09:37:00+00:00,63877.7109375,63877.7109375,63877.7109375,63874.87890625,63874.890625,0
2026-07-25 09:38:00+00:00,63883.1484375,63883.1484375,63883.1484375,63877.69921875,63877.69921875,0
2026-07-25 09:39:00+00:00,63862.75,63862.75,63889.69921875,63862.75,63883.1484375,0
2026-07-25 09:40:00+00:00,63872.80859375,63872.80859375,63872.80859375,63860.23046875,63862.73828125,0
2026-07-25 09:41:00+00:00,63874.33984375,63874.33984375,63874.3515625,63874.33984375,63874.33984375,35170304
2026-07-25 09:42:00+00:00,63885.98828125,63885.98828125,63885.98828125,63874.33984375,63874.33984375,0
2026-07-25 09:43:00+00:00,63872.078125,63872.078125,63889.69921875,63868.078125,63889.69921875,0
2026-07-25 09:44:00+00:00,63878.01171875,63878.01171875,63878.01171875,63872.078125,63872.078125,0
2026-07-25 09:45:00+00:00,63885.94921875,63885.94921875,63885.9609375,63878.1796875,63878.1796875,10102784
2026-07-25 09:46:00+00:00,63887.4296875,63887.4296875,63887.44140625,63885.94921875,63885.94921875,235520
2026-07-25 09:47:00+00:00,63911.8203125,63911.8203125,63911.8203125,63887.4296875,63887.4296875,0
2026-07-25 09:48:00+00:00,63901.44140625,63901.44140625,63901.44921875,63901.44140625,63901.44140625,0
2026-07-25 09:49:00+00:00,63898.421875,63898.421875,63904.19921875,63898.41015625,63901.44140625,0
2026-07-25 09:50:00+00:00,63931.48828125,63931.48828125,63931.48828125,63898.41015625,63898.41015625,0
2026-07-25 09:51:00+00:00,63951.390625,63951.390625,63951.3984375,63934.80859375,63934.80859375,94709760
2026-07-25 09:52:00+00:00,63951.76171875,63951.76171875,63963.390625,63951.390625,63951.390625,18733056
2026-07-25 09:53:00+00:00,63949.48046875,63949.48046875,63951.76171875,63946.58984375,63951.76171875,0
2026-07-25 09:54:00+00:00,63932.3984375,63932.3984375,63949.48046875,63932.3984375,63949.48046875,286357504
2026-07-25 09:55:00+00:00,63932.3984375,63932.3984375,63933.2890625,63928.53125,63932.3984375,0
2026-07-25 09:56:00+00:00,63937.26171875,63937.26171875,63947.66015625,63936.26171875,63936.26953125,1613824
2026-07-25 09:57:00+00:00,63928.53125,63928.53125,63936.26953125,63928.53125,63936.26953125,0
2026-07-25 09:58:00+00:00,63929.23046875,63929.23046875,63929.23046875,63928.53125,63928.53125,19259392
2026-07-25 09:59:00+00:00,63940.12890625,63940.12890625,63940.12890625,63929.23046875,63929.23046875,181202944
2026-07-25 10:00:00+00:00,63957.328125,63957.328125,63957.328125,63944.01171875,63947.66015625,0
2026-07-25 10:01:00+00:00,63951.75,63951.75,63962.578125,63951.75,63958.6015625,548864
2026-07-25 10:02:00+00:00,63951.75,63951.75,63951.76171875,63951.75,63951.76171875,0
2026-07-25 10:03:00+00:00,63955.0,63955.0,63962.5703125,63954.62109375,63954.62109375,0
2026-07-25 10:04:00+00:00,63956.26953125,63956.26953125,63956.26953125,63954.98828125,63954.98828125,0
2026-07-25 10:05:00+00:00,63956.26953125,63956.26953125,63956.28125,63956.26953125,63956.26953125,80257024
2026-07-25 10:06:00+00:00,63950.78125,63950.78125,63959.78125,63947.890625,63959.78125,0
2026-07-25 10:07:00+00:00,63948.828125,63948.828125,63950.7890625,63948.828125,63950.78125,0
2026-07-25 10:08:00+00:00,63949.23828125,63949.23828125,63949.23828125,63948.828125,63948.828125,160153600
2026-07-25 10:09:00+00:00,63960.87109375,63960.87109375,63960.87109375,63949.23046875,63949.23046875,0
2026-07-25 10:10:00+00:00,63959.23828125,63959.23828125,63960.87109375,63959.23828125,63960.87109375,0
2026-07-25 10:11:00+00:00,63966.98046875,63966.98046875,63966.98828125,63959.23828125,63959.23828125,0
2026-07-25 10:12:00+00:00,63971.46875,63971.46875,63978.828125,63966.98046875,63966.98828125,0
2026-07-25 10:13:00+00:00,63971.4609375,63971.4609375,63971.46875,63971.4609375,63971.4609375,282302464
2026-07-25 10:14:00+00:00,63978.8203125,63978.8203125,63978.8203125,63971.4609375,63971.4609375,0
2026-07-25 10:15:00+00:00,63978.828125,63978.828125,63978.828125,63978.8203125,63978.828125,0
2026-07-25 10:16:00+00:00,63979.23828125,63979.23828125,63980.48046875,63979.23046875,63979.98828125,0
2026-07-25 10:17:00+00:00,63977.01953125,63977.01953125,63979.23828125,63977.01953125,63979.23828125,0
2026-07-25 10:18:00+00:00,63977.03125,63977.03125,63977.03125,63977.01953125,63977.01953125,0
2026-07-25 10:19:00+00:00,63983.98046875,63983.98046875,63983.98046875,63977.01953125,63977.03125,0
2026-07-25 10:20:00+00:00,63968.98828125,63968.98828125,63983.98046875,63957.171875,63983.98046875,0
2026-07-25 10:21:00+00:00,63968.98046875,63968.98046875,63968.98828125,63968.98046875,63968.98046875,0
2026-07-25 10:22:00+00:00,63960.73828125,63960.73828125,63970.44921875,63960.73046875,63968.98046875,0
2026-07-25 10:23:00+00:00,63966.44140625,63966.44140625,63966.44140625,63960.73046875,63960.73828125,0
2026-07-25 10:24:00+00:00,63966.44140625,63966.44140625,63966.44921875,63966.44140625,63966.44921875,0
2026-07-25 10:25:00+00:00,63967.48046875,63967.48046875,63967.48828125,63966.44140625,63966.44140625,0
2026-07-25 10:26:00+00:00,63976.19140625,63976.19140625,63976.19140625,63967.48046875,63967.48046875,0
2026-07-25 10:27:00+00:00,63968.98046875,63968.98046875,63976.19140625,63968.98046875,63976.19140625,0
2026-07-25 10:28:00+00:00,63968.96875,63968.96875,63968.98046875,63968.96875,63968.96875,0
2026-07-25 10:29:00+00:00,63968.0,63968.0,63968.98046875,63963.37109375,63968.96875,0
2026-07-25 10:30:00+00:00,63963.19140625,63963.19140625,63968.01171875,63962.0,63968.0,0
2026-07-25 10:31:00+00:00,63956.96875,63956.96875,63956.98046875,63956.96875,63956.96875,0
2026-07-25 10:32:00+00:00,63952.78125,63952.78125,63956.98046875,63952.78125,63956.96875,0
2026-07-25 10:33:00+00:00,63951.75,63951.75,63952.7890625,63951.75,63952.7890625,0
2026-07-25 10:34:00+00:00,63944.0,63944.0,63951.75,63929.578125,63951.75,0
2026-07-25 10:35:00+00:00,63927.28125,63927.28125,63952.46875,63925.3984375,63950.328125,0
2026-07-25 10:36:00+00:00,63926.921875,63926.921875,63927.28125,63926.921875,63927.28125,0
2026-07-25 10:37:00+00:00,63928.0,63928.0,63928.0,63924.26171875,63926.91015625,0
2026-07-25 10:38:00+00:00,63939.98828125,63939.98828125,63940.0,63928.0,63928.0,894976
2026-07-25 10:39:00+00:00,63939.98046875,63939.98046875,63939.98828125,63938.51953125,63939.98828125,0
2026-07-25 10:40:00+00:00,63955.30859375,63955.30859375,63955.30859375,63939.98046875,63939.98046875,0
2026-07-25 10:41:00+00:00,63947.578125,63947.578125,63956.98046875,63936.26953125,63955.3203125,7753728
2026-07-25 10:42:00+00:00,63965.828125,63965.828125,63965.828125,63947.578125,63947.58984375,0
2026-07-25 10:43:00+00:00,63956.19921875,63956.19921875,63965.828125,63956.19140625,63965.828125,0
2026-07-25 10:44:00+00:00,63956.19140625,63956.19140625,63956.19921875,63956.19140625,63956.19921875,0
2026-07-25 10:45:00+00:00,63959.08984375,63959.08984375,63959.1015625,63956.19140625,63956.19140625,0
2026-07-25 10:46:00+00:00,63960.9296875,63960.9296875,63960.9296875,63960.0390625,63960.0390625,0
2026-07-25 10:47:00+00:00,63961.19921875,63961.19921875,63961.21875,63961.19921875,63961.19921875,0
2026-07-25 10:48:00+00:00,63969.3515625,63969.3515625,63969.3515625,63961.19921875,63961.19921875,0
2026-07-25 10:49:00+00:00,63968.87890625,63968.87890625,63976.01953125,63968.87890625,63969.3515625,0
2026-07-25 10:50:00+00:00,63960.05078125,63960.05078125,63968.890625,63960.0390625,63968.890625,0
2026-07-25 10:51:00+00:00,63960.05078125,63960.05078125,63960.328125,63960.0390625,63960.0390625,149172224
2026-07-25 10:52:00+00:00,63947.87890625,63947.87890625,63960.05078125,63947.87890625,63960.05078125,0
2026-07-25 10:53:00+00:00,63954.51171875,63954.51171875,63954.51171875,63953.44140625,63953.44140625,0
2026-07-25 10:54:00+00:00,63972.7109375,63972.7109375,63972.7109375,63954.5,63954.51171875,413370368
2026-07-25 10:55:00+00:00,63974.98046875,63974.98046875,63984.80078125,63973.48046875,63973.48046875,0
2026-07-25 10:56:00+00:00,63976.4609375,63976.4609375,63976.4609375,63974.98046875,63974.98046875,0
2026-07-25 10:57:00+00:00,63992.98046875,63992.98046875,63992.98046875,63976.4609375,63976.4609375,0
2026-07-25 10:58:00+00:00,63998.12109375,63998.12109375,63999.9609375,63992.98828125,63992.98828125,0
2026-07-25 10:59:00+00:00,64000.078125,64000.078125,64000.078125,63997.53125,63997.53125,0
2026-07-25 11:00:00+00:00,63982.640625,63982.640625,64000.078125,63982.640625,64000.078125,100220928
2026-07-25 11:01:00+00:00,64007.0703125,64007.0703125,64007.0703125,63982.6484375,63982.6484375,0
2026-07-25 11:02:00+00:00,64015.19921875,64015.19921875,64015.19921875,64007.0703125,64007.0703125,0
2026-07-25 11:03:00+00:00,64002.05859375,64002.05859375,64022.98046875,64002.05859375,64015.19921875,0
2026-07-25 11:04:00+00:00,64016.0,64016.0,64016.0,63998.19140625,64002.05859375,0
2026-07-25 11:05:00+00:00,64024.2890625,64024.2890625,64025.25,64016.0,64016.01171875,0
2026-07-25 11:06:00+00:00,64019.23828125,64019.23828125,64020.26953125,64016.1796875,64017.5390625,0
2026-07-25 11:07:00+00:00,64002.0703125,64002.0703125,64019.23828125,64002.05859375,64019.23828125,0
2026-07-25 11:08:00+00:00,63990.9296875,63990.9296875,64002.05859375,63990.921875,64002.05859375,373901312
2026-07-25 11:09:00+00:00,63989.83984375,63989.83984375,63990.921875,63989.3203125,63990.921875,0
2026-07-25 11:10:00+00:00,63989.83984375,63989.83984375,63989.83984375,63989.83984375,63989.83984375,2967552
2026-07-25 11:11:00+00:00,63986.390625,63986.390625,63988.55859375,63985.359375,63985.359375,0
2026-07-25 11:12:00+00:00,63994.05078125,63994.05078125,63994.05078125,63986.390625,63986.390625,0
2026-07-25 11:13:00+00:00,64006.078125,64006.078125,64007.6484375,63994.05078125,63994.05078125,0
2026-07-25 11:14:00+00:00,64004.73828125,64004.73828125,64006.26171875,64004.73828125,64006.26171875,0
2026-07-25 11:15:00+00:00,63995.1484375,63995.1484375,64004.73828125,63994.328125,64004.73828125,0
2026-07-25 11:16:00+00:00,63995.1484375,63995.1484375,63995.16015625,63995.1484375,63995.1484375,0
2026-07-25 11:17:00+00:00,63999.9609375,63999.9609375,63999.9609375,63995.1484375,63995.1484375,0
2026-07-25 11:18:00+00:00,64013.26953125,64013.26953125,64018.671875,63999.98828125,64000.0,0
2026-07-25 11:19:00+00:00,64012.26171875,64012.26171875,64013.28125,64003.75,64013.28125,0
2026-07-25 11:20:00+00:00,64015.4296875,64015.4296875,64015.4296875,64012.26171875,64012.26953125,0
2026-07-25 11:21:00+00:00,64010.828125,64010.828125,64018.890625,64010.828125,64015.890625,0
2026-07-25 11:22:00+00:00,64010.8203125,64010.8203125,64010.828125,64010.8203125,64010.8203125,0
2026-07-25 11:23:00+00:00,64011.1015625,64011.1015625,64011.1015625,64010.828125,64010.828125,147226624
2026-07-25 11:24:00+00:00,64010.96875,64010.96875,64011.98046875,64009.80078125,64009.80859375,0
2026-07-25 11:25:00+00:00,64005.94140625,64005.94140625,64020.0,64005.9296875,64020.0,172032
2026-07-25 11:26:00+00:00,64007.890625,64007.890625,64007.98046875,64004.58984375,64005.9296875,0
2026-07-25 11:27:00+00:00,64006.87890625,64006.87890625,64009.171875,64006.859375,64007.890625,0
2026-07-25 11:28:00+00:00,64011.55078125,64011.55078125,64011.55078125,64006.921875,64006.921875,0
2026-07-25 11:29:00+00:00,64021.26171875,64021.26171875,64021.26171875,64011.55078125,64011.55078125,24049664
2026-07-25 11:30:00+00:00,64039.48046875,64039.48046875,64039.48046875,64020.71875,64022.98046875,0
2026-07-25 11:31:00+00:00,64043.6484375,64043.6484375,64044.6796875,64039.48828125,64039.48828125,0
2026-07-25 11:32:00+00:00,64039.62890625,64039.62890625,64044.80859375,64039.62890625,64044.69140625,0
2026-07-25 11:33:00+00:00,64039.48046875,64039.48046875,64039.62890625,64039.46875,64039.62890625,0
2026-07-25 11:34:00+00:00,64017.5390625,64017.5390625,64039.48046875,64017.5390625,64039.46875,1767424
2026-07-25 11:35:00+00:00,64016.421875,64016.421875,64016.421875,64009.80078125,64010.51171875,0
2026-07-25 11:36:00+00:00,64016.421875,64016.421875,64016.4296875,64016.421875,64016.421875,0
2026-07-25 11:37:00+00:00,64009.7890625,64009.7890625,64016.421875,64006.76171875,64016.421875,0
2026-07-25 11:38:00+00:00,64007.98828125,64007.98828125,64009.7890625,64006.76171875,64009.7890625,0
2026-07-25 11:39:00+00:00,64009.48046875,64009.48046875,64009.48828125,64008.69921875,64009.48828125,0
2026-07-25 11:40:00+00:00,64014.8203125,64014.8203125,64014.8203125,64009.48046875,64009.48046875,0
2026-07-25 11:41:00+00:00,64005.9296875,64005.9296875,64020.0,64005.9296875,64014.828125,0
2026-07-25 11:42:00+00:00,63987.921875,63987.921875,64005.05859375,63987.921875,64005.05859375,0
2026-07-25 11:43:00+00:00,63992.26171875,63992.26171875,63995.4609375,63986.6484375,63987.921875,179746816
2026-07-25 11:44:00+00:00,63997.80078125,63997.80078125,63997.80078125,63997.7890625,63997.7890625,0
2026-07-25 11:45:00+00:00,63996.78125,63996.78125,63997.7890625,63996.76953125,63997.7890625,52764672
2026-07-25 11:46:00+00:00,63992.5390625,63992.5390625,64000.25,63992.5390625,63996.76953125,0
2026-07-25 11:47:00+00:00,63995.75,63995.75,63995.75,63992.53125,63992.5390625,0
2026-07-25 11:48:00+00:00,64004.140625,64004.140625,64004.140625,63995.75,63995.75,106921984
2026-07-25 11:49:00+00:00,63992.53125,63992.53125,64009.7890625,63992.51171875,64001.3984375,0
2026-07-25 11:50:00+00:00,63998.98828125,63998.98828125,63998.98828125,63992.51953125,63992.53125,0
2026-07-25 11:51:00+00:00,64008.5,64008.5,64008.5,63998.98828125,63998.98828125,0
2026-07-25 11:52:00+00:00,64012.83984375,64012.83984375,64015.44921875,64008.5,64008.5,0
2026-07-25 11:53:00+00:00,64015.44921875,64015.44921875,64015.44921875,64012.83984375,64012.83984375,0
2026-07-25 11:54:00+00:00,64005.98828125,64005.98828125,64017.0,64005.98828125,64015.44921875,532480
2026-07-25 11:55:00+00:00,64012.46875,64012.46875,64012.46875,64006.0,64006.0,0
2026-07-25 11:56:00+00:00,64012.4609375,64012.4609375,64012.51953125,64012.4609375,64012.46875,0
2026-07-25 11:57:00+00:00,64012.46875,64012.46875,64012.46875,64010.1796875,64012.46875,0
2026-07-25 11:58:00+00:00,63994.921875,63994.921875,64012.4609375,63994.921875,64012.4609375,0
2026-07-25 11:59:00+00:00,64005.73046875,64005.73046875,64005.73046875,63994.921875,63994.921875,0
2026-07-25 12:00:00+00:00,63993.23828125,63993.23828125,64008.48046875,63993.08984375,64005.73046875,0
2026-07-25 12:01:00+00:00,63998.03125,63998.03125,63998.03125,63994.0703125,63994.48828125,0
2026-07-25 12:02:00+00:00,64005.37890625,64005.37890625,64005.37890625,63998.0390625,63998.0390625,0
2026-07-25 12:03:00+00:00,64010.1015625,64010.1015625,64010.1015625,64005.37109375,64005.37109375,0
2026-07-25 12:04:00+00:00,64016.98046875,64016.98046875,64016.98828125,64010.3203125,64010.4609375,0
2026-07-25 12:05:00+00:00,64014.1015625,64014.1015625,64016.98828125,64014.1015625,64016.98046875,0
2026-07-25 12:06:00+00:00,64012.80859375,64012.80859375,64014.1015625,64012.80859375,64014.1015625,0
2026-07-25 12:07:00+00:00,64009.578125,64009.578125,64013.01171875,64009.578125,64012.80859375,0
2026-07-25 12:08:00+00:00,64017.30078125,64017.30078125,64017.30859375,64009.578125,64009.578125,0
2026-07-25 12:09:00+00:00,63994.328125,63994.328125,64017.30078125,63994.3203125,64017.30078125,0
2026-07-25 12:10:00+00:00,63996.8984375,63996.8984375,63996.91015625,63994.328125,63994.328125,909312
2026-07-25 12:11:00+00:00,63995.98828125,63995.98828125,63996.0,63995.98828125,63996.0,0
2026-07-25 12:12:00+00:00,63983.48828125,63983.48828125,63996.0,63983.48828125,63995.98828125,0
2026-07-25 12:13:00+00:00,63989.4609375,63989.4609375,63989.46875,63979.6484375,63983.48828125,0
2026-07-25 12:14:00+00:00,63999.1484375,63999.1484375,63999.1484375,63989.4609375,63989.4609375,0
2026-07-25 12:15:00+00:00,63996.94921875,63996.94921875,64005.0,63996.94921875,64005.0,0
2026-07-25 12:16:00+00:00,64002.6796875,64002.6796875,64003.0,63996.94921875,63996.94921875,0
2026-07-25 12:17:00+00:00,64004.98828125,64004.98828125,64004.98828125,64002.671875,64002.671875,0
2026-07-25 12:18:00+00:00,64004.98828125,64004.98828125,64004.98828125,64004.98046875,64004.98046875,8925184
2026-07-25 12:19:00+00:00,64004.96875,64004.96875,64004.98828125,64004.96875,64004.98046875,0
2026-07-25 12:20:00+00:00,63998.69140625,63998.69140625,64001.76171875,63998.671875,64000.0,0
2026-07-25 12:21:00+00:00,63986.578125,63986.578125,63998.69921875,63986.578125,63998.69921875,107442176
2026-07-25 12:22:00+00:00,63978.8515625,63978.8515625,63986.58984375,63978.83984375,63986.58984375,0
2026-07-25 12:23:00+00:00,63975.98828125,63975.98828125,63978.83984375,63975.6484375,63978.83984375,0
2026-07-25 12:24:00+00:00,63977.98046875,63977.98046875,63977.98828125,63975.98828125,63975.98828125,0
2026-07-25 12:25:00+00:00,63995.98046875,63995.98046875,63995.98828125,63977.98046875,63977.98046875,0
2026-07-25 12:26:00+00:00,63995.98828125,63995.98828125,63996.0,63995.98828125,63995.98828125,385024
2026-07-25 12:27:00+00:00,63995.96875,63995.96875,63996.0,63995.96875,63995.98828125,0
2026-07-25 12:28:00+00:00,63987.8984375,63987.8984375,63987.91015625,63987.8984375,63987.8984375,120973312
2026-07-25 12:29:00+00:00,63987.8984375,63987.8984375,63987.91015625,63987.8984375,63987.91015625,0
2026-07-25 12:30:00+00:00,63986.23828125,63986.23828125,63987.91015625,63978.83984375,63987.91015625,0
2026-07-25 12:31:00+00:00,63974.98046875,63974.98046875,63986.25,63974.96875,63986.25,0
2026-07-25 12:32:00+00:00,63974.98828125,63974.98828125,63976.30078125,63974.96875,63974.98046875,0
2026-07-25 12:33:00+00:00,63983.828125,63983.828125,63983.828125,63974.96875,63974.98046875,0
2026-07-25 12:34:00+00:00,64003.87109375,64003.87109375,64003.87109375,63983.33984375,63983.8203125,96256
2026-07-25 12:35:00+00:00,63998.1796875,63998.1796875,64003.87109375,63989.58984375,64003.87109375,1794048
2026-07-25 12:36:00+00:00,63987.0703125,63987.0703125,63998.19140625,63986.58984375,63998.19140625,1119412224
2026-07-25 12:37:00+00:00,63994.23046875,63994.23046875,63994.23046875,63986.58984375,63987.0703125,0
2026-07-25 12:38:00+00:00,64013.890625,64013.890625,64020.0,64002.94921875,64003.87109375,0
2026-07-25 12:39:00+00:00,64020.19140625,64020.19140625,64020.19140625,64007.6015625,64012.46875,0
2026-07-25 12:40:00+00:00,64023.73046875,64023.73046875,64023.73046875,64017.98828125,64022.8984375,0
2026-07-25 12:41:00+00:00,64019.8984375,64019.8984375,64032.359375,64019.8984375,64023.23828125,3520512
2026-07-25 12:42:00+00:00,64019.98046875,64019.98046875,64019.98046875,64019.8984375,64019.8984375,0
2026-07-25 12:43:00+00:00,64033.578125,64033.578125,64033.578125,64029.140625,64029.140625,0
2026-07-25 12:44:00+00:00,64034.98046875,64034.98046875,64034.98046875,64031.9609375,64033.5703125,0
2026-07-25 12:45:00+00:00,64033.5703125,64033.5703125,64034.98828125,64033.5703125,64034.98046875,0
2026-07-25 12:46:00+00:00,64037.8203125,64037.8203125,64037.8203125,64031.94921875,64033.578125,0
2026-07-25 12:47:00+00:00,64051.0,64051.0,64051.01171875,64037.8203125,64037.8203125,0
2026-07-25 12:48:00+00:00,64038.01171875,64038.01171875,64054.4609375,64038.01171875,64052.41015625,0
2026-07-25 12:49:00+00:00,64034.98828125,64034.98828125,64035.83984375,64034.98828125,64035.83984375,1724416
2026-07-25 12:50:00+00:00,64035.921875,64035.921875,64035.98046875,64034.98828125,64034.98828125,0
2026-07-25 12:51:00+00:00,64040.73046875,64040.73046875,64040.73046875,64035.921875,64035.921875,0
2026-07-25 12:52:00+00:00,64040.73046875,64040.73046875,64040.73828125,64040.73046875,64040.73828125,0
2026-07-25 12:53:00+00:00,64036.98046875,64036.98046875,64040.73046875,64036.98046875,64040.73046875,0
2026-07-25 12:54:00+00:00,64046.0390625,64046.0390625,64048.28125,64035.9296875,64036.98046875,0
2026-07-25 12:55:00+00:00,64040.76171875,64040.76171875,64050.0,64040.76171875,64046.05078125,0
2026-07-25 12:56:00+00:00,64049.37109375,64049.37109375,64049.37109375,64040.76171875,64040.76171875,0
2026-07-25 12:57:00+00:00,64049.37890625,64049.37890625,64049.37890625,64049.37109375,64049.37109375,0
2026-07-25 12:58:00+00:00,64049.98828125,64049.98828125,64049.98828125,64048.078125,64049.37890625,0
2026-07-25 12:59:00+00:00,64055.98046875,64055.98046875,64055.98046875,64049.98828125,64049.98828125,0
2026-07-25 13:00:00+00:00,64048.078125,64048.078125,64055.98828125,64048.078125,64055.98828125,0
2026-07-25 13:01:00+00:00,64047.390625,64047.390625,64048.08984375,64047.37890625,64048.08984375,0
2026-07-25 13:02:00+00:00,64057.5390625,64057.5390625,64057.91015625,64047.37890625,64047.37890625,0
2026-07-25 13:03:00+00:00,64069.01953125,64069.01953125,64069.01953125,64055.48046875,64055.48046875,0
2026-07-25 13:04:00+00:00,64063.328125,64063.328125,64064.62109375,64057.1015625,64057.1015625,0
2026-07-25 13:05:00+00:00,64054.1015625,64054.1015625,64063.328125,64054.1015625,64063.328125,0
2026-07-25 13:06:00+00:00,64054.1015625,64054.1015625,64054.1015625,64054.08984375,64054.1015625,0
2026-07-25 13:07:00+00:00,64063.0703125,64063.0703125,64063.078125,64054.21875,64054.21875,0
2026-07-25 13:08:00+00:00,64059.421875,64059.421875,64066.30859375,64059.421875,64066.30859375,0
2026-07-25 13:09:00+00:00,64067.25,64067.25,64067.25,64064.01953125,64064.01953125,0
2026-07-25 13:10:00+00:00,64062.609375,64062.609375,64067.8515625,64062.6015625,64067.8515625,0
2026-07-25 13:11:00+00:00,64069.01953125,64069.01953125,64069.01953125,64062.6015625,64062.609375,0
2026-07-25 13:12:00+00:00,64073.76171875,64073.76171875,64073.76171875,64069.98046875,64069.98046875,0
2026-07-25 13:13:00+00:00,64067.6484375,64067.6484375,64073.76171875,64067.6484375,64073.75,0
2026-07-25 13:14:00+00:00,64062.83984375,64062.83984375,64067.66015625,64062.83984375,64067.66015625,0
2026-07-25 13:15:00+00:00,64067.6484375,64067.6484375,64067.66015625,64062.8515625,64062.8515625,0
2026-07-25 13:16:00+00:00,64072.08984375,64072.08984375,64075.30859375,64067.6484375,64067.66015625,0
2026-07-25 13:17:00+00:00,64062.83984375,64062.83984375,64072.1015625,64062.83984375,64072.1015625,0
2026-07-25 13:18:00+00:00,64061.25,64061.25,64061.26171875,64061.25,64061.25,0
2026-07-25 13:19:00+00:00,64044.30078125,64044.30078125,64061.26171875,64044.30078125,64061.26171875,0
2026-07-25 13:20:00+00:00,64054.8515625,64054.8515625,64054.8515625,64044.30078125,64044.30078125,0
2026-07-25 13:21:00+00:00,64052.8203125,64052.8203125,64054.8515625,64052.80859375,64054.83984375,258304000
2026-07-25 13:22:00+00:00,64060.1015625,64060.1015625,64060.1015625,64052.80859375,64052.80859375,0
2026-07-25 13:23:00+00:00,64065.05078125,64065.05078125,64067.94140625,64063.96875,64063.98046875,0
2026-07-25 13:24:00+00:00,64065.05078125,64065.05078125,64065.05859375,64061.37109375,64065.05078125,54495232
2026-07-25 13:25:00+00:00,64067.91015625,64067.91015625,64067.9296875,64065.05078125,64065.05078125,0
2026-07-25 13:26:00+00:00,64073.0390625,64073.0390625,64075.51171875,64072.0,64075.30859375,0
2026-07-25 13:27:00+00:00,64067.12109375,64067.12109375,64073.05078125,64064.0,64073.0390625,0
2026-07-25 13:28:00+00:00,64070.98046875,64070.98046875,64070.98828125,64067.12109375,64067.12109375,0
2026-07-25 13:29:00+00:00,64065.87890625,64065.87890625,64071.44140625,64065.87890625,64070.98046875,0
2026-07-25 13:30:00+00:00,64069.96875,64069.96875,64072.26171875,64067.1796875,64067.1796875,0
2026-07-25 13:31:00+00:00,64074.98828125,64074.98828125,64074.98828125,64069.9609375,64069.9609375,0
2026-07-25 13:32:00+00:00,64072.48046875,64072.48046875,64074.8515625,64068.80859375,64073.69921875,0
2026-07-25 13:33:00+00:00,64056.23828125,64056.23828125,64072.48828125,64056.23828125,64072.48828125,0
2026-07-25 13:34:00+00:00,64067.8515625,64067.8515625,64067.8515625,64057.828125,64057.828125,253515776
2026-07-25 13:35:00+00:00,64071.1796875,64071.1796875,64072.46875,64071.1796875,64071.6796875,0
2026-07-25 13:36:00+00:00,64071.19921875,64071.19921875,64071.98828125,64071.1796875,64071.1796875,0
2026-07-25 13:37:00+00:00,64072.48046875,64072.48046875,64072.48828125,64071.19921875,64071.19921875,0
2026-07-25 13:38:00+00:00,64075.48828125,64075.48828125,64075.48828125,64072.48046875,64072.48046875,0
2026-07-25 13:39:00+00:00,64081.16015625,64081.16015625,64088.28125,64076.96875,64076.96875,0
2026-07-25 13:40:00+00:00,64113.98828125,64113.98828125,64113.98828125,64088.359375,64088.359375,0
2026-07-25 13:41:00+00:00,64123.98828125,64123.98828125,64129.0703125,64113.98828125,64113.98828125,0
2026-07-25 13:42:00+00:00,64118.3515625,64118.3515625,64123.98828125,64106.55859375,64123.98828125,0
2026-07-25 13:43:00+00:00,64130.71875,64130.71875,64131.7890625,64118.3515625,64118.359375,0
2026-07-25 13:44:00+00:00,64137.98828125,64137.98828125,64137.98828125,64134.5703125,64134.5703125,0
2026-07-25 13:45:00+00:00,64160.73828125,64160.73828125,64169.2890625,64137.98828125,64137.98828125,114585600
2026-07-25 13:46:00+00:00,64180.08984375,64180.08984375,64182.94921875,64161.0390625,64161.0390625,0
2026-07-25 13:47:00+00:00,64164.73046875,64164.73046875,64180.44140625,64152.98828125,64180.078125,0
2026-07-25 13:48:00+00:00,64169.0703125,64169.0703125,64178.73828125,64169.0703125,64170.640625,0
2026-07-25 13:49:00+00:00,64175.30078125,64175.30078125,64197.859375,64168.078125,64169.078125,0
2026-07-25 13:50:00+00:00,64170.83984375,64170.83984375,64175.30859375,64170.83984375,64175.30078125,0
2026-07-25 13:51:00+00:00,64152.98828125,64152.98828125,64170.8515625,64152.98828125,64170.8515625,0
2026-07-25 13:52:00+00:00,64147.109375,64147.109375,64158.94921875,64146.01171875,64149.12109375,0
2026-07-25 13:53:00+00:00,64137.12109375,64137.12109375,64147.109375,64118.609375,64147.109375,7041024
2026-07-25 13:54:00+00:00,64120.0,64120.0,64131.5,64120.0,64131.5,0
2026-07-25 13:55:00+00:00,64120.0,64120.0,64120.01171875,64120.0,64120.0,0
2026-07-25 13:56:00+00:00,64085.9609375,64085.9609375,64115.19140625,64079.98828125,64115.19140625,0
2026-07-25 13:57:00+00:00,64085.62890625,64085.62890625,64085.96875,64083.96875,64085.9609375,0
2026-07-25 13:58:00+00:00,64088.6484375,64088.6484375,64088.6484375,64085.62890625,64085.62890625,0
2026-07-25 13:59:00+00:00,64103.890625,64103.890625,64116.0,64088.6484375,64088.6484375,0
2026-07-25 14:00:00+00:00,64087.37109375,64087.37109375,64103.890625,64076.3203125,64103.890625,0
2026-07-25 14:01:00+00:00,64057.26953125,64057.26953125,64067.7109375,64056.609375,64056.609375,0
2026-07-25 14:02:00+00:00,64065.98828125,64065.98828125,64070.98046875,64059.98828125,64059.98828125,0
2026-07-25 14:03:00+00:00,64068.5390625,64068.5390625,64068.5390625,64065.98828125,64065.98828125,33380352
2026-07-25 14:04:00+00:00,64065.23828125,64065.23828125,64068.55078125,64065.23046875,64068.5390625,0
2026-07-25 14:05:00+00:00,64097.5390625,64097.5390625,64098.80859375,64065.23046875,64065.23046875,0
2026-07-25 14:06:00+00:00,64091.8515625,64091.8515625,64094.98046875,64091.8515625,64094.98046875,0
2026-07-25 14:07:00+00:00,64088.8984375,64088.8984375,64091.859375,64072.98046875,64091.859375,0
2026-07-25 14:08:00+00:00,64099.98828125,64099.98828125,64099.98828125,64088.8984375,64088.8984375,0
2026-07-25 14:09:00+00:00,64113.55078125,64113.55078125,64113.55078125,64101.98828125,64101.98828125,0
2026-07-25 14:10:00+00:00,64102.69140625,64102.69140625,64117.41015625,64102.69140625,64113.55078125,0
2026-07-25 14:11:00+00:00,64090.41015625,64090.41015625,64096.26953125,64082.859375,64096.26953125,0
2026-07-25 14:12:00+00:00,64092.98828125,64092.98828125,64092.98828125,64090.41015625,64090.41015625,0
2026-07-25 14:13:00+00:00,64094.98828125,64094.98828125,64095.0,64092.98828125,64092.98828125,170901504
2026-07-25 14:14:00+00:00,64115.8515625,64115.8515625,64115.8515625,64094.98828125,64094.98828125,0
2026-07-25 14:15:00+00:00,64118.5,64118.5,64123.3984375,64114.3203125,64115.8515625,0
2026-07-25 14:16:00+00:00,64114.23828125,64114.23828125,64114.23828125,64110.4296875,64110.4296875,0
2026-07-25 14:17:00+00:00,64105.30078125,64105.30078125,64114.23828125,64104.01171875,64114.23828125,0
2026-07-25 14:18:00+00:00,64102.46875,64102.46875,64105.5,64099.69921875,64105.30078125,280643584
2026-07-25 14:19:00+00:00,64105.0,64105.0,64105.0,64094.94140625,64101.1484375,0
2026-07-25 14:20:00+00:00,64093.94921875,64093.94921875,64105.5,64093.94140625,64105.5,0
2026-07-25 14:21:00+00:00,64090.5703125,64090.5703125,64091.41015625,64090.1796875,64091.41015625,0
2026-07-25 14:22:00+00:00,64079.87109375,64079.87109375,64090.55859375,64074.828125,64090.55859375,0
2026-07-25 14:23:00+00:00,64081.4609375,64081.4609375,64081.4609375,64071.05078125,64079.859375,0
2026-07-25 14:24:00+00:00,64089.80859375,64089.80859375,64089.80859375,64081.4609375,64081.4609375,0
2026-07-25 14:25:00+00:00,64091.98828125,64091.98828125,64092.0,64089.80078125,64089.80078125,0
2026-07-25 14:26:00+00:00,64083.328125,64083.328125,64092.0,64083.328125,64091.98828125,0
2026-07-25 14:27:00+00:00,64091.94140625,64091.94140625,64091.94140625,64083.328125,64083.328125,0
2026-07-25 14:28:00+00:00,64104.76171875,64104.76171875,64104.76171875,64088.25,64088.25,0
2026-07-25 14:29:00+00:00,64104.76171875,64104.76171875,64104.76953125,64104.76171875,64104.76171875,0
2026-07-25 14:30:00+00:00,64104.76171875,64104.76171875,64104.76171875,64104.76171875,64104.76171875,0
2026-07-25 14:31:00+00:00,64113.359375,64113.359375,64113.359375,64104.76171875,64104.76171875,0
2026-07-25 14:32:00+00:00,64107.98828125,64107.98828125,64113.359375,64107.05078125,64113.359375,0
2026-07-25 14:33:00+00:00,64104.80859375,64104.80859375,64110.0,64104.80078125,64109.26171875,0
2026-07-25 14:34:00+00:00,64106.44921875,64106.44921875,64118.0,64104.80078125,64104.80078125,0
2026-07-25 14:35:00+00:00,64108.16015625,64108.16015625,64108.16015625,64106.44921875,64106.44921875,0
2026-07-25 14:36:00+00:00,64128.3984375,64128.3984375,64135.46875,64114.8984375,64115.78125,0
2026-07-25 14:37:00+00:00,64125.8984375,64125.8984375,64132.23828125,64125.8984375,64128.3984375,0
2026-07-25 14:38:00+00:00,64129.05859375,64129.05859375,64132.23828125,64119.25,64125.8984375,0
2026-07-25 14:39:00+00:00,64123.73828125,64123.73828125,64132.21875,64123.73828125,64129.05859375,0
2026-07-25 14:40:00+00:00,64132.21875,64132.21875,64132.23046875,64123.73828125,64123.73828125,0
2026-07-25 14:41:00+00:00,64132.25,64132.25,64132.25,64132.21875,64132.21875,0
2026-07-25 14:42:00+00:00,64113.53125,64113.53125,64124.0703125,64113.53125,64124.0703125,0
2026-07-25 14:43:00+00:00,64111.578125,64111.578125,64113.53125,64110.421875,64113.53125,0
2026-07-25 14:44:00+00:00,64129.76171875,64129.76171875,64129.76171875,64111.5703125,64111.5703125,0
2026-07-25 14:45:00+00:00,64123.30859375,64123.30859375,64132.0,64122.03125,64132.0,0
2026-07-25 14:46:00+00:00,64113.609375,64113.609375,64123.3203125,64109.48828125,64123.3203125,0
2026-07-25 14:47:00+00:00,64116.0,64116.0,64116.0,64114.73828125,64114.75,0
2026-07-25 14:48:00+00:00,64118.1484375,64118.1484375,64125.16015625,64115.98828125,64116.0,0
2026-07-25 14:49:00+00:00,64110.75,64110.75,64118.1484375,64109.48046875,64118.1484375,0
2026-07-25 14:50:00+00:00,64109.48046875,64109.48046875,64114.46875,64109.48046875,64110.75,0
2026-07-25 14:51:00+00:00,64108.1796875,64108.1796875,64109.48828125,64108.171875,64109.48828125,0
2026-07-25 14:52:00+00:00,64125.87890625,64125.87890625,64125.87890625,64108.171875,64108.1796875,0
2026-07-25 14:53:00+00:00,64142.73828125,64142.73828125,64142.73828125,64125.87109375,64125.87109375,0
2026-07-25 14:54:00+00:00,64142.73828125,64142.73828125,64142.75,64142.73828125,64142.75,0
2026-07-25 14:55:00+00:00,64147.3203125,64147.3203125,64149.0,64144.0390625,64144.0390625,0
2026-07-25 14:56:00+00:00,64144.03125,64144.03125,64148.98828125,64144.03125,64148.98046875,0
2026-07-25 14:57:00+00:00,64152.62109375,64152.62109375,64153.5,64144.03125,64144.03125,0
2026-07-25 14:58:00+00:00,64149.0703125,64149.0703125,64149.53125,64145.7109375,64145.7109375,30734336
2026-07-25 14:59:00+00:00,64149.078125,64149.078125,64149.078125,64149.0703125,64149.078125,0
2026-07-25 15:00:00+00:00,64128.83984375,64128.83984375,64145.26171875,64128.83984375,64145.25,0
2026-07-25 15:01:00+00:00,64141.3515625,64141.3515625,64141.3515625,64126.0703125,64128.828125,0
2026-07-25 15:02:00+00:00,64122.03125,64122.03125,64141.359375,64122.03125,64141.359375,0
2026-07-25 15:03:00+00:00,64123.2890625,64123.2890625,64123.2890625,64122.03125,64122.03125,0
2026-07-25 15:04:00+00:00,64129.48046875,64129.48046875,64129.48046875,64123.2890625,64123.2890625,1212416
2026-07-25 15:05:00+00:00,64135.28125,64135.28125,64135.41015625,64127.8515625,64135.41015625,0
2026-07-25 15:06:00+00:00,64163.5,64163.5,64163.5,64137.51171875,64137.51171875,0
2026-07-25 15:07:00+00:00,64154.671875,64154.671875,64164.78125,64151.75,64164.78125,0
2026-07-25 15:08:00+00:00,64150.4296875,64150.4296875,64159.73828125,64145.25,64157.5390625,0
2026-07-25 15:09:00+00:00,64161.33984375,64161.33984375,64161.3515625,64148.5390625,64150.4296875,0
2026-07-25 15:10:00+00:00,64165.46875,64165.46875,64169.3203125,64162.75,64162.76171875,0
2026-07-25 15:11:00+00:00,64162.75,64162.75,64165.46875,64162.75,64165.46875,0
2026-07-25 15:12:00+00:00,64188.55859375,64188.55859375,64190.0,64162.75,64162.75,0
2026-07-25 15:13:00+00:00,64197.9609375,64197.9609375,64197.96875,64190.94921875,64190.94921875,0
2026-07-25 15:14:00+00:00,64170.0390625,64170.0390625,64199.140625,64170.0390625,64197.96875,0
2026-07-25 15:15:00+00:00,64198.0,64198.0,64199.12890625,64187.4296875,64187.4296875,0
2026-07-25 15:16:00+00:00,64197.26171875,64197.26171875,64214.421875,64197.25,64197.25,0
2026-07-25 15:17:00+00:00,64189.2109375,64189.2109375,64197.26171875,64174.51171875,64197.26171875,0
2026-07-25 15:18:00+00:00,64171.078125,64171.078125,64189.21875,64171.078125,64189.2109375,0
2026-07-25 15:19:00+00:00,64188.76953125,64188.76953125,64188.76953125,64170.0,64170.01171875,0
2026-07-25 15:20:00+00:00,64200.73046875,64200.73046875,64209.94921875,64192.8203125,64192.8203125,0
2026-07-25 15:21:00+00:00,64169.25,64169.25,64200.71875,64168.46875,64200.71875,0
2026-07-25 15:22:00+00:00,64177.19921875,64177.19921875,64183.03125,64169.23828125,64169.25,0
2026-07-25 15:23:00+00:00,64161.2109375,64161.2109375,64178.6015625,64158.46875,64177.19921875,0
2026-07-25 15:24:00+00:00,64163.578125,64163.578125,64163.578125,64159.890625,64161.21875,0
2026-07-25 15:25:00+00:00,64150.6484375,64150.6484375,64163.58984375,64150.6484375,64163.58984375,0
2026-07-25 15:26:00+00:00,64150.28125,64150.28125,64150.6484375,64150.28125,64150.6484375,0
2026-07-25 15:27:00+00:00,64132.1484375,64132.1484375,64150.28125,64128.98828125,64150.28125,0
2026-07-25 15:28:00+00:00,64143.98828125,64143.98828125,64143.98828125,64142.46875,64142.46875,0
2026-07-25 15:29:00+00:00,64142.05078125,64142.05078125,64143.98828125,64142.05078125,64143.98828125,0
2026-07-25 15:30:00+00:00,64129.78125,64129.78125,64142.05859375,64129.76953125,64142.05078125,95623168
2026-07-25 15:31:00+00:00,64123.98828125,64123.98828125,64128.98828125,64123.2890625,64128.98828125,0
2026-07-25 15:32:00+00:00,64123.53125,64123.53125,64123.98828125,64120.76171875,64123.98828125,0
2026-07-25 15:33:00+00:00,64121.2109375,64121.2109375,64130.51953125,64121.2109375,64123.53125,0
2026-07-25 15:34:00+00:00,64119.921875,64119.921875,64121.21875,64119.921875,64121.21875,0
2026-07-25 15:35:00+00:00,64143.98828125,64143.98828125,64143.98828125,64127.05078125,64127.05078125,0
2026-07-25 15:36:00+00:00,64159.94921875,64159.94921875,64159.94921875,64147.1796875,64148.7890625,0
2026-07-25 15:37:00+00:00,64150.83984375,64150.83984375,64162.78125,64150.83984375,64159.9609375,0
2026-07-25 15:38:00+00:00,64174.87890625,64174.87890625,64174.890625,64150.828125,64150.828125,0
2026-07-25 15:39:00+00:00,64175.26171875,64175.26171875,64175.26171875,64154.19140625,64156.859375,0
2026-07-25 15:40:00+00:00,64169.2109375,64169.2109375,64175.25,64161.98828125,64175.25,0
2026-07-25 15:41:00+00:00,64155.1796875,64155.1796875,64169.19921875,64155.1796875,64169.19921875,0
2026-07-25 15:42:00+00:00,64159.4296875,64159.4296875,64159.4296875,64155.1796875,64155.1796875,0
2026-07-25 15:43:00+00:00,64150.0,64150.0,64166.171875,64150.0,64159.4296875,0
2026-07-25 15:44:00+00:00,64152.4296875,64152.4296875,64159.98828125,64150.0,64150.0,0
2026-07-25 15:45:00+00:00,64165.01171875,64165.01171875,64165.01171875,64152.4296875,64152.4296875,0
2026-07-25 15:46:00+00:00,64150.01171875,64150.01171875,64165.01171875,64150.0,64165.01171875,0
2026-07-25 15:47:00+00:00,64150.0,64150.0,64150.01171875,64150.0,64150.0,0
2026-07-25 15:48:00+00:00,64145.25,64145.25,64150.01171875,64137.51953125,64150.0,0
2026-07-25 15:49:00+00:00,64130.828125,64130.828125,64145.25,64130.828125,64145.25,0
2026-07-25 15:50:00+00:00,64119.80078125,64119.80078125,64130.828125,64119.7890625,64130.828125,0
2026-07-25 15:51:00+00:00,64129.30078125,64129.30078125,64129.30078125,64119.7890625,64119.7890625,0
2026-07-25 15:52:00+00:00,64129.98828125,64129.98828125,64133.640625,64129.2890625,64129.2890625,0
2026-07-25 15:53:00+00:00,64121.71875,64121.71875,64127.48046875,64121.7109375,64127.48046875,0
2026-07-25 15:54:00+00:00,64119.80078125,64119.80078125,64123.83984375,64119.7890625,64121.7109375,109833216
2026-07-25 15:55:00+00:00,64127.1796875,64127.1796875,64127.1796875,64108.0,64119.7890625,0
2026-07-25 15:56:00+00:00,64121.921875,64121.921875,64127.19140625,64121.171875,64127.19140625,0
2026-07-25 15:57:00+00:00,64117.3984375,64117.3984375,64121.9296875,64114.2890625,64121.9296875,0
2026-07-25 15:58:00+00:00,64116.421875,64116.421875,64117.41015625,64116.41015625,64117.41015625,0
2026-07-25 15:59:00+00:00,64117.69921875,64117.69921875,64117.69921875,64116.41015625,64116.41015625,0
2026-07-25 16:00:00+00:00,64126.828125,64126.828125,64127.1796875,64125.921875,64127.1796875,26237952
2026-07-25 16:01:00+00:00,64147.91015625,64147.91015625,64147.91015625,64126.828125,64126.828125,0
2026-07-25 16:02:00+00:00,64146.640625,64146.640625,64147.91015625,64145.03125,64147.91015625,0
2026-07-25 16:03:00+00:00,64128.75,64128.75,64146.6484375,64128.75,64146.640625,0
2026-07-25 16:04:00+00:00,64124.828125,64124.828125,64126.66015625,64123.328125,64126.66015625,0
2026-07-25 16:05:00+00:00,64127.37109375,64127.37109375,64127.80859375,64124.828125,64124.828125,0
2026-07-25 16:06:00+00:00,64139.98046875,64139.98046875,64139.98046875,64119.98828125,64126.51953125,0
2026-07-25 16:07:00+00:00,64111.609375,64111.609375,64141.01171875,64111.609375,64139.98046875,0
2026-07-25 16:08:00+00:00,64102.69140625,64102.69140625,64111.62109375,64102.69140625,64110.421875,0
2026-07-25 16:09:00+00:00,64088.7109375,64088.7109375,64102.69921875,64088.7109375,64102.69921875,0
2026-07-25 16:10:00+00:00,64101.98828125,64101.98828125,64102.0,64088.7109375,64088.7109375,0
2026-07-25 16:11:00+00:00,64112.4296875,64112.4296875,64112.44140625,64096.08984375,64102.5390625,0
2026-07-25 16:12:00+00:00,64119.1484375,64119.1484375,64119.1484375,64117.859375,64117.87109375,0
2026-07-25 16:13:00+00:00,64132.25,64132.25,64132.25,64119.140625,64119.140625,0
2026-07-25 16:14:00+00:00,64149.05859375,64149.05859375,64149.0703125,64132.21875,64132.21875,0
2026-07-25 16:15:00+00:00,64136.3515625,64136.3515625,64149.05859375,64134.0,64149.05859375,87961600
2026-07-25 16:16:00+00:00,64132.55859375,64132.55859375,64134.03125,64132.55078125,64134.03125,0
2026-07-25 16:17:00+00:00,64114.2890625,64114.2890625,64135.8515625,64114.2890625,64135.2890625,0
2026-07-25 16:18:00+00:00,64123.171875,64123.171875,64125.8984375,64119.41015625,64119.41015625,0
2026-07-25 16:19:00+00:00,64110.87109375,64110.87109375,64115.73046875,64110.87109375,64115.73046875,0
2026-07-25 16:20:00+00:00,64101.73046875,64101.73046875,64110.87109375,64100.01171875,64110.87109375,0
2026-07-25 16:21:00+00:00,64107.01171875,64107.01171875,64114.28125,64107.01171875,64110.41015625,0
2026-07-25 16:22:00+00:00,64094.01171875,64094.01171875,64107.01171875,64094.0,64107.01171875,0
2026-07-25 16:23:00+00:00,64084.1796875,64084.1796875,64084.19140625,64078.75,64080.1796875,0
2026-07-25 16:24:00+00:00,64069.98828125,64069.98828125,64084.80078125,64069.98828125,64084.7890625,0
2026-07-25 16:25:00+00:00,64063.87890625,64063.87890625,64063.890625,64056.91015625,64060.109375,0
2026-07-25 16:26:00+00:00,64062.51171875,64062.51171875,64065.7109375,64062.51171875,64065.7109375,0
2026-07-25 16:27:00+00:00,64077.7109375,64077.7109375,64077.7109375,64068.1796875,64068.1796875,0
2026-07-25 16:28:00+00:00,64079.0390625,64079.0390625,64082.08984375,64079.03125,64082.08984375,0
2026-07-25 16:29:00+00:00,64081.33984375,64081.33984375,64081.33984375,64071.98046875,64079.0390625,0
2026-07-25 16:30:00+00:00,64088.12890625,64088.12890625,64091.0390625,64081.328125,64081.33984375,109700096
2026-07-25 16:31:00+00:00,64075.12890625,64075.12890625,64088.12109375,64075.12890625,64088.109375,0
2026-07-25 16:32:00+00:00,64099.4609375,64099.4609375,64099.46875,64087.0703125,64087.0703125,0
2026-07-25 16:33:00+00:00,64118.1484375,64118.1484375,64118.16015625,64099.4609375,64099.4609375,0
2026-07-25 16:34:00+00:00,64122.5,64122.5,64122.5,64102.828125,64106.6796875,0
2026-07-25 16:35:00+00:00,64127.98046875,64127.98046875,64127.98046875,64122.48828125,64122.48828125,0
2026-07-25 16:36:00+00:00,64130.4296875,64130.4296875,64130.4296875,64127.98046875,64127.98828125,0
2026-07-25 16:37:00+00:00,64139.109375,64139.109375,64139.109375,64132.98046875,64132.98828125,0
2026-07-25 16:38:00+00:00,64121.0390625,64121.0390625,64139.109375,64121.03125,64139.109375,0
2026-07-25 16:39:00+00:00,64132.94921875,64132.94921875,64132.9609375,64121.0390625,64121.0390625,0
2026-07-25 16:40:00+00:00,64138.37109375,64138.37109375,64138.37109375,64130.05859375,64132.94921875,0
2026-07-25 16:41:00+00:00,64145.25,64145.25,64145.25,64134.6484375,64138.37109375,0
2026-07-25 16:42:00+00:00,64142.8515625,64142.8515625,64143.94140625,64139.19140625,64139.19140625,0
2026-07-25 16:43:00+00:00,64142.76171875,64142.76171875,64143.421875,64142.75,64143.41015625,0
2026-07-25 16:44:00+00:00,64143.01171875,64143.01171875,64143.01171875,64142.75,64142.75,6786048
2026-07-25 16:45:00+00:00,64144.62109375,64144.62109375,64144.62109375,64142.671875,64142.6796875,0
2026-07-25 16:46:00+00:00,64150.078125,64150.078125,64150.078125,64139.12109375,64144.609375,0
2026-07-25 16:47:00+00:00,64172.30859375,64172.30859375,64172.30859375,64148.0390625,64148.0390625,0
2026-07-25 16:48:00+00:00,64161.0703125,64161.0703125,64179.62890625,64161.0703125,64174.48828125,0
2026-07-25 16:49:00+00:00,64166.0,64166.0,64177.9609375,64164.75,64172.328125,0
2026-07-25 16:50:00+00:00,64161.05859375,64161.05859375,64166.0,64161.05859375,64166.0,0
2026-07-25 16:51:00+00:00,64141.37890625,64141.37890625,64161.05859375,64141.37890625,64161.05859375,52671488
2026-07-25 16:52:00+00:00,64145.48828125,64145.48828125,64152.2109375,64137.51171875,64137.51171875,0
2026-07-25 16:53:00+00:00,64146.0,64146.0,64146.0,64141.37890625,64145.25,190367744
2026-07-25 16:54:00+00:00,64145.98828125,64145.98828125,64146.0,64144.51171875,64144.51171875,0
2026-07-25 16:55:00+00:00,64126.6796875,64126.6796875,64145.98828125,64125.91015625,64145.98828125,0
2026-07-25 16:56:00+00:00,64126.7109375,64126.7109375,64126.71875,64126.171875,64126.7109375,0
2026-07-25 16:57:00+00:00,64146.48046875,64146.48046875,64147.58984375,64134.01171875,64134.01171875,0
2026-07-25 16:58:00+00:00,64148.140625,64148.140625,64152.98046875,64146.2109375,64152.98046875,0
2026-07-25 16:59:00+00:00,64151.30859375,64151.30859375,64151.30859375,64146.26171875,64150.96875,0
2026-07-25 17:00:00+00:00,64144.7109375,64144.7109375,64151.3203125,64142.0,64151.3203125,0
2026-07-25 17:01:00+00:00,64145.33984375,64145.33984375,64150.421875,64143.55078125,64144.69921875,0
2026-07-25 17:02:00+00:00,64159.0,64159.0,64159.0,64144.12890625,64145.4296875,0
2026-07-25 17:03:00+00:00,64172.30078125,64172.30078125,64172.30859375,64159.0,64159.0,0
2026-07-25 17:04:00+00:00,64175.94921875,64175.94921875,64178.328125,64172.328125,64172.328125,0
2026-07-25 17:05:00+00:00,64177.0703125,64177.0703125,64177.98828125,64175.19140625,64175.94140625,0
2026-07-25 17:06:00+00:00,64163.3203125,64163.3203125,64177.2890625,64163.3203125,64177.05859375,0
2026-07-25 17:07:00+00:00,64165.0703125,64165.0703125,64165.0703125,64163.98828125,64164.0,0
2026-07-25 17:08:00+00:00,64158.98828125,64158.98828125,64165.078125,64158.98828125,64165.078125,0
2026-07-25 17:09:00+00:00,64159.26171875,64159.26171875,64163.51171875,64157.0703125,64163.51171875,0
2026-07-25 17:10:00+00:00,64161.80859375,64161.80859375,64163.12109375,64159.26171875,64159.26171875,0
2026-07-25 17:11:00+00:00,64152.08984375,64152.08984375,64161.8203125,64151.12890625,64161.8203125,0
2026-07-25 17:12:00+00:00,64142.8515625,64142.8515625,64152.1015625,64133.640625,64152.08984375,0
2026-07-25 17:13:00+00:00,64141.578125,64141.578125,64142.8515625,64141.5703125,64142.8515625,209321984
2026-07-25 17:14:00+00:00,64149.109375,64149.109375,64149.109375,64141.5703125,64141.578125,0
2026-07-25 17:15:00+00:00,64155.51953125,64155.51953125,64155.51953125,64149.109375,64149.109375,0
2026-07-25 17:16:00+00:00,64176.19921875,64176.19921875,64176.19921875,64158.1484375,64158.1484375,5643264
2026-07-25 17:17:00+00:00,64169.98046875,64169.98046875,64176.19921875,64160.73046875,64176.19921875,0
2026-07-25 17:18:00+00:00,64174.94140625,64174.94140625,64174.94921875,64169.98046875,64169.98046875,1508352
2026-07-25 17:19:00+00:00,64161.9609375,64161.9609375,64173.390625,64158.41015625,64171.26171875,0
2026-07-25 17:20:00+00:00,64158.41015625,64158.41015625,64161.96875,64158.41015625,64161.9609375,0
2026-07-25 17:21:00+00:00,64172.328125,64172.328125,64172.328125,64158.421875,64158.421875,0
2026-07-25 17:22:00+00:00,64174.98828125,64174.98828125,64175.0,64174.94140625,64174.94140625,0
2026-07-25 17:23:00+00:00,64191.6796875,64191.6796875,64191.6796875,64174.98828125,64175.0,0
2026-07-25 17:24:00+00:00,64192.48828125,64192.48828125,64192.5,64189.19140625,64191.6796875,32447488
2026-07-25 17:25:00+00:00,64201.03125,64201.03125,64201.0390625,64193.98046875,64196.0,0
2026-07-25 17:26:00+00:00,64210.890625,64210.890625,64210.890625,64202.30859375,64202.3203125,0
2026-07-25 17:27:00+00:00,64220.609375,64220.609375,64220.609375,64210.87890625,64210.87890625,0
2026-07-25 17:28:00+00:00,64223.26953125,64223.26953125,64223.640625,64214.91015625,64222.3515625,0
2026-07-25 17:29:00+00:00,64210.0,64210.0,64214.921875,64207.1796875,64214.921875,0
2026-07-25 17:30:00+00:00,64203.30078125,64203.30078125,64211.01171875,64203.30078125,64210.01171875,82685952
2026-07-25 17:31:00+00:00,64203.2890625,64203.2890625,64203.2890625,64192.01953125,64199.3515625,0
2026-07-25 17:32:00+00:00,64204.28125,64204.28125,64204.28125,64203.01171875,64203.2890625,0
2026-07-25 17:33:00+00:00,64225.3203125,64225.3203125,64225.3203125,64204.28125,64204.2890625,1907712
2026-07-25 17:34:00+00:00,64235.71875,64235.71875,64238.98046875,64226.1015625,64226.1015625,0
2026-07-25 17:35:00+00:00,64230.3515625,64230.3515625,64248.76171875,64230.3515625,64248.76171875,0
2026-07-25 17:36:00+00:00,64224.19140625,64224.19140625,64233.171875,64222.66015625,64230.3515625,0
2026-07-25 17:37:00+00:00,64211.05078125,64211.05078125,64226.390625,64211.05078125,64224.19140625,0
2026-07-25 17:38:00+00:00,64211.0390625,64211.0390625,64212.33984375,64211.0390625,64211.0390625,0
2026-07-25 17:39:00+00:00,64198.5390625,64198.5390625,64211.05078125,64198.5390625,64211.05078125,3268608
2026-07-25 17:40:00+00:00,64217.12109375,64217.12109375,64221.0,64207.05859375,64207.05859375,6861824
2026-07-25 17:41:00+00:00,64223.828125,64223.828125,64234.25,64217.109375,64217.109375,0
2026-07-25 17:42:00+00:00,64223.859375,64223.859375,64225.98828125,64223.828125,64223.828125,0
2026-07-25 17:43:00+00:00,64225.78125,64225.78125,64225.7890625,64223.8515625,64223.8515625,70863872
2026-07-25 17:44:00+00:00,64221.98046875,64221.98046875,64225.7890625,64221.98046875,64225.78125,1985536
2026-07-25 17:45:00+00:00,64227.1796875,64227.1796875,64231.2890625,64221.98828125,64221.98828125,5219328
2026-07-25 17:46:00+00:00,64229.8515625,64229.8515625,64229.859375,64227.19140625,64227.19140625,322560
2026-07-25 17:47:00+00:00,64241.140625,64241.140625,64241.140625,64229.859375,64229.859375,0
2026-07-25 17:48:00+00:00,64214.91015625,64214.91015625,64257.69140625,64214.91015625,64257.69140625,0
2026-07-25 17:49:00+00:00,64204.0703125,64204.0703125,64208.359375,64204.0703125,64208.359375,0
2026-07-25 17:50:00+00:00,64234.828125,64234.828125,64241.78125,64204.0703125,64204.0703125,0
2026-07-25 17:51:00+00:00,64218.55078125,64218.55078125,64232.890625,64213.51171875,64226.98046875,74736640
2026-07-25 17:52:00+00:00,64198.55859375,64198.55859375,64218.55078125,64198.55859375,64218.55078125,0
2026-07-25 17:53:00+00:00,64205.828125,64205.828125,64209.73828125,64198.55859375,64198.5703125,0
2026-07-25 17:54:00+00:00,64206.80078125,64206.80078125,64206.80078125,64203.48828125,64205.828125,2325504
2026-07-25 17:55:00+00:00,64203.23828125,64203.23828125,64206.80859375,64201.80078125,64206.80078125,46582784
2026-07-25 17:56:00+00:00,64199.640625,64199.640625,64203.25,64198.23828125,64203.25,566272
2026-07-25 17:57:00+00:00,64192.140625,64192.140625,64199.6484375,64192.140625,64199.6484375,0
2026-07-25 17:58:00+00:00,64186.30078125,64186.30078125,64192.1484375,64186.2890625,64192.1484375,0
2026-07-25 17:59:00+00:00,64202.0390625,64202.0390625,64202.0390625,64186.2890625,64186.30078125,0
2026-07-25 18:00:00+00:00,64221.98828125,64221.98828125,64223.26171875,64206.19921875,64206.19921875,0
2026-07-25 18:01:00+00:00,64283.8984375,64283.8984375,64285.51171875,64222.0,64222.0,0
2026-07-25 18:02:00+00:00,64352.6015625,64352.6015625,64358.08984375,64283.8984375,64283.8984375,0
2026-07-25 18:03:00+00:00,64300.05078125,64300.05078125,64356.0,64300.05078125,64347.01953125,0
2026-07-25 18:04:00+00:00,64307.0,64307.0,64307.0,64289.75,64289.75,0
2026-07-25 18:05:00+00:00,64277.05078125,64277.05078125,64319.37109375,64270.0,64300.890625,6332416
2026-07-25 18:06:00+00:00,64285.12109375,64285.12109375,64285.140625,64275.83984375,64275.83984375,0
2026-07-25 18:07:00+00:00,64311.640625,64311.640625,64311.640625,64263.609375,64270.23046875,0
2026-07-25 18:08:00+00:00,64308.71875,64308.71875,64316.94140625,64294.51953125,64316.94140625,0
2026-07-25 18:09:00+00:00,64277.828125,64277.828125,64311.6484375,64277.8203125,64311.6484375,61945856
2026-07-25 18:10:00+00:00,64296.3515625,64296.3515625,64296.3515625,64281.25,64281.25,2262016
2026-07-25 18:11:00+00:00,64315.98046875,64315.98046875,64317.140625,64296.3515625,64296.3515625,119808
2026-07-25 18:12:00+00:00,64316.7890625,64316.7890625,64317.0390625,64308.58984375,64315.96875,0
2026-07-25 18:13:00+00:00,64307.80078125,64307.80078125,64316.80078125,64307.80078125,64316.7890625,0
2026-07-25 18:14:00+00:00,64293.71875,64293.71875,64307.7890625,64293.71875,64307.7890625,0
2026-07-25 18:15:00+00:00,64299.19921875,64299.19921875,64299.19921875,64287.48828125,64292.3203125,106050560
2026-07-25 18:16:00+00:00,64284.5703125,64284.5703125,64299.55859375,64284.5703125,64299.19921875,0
2026-07-25 18:17:00+00:00,64290.0703125,64290.0703125,64290.078125,64284.5703125,64284.5703125,0
2026-07-25 18:18:00+00:00,64310.6015625,64310.6015625,64314.1015625,64296.51171875,64296.51171875,109971456
2026-07-25 18:19:00+00:00,64310.30078125,64310.30078125,64310.30859375,64310.30078125,64310.30078125,0
2026-07-25 18:20:00+00:00,64295.19921875,64295.19921875,64311.2890625,64295.19921875,64310.30859375,86016
2026-07-25 18:21:00+00:00,64298.08984375,64298.08984375,64308.98828125,64296.48828125,64296.48828125,0
2026-07-25 18:22:00+00:00,64298.6796875,64298.6796875,64298.6796875,64298.08984375,64298.08984375,0
2026-07-25 18:23:00+00:00,64307.6796875,64307.6796875,64307.7109375,64298.6796875,64298.69140625,0
2026-07-25 18:24:00+00:00,64304.0,64304.0,64309.48828125,64301.0,64307.69140625,38912
2026-07-25 18:25:00+00:00,64303.58984375,64303.58984375,64315.19140625,64300.62109375,64303.98828125,0
2026-07-25 18:26:00+00:00,64309.98828125,64309.98828125,64317.19140625,64304.01171875,64309.078125,0
2026-07-25 18:27:00+00:00,64317.62109375,64317.62109375,64317.62890625,64309.98828125,64309.98828125,0
2026-07-25 18:28:00+00:00,64337.98828125,64337.98828125,64337.98828125,64317.62109375,64317.62109375,0
2026-07-25 18:29:00+00:00,64357.98828125,64357.98828125,64357.98828125,64338.73828125,64338.73828125,0
2026-07-25 18:30:00+00:00,64355.98828125,64355.98828125,64357.98828125,64346.5,64357.98828125,32848896
2026-07-25 18:31:00+00:00,64327.33984375,64327.33984375,64346.5,64327.33984375,64346.48828125,1200128
2026-07-25 18:32:00+00:00,64337.76953125,64337.76953125,64340.94140625,64327.33984375,64327.33984375,0
2026-07-25 18:33:00+00:00,64381.46875,64381.46875,64381.46875,64337.76171875,64337.76171875,20699136
2026-07-25 18:34:00+00:00,64368.28125,64368.28125,64376.19921875,64361.96875,64376.19921875,100352
2026-07-25 18:35:00+00:00,64346.28125,64346.28125,64368.2890625,64346.23828125,64368.28125,301056
2026-07-25 18:36:00+00:00,64331.01953125,64331.01953125,64346.37890625,64331.01953125,64346.37890625,87933952
2026-07-25 18:37:00+00:00,64329.609375,64329.609375,64331.01171875,64327.140625,64331.01171875,0
2026-07-25 18:38:00+00:00,64328.328125,64328.328125,64329.62109375,64328.3203125,64329.609375,7143424
2026-07-25 18:39:00+00:00,64333.5390625,64333.5390625,64333.5390625,64328.328125,64328.328125,0
2026-07-25 18:40:00+00:00,64329.62109375,64329.62109375,64335.87890625,64329.62109375,64333.53125,0
2026-07-25 18:41:00+00:00,64321.1796875,64321.1796875,64329.62890625,64321.1796875,64329.62890625,251904
2026-07-25 18:42:00+00:00,64319.41015625,64319.41015625,64321.1796875,64319.41015625,64321.171875,0
2026-07-25 18:43:00+00:00,64330.80078125,64330.80078125,64330.80078125,64319.1796875,64319.41015625,0
2026-07-25 18:44:00+00:00,64338.73828125,64338.73828125,64340.51171875,64334.9609375,64334.9609375,0
2026-07-25 18:45:00+00:00,64337.37890625,64337.37890625,64337.37890625,64334.94921875,64334.94921875,412298240
2026-07-25 18:46:00+00:00,64351.0703125,64351.0703125,64351.0703125,64337.37890625,64337.37890625,1394688
2026-07-25 18:47:00+00:00,64364.98828125,64364.98828125,64364.98828125,64352.73046875,64352.73046875,0
2026-07-25 18:48:00+00:00,64356.48828125,64356.48828125,64364.98828125,64353.25,64364.98046875,0
2026-07-25 18:49:00+00:00,64357.30078125,64357.30078125,64357.30859375,64356.48828125,64356.5,0
2026-07-25 18:50:00+00:00,64352.9296875,64352.9296875,64357.30859375,64350.359375,64357.30859375,0
2026-07-25 18:51:00+00:00,64361.71875,64361.71875,64361.73046875,64349.140625,64349.140625,5177344
2026-07-25 18:52:00+00:00,64385.44921875,64385.44921875,64386.73828125,64361.71875,64361.73046875,0
2026-07-25 18:53:00+00:00,64335.859375,64335.859375,64377.4609375,64335.859375,64377.44921875,0
2026-07-25 18:54:00+00:00,64331.05078125,64331.05078125,64335.87109375,64331.05078125,64335.859375,0
2026-07-25 18:55:00+00:00,64345.390625,64345.390625,64345.390625,64339.58984375,64339.58984375,0
2026-07-25 18:56:00+00:00,64358.078125,64358.078125,64358.078125,64349.25,64350.26171875,0
2026-07-25 18:57:00+00:00,64372.5,64372.5,64372.5,64361.421875,64361.421875,0
2026-07-25 18:58:00+00:00,64371.19921875,64371.19921875,64372.5,64371.19921875,64372.5,0
2026-07-25 18:59:00+00:00,64353.78125,64353.78125,64371.19921875,64350.5703125,64371.19921875,449536
2026-07-25 19:00:00+00:00,64343.26953125,64343.26953125,64360.8984375,64343.26953125,64360.8984375,0
2026-07-25 19:01:00+00:00,64367.98828125,64367.98828125,64367.98828125,64343.26953125,64343.26953125,0
2026-07-25 19:02:00+00:00,64368.8203125,64368.8203125,64372.58984375,64368.80859375,64372.58984375,0
2026-07-25 19:03:00+00:00,64368.9296875,64368.9296875,64368.9296875,64360.01171875,64363.69140625,0
2026-07-25 19:04:00+00:00,64377.4609375,64377.4609375,64380.0,64368.9296875,64368.9296875,0
2026-07-25 19:05:00+00:00,64375.3203125,64375.3203125,64379.76171875,64372.51171875,64377.44921875,0
2026-07-25 19:06:00+00:00,64361.98046875,64361.98046875,64378.01171875,64361.96875,64375.328125,0
2026-07-25 19:07:00+00:00,64354.01171875,64354.01171875,64361.96875,64354.0,64361.96875,0
2026-07-25 19:08:00+00:00,64358.28125,64358.28125,64358.2890625,64352.62109375,64352.62109375,0
2026-07-25 19:09:00+00:00,64363.609375,64363.609375,64365.9296875,64363.609375,64364.828125,93083648
2026-07-25 19:10:00+00:00,64374.390625,64374.390625,64374.390625,64363.609375,64363.609375,312320
2026-07-25 19:11:00+00:00,64382.69140625,64382.69140625,64382.69140625,64378.8515625,64378.8515625,0
2026-07-25 19:12:00+00:00,64377.23046875,64377.23046875,64382.69921875,64377.21875,64382.69140625,0
2026-07-25 19:13:00+00:00,64372.78125,64372.78125,64380.23828125,64371.05078125,64377.21875,0
2026-07-25 19:14:00+00:00,64374.921875,64374.921875,64374.9296875,64371.05078125,64372.78125,0
2026-07-25 19:15:00+00:00,64346.48828125,64346.48828125,64371.05859375,64346.48828125,64371.05859375,157449216
2026-07-25 19:16:00+00:00,64351.46875,64351.46875,64351.46875,64333.55859375,64346.5,0
2026-07-25 19:17:00+00:00,64342.62109375,64342.62109375,64351.46875,64342.62109375,64351.46875,0
2026-07-25 19:18:00+00:00,64345.48046875,64345.48046875,64345.48046875,64339.98828125,64342.62109375,0
2026-07-25 19:19:00+00:00,64354.21875,64354.21875,64354.21875,64341.98828125,64345.48046875,0
2026-07-25 19:20:00+00:00,64344.55078125,64344.55078125,64354.21875,64342.62109375,64354.21875,0
2026-07-25 19:21:00+00:00,64350.25,64350.25,64350.25,64338.75,64344.55078125,0
2026-07-25 19:22:00+00:00,64358.08984375,64358.08984375,64362.4296875,64358.08984375,64362.421875,0
2026-07-25 19:23:00+00:00,64362.0703125,64362.0703125,64362.0703125,64356.890625,64356.890625,0
2026-07-25 19:24:00+00:00,64357.828125,64357.828125,64361.0390625,64357.828125,64361.03125,72704
2026-07-25 19:25:00+00:00,64369.078125,64369.078125,64369.078125,64350.359375,64357.828125,130048
2026-07-25 19:26:00+00:00,64370.30078125,64370.30078125,64372.390625,64364.01171875,64364.01171875,0
2026-07-25 19:27:00+00:00,64371.671875,64371.671875,64371.671875,64370.2890625,64370.30078125,0
2026-07-25 19:28:00+00:00,64355.140625,64355.140625,64370.0,64355.140625,64368.171875,0
2026-07-25 19:29:00+00:00,64346.7109375,64346.7109375,64356.5,64346.7109375,64355.12890625,0
2026-07-25 19:30:00+00:00,64345.671875,64345.671875,64345.6796875,64345.671875,64345.671875,585728
2026-07-25 19:31:00+00:00,64345.6796875,64345.6796875,64345.6796875,64345.671875,64345.671875,196608
2026-07-25 19:32:00+00:00,64355.96875,64355.96875,64355.96875,64339.87109375,64342.62890625,0
2026-07-25 19:33:00+00:00,64357.62109375,64357.62109375,64358.0,64355.98046875,64355.98046875,0
2026-07-25 19:34:00+00:00,64355.80859375,64355.80859375,64357.62109375,64353.96875,64357.62109375,0
2026-07-25 19:35:00+00:00,64346.0,64346.0,64353.98828125,64344.0,64348.46875,104448
2026-07-25 19:36:00+00:00,64340.25,64340.25,64346.0,64333.76171875,64346.0,1022976
2026-07-25 19:37:00+00:00,64352.0,64352.0,64352.3515625,64340.25,64340.26171875,0
2026-07-25 19:38:00+00:00,64335.19140625,64335.19140625,64352.83984375,64335.19140625,64352.0,637952
2026-07-25 19:39:00+00:00,64335.9609375,64335.9609375,64336.48828125,64335.19140625,64335.19140625,855040
2026-07-25 19:40:00+00:00,64338.3203125,64338.3203125,64338.328125,64335.9609375,64335.9609375,28672
2026-07-25 19:41:00+00:00,64343.2890625,64343.2890625,64343.2890625,64338.23046875,64338.3203125,0
2026-07-25 19:42:00+00:00,64340.140625,64340.140625,64343.2890625,64338.44140625,64343.2890625,0
2026-07-25 19:43:00+00:00,64338.30859375,64338.30859375,64340.46875,64334.87890625,64340.140625,68311040
2026-07-25 19:44:00+00:00,64323.578125,64323.578125,64345.828125,64323.578125,64338.6796875,0
2026-07-25 19:45:00+00:00,64329.25,64329.25,64334.44140625,64326.9296875,64327.921875,0
2026-07-25 19:46:00+00:00,64334.4296875,64334.4296875,64334.5703125,64320.94921875,64329.25,0
2026-07-25 19:47:00+00:00,64327.1484375,64327.1484375,64341.12109375,64327.1484375,64341.109375,0
2026-07-25 19:48:00+00:00,64330.359375,64330.359375,64330.359375,64327.1484375,64327.1484375,0
2026-07-25 19:49:00+00:00,64341.12109375,64341.12109375,64341.12109375,64338.73046875,64338.73046875,0
2026-07-25 19:50:00+00:00,64351.12890625,64351.12890625,64351.12890625,64339.87109375,64339.87890625,6320128
2026-07-25 19:51:00+00:00,64354.48046875,64354.48046875,64354.48828125,64351.98828125,64354.48828125,15982592
2026-07-25 19:52:00+00:00,64363.328125,64363.328125,64363.328125,64354.46875,64354.48046875,0
2026-07-25 19:53:00+00:00,64361.609375,64361.609375,64364.8984375,64358.9296875,64363.328125,0
2026-07-25 19:54:00+00:00,64365.21875,64365.21875,64365.21875,64361.609375,64361.609375,0
2026-07-25 19:55:00+00:00,64366.26171875,64366.26171875,64367.78125,64364.16015625,64365.21875,0
2026-07-25 19:56:00+00:00,64361.01953125,64361.01953125,64376.03125,64361.01953125,64368.96875,0
2026-07-25 19:57:00+00:00,64315.87890625,64315.87890625,64361.03125,64315.87890625,64361.03125,0
2026-07-25 19:58:00+00:00,64330.33984375,64330.33984375,64335.46875,64323.30859375,64323.30859375,0
2026-07-25 19:59:00+00:00,64328.7109375,64328.7109375,64330.33984375,64323.578125,64330.33984375,0
2026-07-25 20:00:00+00:00,64332.51953125,64332.51953125,64333.55859375,64332.51953125,64333.55078125,0
2026-07-25 20:01:00+00:00,64311.0,64311.0,64335.05859375,64311.0,64332.3515625,0
2026-07-25 20:02:00+00:00,64296.0,64296.0,64311.0,64294.76953125,64311.0,0
2026-07-25 20:03:00+00:00,64300.96875,64300.96875,64300.98046875,64295.98828125,64297.05859375,0
2026-07-25 20:04:00+00:00,64303.03125,64303.03125,64303.03125,64300.96875,64300.96875,0
2026-07-25 20:05:00+00:00,64300.0,64300.0,64303.03125,64300.0,64303.03125,0
2026-07-25 20:06:00+00:00,64300.0,64300.0,64300.94921875,64300.0,64300.0,0
2026-07-25 20:07:00+00:00,64300.0,64300.0,64300.80859375,64300.0,64300.80078125,0
2026-07-25 20:08:00+00:00,64276.890625,64276.890625,64288.25,64276.828125,64288.25,0
2026-07-25 20:09:00+00:00,64278.37109375,64278.37109375,64278.37109375,64276.890625,64276.890625,0
2026-07-25 20:10:00+00:00,64307.78125,64307.78125,64307.78125,64281.46875,64281.46875,0
2026-07-25 20:11:00+00:00,64310.8515625,64310.8515625,64310.8515625,64309.12890625,64309.140625,242688
2026-07-25 20:12:00+00:00,64310.8515625,64310.8515625,64310.8515625,64310.83984375,64310.8515625,0
2026-07-25 20:13:00+00:00,64326.23046875,64326.23046875,64326.23828125,64310.83984375,64310.83984375,39014400
2026-07-25 20:14:00+00:00,64311.12890625,64311.12890625,64326.23046875,64311.12890625,64326.23046875,4836352
2026-07-25 20:15:00+00:00,64311.98046875,64311.98046875,64311.98828125,64311.12890625,64311.140625,158216192
2026-07-25 20:16:00+00:00,64298.76171875,64298.76171875,64312.3984375,64298.76171875,64312.3984375,0
2026-07-25 20:17:00+00:00,64295.3984375,64295.3984375,64298.76171875,64295.3984375,64298.76171875,0
2026-07-25 20:18:00+00:00,64292.01171875,64292.01171875,64295.3984375,64292.0,64295.3984375,1840128
2026-07-25 20:19:00+00:00,64320.94140625,64320.94140625,64320.94140625,64281.46875,64292.0,422912
2026-07-25 20:20:00+00:00,64313.69140625,64313.69140625,64313.69140625,64302.46875,64311.66015625,0
2026-07-25 20:21:00+00:00,64311.7890625,64311.7890625,64313.69921875,64311.7890625,64313.69140625,0
2026-07-25 20:22:00+00:00,64311.80078125,64311.80078125,64311.80078125,64311.7890625,64311.7890625,0
2026-07-25 20:23:00+00:00,64329.37109375,64329.37109375,64329.37109375,64311.7890625,64311.7890625,5266432
2026-07-25 20:24:00+00:00,64298.2109375,64298.2109375,64329.37109375,64298.2109375,64329.37109375,158040064
2026-07-25 20:25:00+00:00,64311.83984375,64311.83984375,64319.390625,64307.921875,64307.921875,0
2026-07-25 20:26:00+00:00,64299.9296875,64299.9296875,64311.8515625,64299.9296875,64311.8515625,0
2026-07-25 20:27:00+00:00,64309.71875,64309.71875,64311.66015625,64299.9296875,64299.9296875,0
2026-07-25 20:28:00+00:00,64309.98046875,64309.98046875,64309.98046875,64306.1015625,64306.109375,755712
2026-07-25 20:29:00+00:00,64306.62109375,64306.62109375,64309.98046875,64306.37109375,64309.96875,6436864
2026-07-25 20:30:00+00:00,64288.44921875,64288.44921875,64306.62109375,64288.44921875,64306.62109375,160788480
2026-07-25 20:31:00+00:00,64278.98828125,64278.98828125,64278.98828125,64276.8203125,64276.8203125,148480
2026-07-25 20:32:00+00:00,64278.98828125,64278.98828125,64279.0,64278.98828125,64278.98828125,0
2026-07-25 20:33:00+00:00,64288.4296875,64288.4296875,64288.4296875,64278.98828125,64278.98828125,0
2026-07-25 20:34:00+00:00,64273.078125,64273.078125,64289.8515625,64273.078125,64288.4296875,0
2026-07-25 20:35:00+00:00,64273.0703125,64273.0703125,64274.69140625,64273.0703125,64274.69140625,0
2026-07-25 20:36:00+00:00,64267.1015625,64267.1015625,64275.75,64260.3515625,64273.078125,0
2026-07-25 20:37:00+00:00,64264.33984375,64264.33984375,64267.109375,64264.328125,64267.109375,0
2026-07-25 20:38:00+00:00,64259.98828125,64259.98828125,64259.98828125,64254.609375,64259.48046875,83933184
2026-07-25 20:39:00+00:00,64267.421875,64267.421875,64267.4296875,64259.98828125,64259.98828125,0
2026-07-25 20:40:00+00:00,64274.1015625,64274.1015625,64274.1015625,64267.421875,64267.421875,0
2026-07-25 20:41:00+00:00,64270.3203125,64270.3203125,64274.109375,64270.3203125,64274.109375,0
2026-07-25 20:42:00+00:00,64261.98828125,64261.98828125,64270.3203125,64257.48046875,64270.3203125,0
2026-07-25 20:43:00+00:00,64255.98828125,64255.98828125,64264.0,64254.0,64261.98828125,66193408
2026-07-25 20:44:00+00:00,64255.98828125,64255.98828125,64256.0,64255.609375,64255.98828125,0
2026-07-25 20:45:00+00:00,64246.8515625,64246.8515625,64255.98828125,64246.8515625,64255.98828125,0
2026-07-25 20:46:00+00:00,64249.73828125,64249.73828125,64249.73828125,64246.859375,64246.859375,110592
2026-07-25 20:47:00+00:00,64250.98046875,64250.98046875,64250.98046875,64249.73828125,64249.73828125,0
2026-07-25 20:48:00+00:00,64265.98828125,64265.98828125,64266.0,64250.98046875,64250.98046875,140685312
2026-07-25 20:49:00+00:00,64274.0703125,64274.0703125,64274.0703125,64265.98828125,64266.0,0
2026-07-25 20:50:00+00:00,64277.44140625,64277.44140625,64277.44140625,64274.0703125,64274.0703125,0
2026-07-25 20:51:00+00:00,64285.21875,64285.21875,64286.51171875,64277.44140625,64277.44140625,0
2026-07-25 20:52:00+00:00,64292.5703125,64292.5703125,64292.5703125,64285.2109375,64285.2109375,0
2026-07-25 20:53:00+00:00,64286.890625,64286.890625,64292.5703125,64286.890625,64292.55859375,0
2026-07-25 20:54:00+00:00,64269.98828125,64269.98828125,64277.8984375,64269.98046875,64277.8984375,0
2026-07-25 20:55:00+00:00,64276.8203125,64276.8203125,64276.8203125,64271.6015625,64271.62109375,7561216
2026-07-25 20:56:00+00:00,64276.8203125,64276.8203125,64276.828125,64276.8203125,64276.8203125,0
2026-07-25 20:57:00+00:00,64270.390625,64270.390625,64277.9296875,64270.12890625,64276.8203125,0
2026-07-25 20:58:00+00:00,64270.87109375,64270.87109375,64271.6484375,64269.98828125,64270.390625,25659392
2026-07-25 20:59:00+00:00,64276.5703125,64276.5703125,64276.5703125,64267.71875,64270.87109375,259072
2026-07-25 21:00:00+00:00,64261.359375,64261.359375,64277.55078125,64261.359375,64277.5390625,0
2026-07-25 21:01:00+00:00,64264.8984375,64264.8984375,64264.8984375,64261.359375,64261.359375,0
2026-07-25 21:02:00+00:00,64259.3203125,64259.3203125,64264.1484375,64259.3203125,64264.1484375,0
2026-07-25 21:03:00+00:00,64250.0390625,64250.0390625,64259.3203125,64250.03125,64259.3203125,0
2026-07-25 21:04:00+00:00,64247.1796875,64247.1796875,64250.0390625,64247.1796875,64250.0390625,101450752
2026-07-25 21:05:00+00:00,64271.71875,64271.71875,64271.71875,64242.75,64244.609375,0
2026-07-25 21:06:00+00:00,64249.98828125,64249.98828125,64271.7109375,64249.98828125,64271.7109375,75078656
2026-07-25 21:07:00+00:00,64248.421875,64248.421875,64251.01171875,64248.421875,64249.98828125,0
2026-07-25 21:08:00+00:00,64248.4296875,64248.4296875,64248.4609375,64248.4296875,64248.4296875,0
2026-07-25 21:09:00+00:00,64248.98046875,64248.98046875,64251.0,64248.4296875,64248.4296875,0
2026-07-25 21:10:00+00:00,64250.12890625,64250.12890625,64250.140625,64248.96875,64248.96875,518144
2026-07-25 21:11:00+00:00,64237.0390625,64237.0390625,64251.0,64237.0390625,64251.0,0
2026-07-25 21:12:00+00:00,64220.37890625,64220.37890625,64237.0390625,64220.37890625,64237.0390625,0
2026-07-25 21:13:00+00:00,64218.78125,64218.78125,64218.78125,64207.171875,64208.0,0
2026-07-25 21:14:00+00:00,64218.75,64218.75,64218.76953125,64215.23828125,64218.76953125,0
2026-07-25 21:15:00+00:00,64217.12890625,64217.12890625,64218.76953125,64217.12890625,64217.55078125,0
2026-07-25 21:16:00+00:00,64217.01171875,64217.01171875,64217.12890625,64217.0,64217.12890625,672768
2026-07-25 21:17:00+00:00,64215.41015625,64215.41015625,64217.01171875,64215.3984375,64217.0,0
2026-07-25 21:18:00+00:00,64215.98828125,64215.98828125,64215.98828125,64193.98828125,64206.03125,14336000
2026-07-25 21:19:00+00:00,64215.109375,64215.109375,64217.01171875,64213.6484375,64214.73828125,0
2026-07-25 21:20:00+00:00,64209.44921875,64209.44921875,64211.48828125,64209.12109375,64209.12109375,75776
2026-07-25 21:21:00+00:00,64210.0,64210.0,64211.28125,64208.5,64210.6484375,0
2026-07-25 21:22:00+00:00,64210.0,64210.0,64210.0,64209.98828125,64209.98828125,0
2026-07-25 21:23:00+00:00,64202.2890625,64202.2890625,64210.0,64202.2890625,64210.0,0
2026-07-25 21:24:00+00:00,64229.4609375,64229.4609375,64229.4609375,64202.2890625,64202.2890625,0
2026-07-25 21:25:00+00:00,64225.26953125,64225.26953125,64228.0,64225.26171875,64228.0,0
2026-07-25 21:26:00+00:00,64222.03125,64222.03125,64225.30078125,64222.03125,64225.26953125,0
2026-07-25 21:27:00+00:00,64224.7109375,64224.7109375,64226.23828125,64217.9609375,64222.7890625,0
2026-07-25 21:28:00+00:00,64232.3515625,64232.3515625,64232.3515625,64224.7109375,64224.7109375,0
2026-07-25 21:29:00+00:00,64234.23828125,64234.23828125,64234.25,64232.33984375,64232.33984375,0
2026-07-25 21:30:00+00:00,64241.98828125,64241.98828125,64241.98828125,64234.23828125,64234.25,0
2026-07-25 21:31:00+00:00,64253.6015625,64253.6015625,64253.6015625,64245.859375,64245.859375,648192
2026-07-25 21:32:00+00:00,64253.6015625,64253.6015625,64253.609375,64253.6015625,64253.6015625,0
2026-07-25 21:33:00+00:00,64281.28125,64281.28125,64282.33984375,64253.6015625,64253.6015625,0
2026-07-25 21:34:00+00:00,64299.98828125,64299.98828125,64299.98828125,64279.859375,64280.078125,72786944
2026-07-25 21:35:00+00:00,64311.55859375,64311.55859375,64311.55859375,64299.98828125,64300.0,418816
2026-07-25 21:36:00+00:00,64311.578125,64311.578125,64312.19140625,64311.55859375,64311.55859375,0
2026-07-25 21:37:00+00:00,64312.19140625,64312.19140625,64312.19140625,64310.28125,64311.5703125,0
2026-07-25 21:38:00+00:00,64293.26953125,64293.26953125,64297.26953125,64291.7890625,64291.80078125,0
2026-07-25 21:39:00+00:00,64288.921875,64288.921875,64291.80859375,64288.91015625,64291.80859375,0
2026-07-25 21:40:00+00:00,64300.05078125,64300.05078125,64300.05078125,64288.91015625,64288.921875,0
2026-07-25 21:41:00+00:00,64300.44140625,64300.44140625,64303.921875,64300.08984375,64300.08984375,0
2026-07-25 21:42:00+00:00,64288.44140625,64288.44140625,64301.921875,64288.4296875,64300.44140625,0
2026-07-25 21:43:00+00:00,64297.62890625,64297.62890625,64297.62890625,64289.328125,64289.33984375,0
2026-07-25 21:44:00+00:00,64277.6796875,64277.6796875,64300.28125,64275.01171875,64296.33984375,0
2026-07-25 21:45:00+00:00,64279.359375,64279.359375,64279.66015625,64277.640625,64277.69140625,0
2026-07-25 21:46:00+00:00,64338.73828125,64338.73828125,64338.73828125,64275.87109375,64281.859375,0
2026-07-25 21:47:00+00:00,64368.87890625,64368.87890625,64368.87890625,64338.75,64349.98828125,0
2026-07-25 21:48:00+00:00,64346.58984375,64346.58984375,64355.3984375,64346.578125,64347.03125,0
2026-07-25 21:49:00+00:00,64342.26953125,64342.26953125,64346.58984375,64336.41015625,64346.58984375,0
2026-07-25 21:50:00+00:00,64322.3203125,64322.3203125,64346.71875,64322.3203125,64346.71875,20671488
2026-07-25 21:51:00+00:00,64292.30078125,64292.30078125,64322.33984375,64292.30078125,64322.328125,0
2026-07-25 21:52:00+00:00,64300.05078125,64300.05078125,64300.05078125,64289.01953125,64291.98046875,0
2026-07-25 21:53:00+00:00,64298.359375,64298.359375,64314.48828125,64298.359375,64311.6484375,0
2026-07-25 21:54:00+00:00,64294.171875,64294.171875,64298.37109375,64294.171875,64298.37109375,0
2026-07-25 21:55:00+00:00,64303.109375,64303.109375,64303.109375,64284.5703125,64284.578125,181248
2026-07-25 21:56:00+00:00,64284.5703125,64284.5703125,64303.109375,64284.5703125,64303.109375,0
2026-07-25 21:57:00+00:00,64284.578125,64284.578125,64284.578125,64284.5703125,64284.5703125,0
2026-07-25 21:58:00+00:00,64284.578125,64284.578125,64284.578125,64284.5703125,64284.5703125,1061888
2026-07-25 21:59:00+00:00,64288.0,64288.0,64288.2109375,64277.98828125,64284.578125,854016
2026-07-25 22:00:00+00:00,64303.6484375,64303.6484375,64303.66015625,64288.55859375,64295.80078125,0
2026-07-25 22:01:00+00:00,64327.890625,64327.890625,64327.890625,64303.6484375,64303.6484375,0
2026-07-25 22:02:00+00:00,64327.4609375,64327.4609375,64327.4609375,64306.01171875,64326.01171875,0
2026-07-25 22:03:00+00:00,64313.05078125,64313.05078125,64318.0,64307.5703125,64318.0,0
2026-07-25 22:04:00+00:00,64325.98046875,64325.98046875,64325.98046875,64313.98828125,64313.98828125,0
2026-07-25 22:05:00+00:00,64324.69140625,64324.69140625,64324.69921875,64314.0,64316.078125,0
2026-07-25 22:06:00+00:00,64332.3515625,64332.3515625,64332.3515625,64322.0,64324.69140625,0
2026-07-25 22:07:00+00:00,64325.53125,64325.53125,64334.87109375,64325.53125,64332.3515625,0
2026-07-25 22:08:00+00:00,64325.98828125,64325.98828125,64327.0390625,64325.76953125,64325.78125,1383424
2026-07-25 22:09:00+00:00,64334.98828125,64334.98828125,64334.98828125,64331.6484375,64334.01171875,0
2026-07-25 22:10:00+00:00,64341.1796875,64341.1796875,64341.1796875,64334.98046875,64334.98828125,0
2026-07-25 22:11:00+00:00,64330.359375,64330.359375,64343.91015625,64328.109375,64341.1796875,0
2026-07-25 22:12:00+00:00,64315.5390625,64315.5390625,64330.37109375,64315.5390625,64330.37109375,0
2026-07-25 22:13:00+00:00,64307.0,64307.0,64315.5390625,64307.0,64315.5390625,0
2026-07-25 22:14:00+00:00,64344.0,64344.0,64344.0,64306.51171875,64306.51953125,0
2026-07-25 22:15:00+00:00,64347.9609375,64347.9609375,64347.96875,64344.0,64344.0,0
2026-07-25 22:16:00+00:00,64335.0390625,64335.0390625,64347.96875,64334.6484375,64347.96875,280576
2026-07-25 22:17:00+00:00,64335.0,64335.0,64335.30078125,64334.6484375,64334.6484375,0
2026-07-25 22:18:00+00:00,64362.69140625,64362.69140625,64362.69140625,64335.0,64335.0,10938368
2026-07-25 22:19:00+00:00,64341.328125,64341.328125,64365.98828125,64341.328125,64365.98828125,0
2026-07-25 22:20:00+00:00,64339.98828125,64339.98828125,64342.51171875,64332.91015625,64335.26171875,0
2026-07-25 22:21:00+00:00,64332.921875,64332.921875,64340.0,64332.921875,64340.0,0
2026-07-25 22:22:00+00:00,64333.62890625,64333.62890625,64333.6484375,64332.46875,64332.921875,0
2026-07-25 22:23:00+00:00,64334.01953125,64334.01953125,64334.98828125,64332.46875,64333.640625,19519488
2026-07-25 22:24:00+00:00,64328.58984375,64328.58984375,64334.01953125,64328.58984375,64334.01953125,10595328
2026-07-25 22:25:00+00:00,64336.48828125,64336.48828125,64336.48828125,64328.578125,64328.578125,713728
2026-07-25 22:26:00+00:00,64337.0,64337.0,64337.01171875,64336.48046875,64336.48046875,0
2026-07-25 22:27:00+00:00,64318.03125,64318.03125,64337.140625,64318.01953125,64337.0,0
2026-07-25 22:28:00+00:00,64320.01171875,64320.01171875,64320.37109375,64316.01171875,64318.03125,0
2026-07-25 22:29:00+00:00,64338.73828125,64338.73828125,64338.73828125,64320.01171875,64320.01171875,517120
2026-07-25 22:30:00+00:00,64318.01171875,64318.01171875,64337.62109375,64318.0,64337.62109375,46408704
2026-07-25 22:31:00+00:00,64320.41015625,64320.41015625,64320.41015625,64300.05859375,64311.671875,0
2026-07-25 22:32:00+00:00,64299.2890625,64299.2890625,64313.30859375,64296.9296875,64313.30859375,0
2026-07-25 22:33:00+00:00,64293.921875,64293.921875,64300.44140625,64292.01171875,64299.2890625,0
2026-07-25 22:34:00+00:00,64298.0,64298.0,64298.0,64293.921875,64293.921875,0
2026-07-25 22:35:00+00:00,64306.390625,64306.390625,64306.3984375,64297.98828125,64298.0,0
2026-07-25 22:36:00+00:00,64308.94921875,64308.94921875,64308.94921875,64306.390625,64306.3984375,0
2026-07-25 22:37:00+00:00,64334.12890625,64334.12890625,64334.16015625,64315.48828125,64315.48828125,0
2026-07-25 22:38:00+00:00,64343.53125,64343.53125,64343.53125,64337.0,64337.0,0
2026-07-25 22:39:00+00:00,64341.76171875,64341.76171875,64343.53125,64340.0,64343.53125,3061760
2026-07-25 22:40:00+00:00,64325.03125,64325.03125,64341.76953125,64325.03125,64341.76953125,0
2026-07-25 22:41:00+00:00,64319.3984375,64319.3984375,64326.5390625,64318.4609375,64326.0390625,0
2026-07-25 22:42:00+00:00,64319.3984375,64319.3984375,64321.2890625,64319.390625,64319.390625,0
2026-07-25 22:43:00+00:00,64321.28125,64321.28125,64321.28125,64319.390625,64319.390625,0
2026-07-25 22:44:00+00:00,64344.01171875,64344.01171875,64346.01953125,64321.2890625,64321.2890625,277504
2026-07-25 22:45:00+00:00,64318.28125,64318.28125,64335.83984375,64308.46875,64335.83984375,0
2026-07-25 22:46:00+00:00,64326.55078125,64326.55078125,64326.55078125,64317.03125,64317.03125,2816000
2026-07-25 22:47:00+00:00,64322.0390625,64322.0390625,64326.55078125,64322.0,64326.55078125,0
2026-07-25 22:48:00+00:00,64324.05078125,64324.05078125,64324.05078125,64322.03125,64322.03125,57796608
2026-07-25 22:49:00+00:00,64348.73046875,64348.73046875,64348.73046875,64324.0390625,64324.05078125,2550784
2026-07-25 22:50:00+00:00,64369.69140625,64369.69140625,64369.69921875,64348.73046875,64348.73046875,1518592
2026-07-25 22:51:00+00:00,64357.26953125,64357.26953125,64369.69921875,64354.23046875,64369.69921875,168163328
2026-07-25 22:52:00+00:00,64357.98828125,64357.98828125,64359.71875,64357.26953125,64357.26953125,0
2026-07-25 22:53:00+00:00,64355.3203125,64355.3203125,64357.98828125,64354.01953125,64357.98828125,0
2026-07-25 22:54:00+00:00,64341.28125,64341.28125,64356.609375,64341.28125,64356.6015625,12925952
2026-07-25 22:55:00+00:00,64351.328125,64351.328125,64358.7109375,64340.98046875,64340.98046875,0
2026-07-25 22:56:00+00:00,64354.48046875,64354.48046875,64355.96875,64351.390625,64352.609375,0
2026-07-25 22:57:00+00:00,64350.37109375,64350.37109375,64354.46875,64350.359375,64354.46875,0
2026-07-25 22:58:00+00:00,64346.7890625,64346.7890625,64350.37109375,64346.7890625,64350.359375,7339008
2026-07-25 22:59:00+00:00,64352.26953125,64352.26953125,64352.26953125,64346.7890625,64346.7890625,0
2026-07-25 23:00:00+00:00,64348.08984375,64348.08984375,64352.26953125,64347.19921875,64352.26953125,0
2026-07-25 23:01:00+00:00,64358.5,64358.5,64358.71875,64348.078125,64348.078125,2310144
2026-07-25 23:02:00+00:00,64340.8984375,64340.8984375,64359.05078125,64340.6796875,64356.01171875,0
2026-07-25 23:03:00+00:00,64348.4609375,64348.4609375,64348.48046875,64340.8984375,64340.8984375,0
2026-07-25 23:04:00+00:00,64348.671875,64348.671875,64361.62890625,64342.05078125,64356.171875,0
2026-07-25 23:05:00+00:00,64366.4609375,64366.4609375,64366.46875,64348.671875,64348.671875,0
2026-07-25 23:06:00+00:00,64358.109375,64358.109375,64366.46875,64358.1015625,64366.46875,2212864
2026-07-25 23:07:00+00:00,64349.5390625,64349.5390625,64358.109375,64349.2109375,64358.109375,0
2026-07-25 23:08:00+00:00,64347.48046875,64347.48046875,64353.58984375,64347.48046875,64349.53125,41645056
2026-07-25 23:09:00+00:00,64351.53125,64351.53125,64351.53125,64347.48046875,64347.48828125,376832
2026-07-25 23:10:00+00:00,64347.8984375,64347.8984375,64355.98046875,64346.4609375,64355.98046875,0
2026-07-25 23:11:00+00:00,64357.98828125,64357.98828125,64357.98828125,64347.8984375,64347.8984375,67584
2026-07-25 23:12:00+00:00,64358.0,64358.0,64358.0,64357.98828125,64357.98828125,0
2026-07-25 23:13:00+00:00,64365.05078125,64365.05078125,64365.05859375,64357.98828125,64357.98828125,9730048
2026-07-25 23:14:00+00:00,64347.0390625,64347.0390625,64365.05078125,64347.0390625,64365.05078125,0
2026-07-25 23:15:00+00:00,64359.109375,64359.109375,64359.12109375,64355.41015625,64357.01953125,3752960
2026-07-25 23:16:00+00:00,64358.0390625,64358.0390625,64359.12109375,64358.03125,64359.109375,0
2026-07-25 23:17:00+00:00,64354.41015625,64354.41015625,64358.0390625,64354.41015625,64358.0390625,0
2026-07-25 23:18:00+00:00,64339.28125,64339.28125,64347.05859375,64338.26953125,64347.05078125,21579776
2026-07-25 23:19:00+00:00,64340.21875,64340.21875,64340.21875,64339.26953125,64339.26953125,0
2026-07-25 23:20:00+00:00,64340.46875,64340.46875,64340.48828125,64340.2109375,64340.21875,78503936
2026-07-25 23:21:00+00:00,64340.4609375,64340.4609375,64340.46875,64340.4609375,64340.46875,0
2026-07-25 23:22:00+00:00,64339.28125,64339.28125,64345.5,64339.26953125,64340.46875,0
2026-07-25 23:23:00+00:00,64336.0,64336.0,64339.26953125,64336.0,64339.26953125,0
2026-07-25 23:24:00+00:00,64351.76953125,64351.76953125,64351.76953125,64333.75,64336.01171875,124986368
2026-07-25 23:25:00+00:00,64344.0,64344.0,64350.890625,64344.0,64350.890625,615424
2026-07-25 23:26:00+00:00,64344.0,64344.0,64344.01171875,64344.0,64344.0,0
2026-07-25 23:27:00+00:00,64342.21875,64342.21875,64342.390625,64342.2109375,64342.390625,0
2026-07-25 23:28:00+00:00,64342.01171875,64342.01171875,64342.21875,64342.0,64342.2109375,0
2026-07-25 23:29:00+00:00,64344.0,64344.0,64344.01171875,64342.0,64342.0,1429504
2026-07-25 23:30:00+00:00,64344.421875,64344.421875,64344.4296875,64344.0,64344.0,0
2026-07-25 23:31:00+00:00,64344.421875,64344.421875,64344.4296875,64344.421875,64344.4296875,300032
2026-07-25 23:32:00+00:00,64344.4296875,64344.4296875,64344.4296875,64344.421875,64344.421875,0
2026-07-25 23:33:00+00:00,64344.421875,64344.421875,64344.4296875,64344.421875,64344.421875,0
2026-07-25 23:34:00+00:00,64344.3984375,64344.3984375,64344.4296875,64344.3984375,64344.421875,110592
2026-07-25 23:35:00+00:00,64359.80859375,64359.80859375,64359.80859375,64341.16015625,64342.76953125,0
2026-07-25 23:36:00+00:00,64367.98046875,64367.98046875,64367.98046875,64361.9609375,64361.9609375,0
2026-07-25 23:37:00+00:00,64364.9609375,64364.9609375,64367.98828125,64361.33984375,64367.98046875,0
2026-07-25 23:38:00+00:00,64364.9296875,64364.9296875,64364.9296875,64361.98828125,64363.98828125,1180672
2026-07-25 23:39:00+00:00,64352.0,64352.0,64369.0,64334.890625,64369.0,4400128
2026-07-25 23:40:00+00:00,64334.87890625,64334.87890625,64342.62109375,64334.87890625,64341.01953125,0
2026-07-25 23:41:00+00:00,64335.08984375,64335.08984375,64335.1015625,64334.87890625,64334.87890625,9445376
2026-07-25 23:42:00+00:00,64332.51171875,64332.51171875,64335.1015625,64332.51171875,64335.08984375,0
2026-07-25 23:43:00+00:00,64331.48046875,64331.48046875,64331.48828125,64330.578125,64330.578125,62253056
2026-07-25 23:44:00+00:00,64330.0,64330.0,64330.01171875,64328.73046875,64328.73046875,2106368
2026-07-25 23:45:00+00:00,64328.140625,64328.140625,64328.1484375,64328.140625,64328.140625,45010944
2026-07-25 23:46:00+00:00,64329.37890625,64329.37890625,64329.44140625,64328.140625,64328.140625,541696
2026-07-25 23:47:00+00:00,64327.25,64327.25,64329.390625,64327.25,64329.37890625,0
2026-07-25 23:48:00+00:00,64341.58984375,64341.58984375,64341.6015625,64327.26171875,64327.26171875,13559808
2026-07-25 23:49:00+00:00,64332.421875,64332.421875,64342.01171875,64332.421875,64341.58984375,887808
2026-07-25 23:50:00+00:00,64331.671875,64331.671875,64334.87109375,64326.16015625,64326.16015625,0
2026-07-25 23:51:00+00:00,64333.48046875,64333.48046875,64333.48046875,64331.671875,64331.671875,0
2026-07-25 23:52:00+00:00,64331.671875,64331.671875,64334.87109375,64331.671875,64333.48046875,0
2026-07-25 23:53:00+00:00,64307.66015625,64307.66015625,64318.0,64307.66015625,64318.0,1697792
2026-07-25 23:54:00+00:00,64305.328125,64305.328125,64307.66015625,64304.01171875,64307.6484375,16261120
2026-07-25 23:55:00+00:00,64307.23828125,64307.23828125,64308.8515625,64305.3203125,64305.328125,323584
2026-07-25 23:56:00+00:00,64307.23828125,64307.23828125,64307.25,64307.23828125,64307.25,0
2026-07-25 23:57:00+00:00,64319.390625,64319.390625,64319.390625,64307.23828125,64307.25,0
2026-07-25 23:58:00+00:00,64320.671875,64320.671875,64320.671875,64319.390625,64319.390625,0
2026-07-26 00:00:00+00:00,64297.98828125,64297.98828125,64304.0,64297.98828125,64301.98046875,0
2026-07-26 00:01:00+00:00,64289.30078125,64289.30078125,64298.0,64289.30078125,64298.0,0
2026-07-26 00:02:00+00:00,64315.19140625,64315.19140625,64315.19140625,64289.28125,64289.2890625,0
2026-07-26 00:03:00+00:00,64315.98046875,64315.98046875,64315.98828125,64315.19140625,64315.19921875,0
2026-07-26 00:04:00+00:00,64326.7109375,64326.7109375,64326.7109375,64318.421875,64318.421875,0
2026-07-26 00:05:00+00:00,64335.6484375,64335.6484375,64335.6484375,64326.7109375,64326.7109375,0
2026-07-26 00:06:00+00:00,64354.23046875,64354.23046875,64354.23046875,64335.6484375,64335.6484375,0
2026-07-26 00:07:00+00:00,64369.21875,64369.21875,64377.41015625,64355.51953125,64355.51953125,0
2026-07-26 00:08:00+00:00,64369.21875,64369.21875,64369.21875,64369.2109375,64369.2109375,7156736
2026-07-26 00:09:00+00:00,64355.51171875,64355.51171875,64369.21875,64355.51171875,64369.21875,0
2026-07-26 00:10:00+00:00,64341.7109375,64341.7109375,64351.53125,64334.91015625,64351.53125,0
2026-07-26 00:11:00+00:00,64366.16015625,64366.16015625,64366.16015625,64346.48828125,64346.48828125,732160
2026-07-26 00:12:00+00:00,64371.26953125,64371.26953125,64371.28125,64368.55078125,64368.55859375,0
2026-07-26 00:13:00+00:00,64375.80859375,64375.80859375,64377.4296875,64371.26953125,64371.26953125,0
2026-07-26 00:14:00+00:00,64370.0,64370.0,64370.01171875,64366.921875,64370.01171875,0
2026-07-26 00:15:00+00:00,64363.78125,64363.78125,64370.01171875,64363.78125,64370.01171875,0
2026-07-26 00:16:00+00:00,64376.26953125,64376.26953125,64376.28125,64367.2890625,64367.2890625,0
2026-07-26 00:17:00+00:00,64362.03125,64362.03125,64374.6484375,64362.03125,64374.6484375,0
2026-07-26 00:18:00+00:00,64360.7109375,64360.7109375,64362.03125,64360.1796875,64362.01953125,30265344
2026-07-26 00:19:00+00:00,64360.73828125,64360.73828125,64372.609375,64360.73828125,64369.7109375,142336
2026-07-26 00:20:00+00:00,64371.51171875,64371.51171875,64371.6484375,64358.69921875,64360.73828125,0
2026-07-26 00:21:00+00:00,64376.0703125,64376.0703125,64376.26953125,64367.80078125,64371.51171875,0
2026-07-26 00:22:00+00:00,64383.078125,64383.078125,64387.75,64376.05859375,64376.05859375,0
2026-07-26 00:23:00+00:00,64383.08984375,64383.08984375,64384.328125,64383.08984375,64383.08984375,0
2026-07-26 00:24:00+00:00,64400.66015625,64400.66015625,64400.66015625,64381.3203125,64381.3203125,68700160
2026-07-26 00:25:00+00:00,64396.71875,64396.71875,64401.8984375,64395.5,64400.98828125,0
2026-07-26 00:26:00+00:00,64401.23828125,64401.23828125,64401.25,64396.71875,64396.71875,3996672
2026-07-26 00:27:00+00:00,64419.2890625,64419.2890625,64423.87109375,64405.98828125,64406.37109375,0
2026-07-26 00:28:00+00:00,64410.26171875,64410.26171875,64421.44140625,64410.25,64421.44140625,10781696
2026-07-26 00:29:00+00:00,64406.0,64406.0,64416.0,64406.0,64410.26171875,69935104
2026-07-26 00:30:00+00:00,64395.98828125,64395.98828125,64405.19140625,64386.0,64405.19140625,0
2026-07-26 00:31:00+00:00,64403.55859375,64403.55859375,64403.55859375,64395.98828125,64395.98828125,0
2026-07-26 00:32:00+00:00,64416.16015625,64416.16015625,64426.05078125,64403.55859375,64403.55859375,0
2026-07-26 00:33:00+00:00,64406.80859375,64406.80859375,64419.421875,64406.80859375,64416.16015625,0
2026-07-26 00:34:00+00:00,64397.8515625,64397.8515625,64404.55078125,64397.8515625,64404.55078125,1149952
2026-07-26 00:35:00+00:00,64388.0703125,64388.0703125,64393.03125,64384.0,64393.03125,0
2026-07-26 00:36:00+00:00,64391.41015625,64391.41015625,64391.41015625,64382.23046875,64388.0703125,0
2026-07-26 00:37:00+00:00,64387.21875,64387.21875,64391.41015625,64387.21875,64391.3984375,0
2026-07-26 00:38:00+00:00,64395.890625,64395.890625,64395.890625,64387.21875,64387.21875,9417728
2026-07-26 00:39:00+00:00,64359.98828125,64359.98828125,64395.890625,64359.98046875,64395.890625,45900800
2026-07-26 00:40:00+00:00,64354.69921875,64354.69921875,64359.98828125,64354.69921875,64359.98046875,0
2026-07-26 00:41:00+00:00,64346.5,64346.5,64354.69921875,64346.48828125,64354.69921875,1137664
2026-07-26 00:42:00+00:00,64359.98828125,64359.98828125,64359.98828125,64346.5,64346.5,0
2026-07-26 00:43:00+00:00,64361.26953125,64361.26953125,64361.28125,64359.98046875,64359.98828125,0
2026-07-26 00:44:00+00:00,64354.66015625,64354.66015625,64361.26953125,64354.66015625,64361.26953125,0
2026-07-26 00:45:00+00:00,64349.98828125,64349.98828125,64355.98828125,64339.859375,64354.671875,0
2026-07-26 00:46:00+00:00,64360.0,64360.0,64360.0,64347.98828125,64349.98828125,0
2026-07-26 00:47:00+00:00,64362.87109375,64362.87109375,64362.87890625,64362.87109375,64362.87109375,0
2026-07-26 00:48:00+00:00,64370.0,64370.0,64370.0,64362.87109375,64362.87890625,22824960
2026-07-26 00:49:00+00:00,64359.73828125,64359.73828125,64374.0,64359.73828125,64373.98828125,0
2026-07-26 00:50:00+00:00,64375.26953125,64375.26953125,64375.26953125,64359.75,64359.75,0
2026-07-26 00:51:00+00:00,64387.390625,64387.390625,64387.390625,64375.26953125,64375.26953125,0
2026-07-26 00:52:00+00:00,64382.76953125,64382.76953125,64387.3984375,64382.76953125,64387.3984375,0
2026-07-26 00:53:00+00:00,64421.48828125,64421.48828125,64421.48828125,64385.26171875,64385.26171875,0
2026-07-26 00:54:00+00:00,64409.921875,64409.921875,64421.5,64409.91015625,64421.5,0
2026-07-26 00:55:00+00:00,64412.3515625,64412.3515625,64412.3515625,64405.0,64409.921875,7799808
2026-07-26 00:56:00+00:00,64421.51171875,64421.51171875,64421.51171875,64413.6484375,64413.6484375,85955584
2026-07-26 00:57:00+00:00,64426.48828125,64426.48828125,64437.75,64419.890625,64419.890625,0
2026-07-26 00:58:00+00:00,64433.9609375,64433.9609375,64437.75,64426.5,64426.5,195584
2026-07-26 00:59:00+00:00,64450.0,64450.0,64450.0390625,64433.9609375,64433.9609375,0
2026-07-26 01:00:00+00:00,64475.83984375,64475.83984375,64475.83984375,64450.0,64450.0,0
2026-07-26 01:01:00+00:00,64446.1484375,64446.1484375,64475.8515625,64446.1484375,64475.8515625,5506048
2026-07-26 01:02:00+00:00,64439.03125,64439.03125,64446.16015625,64430.671875,64446.16015625,0
2026-07-26 01:03:00+00:00,64421.98046875,64421.98046875,64439.03125,64409.44921875,64439.03125,0
2026-07-26 01:04:00+00:00,64418.19140625,64418.19140625,64421.98828125,64418.19140625,64421.98046875,0
2026-07-26 01:05:00+00:00,64428.01171875,64428.01171875,64436.0,64418.19140625,64418.19921875,1236992
2026-07-26 01:06:00+00:00,64428.01171875,64428.01171875,64437.73828125,64428.0,64428.01171875,0
2026-07-26 01:07:00+00:00,64423.98828125,64423.98828125,64428.01171875,64423.890625,64428.01171875,0
2026-07-26 01:08:00+00:00,64415.94921875,64415.94921875,64423.98828125,64414.01953125,64423.98828125,3296256
2026-07-26 01:09:00+00:00,64419.98828125,64419.98828125,64419.98828125,64419.98046875,64419.98046875,801792
2026-07-26 01:10:00+00:00,64415.12109375,64415.12109375,64423.48828125,64402.01171875,64423.48828125,0
2026-07-26 01:11:00+00:00,64441.96875,64441.96875,64441.96875,64415.12109375,64415.12890625,0
2026-07-26 01:12:00+00:00,64435.98828125,64435.98828125,64441.37109375,64435.5,64441.37109375,0
2026-07-26 01:13:00+00:00,64436.890625,64436.890625,64439.671875,64435.98046875,64435.98828125,19942400
2026-07-26 01:14:00+00:00,64442.91015625,64442.91015625,64442.91015625,64435.1796875,64436.75,0
2026-07-26 01:15:00+00:00,64429.5703125,64429.5703125,64443.58984375,64429.55859375,64443.58984375,0
2026-07-26 01:16:00+00:00,64429.58984375,64429.58984375,64429.58984375,64429.55859375,64429.55859375,9106432
2026-07-26 01:17:00+00:00,64426.0,64426.0,64429.58984375,64424.76953125,64429.58984375,0
2026-07-26 01:18:00+00:00,64426.03125,64426.03125,64428.03125,64425.98828125,64426.0,0
2026-07-26 01:19:00+00:00,64435.890625,64435.890625,64439.12109375,64426.03125,64426.03125,0
2026-07-26 01:20:00+00:00,64420.0,64420.0,64435.8984375,64412.98046875,64435.890625,0
2026-07-26 01:21:00+00:00,64420.0,64420.0,64420.0,64419.98828125,64419.98828125,0
2026-07-26 01:22:00+00:00,64419.98828125,64419.98828125,64420.0,64419.98828125,64419.98828125,0
2026-07-26 01:23:00+00:00,64417.01171875,64417.01171875,64420.0,64415.48828125,64420.0,450404352
2026-07-26 01:24:00+00:00,64415.5,64415.5,64417.01171875,64413.890625,64417.01171875,0
2026-07-26 01:25:00+00:00,64412.98046875,64412.98046875,64415.5,64412.98046875,64415.48828125,0
2026-07-26 01:26:00+00:00,64410.55078125,64410.55078125,64412.98828125,64410.55078125,64412.98828125,0
2026-07-26 01:27:00+00:00,64406.78125,64406.78125,64410.55859375,64406.78125,64410.55078125,0
2026-07-26 01:28:00+00:00,64419.98828125,64419.98828125,64419.98828125,64406.78125,64406.78125,0
2026-07-26 01:29:00+00:00,64420.0,64420.0,64420.0,64419.98828125,64419.98828125,0
2026-07-26 01:30:00+00:00,64433.9609375,64433.9609375,64433.98046875,64420.0,64420.0,65873920
2026-07-26 01:31:00+00:00,64425.98828125,64425.98828125,64426.0,64421.51171875,64421.51953125,0
2026-07-26 01:32:00+00:00,64430.140625,64430.140625,64430.1484375,64429.87890625,64429.87890625,0
2026-07-26 01:33:00+00:00,64430.1484375,64430.1484375,64430.1484375,64424.75,64430.140625,0
2026-07-26 01:34:00+00:00,64436.1484375,64436.1484375,64438.51953125,64430.140625,64430.1484375,0
2026-07-26 01:35:00+00:00,64442.01171875,64442.01171875,64442.01171875,64436.1484375,64436.1484375,0
2026-07-26 01:36:00+00:00,64441.98046875,64441.98046875,64441.98828125,64440.421875,64440.421875,18191360
2026-07-26 01:37:00+00:00,64442.2109375,64442.2109375,64442.2109375,64440.4296875,64441.98828125,0
2026-07-26 01:38:00+00:00,64418.26953125,64418.26953125,64442.25,64417.73046875,64442.25,0
2026-07-26 01:39:00+00:00,64430.5,64430.5,64431.62109375,64418.26953125,64418.26953125,0
2026-07-26 01:40:00+00:00,64431.1484375,64431.1484375,64431.16015625,64430.5,64430.51171875,0
2026-07-26 01:41:00+00:00,64405.83984375,64405.83984375,64431.16015625,64405.83984375,64431.16015625,385024
2026-07-26 01:42:00+00:00,64405.83984375,64405.83984375,64405.8515625,64405.83984375,64405.83984375,0
2026-07-26 01:43:00+00:00,64405.8515625,64405.8515625,64405.8515625,64405.83984375,64405.83984375,0
2026-07-26 01:44:00+00:00,64420.01171875,64420.01171875,64420.01171875,64405.0,64405.8515625,0
2026-07-26 01:45:00+00:00,64408.421875,64408.421875,64421.01953125,64408.41015625,64421.01171875,0
2026-07-26 01:46:00+00:00,64403.98046875,64403.98046875,64408.421875,64401.5703125,64408.421875,0
2026-07-26 01:47:00+00:00,64408.26953125,64408.26953125,64411.48046875,64402.87890625,64408.3984375,0
2026-07-26 01:48:00+00:00,64411.640625,64411.640625,64412.9296875,64411.48046875,64411.48046875,0
2026-07-26 01:49:00+00:00,64400.01171875,64400.01171875,64411.640625,64400.0,64411.640625,0
2026-07-26 01:50:00+00:00,64411.98046875,64411.98046875,64416.671875,64404.5390625,64416.671875,0
2026-07-26 01:51:00+00:00,64411.98046875,64411.98046875,64411.98046875,64410.7109375,64411.98046875,0
2026-07-26 01:52:00+00:00,64416.0,64416.0,64423.87890625,64404.8984375,64423.87890625,0
2026-07-26 01:53:00+00:00,64415.62109375,64415.62109375,64416.0,64415.609375,64415.98828125,47033344
2026-07-26 01:54:00+00:00,64427.30859375,64427.30859375,64433.1015625,64423.87890625,64423.87890625,0
2026-07-26 01:55:00+00:00,64421.30078125,64421.30078125,64432.48046875,64420.03125,64420.03125,3154944
2026-07-26 01:56:00+00:00,64415.5,64415.5,64421.98828125,64413.671875,64421.98828125,19456
2026-07-26 01:57:00+00:00,64398.28125,64398.28125,64415.5,64398.26953125,64415.5,0
2026-07-26 01:58:00+00:00,64390.87109375,64390.87109375,64398.28125,64390.12890625,64398.28125,24704000
2026-07-26 01:59:00+00:00,64404.53125,64404.53125,64404.53125,64390.87109375,64390.87890625,77824
2026-07-26 02:00:00+00:00,64404.98828125,64404.98828125,64408.0,64404.98828125,64407.98828125,26165248
2026-07-26 02:01:00+00:00,64406.78125,64406.78125,64413.890625,64403.94140625,64404.98828125,1379328
2026-07-26 02:02:00+00:00,64402.21875,64402.21875,64414.0,64402.21875,64411.0390625,0
2026-07-26 02:03:00+00:00,64399.9609375,64399.9609375,64402.23046875,64392.9296875,64402.21875,74089472
2026-07-26 02:04:00+00:00,64395.94921875,64395.94921875,64395.9609375,64395.94921875,64395.9609375,345088
2026-07-26 02:05:00+00:00,64379.98046875,64379.98046875,64395.609375,64371.3203125,64395.609375,0
2026-07-26 02:06:00+00:00,64379.9296875,64379.9296875,64379.98828125,64378.66015625,64379.98046875,0
2026-07-26 02:07:00+00:00,64373.46875,64373.46875,64379.9296875,64372.03125,64379.921875,0
2026-07-26 02:08:00+00:00,64368.4296875,64368.4296875,64372.01953125,64368.4296875,64372.01953125,42018816
2026-07-26 02:09:00+00:00,64379.98046875,64379.98046875,64379.98046875,64368.4296875,64368.4296875,0
2026-07-26 02:10:00+00:00,64392.9296875,64392.9296875,64392.9296875,64379.98046875,64379.98046875,0
2026-07-26 02:11:00+00:00,64394.53125,64394.53125,64394.53125,64392.921875,64392.9296875,0
2026-07-26 02:12:00+00:00,64407.98828125,64407.98828125,64407.98828125,64394.53125,64394.53125,0
2026-07-26 02:13:00+00:00,64416.140625,64416.140625,64416.140625,64407.98828125,64407.98828125,0
2026-07-26 02:14:00+00:00,64419.94140625,64419.94140625,64419.94921875,64416.12890625,64416.12890625,0
2026-07-26 02:15:00+00:00,64419.94140625,64419.94140625,64419.94921875,64419.94140625,64419.94140625,12235776
2026-07-26 02:16:00+00:00,64413.8984375,64413.8984375,64419.94140625,64413.890625,64419.94140625,0
2026-07-26 02:17:00+00:00,64416.7890625,64416.7890625,64419.0390625,64413.890625,64413.890625,0
2026-07-26 02:18:00+00:00,64416.80078125,64416.80078125,64416.80078125,64416.7890625,64416.7890625,6666240
2026-07-26 02:19:00+00:00,64403.33984375,64403.33984375,64414.26171875,64403.33984375,64414.25,4442112
2026-07-26 02:20:00+00:00,64390.01953125,64390.01953125,64403.3515625,64390.01953125,64403.3515625,0
2026-07-26 02:21:00+00:00,64397.98828125,64397.98828125,64397.98828125,64390.01953125,64390.01953125,0
2026-07-26 02:22:00+00:00,64417.66015625,64417.66015625,64417.66015625,64411.73828125,64411.73828125,0
2026-07-26 02:23:00+00:00,64392.94140625,64392.94140625,64417.66015625,64392.94140625,64417.66015625,23442432
2026-07-26 02:24:00+00:00,64384.23046875,64384.23046875,64392.94140625,64384.23046875,64392.94140625,0
2026-07-26 02:25:00+00:00,64388.08984375,64388.08984375,64388.08984375,64381.3203125,64384.23046875,783360
2026-07-26 02:26:00+00:00,64388.08984375,64388.08984375,64388.08984375,64388.078125,64388.08984375,574464
2026-07-26 02:27:00+00:00,64409.98828125,64409.98828125,64416.1484375,64392.91015625,64392.91015625,0
2026-07-26 02:28:00+00:00,64416.5703125,64416.5703125,64416.578125,64407.62890625,64409.98828125,12651520
2026-07-26 02:29:00+00:00,64419.078125,64419.078125,64419.078125,64416.578125,64416.578125,0
2026-07-26 02:30:00+00:00,64425.0,64425.0,64425.0,64419.0703125,64419.0703125,8006656
2026-07-26 02:31:00+00:00,64396.80078125,64396.80078125,64425.0,64396.80078125,64425.0,0
2026-07-26 02:32:00+00:00,64385.48828125,64385.48828125,64392.25,64381.3515625,64392.25,0
2026-07-26 02:33:00+00:00,64377.7890625,64377.7890625,64385.5,64377.7890625,64385.5,0
2026-07-26 02:34:00+00:00,64383.98828125,64383.98828125,64383.98828125,64368.0390625,64368.0390625,6417408
2026-07-26 02:35:00+00:00,64370.828125,64370.828125,64383.98828125,64370.828125,64383.98828125,0
2026-07-26 02:36:00+00:00,64380.921875,64380.921875,64380.921875,64369.5390625,64370.828125,0
2026-07-26 02:37:00+00:00,64387.96875,64387.96875,64387.98046875,64385.1796875,64385.1796875,0
2026-07-26 02:38:00+00:00,64384.75,64384.75,64387.98046875,64384.05078125,64387.98046875,0
2026-07-26 02:39:00+00:00,64384.75,64384.75,64384.75,64384.73828125,64384.75,85701632
2026-07-26 02:40:00+00:00,64382.12890625,64382.12890625,64384.75,64382.12890625,64384.75,0
2026-07-26 02:41:00+00:00,64378.73828125,64378.73828125,64382.12890625,64377.98828125,64382.12890625,0
2026-07-26 02:42:00+00:00,64379.87109375,64379.87109375,64381.171875,64378.75,64378.75,0
2026-07-26 02:43:00+00:00,64379.87109375,64379.87109375,64379.87890625,64378.58984375,64379.87890625,0
2026-07-26 02:44:00+00:00,64381.30859375,64381.30859375,64381.30859375,64381.30078125,64381.30859375,0
2026-07-26 02:45:00+00:00,64381.30078125,64381.30078125,64381.30859375,64381.30078125,64381.30859375,0
2026-07-26 02:46:00+00:00,64380.0,64380.0,64381.30859375,64379.98828125,64381.30859375,0
2026-07-26 02:47:00+00:00,64380.73046875,64380.73046875,64380.73046875,64379.98828125,64379.98828125,0
2026-07-26 02:48:00+00:00,64407.37109375,64407.37109375,64407.37890625,64395.96875,64395.96875,7010304
2026-07-26 02:49:00+00:00,64410.25,64410.25,64415.98046875,64400.23828125,64407.37890625,0
2026-07-26 02:50:00+00:00,64439.98828125,64439.98828125,64439.98828125,64410.25,64410.25,0
2026-07-26 02:51:00+00:00,64445.08984375,64445.08984375,64447.98828125,64440.0,64440.0,37156864
2026-07-26 02:52:00+00:00,64458.7109375,64458.7109375,64458.7109375,64445.08984375,64445.08984375,0
2026-07-26 02:53:00+00:00,64447.37890625,64447.37890625,64458.69921875,64447.37890625,64458.69921875,211968
2026-07-26 02:54:00+00:00,64464.87109375,64464.87109375,64464.87109375,64451.828125,64451.828125,15186944
2026-07-26 02:55:00+00:00,64455.46875,64455.46875,64464.01171875,64450.98046875,64464.01171875,0
2026-07-26 02:56:00+00:00,64466.4296875,64466.4296875,64466.44140625,64457.05859375,64457.0703125,0
2026-07-26 02:57:00+00:00,64460.8203125,64460.8203125,64466.44140625,64460.8203125,64466.4296875,0
2026-07-26 02:58:00+00:00,64465.12890625,64465.12890625,64465.12890625,64460.03125,64460.828125,45500416
2026-07-26 02:59:00+00:00,64460.8984375,64460.8984375,64463.828125,64457.9609375,64463.828125,0
2026-07-26 03:00:00+00:00,64481.30078125,64481.30078125,64481.30078125,64464.73046875,64464.73046875,0
2026-07-26 03:01:00+00:00,64460.33984375,64460.33984375,64481.2890625,64460.33984375,64481.2890625,0
2026-07-26 03:02:00+00:00,64441.05859375,64441.05859375,64460.33984375,64441.05859375,64460.33984375,0
2026-07-26 03:03:00+00:00,64439.37890625,64439.37890625,64441.05859375,64434.55078125,64441.05859375,0
2026-07-26 03:04:00+00:00,64435.73828125,64435.73828125,64443.3203125,64435.73828125,64439.37109375,0
2026-07-26 03:05:00+00:00,64431.26171875,64431.26171875,64439.41015625,64426.80078125,64439.41015625,0
2026-07-26 03:06:00+00:00,64431.26171875,64431.26171875,64438.48828125,64431.26171875,64431.26171875,0
2026-07-26 03:07:00+00:00,64431.26171875,64431.26171875,64431.28125,64431.26171875,64431.26953125,0
2026-07-26 03:08:00+00:00,64436.94921875,64436.94921875,64436.94921875,64431.26953125,64431.26953125,0
2026-07-26 03:09:00+00:00,64449.4609375,64449.4609375,64449.4609375,64424.01171875,64436.94140625,0
2026-07-26 03:10:00+00:00,64436.609375,64436.609375,64443.33984375,64436.609375,64443.33984375,0
2026-07-26 03:11:00+00:00,64450.578125,64450.578125,64451.859375,64436.69140625,64437.46875,0
2026-07-26 03:12:00+00:00,64481.30859375,64481.30859375,64481.30859375,64450.578125,64450.578125,0
2026-07-26 03:13:00+00:00,64515.6796875,64515.6796875,64515.6796875,64483.73828125,64483.73828125,23206912
2026-07-26 03:14:00+00:00,64519.0,64519.0,64524.48828125,64505.16015625,64510.0,3517440
2026-07-26 03:15:00+00:00,64481.94140625,64481.94140625,64517.7109375,64481.94140625,64517.69921875,10401792
2026-07-26 03:16:00+00:00,64487.98046875,64487.98046875,64492.0,64484.0,64485.80078125,0
2026-07-26 03:17:00+00:00,64488.76953125,64488.76953125,64491.98828125,64488.76953125,64491.98828125,0
2026-07-26 03:18:00+00:00,64481.98828125,64481.98828125,64484.98046875,64477.171875,64484.98046875,0
2026-07-26 03:19:00+00:00,64482.078125,64482.078125,64482.078125,64478.2109375,64482.0,0
2026-07-26 03:20:00+00:00,64493.0,64493.0,64493.0,64482.078125,64482.078125,0
2026-07-26 03:21:00+00:00,64490.0,64490.0,64490.0,64489.98828125,64489.98828125,0
2026-07-26 03:22:00+00:00,64499.6796875,64499.6796875,64499.6796875,64490.0,64490.0,0
2026-07-26 03:23:00+00:00,64495.5703125,64495.5703125,64499.6796875,64495.55859375,64499.6796875,0
2026-07-26 03:24:00+00:00,64495.55859375,64495.55859375,64495.5703125,64495.55859375,64495.55859375,0
2026-07-26 03:25:00+00:00,64494.01953125,64494.01953125,64494.01953125,64494.01171875,64494.01171875,0
2026-07-26 03:26:00+00:00,64489.98828125,64489.98828125,64495.5703125,64489.98828125,64494.01953125,18093056
2026-07-26 03:27:00+00:00,64480.328125,64480.328125,64490.0,64479.03125,64490.0,0
2026-07-26 03:28:00+00:00,64473.98828125,64473.98828125,64480.328125,64467.80859375,64480.328125,0
2026-07-26 03:29:00+00:00,64495.5703125,64495.5703125,64495.5703125,64473.98828125,64473.98828125,0
2026-07-26 03:30:00+00:00,64484.51953125,64484.51953125,64495.55859375,64484.51953125,64495.55859375,2130944
2026-07-26 03:31:00+00:00,64485.76953125,64485.76953125,64485.8203125,64484.51953125,64484.53125,448512
2026-07-26 03:32:00+00:00,64491.328125,64491.328125,64491.33984375,64485.76953125,64485.76953125,0
2026-07-26 03:33:00+00:00,64509.01953125,64509.01953125,64509.03125,64491.328125,64491.328125,20705280
2026-07-26 03:34:00+00:00,64513.98828125,64513.98828125,64513.98828125,64503.26953125,64503.26953125,0
2026-07-26 03:35:00+00:00,64512.390625,64512.390625,64513.98828125,64503.28125,64513.98828125,0
2026-07-26 03:36:00+00:00,64512.0,64512.0,64514.94921875,64512.0,64512.390625,12464128
2026-07-26 03:37:00+00:00,64512.0,64512.0,64512.01171875,64512.0,64512.01171875,0
2026-07-26 03:38:00+00:00,64512.01171875,64512.01171875,64512.01171875,64512.0,64512.0,230400
2026-07-26 03:39:00+00:00,64521.2890625,64521.2890625,64521.30078125,64512.0,64512.0,0
2026-07-26 03:40:00+00:00,64505.16015625,64505.16015625,64521.30078125,64505.16015625,64521.30078125,226304
2026-07-26 03:41:00+00:00,64507.12109375,64507.12109375,64507.12109375,64500.7109375,64505.171875,0
2026-07-26 03:42:00+00:00,64508.03125,64508.03125,64508.03125,64507.12109375,64507.12109375,0
2026-07-26 03:43:00+00:00,64496.5703125,64496.5703125,64508.01953125,64487.91015625,64508.01953125,3156992
2026-07-26 03:44:00+00:00,64488.1484375,64488.1484375,64495.28125,64488.1484375,64495.28125,0
2026-07-26 03:45:00+00:00,64497.96875,64497.96875,64497.96875,64481.94140625,64481.94140625,10437632
2026-07-26 03:46:00+00:00,64489.69921875,64489.69921875,64497.98828125,64489.69140625,64497.96875,584704
2026-07-26 03:47:00+00:00,64489.69140625,64489.69140625,64489.69921875,64489.69140625,64489.69921875,0
2026-07-26 03:48:00+00:00,64481.94140625,64481.94140625,64485.98828125,64481.94140625,64484.03125,1080320
2026-07-26 03:49:00+00:00,64481.37890625,64481.37890625,64481.94140625,64480.12109375,64481.94140625,13528064
2026-07-26 03:50:00+00:00,64480.12890625,64480.12890625,64481.37890625,64480.12890625,64481.37109375,0
2026-07-26 03:51:00+00:00,64484.1484375,64484.1484375,64484.1484375,64481.3515625,64481.3515625,15713280
2026-07-26 03:52:00+00:00,64481.37109375,64481.37109375,64481.37109375,64480.12109375,64480.53125,0
2026-07-26 03:53:00+00:00,64483.69921875,64483.69921875,64487.9296875,64481.37109375,64481.37109375,0
2026-07-26 03:54:00+00:00,64482.80078125,64482.80078125,64483.7109375,64480.03125,64483.7109375,0
2026-07-26 03:55:00+00:00,64481.51171875,64481.51171875,64482.80078125,64481.5,64482.80078125,0
2026-07-26 03:56:00+00:00,64471.62109375,64471.62109375,64481.51171875,64471.62109375,64481.5,722944
2026-07-26 03:57:00+00:00,64467.83984375,64467.83984375,64478.609375,64467.83984375,64469.28125,0
2026-07-26 03:58:00+00:00,64470.140625,64470.140625,64470.140625,64464.73828125,64467.83984375,5200896
2026-07-26 03:59:00+00:00,64490.4609375,64490.4609375,64490.4609375,64467.921875,64470.140625,141312
2026-07-26 04:00:00+00:00,64478.078125,64478.078125,64489.48046875,64478.078125,64486.33984375,12608512
2026-07-26 04:01:00+00:00,64483.76171875,64483.76171875,64483.76171875,64471.62890625,64478.078125,349184
2026-07-26 04:02:00+00:00,64472.359375,64472.359375,64475.30859375,64472.3515625,64475.30078125,0
2026-07-26 04:03:00+00:00,64470.51171875,64470.51171875,64472.359375,64470.51171875,64472.359375,943104
2026-07-26 04:04:00+00:00,64477.4296875,64477.4296875,64481.9296875,64469.55078125,64470.51171875,0
2026-07-26 04:05:00+00:00,64491.48828125,64491.48828125,64491.48828125,64477.421875,64477.421875,67418112
2026-07-26 04:06:00+00:00,64471.5703125,64471.5703125,64489.26171875,64471.55859375,64489.26171875,40169472
2026-07-26 04:07:00+00:00,64462.6015625,64462.6015625,64471.5703125,64462.58984375,64471.55859375,0
2026-07-26 04:08:00+00:00,64454.0,64454.0,64462.6015625,64446.859375,64462.6015625,0
2026-07-26 04:09:00+00:00,64450.76171875,64450.76171875,64455.28125,64450.75,64455.28125,1310720
2026-07-26 04:10:00+00:00,64449.87890625,64449.87890625,64450.76171875,64449.87109375,64450.76171875,0
2026-07-26 04:11:00+00:00,64449.69140625,64449.69140625,64449.87890625,64449.6796875,64449.87890625,0
2026-07-26 04:12:00+00:00,64448.0,64448.0,64448.0,64447.7109375,64447.7109375,0
2026-07-26 04:13:00+00:00,64455.828125,64455.828125,64459.98046875,64448.0,64448.0,84474880
2026-07-26 04:14:00+00:00,64439.23828125,64439.23828125,64455.828125,64439.23046875,64455.828125,400384
2026-07-26 04:15:00+00:00,64432.58984375,64432.58984375,64439.23828125,64431.46875,64439.23046875,0
2026-07-26 04:16:00+00:00,64430.01171875,64430.01171875,64432.58984375,64430.0,64432.58984375,0
2026-07-26 04:17:00+00:00,64440.51953125,64440.51953125,64440.51953125,64429.6796875,64430.01171875,0
2026-07-26 04:18:00+00:00,64440.6484375,64440.6484375,64440.671875,64439.421875,64440.53125,0
2026-07-26 04:19:00+00:00,64438.94140625,64438.94140625,64441.8203125,64438.94140625,64441.80859375,16125952
2026-07-26 04:20:00+00:00,64441.73828125,64441.73828125,64441.73828125,64438.94140625,64438.94140625,6930432
2026-07-26 04:21:00+00:00,64439.3984375,64439.3984375,64441.73046875,64439.390625,64441.73046875,0
2026-07-26 04:22:00+00:00,64446.2890625,64446.2890625,64446.30078125,64443.1796875,64443.1796875,0
2026-07-26 04:23:00+00:00,64466.37890625,64466.37890625,64466.37890625,64446.30078125,64446.30078125,0
2026-07-26 04:24:00+00:00,64482.96875,64482.96875,64482.96875,64466.37109375,64466.37109375,0
2026-07-26 04:25:00+00:00,64468.80078125,64468.80078125,64482.96875,64468.80078125,64482.96875,0
2026-07-26 04:26:00+00:00,64481.8515625,64481.8515625,64481.8515625,64468.80078125,64468.80078125,0
2026-07-26 04:27:00+00:00,64487.94921875,64487.94921875,64489.6796875,64487.94921875,64489.671875,0
2026-07-26 04:28:00+00:00,64486.5,64486.5,64487.9609375,64485.80078125,64487.9609375,38799360
2026-07-26 04:29:00+00:00,64489.578125,64489.578125,64489.578125,64486.48046875,64486.48828125,0
2026-07-26 04:30:00+00:00,64489.98046875,64489.98046875,64489.98828125,64489.5703125,64489.5703125,0
2026-07-26 04:31:00+00:00,64474.0,64474.0,64489.98828125,64471.98828125,64489.98828125,7829504
2026-07-26 04:32:00+00:00,64475.28125,64475.28125,64475.28125,64473.98828125,64474.0,0
2026-07-26 04:33:00+00:00,64475.28125,64475.28125,64475.94140625,64475.28125,64475.2890625,0
2026-07-26 04:34:00+00:00,64477.96875,64477.96875,64477.96875,64475.9296875,64475.94140625,6883328
2026-07-26 04:35:00+00:00,64487.96875,64487.96875,64487.98046875,64477.9609375,64477.9609375,0
2026-07-26 04:36:00+00:00,64477.19140625,64477.19140625,64487.98046875,64477.19140625,64487.96875,15008768
2026-07-26 04:37:00+00:00,64487.9609375,64487.9609375,64487.9609375,64475.94140625,64477.1796875,0
2026-07-26 04:38:00+00:00,64495.26953125,64495.26953125,64495.26953125,64489.671875,64489.671875,0
2026-07-26 04:39:00+00:00,64495.26171875,64495.26171875,64495.26953125,64495.26171875,64495.26953125,17593344
2026-07-26 04:40:00+00:00,64493.98046875,64493.98046875,64495.26953125,64493.98046875,64495.26953125,8961024
2026-07-26 04:41:00+00:00,64503.859375,64503.859375,64505.1484375,64493.96875,64493.96875,0
2026-07-26 04:42:00+00:00,64503.87109375,64503.87109375,64503.87109375,64503.859375,64503.87109375,0
2026-07-26 04:43:00+00:00,64499.3203125,64499.3203125,64503.87109375,64497.421875,64503.87109375,198656
2026-07-26 04:44:00+00:00,64516.76953125,64516.76953125,64516.76953125,64499.328125,64499.328125,0
2026-07-26 04:45:00+00:00,64528.390625,64528.390625,64537.98828125,64520.62890625,64520.62890625,0
2026-07-26 04:46:00+00:00,64499.359375,64499.359375,64522.328125,64499.3515625,64522.328125,0
2026-07-26 04:47:00+00:00,64497.4296875,64497.4296875,64497.4296875,64497.4296875,64497.4296875,0
2026-07-26 04:48:00+00:00,64509.80078125,64509.80078125,64509.80078125,64497.4296875,64497.4296875,0
2026-07-26 04:49:00+00:00,64503.25,64503.25,64512.5,64500.5,64509.80078125,231424
2026-07-26 04:50:00+00:00,64503.25,64503.25,64503.25,64503.23828125,64503.25,0
2026-07-26 04:51:00+00:00,64493.0,64493.0,64501.94921875,64493.0,64501.94140625,7496704
2026-07-26 04:52:00+00:00,64500.6484375,64500.6484375,64500.6484375,64490.359375,64490.359375,0
2026-07-26 04:53:00+00:00,64481.94921875,64481.94921875,64505.2109375,64481.94921875,64500.6484375,0
2026-07-26 04:54:00+00:00,64486.98828125,64486.98828125,64497.828125,64481.94140625,64481.94921875,0
2026-07-26 04:55:00+00:00,64474.21875,64474.21875,64487.0,64474.21875,64487.0,0
2026-07-26 04:56:00+00:00,64468.8203125,64468.8203125,64470.33984375,64468.80078125,64470.33984375,61249536
2026-07-26 04:57:00+00:00,64469.94921875,64469.94921875,64469.94921875,64468.828125,64468.828125,0
2026-07-26 04:58:00+00:00,64469.94921875,64469.94921875,64469.94921875,64469.94140625,64469.94921875,947200
2026-07-26 04:59:00+00:00,64465.078125,64465.078125,64487.62890625,64458.71875,64469.94921875,1774592
2026-07-26 05:00:00+00:00,64450.98046875,64450.98046875,64465.078125,64450.98046875,64465.078125,804864
2026-07-26 05:01:00+00:00,64443.25,64443.25,64450.98828125,64443.25,64450.98828125,657408
2026-07-26 05:02:00+00:00,64435.51171875,64435.51171875,64443.23828125,64435.5,64443.23828125,0
2026-07-26 05:03:00+00:00,64449.98828125,64449.98828125,64449.98828125,64435.51171875,64435.51171875,17735680
2026-07-26 05:04:00+00:00,64446.62890625,64446.62890625,64451.28125,64446.62890625,64450.0,227328
2026-07-26 05:05:00+00:00,64434.0,64434.0,64446.640625,64423.41015625,64446.640625,118784
2026-07-26 05:06:00+00:00,64442.0,64442.0,64442.0,64434.0,64434.0,111478784
2026-07-26 05:07:00+00:00,64443.91015625,64443.91015625,64443.921875,64439.75,64442.0,0
2026-07-26 05:08:00+00:00,64442.140625,64442.140625,64443.921875,64442.12890625,64443.921875,0
2026-07-26 05:09:00+00:00,64441.98828125,64441.98828125,64441.98828125,64435.51171875,64439.75,0
2026-07-26 05:10:00+00:00,64445.98828125,64445.98828125,64446.0,64441.08984375,64442.0,0
2026-07-26 05:11:00+00:00,64448.390625,64448.390625,64448.390625,64445.98828125,64446.0,7430144
2026-07-26 05:12:00+00:00,64456.6796875,64456.6796875,64459.5703125,64451.25,64451.25,0
2026-07-26 05:13:00+00:00,64457.3984375,64457.3984375,64457.3984375,64452.12890625,64452.12890625,0
2026-07-26 05:14:00+00:00,64454.23046875,64454.23046875,64454.23046875,64454.01171875,64454.01171875,607232
2026-07-26 05:15:00+00:00,64454.23046875,64454.23046875,64454.23046875,64454.21875,64454.21875,21178368
2026-07-26 05:16:00+00:00,64446.62109375,64446.62109375,64452.890625,64445.01171875,64452.890625,574464
2026-07-26 05:17:00+00:00,64445.01171875,64445.01171875,64446.62109375,64445.0,64446.62109375,0
2026-07-26 05:18:00+00:00,64447.1484375,64447.1484375,64447.16015625,64439.37109375,64445.01171875,2467840
2026-07-26 05:19:00+00:00,64448.69921875,64448.69921875,64449.98828125,64447.1484375,64447.1484375,0
2026-07-26 05:20:00+00:00,64445.55859375,64445.55859375,64448.69921875,64445.55859375,64448.69921875,7277568
2026-07-26 05:21:00+00:00,64445.5703125,64445.5703125,64445.5703125,64445.55859375,64445.5703125,37341184
2026-07-26 05:22:00+00:00,64439.390625,64439.390625,64445.5703125,64439.390625,64445.5703125,4260864
2026-07-26 05:23:00+00:00,64443.671875,64443.671875,64443.671875,64443.66015625,64443.671875,0
2026-07-26 05:24:00+00:00,64443.66015625,64443.66015625,64443.671875,64443.66015625,64443.66015625,0
2026-07-26 05:25:00+00:00,64443.671875,64443.671875,64443.671875,64443.66015625,64443.66015625,0
2026-07-26 05:26:00+00:00,64441.01171875,64441.01171875,64443.671875,64441.0,64443.66015625,63488
2026-07-26 05:27:00+00:00,64434.8203125,64434.8203125,64439.7109375,64433.98828125,64439.7109375,0
2026-07-26 05:28:00+00:00,64434.8203125,64434.8203125,64434.8203125,64434.80859375,64434.8203125,9931776
2026-07-26 05:29:00+00:00,64428.19140625,64428.19140625,64433.5390625,64428.19140625,64433.5390625,0
2026-07-26 05:30:00+00:00,64421.0390625,64421.0390625,64428.19140625,64421.03125,64428.19140625,0
2026-07-26 05:31:00+00:00,64401.421875,64401.421875,64421.0390625,64401.421875,64421.03125,878592
2026-07-26 05:32:00+00:00,64376.5390625,64376.5390625,64401.41015625,64355.55078125,64401.41015625,0
2026-07-26 05:33:00+00:00,64365.8515625,64365.8515625,64381.30859375,64365.83984375,64381.30859375,7835648
2026-07-26 05:34:00+00:00,64397.80859375,64397.80859375,64408.12890625,64365.83984375,64365.8515625,72704
2026-07-26 05:35:00+00:00,64412.94921875,64412.94921875,64412.9609375,64397.80078125,64397.80078125,2931712
2026-07-26 05:36:00+00:00,64400.140625,64400.140625,64406.19921875,64400.140625,64406.19140625,3318784
2026-07-26 05:37:00+00:00,64410.08984375,64410.08984375,64410.1015625,64400.140625,64400.140625,0
2026-07-26 05:38:00+00:00,64410.1015625,64410.1015625,64410.1015625,64410.08984375,64410.08984375,9867264
2026-07-26 05:39:00+00:00,64412.9609375,64412.9609375,64415.0,64410.08984375,64410.1015625,0
2026-07-26 05:40:00+00:00,64412.9609375,64412.9609375,64412.9609375,64412.94921875,64412.94921875,122994688
2026-07-26 05:41:00+00:00,64400.80078125,64400.80078125,64412.9609375,64400.80078125,64412.9609375,0
2026-07-26 05:42:00+00:00,64415.78125,64415.78125,64415.7890625,64396.80859375,64396.80859375,0
2026-07-26 05:43:00+00:00,64415.7890625,64415.7890625,64415.7890625,64415.78125,64415.78125,0
2026-07-26 05:44:00+00:00,64416.51953125,64416.51953125,64416.53125,64416.51953125,64416.53125,0
2026-07-26 05:45:00+00:00,64404.55078125,64404.55078125,64419.4296875,64404.5390625,64419.41015625,0
2026-07-26 05:46:00+00:00,64404.55078125,64404.55078125,64404.55078125,64404.5390625,64404.55078125,0
2026-07-26 05:47:00+00:00,64404.55078125,64404.55078125,64404.55078125,64404.5390625,64404.55078125,0
2026-07-26 05:48:00+00:00,64399.69140625,64399.69140625,64404.55078125,64398.7109375,64404.55078125,0
2026-07-26 05:49:00+00:00,64396.80859375,64396.80859375,64399.69140625,64396.80078125,64399.6796875,0
2026-07-26 05:50:00+00:00,64400.8515625,64400.8515625,64403.25,64396.80859375,64396.80859375,596992
2026-07-26 05:51:00+00:00,64392.9296875,64392.9296875,64400.859375,64392.9296875,64400.859375,0
2026-07-26 05:52:00+00:00,64392.01171875,64392.01171875,64392.94140625,64385.19140625,64392.94140625,0
2026-07-26 05:53:00+00:00,64380.80859375,64380.80859375,64392.01171875,64380.80859375,64392.01171875,0
2026-07-26 05:54:00+00:00,64376.44921875,64376.44921875,64381.73828125,64376.44140625,64380.80859375,0
2026-07-26 05:55:00+00:00,64369.71875,64369.71875,64377.44921875,64369.7109375,64376.44140625,0
2026-07-26 05:56:00+00:00,64364.578125,64364.578125,64369.7109375,64364.578125,64369.7109375,3298304
2026-07-26 05:57:00+00:00,64361.1484375,64361.1484375,64364.578125,64361.1484375,64364.5703125,0
2026-07-26 05:58:00+00:00,64365.83984375,64365.83984375,64365.83984375,64357.51953125,64361.16015625,0
2026-07-26 05:59:00+00:00,64352.94140625,64352.94140625,64365.83984375,64352.94140625,64365.83984375,1013760
2026-07-26 06:00:00+00:00,64352.94140625,64352.94140625,64357.98046875,64352.94140625,64357.98046875,0
2026-07-26 06:01:00+00:00,64357.19921875,64357.19921875,64357.2890625,64351.80078125,64352.94140625,4545536
2026-07-26 06:02:00+00:00,64355.421875,64355.421875,64355.4296875,64355.421875,64355.4296875,4861952
2026-07-26 06:03:00+00:00,64363.94921875,64363.94921875,64363.94921875,64357.98046875,64357.98046875,0
2026-07-26 06:04:00+00:00,64346.48828125,64346.48828125,64381.30859375,64346.48828125,64369.69921875,0
2026-07-26 06:05:00+00:00,64337.0,64337.0,64346.48828125,64337.0,64346.48828125,0
2026-07-26 06:06:00+00:00,64325.48046875,64325.48046875,64334.19140625,64325.46875,64334.19140625,0
2026-07-26 06:07:00+00:00,64320.01953125,64320.01953125,64325.48046875,64315.5390625,64325.46875,0
2026-07-26 06:08:00+00:00,64319.390625,64319.390625,64320.01953125,64311.0,64320.01953125,20519936
2026-07-26 06:09:00+00:00,64322.98828125,64322.98828125,64323.0,64316.01171875,64316.01171875,82219008
2026-07-26 06:10:00+00:00,64321.71875,64321.71875,64323.0,64321.69921875,64322.98828125,0
2026-07-26 06:11:00+00:00,64299.98828125,64299.98828125,64321.7109375,64295.5,64321.7109375,3747840
2026-07-26 06:12:00+00:00,64289.171875,64289.171875,64300.859375,64284.109375,64299.94921875,0
2026-07-26 06:13:00+00:00,64293.7109375,64293.7109375,64293.7109375,64292.8984375,64292.8984375,0
2026-07-26 06:14:00+00:00,64293.1484375,64293.1484375,64293.7109375,64285.41015625,64293.7109375,1296384
2026-07-26 06:15:00+00:00,64291.19921875,64291.19921875,64291.2109375,64288.0,64288.0,28655616
2026-07-26 06:16:00+00:00,64299.7890625,64299.7890625,64300.0,64296.03125,64296.03125,0
2026-07-26 06:17:00+00:00,64299.80078125,64299.80078125,64299.80078125,64299.7890625,64299.80078125,0
2026-07-26 06:18:00+00:00,64300.4609375,64300.4609375,64304.62109375,64299.7890625,64299.80078125,435105792
2026-07-26 06:19:00+00:00,64273.28125,64273.28125,64300.4609375,64273.26953125,64300.4609375,0
2026-07-26 06:20:00+00:00,64251.71875,64251.71875,64273.28125,64251.71875,64273.28125,0
2026-07-26 06:21:00+00:00,64259.19921875,64259.19921875,64259.19921875,64247.9609375,64254.6484375,0
2026-07-26 06:22:00+00:00,64238.0,64238.0,64259.19921875,64237.98828125,64259.19921875,0
2026-07-26 06:23:00+00:00,64231.21875,64231.21875,64237.98828125,64230.390625,64237.98828125,0
2026-07-26 06:24:00+00:00,64236.94140625,64236.94140625,64236.94140625,64229.6015625,64231.2109375,50657280
2026-07-26 06:25:00+00:00,64248.83984375,64248.83984375,64249.98828125,64235.05078125,64236.94140625,1378304
2026-07-26 06:26:00+00:00,64248.91015625,64248.91015625,64250.12890625,64248.828125,64248.828125,0
2026-07-26 06:27:00+00:00,64247.98828125,64247.98828125,64248.0,64235.05078125,64238.140625,0
2026-07-26 06:28:00+00:00,64240.21875,64240.21875,64248.0,64240.21875,64248.0,0
2026-07-26 06:29:00+00:00,64240.23046875,64240.23046875,64240.23046875,64240.21875,64240.21875,0
2026-07-26 06:30:00+00:00,64241.98828125,64241.98828125,64246.44921875,64240.21875,64240.21875,31961088
2026-07-26 06:31:00+00:00,64247.640625,64247.640625,64247.640625,64238.12890625,64241.98046875,0
2026-07-26 06:32:00+00:00,64252.78125,64252.78125,64257.3203125,64249.71875,64249.71875,0
2026-07-26 06:33:00+00:00,64264.51171875,64264.51171875,64264.51171875,64252.78125,64252.78125,1038336
2026-07-26 06:34:00+00:00,64276.80859375,64276.80859375,64276.80859375,64269.078125,64269.078125,0
2026-07-26 06:35:00+00:00,64290.1015625,64290.1015625,64294.73828125,64282.80859375,64282.80859375,1051648
2026-07-26 06:36:00+00:00,64288.01171875,64288.01171875,64290.1015625,64288.0,64290.1015625,30385152
2026-07-26 06:37:00+00:00,64294.75,64294.75,64294.75,64289.2890625,64289.2890625,0
2026-07-26 06:38:00+00:00,64300.05859375,64300.05859375,64310.73046875,64294.75,64294.75,799744
2026-07-26 06:39:00+00:00,64318.890625,64318.890625,64318.8984375,64300.05859375,64300.05859375,0
2026-07-26 06:40:00+00:00,64304.6796875,64304.6796875,64317.28125,64304.6796875,64317.28125,0
2026-07-26 06:41:00+00:00,64317.33984375,64317.33984375,64317.33984375,64304.6796875,64304.6796875,0
2026-07-26 06:42:00+00:00,64314.890625,64314.890625,64314.890625,64307.80078125,64309.44140625,0
2026-07-26 06:43:00+00:00,64314.890625,64314.890625,64314.8984375,64314.890625,64314.890625,0
2026-07-26 06:44:00+00:00,64312.0703125,64312.0703125,64319.671875,64312.05859375,64314.8984375,2528256
2026-07-26 06:45:00+00:00,64326.8515625,64326.8515625,64327.12890625,64312.01171875,64312.01171875,43335680
2026-07-26 06:46:00+00:00,64328.30859375,64328.30859375,64328.30859375,64326.01171875,64326.83984375,499712
2026-07-26 06:47:00+00:00,64336.109375,64336.109375,64341.3984375,64328.30859375,64328.30859375,0
2026-07-26 06:48:00+00:00,64342.0,64342.0,64342.62109375,64336.109375,64336.109375,50385920
2026-07-26 06:49:00+00:00,64342.01171875,64342.01171875,64342.01171875,64342.0,64342.01171875,0
2026-07-26 06:50:00+00:00,64342.0,64342.0,64342.01171875,64342.0,64342.0,0
2026-07-26 06:51:00+00:00,64342.0,64342.0,64342.01171875,64342.0,64342.01171875,0
2026-07-26 06:52:00+00:00,64358.44140625,64358.44140625,64359.73828125,64342.01171875,64342.01171875,0
2026-07-26 06:53:00+00:00,64359.58984375,64359.58984375,64359.58984375,64354.578125,64355.26953125,37297152
2026-07-26 06:54:00+00:00,64367.1796875,64367.1796875,64367.1796875,64359.6015625,64359.6015625,0
2026-07-26 06:55:00+00:00,64372.19140625,64372.19140625,64388.69140625,64372.19140625,64373.5703125,496640
2026-07-26 06:56:00+00:00,64372.3203125,64372.3203125,64372.98046875,64365.5390625,64372.19140625,955392
2026-07-26 06:57:00+00:00,64373.578125,64373.578125,64391.94921875,64372.3203125,64372.3203125,0
2026-07-26 06:58:00+00:00,64375.71875,64375.71875,64375.73046875,64371.578125,64373.578125,0
2026-07-26 06:59:00+00:00,64375.73046875,64375.73046875,64377.0,64375.73046875,64375.73046875,0
2026-07-26 07:00:00+00:00,64381.3203125,64381.3203125,64381.3203125,64372.83984375,64372.83984375,0
2026-07-26 07:01:00+00:00,64392.921875,64392.921875,64398.66015625,64381.3203125,64381.3203125,1945600
2026-07-26 07:02:00+00:00,64395.87890625,64395.87890625,64399.3515625,64395.87890625,64398.0703125,0
2026-07-26 07:03:00+00:00,64381.328125,64381.328125,64392.9296875,64381.3203125,64392.9296875,0
2026-07-26 07:04:00+00:00,64371.55078125,64371.55078125,64381.328125,64371.55078125,64381.328125,116736
2026-07-26 07:05:00+00:00,64366.37109375,64366.37109375,64371.55078125,64361.98828125,64371.55078125,6876160
2026-07-26 07:06:00+00:00,64362.55859375,64362.55859375,64366.37109375,64362.55859375,64366.37109375,28542976
2026-07-26 07:07:00+00:00,64367.9609375,64367.9609375,64367.9609375,64359.37109375,64362.55859375,0
2026-07-26 07:08:00+00:00,64374.80078125,64374.80078125,64374.80859375,64374.80078125,64374.80078125,7378944
2026-07-26 07:09:00+00:00,64358.12109375,64358.12109375,64378.01953125,64358.109375,64378.01953125,0
2026-07-26 07:10:00+00:00,64338.75,64338.75,64358.12109375,64338.75,64358.12109375,1031168
2026-07-26 07:11:00+00:00,64339.73828125,64339.73828125,64339.75,64331.01171875,64338.75,0
2026-07-26 07:12:00+00:00,64349.390625,64349.390625,64349.390625,64344.51953125,64349.390625,0
2026-07-26 07:13:00+00:00,64352.98046875,64352.98046875,64352.98828125,64344.51953125,64349.390625,87494656
2026-07-26 07:14:00+00:00,64361.9609375,64361.9609375,64361.9609375,64352.98046875,64352.98046875,1087488
2026-07-26 07:15:00+00:00,64377.0703125,64377.0703125,64377.078125,64361.9609375,64361.9609375,0
2026-07-26 07:16:00+00:00,64372.0,64372.0,64377.0703125,64371.98828125,64377.0703125,590848
2026-07-26 07:17:00+00:00,64361.98046875,64361.98046875,64372.0,64361.98046875,64372.0,0
2026-07-26 07:18:00+00:00,64360.0703125,64360.0703125,64369.01953125,64360.0703125,64361.96875,0
2026-07-26 07:19:00+00:00,64336.26171875,64336.26171875,64360.0703125,64336.26171875,64360.0703125,0
2026-07-26 07:20:00+00:00,64324.73046875,64324.73046875,64336.921875,64324.73046875,64336.28125,0
2026-07-26 07:21:00+00:00,64314.109375,64314.109375,64324.71875,64298.8515625,64324.71875,2499584
2026-07-26 07:22:00+00:00,64314.109375,64314.109375,64314.109375,64306.01953125,64314.1015625,0
2026-07-26 07:23:00+00:00,64307.51953125,64307.51953125,64314.109375,64304.9296875,64314.109375,1538048
2026-07-26 07:24:00+00:00,64301.26171875,64301.26171875,64307.51953125,64301.26171875,64307.51953125,14996480
2026-07-26 07:25:00+00:00,64306.5,64306.5,64306.5,64298.6796875,64301.69140625,0
2026-07-26 07:26:00+00:00,64306.51171875,64306.51171875,64306.51171875,64306.5,64306.51171875,0
2026-07-26 07:27:00+00:00,64311.48828125,64311.48828125,64311.48828125,64309.75,64309.75,0
2026-07-26 07:28:00+00:00,64311.48828125,64311.48828125,64311.48828125,64311.48046875,64311.48828125,0
2026-07-26 07:29:00+00:00,64305.37890625,64305.37890625,64311.48828125,64305.37109375,64311.48828125,0
2026-07-26 07:30:00+00:00,64308.46875,64308.46875,64308.828125,64305.37890625,64305.37890625,0
2026-07-26 07:31:00+00:00,64300.05859375,64300.05859375,64308.4609375,64300.05078125,64308.4609375,0
2026-07-26 07:32:00+00:00,64304.609375,64304.609375,64304.609375,64292.30859375,64300.05859375,0
2026-07-26 07:33:00+00:00,64304.140625,64304.140625,64304.609375,64304.12890625,64304.609375,0
2026-07-26 07:34:00+00:00,64306.44921875,64306.44921875,64306.44921875,64304.12890625,64304.140625,18991104
2026-07-26 07:35:00+00:00,64301.28125,64301.28125,64306.44921875,64301.26953125,64306.44921875,190464
2026-07-26 07:36:00+00:00,64302.41015625,64302.41015625,64302.421875,64301.26953125,64301.28125,0
2026-07-26 07:37:00+00:00,64295.01171875,64295.01171875,64301.28125,64295.0,64301.26953125,0
2026-07-26 07:38:00+00:00,64290.51953125,64290.51953125,64301.26953125,64288.0,64297.01953125,0
2026-07-26 07:39:00+00:00,64290.53125,64290.53125,64290.53125,64290.51953125,64290.53125,0
2026-07-26 07:40:00+00:00,64298.71875,64298.71875,64298.71875,64280.73828125,64280.73828125,0
2026-07-26 07:41:00+00:00,64303.75,64303.75,64303.75,64298.73046875,64298.73046875,1747968
2026-07-26 07:42:00+00:00,64308.51953125,64308.51953125,64308.51953125,64303.73828125,64303.75,0
2026-07-26 07:43:00+00:00,64315.51953125,64315.51953125,64315.51953125,64308.51171875,64308.51953125,80799744
2026-07-26 07:44:00+00:00,64283.28125,64283.28125,64315.53125,64283.28125,64315.53125,0
2026-07-26 07:45:00+00:00,64291.62109375,64291.62109375,64291.62109375,64285.578125,64285.578125,0
2026-07-26 07:46:00+00:00,64306.5703125,64306.5703125,64306.5703125,64298.671875,64298.671875,3228672
2026-07-26 07:47:00+00:00,64307.48828125,64307.48828125,64307.48828125,64301.51171875,64306.5703125,0
2026-07-26 07:48:00+00:00,64310.25,64310.25,64310.25,64307.48828125,64307.48828125,514048
2026-07-26 07:49:00+00:00,64317.5390625,64317.5390625,64317.5390625,64310.23828125,64310.25,5551104
2026-07-26 07:50:00+00:00,64312.7109375,64312.7109375,64317.5390625,64312.7109375,64317.53125,0
2026-07-26 07:51:00+00:00,64303.9296875,64303.9296875,64312.71875,64303.921875,64312.71875,18225152
2026-07-26 07:52:00+00:00,64303.12890625,64303.12890625,64303.9296875,64303.12890625,64303.9296875,0
2026-07-26 07:53:00+00:00,64310.7109375,64310.7109375,64310.71875,64303.12890625,64303.12890625,0
2026-07-26 07:54:00+00:00,64305.109375,64305.109375,64310.7109375,64305.1015625,64310.7109375,0
2026-07-26 07:55:00+00:00,64305.109375,64305.109375,64305.109375,64305.109375,64305.109375,0
2026-07-26 07:56:00+00:00,64296.0,64296.0,64305.109375,64295.98828125,64305.109375,1276928
2026-07-26 07:57:00+00:00,64296.0,64296.0,64296.0,64295.98828125,64296.0,0
2026-07-26 07:58:00+00:00,64303.48828125,64303.48828125,64303.48828125,64296.0,64296.0,48128
2026-07-26 07:59:00+00:00,64309.421875,64309.421875,64310.71875,64306.48828125,64306.48828125,0
2026-07-26 08:00:00+00:00,64305.01171875,64305.01171875,64315.73046875,64305.01171875,64310.7109375,4523008
2026-07-26 08:01:00+00:00,64306.30078125,64306.30078125,64306.30859375,64303.5,64305.01171875,0
2026-07-26 08:02:00+00:00,64292.3203125,64292.3203125,64306.30859375,64292.3203125,64306.30859375,0
2026-07-26 08:03:00+00:00,64288.51953125,64288.51953125,64292.3203125,64288.51171875,64292.3203125,0
2026-07-26 08:04:00+00:00,64295.69140625,64295.69140625,64295.69140625,64288.51171875,64288.51953125,0
2026-07-26 08:05:00+00:00,64294.21875,64294.21875,64295.69140625,64291.75,64295.6796875,0
2026-07-26 08:06:00+00:00,64299.140625,64299.140625,64299.140625,64299.140625,64299.140625,0
2026-07-26 08:07:00+00:00,64305.23046875,64305.23046875,64305.23046875,64299.12890625,64300.48828125,0
2026-07-26 08:08:00+00:00,64315.48828125,64315.48828125,64315.48828125,64305.21875,64305.23046875,1192960
2026-07-26 08:09:00+00:00,64316.98828125,64316.98828125,64316.98828125,64315.48828125,64315.48828125,0
2026-07-26 08:10:00+00:00,64317.75,64317.75,64317.76171875,64316.98046875,64316.98828125,803840
2026-07-26 08:11:00+00:00,64322.91015625,64322.91015625,64322.91015625,64322.8984375,64322.8984375,0
2026-07-26 08:12:00+00:00,64324.140625,64324.140625,64324.140625,64322.8984375,64322.8984375,0
2026-07-26 08:13:00+00:00,64330.98046875,64330.98046875,64330.98828125,64324.12890625,64324.12890625,1336320
2026-07-26 08:14:00+00:00,64329.0703125,64329.0703125,64330.98828125,64329.0703125,64330.98828125,0
2026-07-26 08:15:00+00:00,64338.91015625,64338.91015625,64338.91015625,64329.05859375,64329.0703125,0
2026-07-26 08:16:00+00:00,64338.91015625,64338.91015625,64338.91015625,64338.8984375,64338.91015625,2697216
2026-07-26 08:17:00+00:00,64349.5,64349.5,64349.5,64338.8984375,64338.8984375,0
2026-07-26 08:18:00+00:00,64336.828125,64336.828125,64349.51171875,64336.828125,64349.5,0
2026-07-26 08:19:00+00:00,64340.33984375,64340.33984375,64340.3515625,64336.828125,64336.83984375,0
2026-07-26 08:20:00+00:00,64337.48828125,64337.48828125,64340.37890625,64337.48828125,64340.3515625,0
2026-07-26 08:21:00+00:00,64337.25,64337.25,64337.48828125,64337.25,64337.48828125,0
2026-07-26 08:22:00+00:00,64335.890625,64335.890625,64335.890625,64334.87890625,64334.890625,0
2026-07-26 08:23:00+00:00,64331.01953125,64331.01953125,64338.01953125,64331.01953125,64338.01953125,0
2026-07-26 08:24:00+00:00,64331.01171875,64331.01171875,64331.01953125,64331.01171875,64331.01953125,0
2026-07-26 08:25:00+00:00,64323.80078125,64323.80078125,64331.01953125,64323.7890625,64331.01171875,1763328
2026-07-26 08:26:00+00:00,64315.53125,64315.53125,64319.3984375,64315.53125,64319.3984375,0
2026-07-26 08:27:00+00:00,64329.73046875,64329.73046875,64329.73046875,64315.53125,64315.53125,0
2026-07-26 08:28:00+00:00,64336.16015625,64336.16015625,64336.171875,64329.73046875,64329.73046875,0
2026-07-26 08:29:00+00:00,64337.44921875,64337.44921875,64337.4609375,64337.44140625,64337.4609375,8315904
2026-07-26 08:30:00+00:00,64334.48046875,64334.48046875,64337.44140625,64334.46875,64337.44140625,1671168
2026-07-26 08:31:00+00:00,64334.48046875,64334.48046875,64334.48046875,64334.46875,64334.46875,0
2026-07-26 08:32:00+00:00,64333.671875,64333.671875,64333.671875,64333.66015625,64333.671875,0
2026-07-26 08:33:00+00:00,64335.609375,64335.609375,64335.609375,64334.46875,64334.46875,2027520
2026-07-26 08:34:00+00:00,64343.0,64343.0,64343.01171875,64335.6015625,64335.609375,5601280
2026-07-26 08:35:00+00:00,64344.26953125,64344.26953125,64344.26953125,64343.0,64343.01171875,280576
2026-07-26 08:36:00+00:00,64343.01171875,64343.01171875,64344.28125,64343.01171875,64344.26953125,0
2026-07-26 08:37:00+00:00,64343.0,64343.0,64343.01171875,64343.0,64343.01171875,0
2026-07-26 08:38:00+00:00,64338.828125,64338.828125,64343.01171875,64338.8203125,64343.01171875,0
2026-07-26 08:39:00+00:00,64338.828125,64338.828125,64338.828125,64338.8203125,64338.8203125,0
2026-07-26 08:40:00+00:00,64345.0,64345.0,64345.0,64338.828125,64338.828125,0
2026-07-26 08:41:00+00:00,64358.73828125,64358.73828125,64358.73828125,64349.98828125,64349.98828125,886784
2026-07-26 08:42:00+00:00,64361.3515625,64361.3515625,64361.3515625,64361.328125,64361.328125,0
2026-07-26 08:43:00+00:00,64371.8515625,64371.8515625,64371.8515625,64361.3515625,64361.3515625,0
2026-07-26 08:44:00+00:00,64381.98828125,64381.98828125,64381.98828125,64375.48828125,64375.48828125,0
2026-07-26 08:45:00+00:00,64386.62109375,64386.62109375,64386.62109375,64381.98046875,64381.98828125,15072256
2026-07-26 08:46:00+00:00,64392.19921875,64392.19921875,64392.23046875,64386.609375,64386.609375,5452800
2026-07-26 08:47:00+00:00,64396.48046875,64396.48046875,64396.48046875,64390.0,64392.2109375,0
2026-07-26 08:48:00+00:00,64413.73046875,64413.73046875,64413.73046875,64398.5390625,64398.5390625,0
2026-07-26 08:49:00+00:00,64405.12890625,64405.12890625,64414.3984375,64405.12109375,64414.390625,0
2026-07-26 08:50:00+00:00,64405.12890625,64405.12890625,64405.12890625,64405.12109375,64405.12890625,22520832
2026-07-26 08:51:00+00:00,64429.44140625,64429.44140625,64429.44921875,64405.12109375,64405.12890625,0
2026-07-26 08:52:00+00:00,64429.26953125,64429.26953125,64431.98046875,64429.26953125,64429.44921875,0
2026-07-26 08:53:00+00:00,64429.26171875,64429.26171875,64429.26953125,64429.26171875,64429.26953125,0
2026-07-26 08:54:00+00:00,64429.2890625,64429.2890625,64429.2890625,64429.26171875,64429.26171875,0
2026-07-26 08:55:00+00:00,64429.28125,64429.28125,64429.2890625,64429.28125,64429.2890625,3487744
2026-07-26 08:56:00+00:00,64429.2890625,64429.2890625,64429.2890625,64429.28125,64429.28125,0
2026-07-26 08:57:00+00:00,64430.01171875,64430.01171875,64433.01953125,64429.28125,64429.28125,0
2026-07-26 08:58:00+00:00,64426.01171875,64426.01171875,64430.01171875,64425.01171875,64430.01171875,0
2026-07-26 08:59:00+00:00,64423.01171875,64423.01171875,64426.01171875,64418.6484375,64426.01171875,0
2026-07-26 09:00:00+00:00,64425.8984375,64425.8984375,64427.30859375,64423.0,64423.0,0
2026-07-26 09:01:00+00:00,64441.01171875,64441.01171875,64444.2109375,64420.41015625,64425.91015625,1488896
2026-07-26 09:02:00+00:00,64440.6796875,64440.6796875,64440.6796875,64438.0,64438.0,0
2026-07-26 09:03:00+00:00,64442.01953125,64442.01953125,64442.8984375,64440.6796875,64440.6796875,0
2026-07-26 09:04:00+00:00,64451.890625,64451.890625,64451.8984375,64442.01171875,64442.01953125,0
2026-07-26 09:05:00+00:00,64443.37890625,64443.37890625,64453.5,64435.66015625,64451.8984375,0
2026-07-26 09:06:00+00:00,64420.03125,64420.03125,64441.76953125,64420.03125,64441.76953125,0
2026-07-26 09:07:00+00:00,64421.87890625,64421.87890625,64421.94921875,64420.03125,64420.03125,0
2026-07-26 09:08:00+00:00,64430.3203125,64430.3203125,64430.3203125,64421.87890625,64421.890625,0
2026-07-26 09:09:00+00:00,64438.7890625,64438.7890625,64438.80078125,64437.328125,64437.328125,0
2026-07-26 09:10:00+00:00,64445.98828125,64445.98828125,64446.0,64438.80078125,64438.80078125,4827136
2026-07-26 09:11:00+00:00,64438.80078125,64438.80078125,64442.390625,64438.7890625,64442.390625,0
2026-07-26 09:12:00+00:00,64438.80078125,64438.80078125,64438.80078125,64438.7890625,64438.7890625,0
2026-07-26 09:13:00+00:00,64437.0,64437.0,64438.80078125,64436.98828125,64438.80078125,0
2026-07-26 09:14:00+00:00,64437.0,64437.0,64437.0,64436.98828125,64437.0,3830784
2026-07-26 09:15:00+00:00,64440.4296875,64440.4296875,64440.4296875,64436.98828125,64436.98828125,0
2026-07-26 09:16:00+00:00,64436.01953125,64436.01953125,64442.109375,64436.01953125,64440.4296875,0
2026-07-26 09:17:00+00:00,64486.66015625,64486.66015625,64486.66015625,64436.01171875,64436.01171875,0
2026-07-26 09:18:00+00:00,64478.58984375,64478.58984375,64488.53125,64478.58984375,64486.66015625,0
2026-07-26 09:19:00+00:00,64478.58984375,64478.58984375,64478.58984375,64478.578125,64478.578125,0
2026-07-26 09:20:00+00:00,64481.4609375,64481.4609375,64481.46875,64478.578125,64478.578125,84992
2026-07-26 09:21:00+00:00,64485.328125,64485.328125,64490.9609375,64485.328125,64485.33984375,0
2026-07-26 09:22:00+00:00,64485.25,64485.25,64485.26171875,64485.25,64485.26171875,0
2026-07-26 09:23:00+00:00,64487.44921875,64487.44921875,64487.44921875,64487.44921875,64487.44921875,0
2026-07-26 09:24:00+00:00,64486.37109375,64486.37109375,64486.37109375,64486.359375,64486.37109375,0
2026-07-26 09:25:00+00:00,64486.359375,64486.359375,64486.37109375,64486.359375,64486.359375,0
2026-07-26 09:26:00+00:00,64485.26953125,64485.26953125,64486.37109375,64485.26171875,64486.37109375,3759104
2026-07-26 09:27:00+00:00,64475.671875,64475.671875,64485.26953125,64475.671875,64485.26171875,0
2026-07-26 09:28:00+00:00,64479.33984375,64479.33984375,64479.3515625,64475.328125,64475.33984375,0
2026-07-26 09:29:00+00:00,64477.73828125,64477.73828125,64479.33984375,64477.73046875,64479.33984375,0
2026-07-26 09:30:00+00:00,64460.5703125,64460.5703125,64477.73828125,64460.5703125,64477.73828125,0
2026-07-26 09:31:00+00:00,64466.890625,64466.890625,64466.890625,64453.58984375,64456.51953125,4237312
2026-07-26 09:32:00+00:00,64468.171875,64468.171875,64468.1796875,64466.890625,64466.890625,0
2026-07-26 09:33:00+00:00,64468.171875,64468.171875,64468.1796875,64468.171875,64468.171875,0
2026-07-26 09:34:00+00:00,64462.44140625,64462.44140625,64466.890625,64462.44140625,64466.87890625,0
2026-07-26 09:35:00+00:00,64462.44140625,64462.44140625,64462.44921875,64462.44140625,64462.44140625,0
2026-07-26 09:36:00+00:00,64464.5703125,64464.5703125,64464.5703125,64462.44140625,64462.44140625,0
2026-07-26 09:37:00+00:00,64466.5390625,64466.5390625,64469.44140625,64466.19140625,64466.19140625,0
2026-07-26 09:38:00+00:00,64475.73046875,64475.73046875,64475.73046875,64474.19140625,64474.19921875,0
2026-07-26 09:39:00+00:00,64480.62890625,64480.62890625,64480.62890625,64477.2109375,64477.21875,0
2026-07-26 09:40:00+00:00,64487.421875,64487.421875,64487.421875,64481.9296875,64481.94140625,0
2026-07-26 09:41:00+00:00,64487.41015625,64487.41015625,64487.421875,64487.41015625,64487.41015625,0
2026-07-26 09:42:00+00:00,64487.421875,64487.421875,64487.421875,64487.41015625,64487.421875,0
2026-07-26 09:43:00+00:00,64482.55859375,64482.55859375,64482.55859375,64482.55078125,64482.55078125,0
2026-07-26 09:44:00+00:00,64482.421875,64482.421875,64482.55859375,64482.41015625,64482.55859375,0
2026-07-26 09:45:00+00:00,64486.4296875,64486.4296875,64486.44140625,64482.421875,64482.421875,0
2026-07-26 09:46:00+00:00,64487.98828125,64487.98828125,64487.98828125,64486.4296875,64486.44140625,0
2026-07-26 09:47:00+00:00,64492.8203125,64492.8203125,64492.828125,64487.98828125,64488.0,0
2026-07-26 09:48:00+00:00,64492.8203125,64492.8203125,64492.828125,64492.8203125,64492.828125,0
2026-07-26 09:49:00+00:00,64492.828125,64492.828125,64492.828125,64492.8203125,64492.828125,0
2026-07-26 09:50:00+00:00,64487.890625,64487.890625,64492.73828125,64487.890625,64492.73046875,0
2026-07-26 09:51:00+00:00,64487.8984375,64487.8984375,64487.8984375,64487.890625,64487.890625,0
2026-07-26 09:52:00+00:00,64483.609375,64483.609375,64487.8984375,64480.01953125,64487.890625,0
2026-07-26 09:53:00+00:00,64480.0,64480.0,64483.609375,64480.0,64483.6015625,0
2026-07-26 09:54:00+00:00,64480.0,64480.0,64480.0,64479.98828125,64480.0,0
2026-07-26 09:55:00+00:00,64482.75,64482.75,64482.75,64480.0,64480.0,0
2026-07-26 09:56:00+00:00,64478.078125,64478.078125,64482.75,64478.0703125,64482.73828125,0
2026-07-26 09:57:00+00:00,64478.078125,64478.078125,64478.078125,64478.0703125,64478.0703125,0
2026-07-26 09:58:00+00:00,64478.0703125,64478.0703125,64478.078125,64478.0703125,64478.078125,0
2026-07-26 09:59:00+00:00,64481.640625,64481.640625,64481.640625,64478.0703125,64478.078125,1581056
2026-07-26 10:00:00+00:00,64448.3515625,64448.3515625,64481.640625,64446.0,64481.62890625,0
2026-07-26 10:01:00+00:00,64460.0,64460.0,64460.0,64448.5390625,64449.640625,0
2026-07-26 10:02:00+00:00,64459.98828125,64459.98828125,64460.0,64459.98828125,64460.0,0
2026-07-26 10:03:00+00:00,64448.55078125,64448.55078125,64459.98828125,64448.5390625,64459.98828125,0
2026-07-26 10:04:00+00:00,64448.55859375,64448.55859375,64448.55859375,64448.5390625,64448.55078125,18406400
2026-07-26 10:05:00+00:00,64449.640625,64449.640625,64449.640625,64445.98828125,64448.55078125,0
2026-07-26 10:06:00+00:00,64450.0,64450.0,64450.0,64449.62890625,64449.640625,0
2026-07-26 10:07:00+00:00,64458.71875,64458.71875,64458.71875,64449.98828125,64450.0,0
2026-07-26 10:08:00+00:00,64450.01171875,64450.01171875,64458.71875,64450.0,64458.71875,1016832
2026-07-26 10:09:00+00:00,64450.01171875,64450.01171875,64450.01171875,64450.0,64450.01171875,52814848
2026-07-26 10:10:00+00:00,64443.48828125,64443.48828125,64450.01171875,64442.91015625,64450.01171875,0
2026-07-26 10:11:00+00:00,64443.6015625,64443.6015625,64443.6015625,64437.37890625,64443.5,493568
2026-07-26 10:12:00+00:00,64443.6015625,64443.6015625,64443.6015625,64443.58984375,64443.6015625,0
2026-07-26 10:13:00+00:00,64450.48046875,64450.48046875,64450.48828125,64445.94921875,64445.94921875,0
2026-07-26 10:14:00+00:00,64451.9609375,64451.9609375,64451.9609375,64451.94921875,64451.94921875,0
2026-07-26 10:15:00+00:00,64447.08984375,64447.08984375,64451.9609375,64447.078125,64451.94921875,1240064
2026-07-26 10:16:00+00:00,64438.3984375,64438.3984375,64438.3984375,64437.109375,64437.12109375,1269760
2026-07-26 10:17:00+00:00,64439.671875,64439.671875,64439.6796875,64438.3984375,64438.41015625,0
2026-07-26 10:18:00+00:00,64439.6796875,64439.6796875,64439.6796875,64439.671875,64439.6796875,0
2026-07-26 10:19:00+00:00,64441.98828125,64441.98828125,64442.0,64439.671875,64439.671875,0
2026-07-26 10:20:00+00:00,64443.98828125,64443.98828125,64444.0,64441.98828125,64441.98828125,0
2026-07-26 10:21:00+00:00,64444.0,64444.0,64444.0,64443.98828125,64444.0,61452288
2026-07-26 10:22:00+00:00,64451.9609375,64451.9609375,64451.9609375,64443.98828125,64444.0,0
2026-07-26 10:23:00+00:00,64467.3984375,64467.3984375,64467.3984375,64457.109375,64457.109375,0
2026-07-26 10:24:00+00:00,64468.75,64468.75,64479.0,64464.0,64467.3984375,0
2026-07-26 10:25:00+00:00,64468.73828125,64468.73828125,64468.75,64468.73828125,64468.75,0
2026-07-26 10:26:00+00:00,64468.73828125,64468.73828125,64468.75,64468.73828125,64468.75,1993728
2026-07-26 10:27:00+00:00,64461.0,64461.0,64466.0,64461.0,64466.0,0
2026-07-26 10:28:00+00:00,64460.98828125,64460.98828125,64461.0,64460.98828125,64460.98828125,3778560
2026-07-26 10:29:00+00:00,64456.171875,64456.171875,64461.0,64456.171875,64461.0,405504
2026-07-26 10:30:00+00:00,64468.75,64468.75,64468.75,64456.98046875,64456.98046875,0
2026-07-26 10:31:00+00:00,64471.26171875,64471.26171875,64471.26953125,64468.73828125,64468.75,7564288
2026-07-26 10:32:00+00:00,64471.26171875,64471.26171875,64471.26953125,64471.26171875,64471.26953125,0
2026-07-26 10:33:00+00:00,64471.80859375,64471.80859375,64471.80859375,64471.26171875,64471.26953125,5229568
2026-07-26 10:34:00+00:00,64471.80859375,64471.80859375,64471.80859375,64471.80078125,64471.80859375,314368
2026-07-26 10:35:00+00:00,64482.0,64482.0,64482.0,64478.05859375,64478.05859375,146432
2026-07-26 10:36:00+00:00,64487.98046875,64487.98046875,64489.6484375,64482.0,64482.0,10898432
2026-07-26 10:37:00+00:00,64487.98046875,64487.98046875,64487.98046875,64487.98046875,64487.98046875,0
2026-07-26 10:38:00+00:00,64487.98046875,64487.98046875,64487.98046875,64487.96875,64487.96875,0
2026-07-26 10:39:00+00:00,64487.98046875,64487.98046875,64487.98046875,64487.96875,64487.98046875,0
2026-07-26 10:40:00+00:00,64487.98046875,64487.98046875,64487.98046875,64487.96875,64487.96875,369664
2026-07-26 10:41:00+00:00,64493.78125,64493.78125,64493.78125,64493.76953125,64493.76953125,0
2026-07-26 10:42:00+00:00,64493.76953125,64493.76953125,64493.78125,64493.76953125,64493.76953125,0
2026-07-26 10:43:00+00:00,64493.76953125,64493.76953125,64493.78125,64493.76953125,64493.76953125,0
2026-07-26 10:44:00+00:00,64480.2109375,64480.2109375,64493.78125,64480.2109375,64493.78125,0
2026-07-26 10:45:00+00:00,64502.05078125,64502.05078125,64512.73046875,64485.4296875,64485.4296875,0
2026-07-26 10:46:00+00:00,64502.0390625,64502.0390625,64502.05078125,64502.0390625,64502.05078125,0
2026-07-26 10:47:00+00:00,64482.69921875,64482.69921875,64497.01171875,64482.69921875,64497.01171875,0
2026-07-26 10:48:00+00:00,64467.03125,64467.03125,64478.078125,64467.0,64478.078125,39092224
2026-07-26 10:49:00+00:00,64464.01171875,64464.01171875,64467.03125,64464.01171875,64467.03125,1522688
2026-07-26 10:50:00+00:00,64451.1015625,64451.1015625,64457.55859375,64451.1015625,64457.55859375,2124800
2026-07-26 10:51:00+00:00,64451.1015625,64451.1015625,64452.41015625,64451.1015625,64451.109375,11226112
2026-07-26 10:52:00+00:00,64462.5703125,64462.5703125,64462.5703125,64451.109375,64451.109375,0
2026-07-26 10:53:00+00:00,64467.98046875,64467.98046875,64467.98828125,64462.5703125,64462.5703125,0
2026-07-26 10:54:00+00:00,64453.0703125,64453.0703125,64467.98828125,64453.0703125,64467.98828125,0
2026-07-26 10:55:00+00:00,64459.62890625,64459.62890625,64459.640625,64453.0703125,64453.0703125,0
2026-07-26 10:56:00+00:00,64450.98046875,64450.98046875,64460.0,64450.98046875,64459.640625,0
2026-07-26 10:57:00+00:00,64450.3203125,64450.3203125,64451.37890625,64450.26953125,64450.26953125,0
2026-07-26 10:58:00+00:00,64454.33984375,64454.33984375,64454.3515625,64450.328125,64450.328125,0
2026-07-26 10:59:00+00:00,64454.171875,64454.171875,64454.3515625,64454.16015625,64454.3515625,8250368
2026-07-26 11:00:00+00:00,64450.078125,64450.078125,64450.140625,64450.0703125,64450.140625,0
2026-07-26 11:01:00+00:00,64448.7890625,64448.7890625,64450.0703125,64448.78125,64450.0703125,7040000
2026-07-26 11:02:00+00:00,64453.37890625,64453.37890625,64453.390625,64447.1796875,64448.7890625,0
2026-07-26 11:03:00+00:00,64461.01171875,64461.01171875,64461.01171875,64453.390625,64453.390625,0
2026-07-26 11:04:00+00:00,64465.0,64465.0,64465.0,64461.01171875,64461.01171875,0
2026-07-26 11:05:00+00:00,64463.7890625,64463.7890625,64465.0,64463.7890625,64464.98828125,0
2026-07-26 11:06:00+00:00,64470.328125,64470.328125,64470.328125,64463.80078125,64463.80078125,0
2026-07-26 11:07:00+00:00,64463.80859375,64463.80859375,64472.0,64463.80859375,64470.328125,0
2026-07-26 11:08:00+00:00,64450.078125,64450.078125,64463.80859375,64450.0703125,64463.80859375,0
2026-07-26 11:09:00+00:00,64450.078125,64450.078125,64450.078125,64450.078125,64450.078125,0
2026-07-26 11:10:00+00:00,64444.4609375,64444.4609375,64450.078125,64443.62890625,64450.0703125,2006016
2026-07-26 11:11:00+00:00,64447.51953125,64447.51953125,64447.51953125,64444.44921875,64444.44921875,419840
2026-07-26 11:12:00+00:00,64443.640625,64443.640625,64447.51953125,64443.640625,64447.51171875,14906368
2026-07-26 11:13:00+00:00,64443.62890625,64443.62890625,64443.640625,64443.62890625,64443.640625,0
2026-07-26 11:14:00+00:00,64445.25,64445.25,64445.25,64443.62109375,64443.62890625,2086912
2026-07-26 11:15:00+00:00,64445.25,64445.25,64445.25,64445.23828125,64445.25,10270720
2026-07-26 11:16:00+00:00,64452.01171875,64452.01171875,64452.01171875,64445.23828125,64445.25,634880
2026-07-26 11:17:00+00:00,64454.83984375,64454.83984375,64454.83984375,64450.37109375,64452.01171875,0
2026-07-26 11:18:00+00:00,64457.71875,64457.71875,64457.73046875,64454.8515625,64454.8515625,0
2026-07-26 11:19:00+00:00,64462.0,64462.0,64462.0,64457.73046875,64457.73046875,41761792
2026-07-26 11:20:00+00:00,64447.859375,64447.859375,64462.0,64447.859375,64462.0,0
2026-07-26 11:21:00+00:00,64447.859375,64447.859375,64447.87109375,64447.859375,64447.87109375,0
2026-07-26 11:22:00+00:00,64447.87109375,64447.87109375,64447.87109375,64447.859375,64447.87109375,0
2026-07-26 11:23:00+00:00,64448.390625,64448.390625,64448.3984375,64447.87109375,64447.87109375,121856
2026-07-26 11:24:00+00:00,64451.98828125,64451.98828125,64451.98828125,64448.390625,64448.390625,27539456
2026-07-26 11:25:00+00:00,64445.66015625,64445.66015625,64451.98828125,64444.37890625,64451.98828125,0
2026-07-26 11:26:00+00:00,64445.66015625,64445.66015625,64445.66015625,64445.6484375,64445.66015625,0
2026-07-26 11:27:00+00:00,64446.0,64446.0,64448.0,64445.6484375,64445.6484375,0
2026-07-26 11:28:00+00:00,64445.98828125,64445.98828125,64446.0,64445.98828125,64445.98828125,34025472
2026-07-26 11:29:00+00:00,64441.5,64441.5,64446.0,64441.48828125,64446.0,0
2026-07-26 11:30:00+00:00,64437.19140625,64437.19140625,64441.5,64437.19140625,64441.5,0
2026-07-26 11:31:00+00:00,64437.19140625,64437.19140625,64437.19140625,64437.1796875,64437.19140625,209920
2026-07-26 11:32:00+00:00,64437.1796875,64437.1796875,64437.19140625,64437.1796875,64437.19140625,0
2026-07-26 11:33:00+00:00,64437.1796875,64437.1796875,64437.19140625,64437.1796875,64437.19140625,0
2026-07-26 11:34:00+00:00,64437.19140625,64437.19140625,64437.19140625,64437.01171875,64437.1796875,0
2026-07-26 11:35:00+00:00,64437.19140625,64437.19140625,64437.19140625,64437.1796875,64437.19140625,0
2026-07-26 11:36:00+00:00,64437.19140625,64437.19140625,64437.19140625,64437.1796875,64437.19140625,0
2026-07-26 11:37:00+00:00,64437.19140625,64437.19140625,64437.19140625,64437.1796875,64437.19140625,0
2026-07-26 11:38:00+00:00,64427.16015625,64427.16015625,64437.19140625,64426.98828125,64437.19140625,1100800
2026-07-26 11:39:00+00:00,64431.6015625,64431.6015625,64431.6015625,64427.1484375,64427.16015625,0
2026-07-26 11:40:00+00:00,64431.6015625,64431.6015625,64431.6015625,64431.58984375,64431.6015625,10627072
2026-07-26 11:41:00+00:00,64432.109375,64432.109375,64432.12109375,64432.109375,64432.109375,0
2026-07-26 11:42:00+00:00,64432.12109375,64432.12109375,64432.12109375,64432.109375,64432.12109375,0
2026-07-26 11:43:00+00:00,64439.33984375,64439.33984375,64439.33984375,64432.109375,64432.109375,0
2026-07-26 11:44:00+00:00,64435.23828125,64435.23828125,64438.44921875,64435.23828125,64438.44921875,0
2026-07-26 11:45:00+00:00,64440.421875,64440.421875,64440.73046875,64435.23828125,64435.25,0
2026-07-26 11:46:00+00:00,64440.4296875,64440.4296875,64440.4296875,64440.421875,64440.4296875,0
2026-07-26 11:47:00+00:00,64450.0,64450.0,64450.0,64440.421875,64440.4296875,0
2026-07-26 11:48:00+00:00,64451.9609375,64451.9609375,64451.9609375,64451.94921875,64451.94921875,14031872
2026-07-26 11:49:00+00:00,64450.0,64450.0,64451.9609375,64449.98828125,64451.9609375,0
2026-07-26 11:50:00+00:00,64453.05078125,64453.05078125,64453.05078125,64450.0,64450.0,0
2026-07-26 11:51:00+00:00,64451.76953125,64451.76953125,64453.05078125,64451.76171875,64453.05078125,19867648
2026-07-26 11:52:00+00:00,64452.73046875,64452.73046875,64452.73046875,64451.76953125,64451.76953125,0
2026-07-26 11:53:00+00:00,64450.0,64450.0,64452.73046875,64449.98828125,64452.73046875,1330176
2026-07-26 11:54:00+00:00,64447.46875,64447.46875,64450.0,64447.4609375,64450.0,43575296
2026-07-26 11:55:00+00:00,64446.1796875,64446.1796875,64446.1796875,64446.171875,64446.1796875,18432
2026-07-26 11:56:00+00:00,64442.58984375,64442.58984375,64446.1796875,64440.0390625,64446.1796875,124928
2026-07-26 11:57:00+00:00,64442.6015625,64442.6015625,64442.6015625,64442.58984375,64442.6015625,0
2026-07-26 11:58:00+00:00,64445.3984375,64445.3984375,64445.41015625,64442.58984375,64442.6015625,0
2026-07-26 11:59:00+00:00,64450.48046875,64450.48046875,64450.48828125,64445.1015625,64445.41015625,16858112
2026-07-26 12:00:00+00:00,64448.171875,64448.171875,64456.44921875,64448.16015625,64450.48046875,0
2026-07-26 12:01:00+00:00,64448.1796875,64448.1796875,64448.1796875,64448.171875,64448.171875,0
2026-07-26 12:02:00+00:00,64475.98046875,64475.98046875,64475.98046875,64448.171875,64448.171875,0
2026-07-26 12:03:00+00:00,64485.76953125,64485.76953125,64485.76953125,64475.98046875,64475.98828125,0
2026-07-26 12:04:00+00:00,64494.83984375,64494.83984375,64494.83984375,64485.76171875,64485.76171875,0
2026-07-26 12:05:00+00:00,64501.26953125,64501.26953125,64501.26953125,64494.83984375,64494.83984375,904192
2026-07-26 12:06:00+00:00,64564.96875,64564.96875,64590.0,64502.578125,64502.578125,58360832
2026-07-26 12:07:00+00:00,64582.5703125,64582.5703125,64599.03125,64563.2109375,64564.9609375,0
2026-07-26 12:08:00+00:00,64570.1484375,64570.1484375,64576.1015625,64554.51171875,64576.1015625,404480
2026-07-26 12:09:00+00:00,64530.0,64530.0,64568.3203125,64530.0,64568.3203125,0
2026-07-26 12:10:00+00:00,64522.19140625,64522.19140625,64529.98828125,64512.921875,64512.921875,11147264
2026-07-26 12:11:00+00:00,64517.16015625,64517.16015625,64525.1015625,64517.16015625,64522.19140625,755712
2026-07-26 12:12:00+00:00,64526.8984375,64526.8984375,64526.8984375,64517.16015625,64517.16015625,0
2026-07-26 12:13:00+00:00,64553.23828125,64553.23828125,64553.25,64528.37890625,64528.37890625,33260544
2026-07-26 12:14:00+00:00,64543.859375,64543.859375,64553.25,64543.859375,64553.25,1429504
2026-07-26 12:15:00+00:00,64549.51171875,64549.51171875,64549.51171875,64542.01953125,64542.01953125,0
2026-07-26 12:16:00+00:00,64543.859375,64543.859375,64559.51171875,64543.859375,64549.51171875,0
2026-07-26 12:17:00+00:00,64525.51171875,64525.51171875,64543.51953125,64521.0,64543.51171875,0
2026-07-26 12:18:00+00:00,64509.0390625,64509.0390625,64529.3203125,64509.0390625,64525.51953125,62130176
2026-07-26 12:19:00+00:00,64485.8203125,64485.8203125,64509.03125,64485.8203125,64505.16015625,912384
2026-07-26 12:20:00+00:00,64466.44921875,64466.44921875,64481.94921875,64452.01171875,64481.94921875,1603584
2026-07-26 12:21:00+00:00,64489.28125,64489.28125,64489.28125,64470.3203125,64470.3203125,28561408
2026-07-26 12:22:00+00:00,64503.921875,64503.921875,64503.921875,64494.0390625,64494.0390625,0
2026-07-26 12:23:00+00:00,64505.19921875,64505.19921875,64505.2109375,64503.91015625,64505.12109375,3116032
2026-07-26 12:24:00+00:00,64508.73046875,64508.73046875,64508.73046875,64505.2109375,64505.2109375,0
2026-07-26 12:25:00+00:00,64508.73046875,64508.73046875,64508.73046875,64508.71875,64508.73046875,6021120
2026-07-26 12:26:00+00:00,64518.05078125,64518.05078125,64518.05078125,64508.73046875,64510.0,1983488
2026-07-26 12:27:00+00:00,64520.640625,64520.640625,64524.609375,64518.05078125,64518.05078125,0
2026-07-26 12:28:00+00:00,64518.62890625,64518.62890625,64520.62890625,64512.91015625,64520.62890625,49133568
2026-07-26 12:29:00+00:00,64520.609375,64520.609375,64520.609375,64518.62890625,64518.62890625,617472
2026-07-26 12:30:00+00:00,64508.3515625,64508.3515625,64520.609375,64508.3515625,64520.609375,5344256
2026-07-26 12:31:00+00:00,64504.0703125,64504.0703125,64508.30859375,64493.55078125,64508.30078125,603136
2026-07-26 12:32:00+00:00,64499.98046875,64499.98046875,64504.078125,64499.98046875,64504.078125,0
2026-07-26 12:33:00+00:00,64496.03125,64496.03125,64499.98828125,64491.91015625,64499.98828125,0
2026-07-26 12:34:00+00:00,64491.921875,64491.921875,64496.0390625,64491.91015625,64496.03125,0
2026-07-26 12:35:00+00:00,64491.921875,64491.921875,64491.921875,64491.91015625,64491.921875,0
2026-07-26 12:36:00+00:00,64500.62890625,64500.62890625,64504.109375,64491.921875,64491.921875,35128320
2026-07-26 12:37:00+00:00,64500.62890625,64500.62890625,64500.62890625,64500.62109375,64500.62890625,0
2026-07-26 12:38:00+00:00,64493.55859375,64493.55859375,64500.62109375,64493.55078125,64500.62109375,0
2026-07-26 12:39:00+00:00,64478.078125,64478.078125,64493.55859375,64478.0703125,64493.55859375,0
2026-07-26 12:40:00+00:00,64458.71875,64458.71875,64472.69921875,64458.71875,64472.69921875,0
2026-07-26 12:41:00+00:00,64449.01953125,64449.01953125,64457.828125,64449.01171875,64457.828125,716800
2026-07-26 12:42:00+00:00,64444.41015625,64444.41015625,64449.01953125,64441.73046875,64449.01953125,0
2026-07-26 12:43:00+00:00,64443.12109375,64443.12109375,64444.3984375,64439.5703125,64444.3984375,0
2026-07-26 12:44:00+00:00,64443.12109375,64443.12109375,64443.12109375,64443.109375,64443.109375,0
2026-07-26 12:45:00+00:00,64420.03125,64420.03125,64439.578125,64420.03125,64439.578125,20081664
2026-07-26 12:46:00+00:00,64407.98828125,64407.98828125,64414.05859375,64407.12109375,64414.05078125,0
2026-07-26 12:47:00+00:00,64416.12109375,64416.12109375,64416.12109375,64386.01171875,64407.98828125,0
2026-07-26 12:48:00+00:00,64418.3984375,64418.3984375,64418.44921875,64418.3984375,64418.44921875,0
2026-07-26 12:49:00+00:00,64405.53125,64405.53125,64418.41015625,64405.53125,64418.41015625,2259968
2026-07-26 12:50:00+00:00,64389.05078125,64389.05078125,64405.53125,64379.3984375,64405.53125,0
2026-07-26 12:51:00+00:00,64413.37109375,64413.37109375,64413.37109375,64404.0,64404.0,0
2026-07-26 12:52:00+00:00,64413.98828125,64413.98828125,64414.0,64413.359375,64413.37109375,0
2026-07-26 12:53:00+00:00,64423.7109375,64423.7109375,64423.7109375,64415.98046875,64415.98046875,1818624
2026-07-26 12:54:00+00:00,64423.69140625,64423.69140625,64423.7109375,64422.62109375,64423.7109375,63712256
2026-07-26 12:55:00+00:00,64419.9609375,64419.9609375,64423.69140625,64419.94921875,64423.69140625,762880
2026-07-26 12:56:00+00:00,64423.69140625,64423.69140625,64423.69140625,64419.9609375,64419.9609375,0
2026-07-26 12:57:00+00:00,64415.98828125,64415.98828125,64421.23046875,64415.98828125,64421.23046875,0
2026-07-26 12:58:00+00:00,64408.51171875,64408.51171875,64415.94921875,64408.51171875,64415.94921875,61728768
2026-07-26 12:59:00+00:00,64405.03125,64405.03125,64408.51171875,64405.01953125,64408.5,184320
2026-07-26 13:00:00+00:00,64405.71875,64405.71875,64405.71875,64404.01953125,64404.01953125,0
2026-07-26 13:01:00+00:00,64406.8984375,64406.8984375,64414.0,64405.71875,64405.71875,0
2026-07-26 13:02:00+00:00,64384.30078125,64384.30078125,64406.8984375,64384.30078125,64406.8984375,0
2026-07-26 13:03:00+00:00,64374.8984375,64374.8984375,64384.30859375,64371.4296875,64384.30859375,0
2026-07-26 13:04:00+00:00,64366.8984375,64366.8984375,64371.8515625,64366.8984375,64370.55859375,0
2026-07-26 13:05:00+00:00,64372.21875,64372.21875,64372.21875,64366.8984375,64366.91015625,2156544
2026-07-26 13:06:00+00:00,64368.05078125,64368.05078125,64373.98828125,64363.98828125,64372.21875,0
2026-07-26 13:07:00+00:00,64374.5390625,64374.5390625,64374.5390625,64361.62109375,64368.05078125,0
2026-07-26 13:08:00+00:00,64363.69140625,64363.69140625,64374.5390625,64360.01953125,64374.5390625,5527552
2026-07-26 13:09:00+00:00,64360.96875,64360.96875,64364.98046875,64360.9609375,64363.6796875,9153536
2026-07-26 13:10:00+00:00,64360.51171875,64360.51171875,64360.96875,64353.01953125,64360.96875,1058816
2026-07-26 13:11:00+00:00,64360.5,64360.5,64360.51171875,64360.5,64360.51171875,1690624
2026-07-26 13:12:00+00:00,64373.98828125,64373.98828125,64373.98828125,64365.83984375,64365.83984375,0
2026-07-26 13:13:00+00:00,64359.98828125,64359.98828125,64373.98828125,64359.98828125,64373.98828125,0
2026-07-26 13:14:00+00:00,64362.96875,64362.96875,64365.578125,64359.98046875,64359.98828125,760832
2026-07-26 13:15:00+00:00,64382.98828125,64382.98828125,64382.98828125,64362.96875,64362.96875,0
2026-07-26 13:16:00+00:00,64404.98828125,64404.98828125,64404.98828125,64385.19140625,64385.19140625,113664
2026-07-26 13:17:00+00:00,64407.55859375,64407.55859375,64407.98046875,64405.0,64405.0,0
2026-07-26 13:18:00+00:00,64403.98828125,64403.98828125,64407.55859375,64402.390625,64407.55859375,0
2026-07-26 13:19:00+00:00,64414.9296875,64414.9296875,64414.9296875,64403.98046875,64403.98828125,7149568
2026-07-26 13:20:00+00:00,64458.69140625,64458.69140625,64458.69140625,64413.421875,64414.9296875,0
2026-07-26 13:21:00+00:00,64448.30078125,64448.30078125,64456.859375,64448.30078125,64453.05859375,0
2026-07-26 13:22:00+00:00,64444.5,64444.5,64448.3203125,64443.46875,64448.30078125,0
2026-07-26 13:23:00+00:00,64446.1015625,64446.1015625,64446.76171875,64440.71875,64440.73046875,0
2026-07-26 13:24:00+00:00,64439.53125,64439.53125,64446.08984375,64439.53125,64446.08984375,0
2026-07-26 13:25:00+00:00,64431.23046875,64431.23046875,64439.51953125,64428.0,64439.51953125,0
2026-07-26 13:26:00+00:00,64431.23828125,64431.23828125,64439.48046875,64431.21875,64431.21875,0
2026-07-26 13:27:00+00:00,64410.01953125,64410.01953125,64431.23828125,64410.01953125,64431.23828125,0
2026-07-26 13:28:00+00:00,64407.4609375,64407.4609375,64425.80859375,64407.44921875,64418.98828125,18007040
2026-07-26 13:29:00+00:00,64411.30859375,64411.30859375,64411.3203125,64407.44921875,64407.4609375,0
2026-07-26 13:30:00+00:00,64405.390625,64405.390625,64412.98828125,64405.390625,64411.3203125,0
2026-07-26 13:31:00+00:00,64399.48828125,64399.48828125,64404.55078125,64399.48828125,64404.55078125,2869248
2026-07-26 13:32:00+00:00,64411.3203125,64411.3203125,64411.3203125,64399.5,64399.5,0
2026-07-26 13:33:00+00:00,64416.41015625,64416.41015625,64427.96875,64411.3203125,64411.3203125,107520
2026-07-26 13:34:00+00:00,64416.41015625,64416.41015625,64416.41015625,64416.3984375,64416.41015625,5525504
2026-07-26 13:35:00+00:00,64415.12109375,64415.12109375,64416.41015625,64415.109375,64416.41015625,1573888
2026-07-26 13:36:00+00:00,64427.96875,64427.96875,64427.96875,64415.12109375,64415.12109375,45748224
2026-07-26 13:37:00+00:00,64436.890625,64436.890625,64436.8984375,64428.0,64428.0,0
2026-07-26 13:38:00+00:00,64429.5,64429.5,64432.0703125,64429.48828125,64432.0703125,0
2026-07-26 13:39:00+00:00,64427.96875,64427.96875,64429.5,64427.96875,64429.48828125,443392
2026-07-26 13:40:00+00:00,64449.87109375,64449.87109375,64449.87109375,64427.96875,64427.96875,18636800
2026-07-26 13:41:00+00:00,64480.3515625,64480.3515625,64480.3515625,64452.6015625,64452.6015625,1362944
2026-07-26 13:42:00+00:00,64486.80078125,64486.80078125,64488.69140625,64486.7890625,64486.80078125,0
2026-07-26 13:43:00+00:00,64483.23828125,64483.23828125,64485.01171875,64481.8515625,64485.01171875,47778816
2026-07-26 13:44:00+00:00,64500.30859375,64500.30859375,64500.30859375,64483.23828125,64483.23828125,0
2026-07-26 13:45:00+00:00,64506.3984375,64506.3984375,64513.6796875,64502.23828125,64502.23828125,65574912
2026-07-26 13:46:00+00:00,64489.6796875,64489.6796875,64506.3984375,64480.609375,64506.3984375,0
2026-07-26 13:47:00+00:00,64484.0,64484.0,64489.6796875,64483.98828125,64489.671875,0
2026-07-26 13:48:00+00:00,64481.5,64481.5,64484.0,64481.5,64483.98828125,5092352
2026-07-26 13:49:00+00:00,64481.51171875,64481.51171875,64481.51171875,64481.5,64481.5,0
2026-07-26 13:50:00+00:00,64478.0703125,64478.0703125,64478.078125,64478.0703125,64478.0703125,0
2026-07-26 13:51:00+00:00,64468.01171875,64468.01171875,64476.44921875,64463.390625,64476.44140625,0
2026-07-26 13:52:00+00:00,64471.66015625,64471.66015625,64471.98828125,64468.01171875,64468.01171875,0
2026-07-26 13:53:00+00:00,64475.98828125,64475.98828125,64476.0,64468.01171875,64468.01171875,0
2026-07-26 13:54:00+00:00,64461.609375,64461.609375,64466.8984375,64461.6015625,64466.8984375,0
2026-07-26 13:55:00+00:00,64458.05078125,64458.05078125,64464.3203125,64458.05078125,64461.609375,22144000
2026-07-26 13:56:00+00:00,64463.98828125,64463.98828125,64464.0,64462.55859375,64462.55859375,0
2026-07-26 13:57:00+00:00,64454.8515625,64454.8515625,64465.19921875,64454.8515625,64464.0,0
2026-07-26 13:58:00+00:00,64460.26171875,64460.26171875,64460.44140625,64454.8515625,64454.8515625,6190080
2026-07-26 13:59:00+00:00,64466.4609375,64466.4609375,64466.4609375,64460.26171875,64460.26171875,0
2026-07-26 14:00:00+00:00,64472.7890625,64472.7890625,64472.80078125,64466.44921875,64466.4609375,0
2026-07-26 14:01:00+00:00,64481.19140625,64481.19140625,64481.19140625,64465.96875,64472.7890625,8046592
2026-07-26 14:02:00+00:00,64496.98046875,64496.98046875,64496.98046875,64479.91015625,64481.19140625,0
2026-07-26 14:03:00+00:00,64502.41015625,64502.41015625,64502.41015625,64495.0,64496.98046875,25031680
2026-07-26 14:04:00+00:00,64554.08984375,64554.08984375,64554.08984375,64502.421875,64502.421875,0
2026-07-26 14:05:00+00:00,64614.80859375,64614.80859375,64653.30859375,64547.23828125,64560.30078125,9036800
2026-07-26 14:06:00+00:00,64572.23046875,64572.23046875,64633.03125,64572.23046875,64615.98828125,75776
2026-07-26 14:07:00+00:00,64682.0,64682.0,64682.0,64572.23046875,64572.23046875,0
2026-07-26 14:08:00+00:00,64659.19921875,64659.19921875,64710.01171875,64659.19921875,64679.98828125,4146176
2026-07-26 14:09:00+00:00,64625.140625,64625.140625,64674.98828125,64625.140625,64660.0,0
2026-07-26 14:10:00+00:00,64649.328125,64649.328125,64650.5,64625.12890625,64625.12890625,4825088
2026-07-26 14:11:00+00:00,64601.05859375,64601.05859375,64647.03125,64593.1484375,64647.03125,10054656
2026-07-26 14:12:00+00:00,64628.96875,64628.96875,64628.98046875,64601.05078125,64601.05078125,0
2026-07-26 14:13:00+00:00,64631.6015625,64631.6015625,64641.98828125,64628.96875,64628.96875,158861312
2026-07-26 14:14:00+00:00,64648.2109375,64648.2109375,64654.55078125,64619.98828125,64619.98828125,0
2026-07-26 14:15:00+00:00,64619.96875,64619.96875,64644.48828125,64612.23046875,64644.48828125,0
2026-07-26 14:16:00+00:00,64608.890625,64608.890625,64619.98046875,64608.890625,64619.98046875,1375232
2026-07-26 14:17:00+00:00,64618.671875,64618.671875,64618.671875,64603.98046875,64606.01171875,0
2026-07-26 14:18:00+00:00,64625.51953125,64625.51953125,64625.51953125,64610.98828125,64618.671875,111374336
2026-07-26 14:19:00+00:00,64605.7890625,64605.7890625,64631.98046875,64603.98046875,64631.98046875,607232
2026-07-26 14:20:00+00:00,64600.0,64600.0,64611.98828125,64600.0,64605.78125,0
2026-07-26 14:21:00+00:00,64611.98828125,64611.98828125,64612.0,64599.0,64600.01171875,0
2026-07-26 14:22:00+00:00,64609.6484375,64609.6484375,64612.0,64598.1796875,64612.0,0
2026-07-26 14:23:00+00:00,64611.55859375,64611.55859375,64611.58984375,64609.640625,64609.6484375,1478656
2026-07-26 14:24:00+00:00,64587.98828125,64587.98828125,64612.96875,64587.98828125,64611.55859375,15654912
2026-07-26 14:25:00+00:00,64602.87109375,64602.87109375,64602.87109375,64587.98828125,64588.0,0
2026-07-26 14:26:00+00:00,64590.23828125,64590.23828125,64597.76953125,64590.23828125,64597.76953125,5609472
2026-07-26 14:27:00+00:00,64582.7109375,64582.7109375,64595.5703125,64566.76171875,64590.37890625,0
2026-07-26 14:28:00+00:00,64583.94140625,64583.94140625,64584.96875,64583.9296875,64584.96875,2067456
2026-07-26 14:29:00+00:00,64574.8203125,64574.8203125,64585.48828125,64563.21875,64583.94140625,0
2026-07-26 14:30:00+00:00,64583.76171875,64583.76171875,64583.76171875,64563.2109375,64574.80859375,79918080
2026-07-26 14:31:00+00:00,64609.5,64609.5,64609.51171875,64579.98046875,64579.98046875,0
2026-07-26 14:32:00+00:00,64617.0,64617.0,64634.05859375,64604.5390625,64604.5390625,0
2026-07-26 14:33:00+00:00,64601.9296875,64601.9296875,64621.33984375,64601.9296875,64616.98828125,20168704
2026-07-26 14:34:00+00:00,64594.0,64594.0,64602.0,64592.5703125,64597.7109375,3845120
2026-07-26 14:35:00+00:00,64588.5,64588.5,64604.0,64588.48828125,64593.98828125,0
2026-07-26 14:36:00+00:00,64588.5,64588.5,64599.05859375,64588.5,64597.828125,5769216
2026-07-26 14:37:00+00:00,64606.51171875,64606.51171875,64606.53125,64588.5,64588.5,0
2026-07-26 14:38:00+00:00,64621.19921875,64621.19921875,64625.0,64604.8984375,64606.51171875,1478656
2026-07-26 14:39:00+00:00,64601.671875,64601.671875,64621.19921875,64601.66015625,64621.19921875,0
2026-07-26 14:40:00+00:00,64609.48828125,64609.48828125,64609.48828125,64599.0,64601.671875,0
2026-07-26 14:41:00+00:00,64647.828125,64647.828125,64650.98046875,64609.5,64609.5,492544
2026-07-26 14:42:00+00:00,64640.1484375,64640.1484375,64661.94921875,64640.1484375,64647.828125,0
2026-07-26 14:43:00+00:00,64631.9609375,64631.9609375,64631.9609375,64627.671875,64631.921875,14384128
2026-07-26 14:44:00+00:00,64629.12109375,64629.12109375,64642.25,64629.12109375,64631.94921875,1179648
2026-07-26 14:45:00+00:00,64652.0,64652.0,64667.4296875,64629.140625,64629.140625,0
2026-07-26 14:46:00+00:00,64685.25,64685.25,64689.73828125,64652.01171875,64652.01171875,1467392
2026-07-26 14:47:00+00:00,64680.828125,64680.828125,64700.01171875,64680.828125,64687.171875,0
2026-07-26 14:48:00+00:00,64679.3203125,64679.3203125,64692.0390625,64679.3203125,64680.26953125,16046080
2026-07-26 14:49:00+00:00,64638.390625,64638.390625,64679.3203125,64638.390625,64679.3203125,0
2026-07-26 14:50:00+00:00,64638.390625,64638.390625,64644.48046875,64638.390625,64638.3984375,0
2026-07-26 14:51:00+00:00,64636.51953125,64636.51953125,64644.46875,64636.51171875,64638.3984375,30171136
2026-07-26 14:52:00+00:00,64645.5390625,64645.5390625,64645.5390625,64636.0,64636.51171875,0
2026-07-26 14:53:00+00:00,64648.390625,64648.390625,64648.3984375,64645.48046875,64647.0390625,12410880
2026-07-26 14:54:00+00:00,64644.4609375,64644.4609375,64648.3984375,64644.44140625,64648.3984375,61254656
2026-07-26 14:55:00+00:00,64647.5,64647.5,64647.5,64644.44921875,64644.4609375,259072
2026-07-26 14:56:00+00:00,64647.48828125,64647.48828125,64647.5,64647.48828125,64647.5,0
2026-07-26 14:57:00+00:00,64636.0,64636.0,64647.5,64635.98828125,64647.48828125,0
2026-07-26 14:58:00+00:00,64656.8984375,64656.8984375,64656.8984375,64625.140625,64635.98828125,18269184
2026-07-26 14:59:00+00:00,64658.98046875,64658.98046875,64658.98046875,64648.7890625,64648.7890625,1068032
2026-07-26 15:00:00+00:00,64648.4296875,64648.4296875,64668.0,64642.5,64658.98828125,0
2026-07-26 15:01:00+00:00,64667.62109375,64667.62109375,64667.62109375,64650.69921875,64650.69921875,1355776
2026-07-26 15:02:00+00:00,64658.66015625,64658.66015625,64692.08984375,64658.66015625,64668.98828125,0
2026-07-26 15:03:00+00:00,64645.01171875,64645.01171875,64653.01171875,64645.01171875,64653.01171875,0
2026-07-26 15:04:00+00:00,64663.19921875,64663.19921875,64663.19921875,64645.0,64645.0,0
2026-07-26 15:05:00+00:00,64642.51953125,64642.51953125,64663.19921875,64642.51953125,64663.19921875,3004416
2026-07-26 15:06:00+00:00,64663.98828125,64663.98828125,64700.01953125,64624.48828125,64636.05078125,17903616
2026-07-26 15:07:00+00:00,64665.9609375,64665.9609375,64672.87109375,64665.9609375,64667.51171875,0
2026-07-26 15:08:00+00:00,64634.0703125,64634.0703125,64658.0,64634.0703125,64658.0,0
2026-07-26 15:09:00+00:00,64635.4609375,64635.4609375,64635.4609375,64629.578125,64632.87890625,0
2026-07-26 15:10:00+00:00,64635.4609375,64635.4609375,64637.98046875,64635.4609375,64637.98046875,0
2026-07-26 15:11:00+00:00,64624.51171875,64624.51171875,64635.4609375,64622.51171875,64635.4609375,1029120
2026-07-26 15:12:00+00:00,64630.140625,64630.140625,64631.44140625,64624.51171875,64624.51171875,0
2026-07-26 15:13:00+00:00,64619.98046875,64619.98046875,64623.828125,64619.96875,64623.828125,28939264
2026-07-26 15:14:00+00:00,64616.58984375,64616.58984375,64620.0390625,64616.58984375,64618.6796875,22626304
2026-07-26 15:15:00+00:00,64667.98046875,64667.98046875,64672.98046875,64620.01953125,64620.01953125,0
2026-07-26 15:16:00+00:00,64700.0,64700.0,64701.01953125,64666.48828125,64667.98046875,0
2026-07-26 15:17:00+00:00,64694.859375,64694.859375,64703.76171875,64689.48046875,64699.7109375,0
2026-07-26 15:18:00+00:00,64696.0,64696.0,64706.0390625,64693.23828125,64694.859375,0
2026-07-26 15:19:00+00:00,64695.98828125,64695.98828125,64720.1796875,64695.98828125,64702.53125,0
2026-07-26 15:20:00+00:00,64719.19921875,64719.19921875,64726.390625,64706.390625,64706.390625,2129920
2026-07-26 15:21:00+00:00,64714.44140625,64714.44140625,64721.87890625,64705.51171875,64721.87109375,0
2026-07-26 15:22:00+00:00,64715.33984375,64715.33984375,64721.87890625,64714.01171875,64714.44140625,0
2026-07-26 15:23:00+00:00,64709.2109375,64709.2109375,64718.7890625,64709.2109375,64715.33984375,4564992
2026-07-26 15:24:00+00:00,64709.19921875,64709.19921875,64709.2109375,64709.19921875,64709.19921875,9169920
2026-07-26 15:25:00+00:00,64709.19921875,64709.19921875,64709.2109375,64709.19921875,64709.19921875,0
2026-07-26 15:26:00+00:00,64705.53125,64705.53125,64709.2109375,64698.66015625,64709.19921875,0
2026-07-26 15:27:00+00:00,64712.6796875,64712.6796875,64712.6796875,64705.55859375,64705.55859375,0
2026-07-26 15:28:00+00:00,64695.01171875,64695.01171875,64707.75,64695.01171875,64707.75,0
2026-07-26 15:29:00+00:00,64702.0,64702.0,64705.12890625,64695.0703125,64695.0703125,24576
2026-07-26 15:30:00+00:00,64689.48046875,64689.48046875,64712.69140625,64689.46875,64702.0,51196928
2026-07-26 15:31:00+00:00,64693.94140625,64693.94140625,64693.94140625,64687.05859375,64689.48046875,903168
2026-07-26 15:32:00+00:00,64691.37890625,64691.37890625,64693.94921875,64688.48828125,64693.94921875,0
2026-07-26 15:33:00+00:00,64681.76171875,64681.76171875,64696.51171875,64680.0,64691.37890625,0
2026-07-26 15:34:00+00:00,64688.55859375,64688.55859375,64693.96875,64680.01171875,64681.76953125,164864
2026-07-26 15:35:00+00:00,64713.30859375,64713.30859375,64713.30859375,64690.921875,64690.921875,1233920
2026-07-26 15:36:00+00:00,64753.8984375,64753.8984375,64764.01171875,64719.5703125,64720.96875,23391232
2026-07-26 15:37:00+00:00,64756.7109375,64756.7109375,64766.2109375,64756.0,64761.01171875,0
2026-07-26 15:38:00+00:00,64752.1796875,64752.1796875,64756.7109375,64749.0703125,64756.7109375,1179648
2026-07-26 15:39:00+00:00,64737.359375,64737.359375,64752.19140625,64737.359375,64752.19140625,2288640
2026-07-26 15:40:00+00:00,64751.80859375,64751.80859375,64752.0,64741.23828125,64747.98828125,0
2026-07-26 15:41:00+00:00,64741.23828125,64741.23828125,64754.98828125,64737.359375,64751.80859375,24258560
2026-07-26 15:42:00+00:00,64740.640625,64740.640625,64740.640625,64730.28125,64730.28125,0
2026-07-26 15:43:00+00:00,64740.640625,64740.640625,64740.6484375,64740.640625,64740.640625,32631808
2026-07-26 15:44:00+00:00,64746.55078125,64746.55078125,64748.1484375,64740.640625,64740.640625,0
2026-07-26 15:45:00+00:00,64726.828125,64726.828125,64733.5,64722.8515625,64733.5,17933312
2026-07-26 15:46:00+00:00,64722.80078125,64722.80078125,64747.80078125,64722.80078125,64726.83984375,0
2026-07-26 15:47:00+00:00,64720.5,64720.5,64722.80859375,64717.4609375,64722.80859375,0
2026-07-26 15:48:00+00:00,64711.7109375,64711.7109375,64716.03125,64708.51171875,64715.23828125,9204736
2026-07-26 15:49:00+00:00,64711.69140625,64711.69140625,64715.6015625,64704.05078125,64715.6015625,911360
2026-07-26 15:50:00+00:00,64725.75,64725.75,64725.75,64720.01953125,64720.01953125,0
2026-07-26 15:51:00+00:00,64703.6484375,64703.6484375,64729.4296875,64703.6484375,64725.75,6876160
2026-07-26 15:52:00+00:00,64708.87109375,64708.87109375,64710.46875,64704.46875,64704.46875,0
2026-07-26 15:53:00+00:00,64684.69921875,64684.69921875,64708.859375,64684.69921875,64708.859375,0
2026-07-26 15:54:00+00:00,64705.48828125,64705.48828125,64705.48828125,64684.69921875,64684.7109375,82752512
2026-07-26 15:55:00+00:00,64722.0,64722.0,64722.0,64708.71875,64708.71875,0
2026-07-26 15:56:00+00:00,64718.01953125,64718.01953125,64729.73046875,64715.98828125,64721.98828125,0
2026-07-26 15:57:00+00:00,64714.6796875,64714.6796875,64724.80859375,64714.6796875,64718.01953125,0
2026-07-26 15:58:00+00:00,64723.109375,64723.109375,64723.109375,64702.53125,64714.69140625,0
2026-07-26 15:59:00+00:00,64710.28125,64710.28125,64721.8203125,64710.26953125,64721.8203125,5760000
2026-07-26 16:00:00+00:00,64721.62109375,64721.62109375,64724.8515625,64716.8203125,64722.91015625,45261824
2026-07-26 16:01:00+00:00,64737.23828125,64737.23828125,64737.23828125,64721.609375,64721.62109375,0
2026-07-26 16:02:00+00:00,64733.0390625,64733.0390625,64741.7890625,64733.0390625,64733.0390625,0
2026-07-26 16:03:00+00:00,64685.05078125,64685.05078125,64728.25,64685.05078125,64728.25,0
2026-07-26 16:04:00+00:00,64680.01171875,64680.01171875,64685.0390625,64680.0,64685.0390625,0
2026-07-26 16:05:00+00:00,64667.98828125,64667.98828125,64683.4296875,64667.98828125,64683.4296875,951296
2026-07-26 16:06:00+00:00,64660.12109375,64660.12109375,64672.48828125,64660.12109375,64664.48828125,15619072
2026-07-26 16:07:00+00:00,64658.2890625,64658.2890625,64670.0,64655.51171875,64663.859375,0
2026-07-26 16:08:00+00:00,64664.0,64664.0,64664.46875,64663.8203125,64663.8203125,0
2026-07-26 16:09:00+00:00,64643.98828125,64643.98828125,64653.66015625,64643.48046875,64653.6484375,0
2026-07-26 16:10:00+00:00,64648.98828125,64648.98828125,64664.98828125,64643.98046875,64643.98828125,0
2026-07-26 16:11:00+00:00,64675.078125,64675.078125,64675.078125,64651.78125,64651.78125,0
2026-07-26 16:12:00+00:00,64666.21875,64666.21875,64666.21875,64655.5390625,64655.5390625,0
2026-07-26 16:13:00+00:00,64650.33984375,64650.33984375,64660.12890625,64650.33984375,64660.12890625,57737216
2026-07-26 16:14:00+00:00,64664.0390625,64664.0390625,64664.0390625,64658.33984375,64658.33984375,0
2026-07-26 16:15:00+00:00,64682.4296875,64682.4296875,64682.44140625,64661.91015625,64664.03125,0
2026-07-26 16:16:00+00:00,64711.46875,64711.46875,64711.46875,64675.58984375,64682.4296875,1545216
2026-07-26 16:17:00+00:00,64730.73046875,64730.73046875,64732.01953125,64713.98828125,64713.98828125,0
2026-07-26 16:18:00+00:00,64722.26171875,64722.26171875,64732.03125,64722.26171875,64729.109375,0
2026-07-26 16:19:00+00:00,64687.01953125,64687.01953125,64722.26953125,64687.01953125,64722.26953125,31648768
2026-07-26 16:20:00+00:00,64700.98828125,64700.98828125,64701.0,64686.01953125,64686.01953125,0
2026-07-26 16:21:00+00:00,64700.98828125,64700.98828125,64701.0,64700.98828125,64700.98828125,0
2026-07-26 16:22:00+00:00,64721.98828125,64721.98828125,64721.98828125,64701.0,64701.0,0
2026-07-26 16:23:00+00:00,64700.98828125,64700.98828125,64724.21875,64700.98828125,64721.98828125,6398976
2026-07-26 16:24:00+00:00,64697.98828125,64697.98828125,64701.5390625,64691.6484375,64701.0,44484608
2026-07-26 16:25:00+00:00,64703.98046875,64703.98046875,64703.98046875,64697.98046875,64697.98828125,1518592
2026-07-26 16:26:00+00:00,64717.0,64717.0,64717.01171875,64705.48046875,64705.48046875,0
2026-07-26 16:27:00+00:00,64715.01171875,64715.01171875,64718.51953125,64714.23828125,64717.0,0
2026-07-26 16:28:00+00:00,64734.0,64734.0,64751.55078125,64715.23828125,64723.1484375,6107136
2026-07-26 16:29:00+00:00,64746.0,64746.0,64748.21875,64719.83984375,64722.69140625,0
2026-07-26 16:30:00+00:00,64749.98828125,64749.98828125,64754.98828125,64741.46875,64741.46875,14711808
2026-07-26 16:31:00+00:00,64799.98828125,64799.98828125,64799.98828125,64746.828125,64749.98828125,1388544
2026-07-26 16:32:00+00:00,64853.4609375,64853.4609375,64858.05859375,64793.98828125,64793.98828125,0
2026-07-26 16:33:00+00:00,64813.30078125,64813.30078125,64868.94140625,64811.19140625,64853.4609375,0
2026-07-26 16:34:00+00:00,64799.6484375,64799.6484375,64820.01171875,64795.69140625,64820.01171875,0
2026-07-26 16:35:00+00:00,64810.890625,64810.890625,64831.171875,64802.109375,64802.109375,0
2026-07-26 16:36:00+00:00,64781.12890625,64781.12890625,64815.80859375,64781.12890625,64809.51953125,18416640
2026-07-26 16:37:00+00:00,64774.46875,64774.46875,64779.01171875,64762.4296875,64779.01171875,0
2026-07-26 16:38:00+00:00,64772.1796875,64772.1796875,64775.75,64765.0,64775.75,4068352
2026-07-26 16:39:00+00:00,64764.98828125,64764.98828125,64774.46875,64763.3984375,64772.1796875,13744128
2026-07-26 16:40:00+00:00,64773.76171875,64773.76171875,64777.55859375,64762.16015625,64762.16015625,0
2026-07-26 16:41:00+00:00,64781.62109375,64781.62109375,64781.62109375,64774.98828125,64775.0,12796928
2026-07-26 16:42:00+00:00,64784.51953125,64784.51953125,64784.51953125,64777.78125,64784.0390625,0
2026-07-26 16:43:00+00:00,64777.78125,64777.78125,64789.55859375,64777.78125,64788.3984375,91199488
2026-07-26 16:44:00+00:00,64771.51171875,64771.51171875,64777.7890625,64756.0,64777.78125,1059840
2026-07-26 16:45:00+00:00,64756.71875,64756.71875,64768.80078125,64756.71875,64768.7890625,67151872
2026-07-26 16:46:00+00:00,64758.87890625,64758.87890625,64762.140625,64756.7109375,64756.71875,0
2026-07-26 16:47:00+00:00,64774.55078125,64774.55078125,64774.55078125,64762.0,64762.0,0
2026-07-26 16:48:00+00:00,64778.7890625,64778.7890625,64778.98046875,64777.0,64778.98046875,2144256
2026-07-26 16:49:00+00:00,64768.2109375,64768.2109375,64783.5,64765.890625,64778.78125,61255680
2026-07-26 16:50:00+00:00,64733.5,64733.5,64765.8984375,64733.5,64765.8984375,16937984
2026-07-26 16:51:00+00:00,64731.05078125,64731.05078125,64738.91015625,64723.671875,64733.5,0
2026-07-26 16:52:00+00:00,64726.19921875,64726.19921875,64731.05859375,64721.890625,64731.05859375,0
2026-07-26 16:53:00+00:00,64712.12890625,64712.12890625,64726.1796875,64712.12890625,64726.01171875,0
2026-07-26 16:54:00+00:00,64693.671875,64693.671875,64714.12890625,64693.66015625,64710.7890625,50082816
2026-07-26 16:55:00+00:00,64697.19140625,64697.19140625,64706.390625,64695.2890625,64706.390625,8113152
2026-07-26 16:56:00+00:00,64699.3203125,64699.3203125,64699.3203125,64697.1796875,64697.19140625,2518016
2026-07-26 16:57:00+00:00,64691.23828125,64691.23828125,64699.3203125,64685.98828125,64699.3203125,0
2026-07-26 16:58:00+00:00,64689.828125,64689.828125,64691.23828125,64687.37109375,64691.23828125,0
2026-07-26 16:59:00+00:00,64674.94140625,64674.94140625,64687.87109375,64674.94140625,64687.87109375,0
2026-07-26 17:00:00+00:00,64652.73828125,64652.73828125,64672.7109375,64652.73828125,64672.69921875,0
2026-07-26 17:01:00+00:00,64627.87890625,64627.87890625,64650.921875,64627.87890625,64650.921875,0
2026-07-26 17:02:00+00:00,64654.5,64654.5,64654.5,64618.33984375,64624.80078125,0
2026-07-26 17:03:00+00:00,64662.3984375,64662.3984375,64668.8203125,64654.5,64654.5,2146304
2026-07-26 17:04:00+00:00,64658.26953125,64658.26953125,64662.3984375,64658.26953125,64662.3984375,1426432
2026-07-26 17:05:00+00:00,64672.6484375,64672.6484375,64672.66015625,64650.26171875,64650.26171875,0
2026-07-26 17:06:00+00:00,64693.01171875,64693.01171875,64700.0,64672.6484375,64672.6484375,29822976
2026-07-26 17:07:00+00:00,64621.69140625,64621.69140625,64691.26953125,64621.69140625,64691.26953125,0
2026-07-26 17:08:00+00:00,64645.5,64645.5,64645.5,64630.4609375,64635.0,0
2026-07-26 17:09:00+00:00,64648.83984375,64648.83984375,64654.58984375,64645.51171875,64645.51171875,674816
2026-07-26 17:10:00+00:00,64660.859375,64660.859375,64663.828125,64660.859375,64663.828125,29386752
2026-07-26 17:11:00+00:00,64654.48828125,64654.48828125,64660.859375,64648.12109375,64660.8515625,758784
2026-07-26 17:12:00+00:00,64691.9609375,64691.9609375,64691.9609375,64655.5,64655.5,0
2026-07-26 17:13:00+00:00,64701.171875,64701.171875,64706.98828125,64691.98046875,64691.98046875,76281856
2026-07-26 17:14:00+00:00,64721.859375,64721.859375,64721.87109375,64696.83984375,64701.1796875,5135360
2026-07-26 17:15:00+00:00,64736.2890625,64736.2890625,64736.2890625,64721.859375,64721.859375,26033152
2026-07-26 17:16:00+00:00,64723.78125,64723.78125,64739.890625,64720.5390625,64736.2890625,0
2026-07-26 17:17:00+00:00,64720.12109375,64720.12109375,64739.05078125,64718.01171875,64723.78125,0
2026-07-26 17:18:00+00:00,64714.62890625,64714.62890625,64718.71875,64708.0,64718.0,2288640
2026-07-26 17:19:00+00:00,64696.0,64696.0,64714.62890625,64696.0,64714.62890625,1598464
2026-07-26 17:20:00+00:00,64676.76953125,64676.76953125,64693.98046875,64676.76953125,64693.96875,8920064
2026-07-26 17:21:00+00:00,64690.25,64690.25,64696.48046875,64687.0390625,64687.0390625,0
2026-07-26 17:22:00+00:00,64684.578125,64684.578125,64690.26171875,64684.578125,64690.26171875,0
2026-07-26 17:23:00+00:00,64666.28125,64666.28125,64676.76171875,64660.3515625,64676.76171875,2157568
2026-07-26 17:24:00+00:00,64667.921875,64667.921875,64674.28125,64666.0,64666.0,1495040
2026-07-26 17:25:00+00:00,64674.28125,64674.28125,64676.5390625,64667.0703125,64667.0703125,67160064
2026-07-26 17:26:00+00:00,64659.51171875,64659.51171875,64674.28125,64659.05859375,64674.28125,812032
2026-07-26 17:27:00+00:00,64663.48046875,64663.48046875,64663.48046875,64659.51171875,64659.51953125,0
2026-07-26 17:28:00+00:00,64657.46875,64657.46875,64666.94921875,64657.46875,64663.46875,30199808
2026-07-26 17:29:00+00:00,64660.640625,64660.640625,64660.640625,64657.46875,64657.46875,86016
2026-07-26 17:30:00+00:00,64659.30078125,64659.30078125,64660.640625,64658.0,64660.640625,6358016
2026-07-26 17:31:00+00:00,64673.53125,64673.53125,64679.98828125,64659.2890625,64659.2890625,0
2026-07-26 17:32:00+00:00,64696.421875,64696.421875,64696.4296875,64675.5,64675.5,0
2026-07-26 17:33:00+00:00,64689.96875,64689.96875,64696.4296875,64689.96875,64696.4296875,0
2026-07-26 17:34:00+00:00,64694.48828125,64694.48828125,64694.5,64689.96875,64689.96875,3200000
2026-07-26 17:35:00+00:00,64689.96875,64689.96875,64694.5,64689.9609375,64694.5,1014784
2026-07-26 17:36:00+00:00,64648.30859375,64648.30859375,64689.96875,64648.30859375,64689.9609375,0
2026-07-26 17:37:00+00:00,64645.76171875,64645.76171875,64652.23046875,64645.76171875,64652.21875,0
2026-07-26 17:38:00+00:00,64641.94921875,64641.94921875,64643.6015625,64640.96875,64642.5,0
2026-07-26 17:39:00+00:00,64622.828125,64622.828125,64641.94921875,64622.828125,64641.94921875,0
2026-07-26 17:40:00+00:00,64617.37109375,64617.37109375,64627.2109375,64617.37109375,64622.828125,2253824
2026-07-26 17:41:00+00:00,64613.55859375,64613.55859375,64625.12109375,64613.55859375,64625.12109375,0
2026-07-26 17:42:00+00:00,64621.0,64621.0,64628.5,64619.53125,64619.53125,0
2026-07-26 17:43:00+00:00,64624.859375,64624.859375,64624.87109375,64621.0,64621.01171875,12292096
2026-07-26 17:44:00+00:00,64621.3203125,64621.3203125,64624.859375,64621.30859375,64624.859375,0
2026-07-26 17:45:00+00:00,64637.98046875,64637.98046875,64637.98046875,64628.37890625,64634.828125,0
2026-07-26 17:46:00+00:00,64641.48828125,64641.48828125,64641.5,64641.03125,64641.03125,7740416
2026-07-26 17:47:00+00:00,64628.390625,64628.390625,64641.5,64628.390625,64641.48828125,0
2026-07-26 17:48:00+00:00,64629.5,64629.5,64631.9296875,64629.5,64631.921875,0
2026-07-26 17:49:00+00:00,64622.828125,64622.828125,64635.0,64622.828125,64629.51171875,0
2026-07-26 17:50:00+00:00,64634.98828125,64634.98828125,64635.0,64629.0,64629.0,0
2026-07-26 17:51:00+00:00,64640.6015625,64640.6015625,64640.6015625,64634.98828125,64634.98828125,75925504
2026-07-26 17:52:00+00:00,64641.5,64641.5,64641.5,64640.21875,64641.48828125,0
2026-07-26 17:53:00+00:00,64649.21875,64649.21875,64649.21875,64641.48828125,64641.5,0
2026-07-26 17:54:00+00:00,64644.19140625,64644.19140625,64651.48046875,64644.1796875,64649.23046875,8770560
2026-07-26 17:55:00+00:00,64630.05859375,64630.05859375,64644.1796875,64630.05859375,64644.1796875,0
2026-07-26 17:56:00+00:00,64621.3203125,64621.3203125,64630.05859375,64621.3203125,64630.05859375,0
2026-07-26 17:57:00+00:00,64621.01953125,64621.01953125,64621.3203125,64617.1484375,64620.01953125,0
2026-07-26 17:58:00+00:00,64621.3203125,64621.3203125,64621.328125,64621.3203125,64621.328125,0
2026-07-26 17:59:00+00:00,64644.05859375,64644.05859375,64644.05859375,64619.08984375,64619.1015625,0
2026-07-26 18:00:00+00:00,64626.41015625,64626.41015625,64627.80078125,64626.41015625,64627.80078125,0
2026-07-26 18:01:00+00:00,64638.94921875,64638.94921875,64638.94921875,64626.41015625,64626.41015625,0
2026-07-26 18:02:00+00:00,64626.4296875,64626.4296875,64638.94921875,64626.4296875,64638.94921875,0
2026-07-26 18:03:00+00:00,64636.48828125,64636.48828125,64636.48828125,64629.9609375,64629.9609375,0
2026-07-26 18:04:00+00:00,64635.3203125,64635.3203125,64636.5,64635.3203125,64636.5,0
2026-07-26 18:05:00+00:00,64632.73828125,64632.73828125,64632.73828125,64626.4296875,64629.171875,1693696
2026-07-26 18:06:00+00:00,64626.421875,64626.421875,64632.73046875,64626.41015625,64632.73046875,0
2026-07-26 18:07:00+00:00,64627.3203125,64627.3203125,64627.328125,64626.421875,64626.421875,0
2026-07-26 18:08:00+00:00,64639.3515625,64639.3515625,64642.48828125,64636.73046875,64636.73046875,0
2026-07-26 18:09:00+00:00,64640.16015625,64640.16015625,64641.78125,64640.1484375,64641.76953125,0
2026-07-26 18:10:00+00:00,64641.76953125,64641.76953125,64641.76953125,64640.1484375,64640.1484375,377856
2026-07-26 18:11:00+00:00,64656.28125,64656.28125,64656.28125,64641.76953125,64641.76953125,0
2026-07-26 18:12:00+00:00,64650.01953125,64650.01953125,64653.26953125,64648.51953125,64653.26953125,0
2026-07-26 18:13:00+00:00,64650.1484375,64650.1484375,64652.55859375,64650.01171875,64650.01953125,0
2026-07-26 18:14:00+00:00,64633.171875,64633.171875,64650.26171875,64633.16015625,64650.1484375,1040384
2026-07-26 18:15:00+00:00,64622.26953125,64622.26953125,64633.171875,64620.921875,64633.16015625,0
2026-07-26 18:16:00+00:00,64627.62109375,64627.62109375,64627.62109375,64619.51171875,64621.609375,0
2026-07-26 18:17:00+00:00,64622.73828125,64622.73828125,64627.62109375,64622.73828125,64627.62109375,0
2026-07-26 18:18:00+00:00,64619.9609375,64619.9609375,64627.609375,64619.94921875,64622.75,0
2026-07-26 18:19:00+00:00,64617.8984375,64617.8984375,64619.9609375,64613.48828125,64619.9609375,0
2026-07-26 18:20:00+00:00,64619.421875,64619.421875,64619.421875,64617.890625,64617.890625,1027072
2026-07-26 18:21:00+00:00,64632.859375,64632.859375,64632.859375,64619.4296875,64619.4296875,0
2026-07-26 18:22:00+00:00,64649.5390625,64649.5390625,64649.5390625,64632.87109375,64632.87109375,0
2026-07-26 18:23:00+00:00,64642.80859375,64642.80859375,64649.55078125,64642.80859375,64649.5390625,0
2026-07-26 18:24:00+00:00,64641.78125,64641.78125,64642.8203125,64641.78125,64642.80859375,19164160
2026-07-26 18:25:00+00:00,64627.51171875,64627.51171875,64641.7890625,64627.51171875,64641.78125,338944
2026-07-26 18:26:00+00:00,64626.33984375,64626.33984375,64626.33984375,64625.55078125,64625.98828125,128000
2026-07-26 18:27:00+00:00,64638.73046875,64638.73046875,64641.8515625,64631.4609375,64631.4609375,382976
2026-07-26 18:28:00+00:00,64635.80078125,64635.80078125,64638.73046875,64634.08984375,64638.71875,0
2026-07-26 18:29:00+00:00,64633.98828125,64633.98828125,64635.80078125,64633.98046875,64635.80078125,17675264
2026-07-26 18:30:00+00:00,64639.58984375,64639.58984375,64639.58984375,64635.80078125,64635.80078125,0
2026-07-26 18:31:00+00:00,64650.83984375,64650.83984375,64650.83984375,64639.58984375,64639.58984375,0
2026-07-26 18:32:00+00:00,64644.390625,64644.390625,64650.83984375,64644.390625,64650.83984375,0
2026-07-26 18:33:00+00:00,64646.44140625,64646.44140625,64647.76171875,64646.44140625,64647.76171875,0
2026-07-26 18:34:00+00:00,64646.44140625,64646.44140625,64646.44921875,64646.44140625,64646.44140625,0
2026-07-26 18:35:00+00:00,64644.390625,64644.390625,64650.828125,64644.390625,64646.44140625,0
2026-07-26 18:36:00+00:00,64624.26171875,64624.26171875,64644.390625,64624.26171875,64644.390625,0
2026-07-26 18:37:00+00:00,64645.87890625,64645.87890625,64648.33984375,64624.26953125,64624.26953125,0
2026-07-26 18:38:00+00:00,64653.8984375,64653.8984375,64653.8984375,64645.921875,64645.921875,0
2026-07-26 18:39:00+00:00,64670.98046875,64670.98046875,64670.98046875,64654.98828125,64654.98828125,21558272
2026-07-26 18:40:00+00:00,64655.51953125,64655.51953125,64670.98046875,64655.51953125,64670.98046875,307200
2026-07-26 18:41:00+00:00,64655.53125,64655.53125,64655.53125,64655.51953125,64655.51953125,0
2026-07-26 18:42:00+00:00,64653.53125,64653.53125,64655.53125,64652.21875,64655.53125,0
2026-07-26 18:43:00+00:00,64655.7109375,64655.7109375,64655.7109375,64653.51953125,64653.51953125,0
2026-07-26 18:44:00+00:00,64655.7109375,64655.7109375,64655.7109375,64653.5703125,64655.7109375,0
2026-07-26 18:45:00+00:00,64656.01953125,64656.01953125,64656.01953125,64650.921875,64655.69921875,20125696
2026-07-26 18:46:00+00:00,64661.05078125,64661.05078125,64661.05078125,64656.01953125,64656.01953125,0
2026-07-26 18:47:00+00:00,64666.0703125,64666.0703125,64666.078125,64661.05078125,64661.05078125,0
2026-07-26 18:48:00+00:00,64666.0703125,64666.0703125,64666.078125,64666.0703125,64666.0703125,0
2026-07-26 18:49:00+00:00,64666.0703125,64666.0703125,64666.078125,64666.0703125,64666.0703125,931840
2026-07-26 18:50:00+00:00,64668.46875,64668.46875,64668.46875,64666.0703125,64666.0703125,0
2026-07-26 18:51:00+00:00,64675.48046875,64675.48046875,64675.48046875,64668.4609375,64668.4609375,24172544
2026-07-26 18:52:00+00:00,64704.30859375,64704.30859375,64710.78125,64675.48046875,64675.48046875,0
2026-07-26 18:53:00+00:00,64710.80078125,64710.80078125,64717.28125,64704.30859375,64704.30859375,0
2026-07-26 18:54:00+00:00,64695.01171875,64695.01171875,64704.3203125,64695.01171875,64704.3203125,6821888
2026-07-26 18:55:00+00:00,64691.37890625,64691.37890625,64695.01953125,64691.37890625,64691.37890625,0
2026-07-26 18:56:00+00:00,64684.921875,64684.921875,64697.359375,64684.921875,64691.390625,25594880
2026-07-26 18:57:00+00:00,64683.9296875,64683.9296875,64687.0703125,64681.48828125,64687.05859375,0
2026-07-26 18:58:00+00:00,64688.7890625,64688.7890625,64688.80078125,64683.921875,64683.921875,0
2026-07-26 18:59:00+00:00,64686.19140625,64686.19140625,64688.80078125,64686.19140625,64688.80078125,473088
2026-07-26 19:00:00+00:00,64686.08984375,64686.08984375,64686.19921875,64684.75,64686.19921875,0
2026-07-26 19:01:00+00:00,64693.94140625,64693.94140625,64693.94921875,64686.08984375,64686.08984375,0
2026-07-26 19:02:00+00:00,64666.44921875,64666.44921875,64693.94140625,64666.44921875,64693.94140625,0
2026-07-26 19:03:00+00:00,64680.01171875,64680.01171875,64683.6015625,64666.44921875,64666.4609375,0
2026-07-26 19:04:00+00:00,64678.9609375,64678.9609375,64682.3203125,64674.37890625,64680.01171875,0
2026-07-26 19:05:00+00:00,64673.05078125,64673.05078125,64678.9609375,64673.05078125,64678.9609375,2107392
2026-07-26 19:06:00+00:00,64667.03125,64667.03125,64672.0,64666.44921875,64672.0,15184896
2026-07-26 19:07:00+00:00,64666.44921875,64666.44921875,64666.51171875,64666.44921875,64666.51171875,0
2026-07-26 19:08:00+00:00,64656.75,64656.75,64666.4609375,64656.75,64666.44921875,0
2026-07-26 19:09:00+00:00,64644.0,64644.0,64656.76171875,64643.05859375,64656.75,12571648
2026-07-26 19:10:00+00:00,64633.98828125,64633.98828125,64643.98828125,64633.98828125,64643.98828125,0
2026-07-26 19:11:00+00:00,64632.7109375,64632.7109375,64634.0,64632.69921875,64633.98828125,6732800
2026-07-26 19:12:00+00:00,64626.19140625,64626.19140625,64632.7109375,64626.19140625,64632.7109375,0
2026-07-26 19:13:00+00:00,64620.578125,64620.578125,64626.19140625,64620.578125,64626.19140625,0
2026-07-26 19:14:00+00:00,64626.3203125,64626.3203125,64627.3203125,64620.578125,64620.58984375,0
2026-07-26 19:15:00+00:00,64628.71875,64628.71875,64628.71875,64626.3203125,64626.328125,0
2026-07-26 19:16:00+00:00,64627.98046875,64627.98046875,64628.7109375,64624.0,64628.7109375,271360
2026-07-26 19:17:00+00:00,64627.98828125,64627.98828125,64627.98828125,64623.37890625,64627.98828125,0
2026-07-26 19:18:00+00:00,64624.75,64624.75,64627.98828125,64624.73828125,64627.98046875,0
2026-07-26 19:19:00+00:00,64641.8984375,64641.8984375,64641.8984375,64625.19921875,64625.19921875,0
2026-07-26 19:20:00+00:00,64638.73828125,64638.73828125,64640.2109375,64638.66015625,64640.2109375,310272
2026-07-26 19:21:00+00:00,64639.98046875,64639.98046875,64646.30859375,64638.73828125,64638.73828125,0
2026-07-26 19:22:00+00:00,64664.4296875,64664.4296875,64668.1796875,64639.9609375,64640.78125,0
2026-07-26 19:23:00+00:00,64664.44140625,64664.44140625,64664.44140625,64651.51171875,64657.96875,0
2026-07-26 19:24:00+00:00,64651.51171875,64651.51171875,64664.4296875,64651.51171875,64664.4296875,0
2026-07-26 19:25:00+00:00,64653.98828125,64653.98828125,64653.98828125,64651.51171875,64651.51171875,3713024
2026-07-26 19:26:00+00:00,64652.69921875,64652.69921875,64654.0,64652.69921875,64653.98828125,6540288
2026-07-26 19:27:00+00:00,64646.23828125,64646.23828125,64650.01171875,64646.23828125,64650.0,0
2026-07-26 19:28:00+00:00,64646.23828125,64646.23828125,64646.25,64646.23828125,64646.23828125,134222848
2026-07-26 19:29:00+00:00,64666.48828125,64666.48828125,64666.48828125,64653.44921875,64653.44921875,0
2026-07-26 19:30:00+00:00,64668.390625,64668.390625,64668.3984375,64668.390625,64668.390625,73961472
2026-07-26 19:31:00+00:00,64679.98828125,64679.98828125,64679.98828125,64668.390625,64668.390625,794624
2026-07-26 19:32:00+00:00,64681.48046875,64681.48046875,64681.48046875,64679.98828125,64680.0,0
2026-07-26 19:33:00+00:00,64698.9296875,64698.9296875,64702.3984375,64695.94140625,64695.94921875,35306496
2026-07-26 19:34:00+00:00,64685.37109375,64685.37109375,64698.9296875,64685.37109375,64698.9296875,1770496
2026-07-26 19:35:00+00:00,64681.3203125,64681.3203125,64685.37109375,64681.3203125,64685.37109375,6144000
2026-07-26 19:36:00+00:00,64670.30859375,64670.30859375,64679.58984375,64670.30859375,64679.58984375,0
2026-07-26 19:37:00+00:00,64672.44921875,64672.44921875,64677.01171875,64672.44921875,64677.0,0
2026-07-26 19:38:00+00:00,64666.48828125,64666.48828125,64672.4609375,64666.48046875,64672.44921875,466944
2026-07-26 19:39:00+00:00,64667.03125,64667.03125,64667.03125,64666.48046875,64666.48828125,0
2026-07-26 19:40:00+00:00,64672.44140625,64672.44140625,64672.44140625,64667.83984375,64667.83984375,17053696
2026-07-26 19:41:00+00:00,64672.44140625,64672.44140625,64672.44921875,64672.44140625,64672.44921875,0
2026-07-26 19:42:00+00:00,64672.44140625,64672.44140625,64672.44921875,64672.44140625,64672.44140625,0
2026-07-26 19:43:00+00:00,64672.44140625,64672.44140625,64672.44921875,64672.44140625,64672.44140625,0
2026-07-26 19:44:00+00:00,64670.0,64670.0,64672.44921875,64670.0,64672.44140625,0
2026-07-26 19:45:00+00:00,64670.0,64670.0,64670.01171875,64670.0,64670.01171875,16537600
2026-07-26 19:46:00+00:00,64666.46875,64666.46875,64670.01171875,64666.4609375,64670.0,204800
2026-07-26 19:47:00+00:00,64652.2890625,64652.2890625,64666.4609375,64652.2890625,64666.4609375,0
2026-07-26 19:48:00+00:00,64650.03125,64650.03125,64652.2890625,64650.03125,64652.2890625,0
2026-07-26 19:49:00+00:00,64649.26953125,64649.26953125,64650.01953125,64647.01953125,64650.01953125,0
2026-07-26 19:50:00+00:00,64645.48828125,64645.48828125,64648.0,64645.48828125,64648.0,0
2026-07-26 19:51:00+00:00,64639.01171875,64639.01171875,64645.5,64639.0,64645.48828125,0
2026-07-26 19:52:00+00:00,64648.3515625,64648.3515625,64648.3515625,64639.0,64639.01171875,0
2026-07-26 19:53:00+00:00,64648.33984375,64648.33984375,64648.3515625,64648.328125,64648.33984375,0
2026-07-26 19:54:00+00:00,64648.33984375,64648.33984375,64648.3515625,64648.33984375,64648.3515625,0
2026-07-26 19:55:00+00:00,64639.28125,64639.28125,64648.3515625,64639.28125,64648.3515625,0
2026-07-26 19:56:00+00:00,64639.0390625,64639.0390625,64643.58984375,64639.01171875,64639.2890625,197632
2026-07-26 19:57:00+00:00,64639.01171875,64639.01171875,64639.05859375,64639.01171875,64639.0390625,0
2026-07-26 19:58:00+00:00,64644.8515625,64644.8515625,64646.1484375,64639.01171875,64639.01171875,0
2026-07-26 19:59:00+00:00,64641.08984375,64641.08984375,64644.859375,64641.08984375,64644.859375,0
2026-07-26 20:00:00+00:00,64647.05859375,64647.05859375,64647.05859375,64644.8515625,64644.859375,0
2026-07-26 20:01:00+00:00,64633.859375,64633.859375,64648.3515625,64633.859375,64647.0703125,0
2026-07-26 20:02:00+00:00,64634.71875,64634.71875,64635.98828125,64630.0,64633.1484375,0
2026-07-26 20:03:00+00:00,64630.01171875,64630.01171875,64634.7109375,64630.0,64634.7109375,1150976
2026-07-26 20:04:00+00:00,64632.921875,64632.921875,64633.421875,64631.30859375,64631.30859375,943104
2026-07-26 20:05:00+00:00,64645.44921875,64645.44921875,64645.44921875,64633.41015625,64633.41015625,190464
2026-07-26 20:06:00+00:00,64647.0,64647.0,64647.01171875,64645.28125,64645.4609375,0
2026-07-26 20:07:00+00:00,64648.33984375,64648.33984375,64648.3515625,64647.01171875,64647.01171875,0
2026-07-26 20:08:00+00:00,64648.33984375,64648.33984375,64648.3515625,64648.33984375,64648.3515625,768000
2026-07-26 20:09:00+00:00,64648.01953125,64648.01953125,64648.3515625,64648.01171875,64648.33984375,0
2026-07-26 20:10:00+00:00,64636.48828125,64636.48828125,64648.01953125,64636.48828125,64648.01171875,0
2026-07-26 20:11:00+00:00,64631.1015625,64631.1015625,64636.5,64631.1015625,64636.5,0
2026-07-26 20:12:00+00:00,64639.8515625,64639.8515625,64639.8515625,64630.01171875,64630.01171875,0
2026-07-26 20:13:00+00:00,64638.01171875,64638.01171875,64638.03125,64634.0,64638.0,741376
2026-07-26 20:14:00+00:00,64641.69921875,64641.69921875,64643.0,64638.01171875,64638.01171875,0
2026-07-26 20:15:00+00:00,64626.5,64626.5,64641.7109375,64626.5,64641.7109375,2795520
2026-07-26 20:16:00+00:00,64626.328125,64626.328125,64632.44140625,64626.3203125,64626.3515625,1373184
2026-07-26 20:17:00+00:00,64605.75,64605.75,64626.3203125,64605.75,64626.3203125,0
2026-07-26 20:18:00+00:00,64602.7109375,64602.7109375,64608.73828125,64602.7109375,64605.26171875,971776
2026-07-26 20:19:00+00:00,64594.859375,64594.859375,64594.87109375,64587.98828125,64591.6796875,0
2026-07-26 20:20:00+00:00,64597.3515625,64597.3515625,64599.921875,64594.859375,64594.859375,8068096
2026-07-26 20:21:00+00:00,64601.19921875,64601.19921875,64601.2109375,64597.3515625,64597.3515625,26800128
2026-07-26 20:22:00+00:00,64593.98828125,64593.98828125,64601.2109375,64593.23828125,64601.19921875,0
2026-07-26 20:23:00+00:00,64595.0703125,64595.0703125,64595.078125,64580.16015625,64594.0,434176
2026-07-26 20:24:00+00:00,64594.390625,64594.390625,64595.078125,64594.390625,64595.0703125,0
2026-07-26 20:25:00+00:00,64592.078125,64592.078125,64594.3984375,64592.078125,64594.3984375,1344512
2026-07-26 20:26:00+00:00,64582.16015625,64582.16015625,64592.078125,64582.16015625,64592.078125,8156160
2026-07-26 20:27:00+00:00,64582.55859375,64582.55859375,64582.5703125,64582.16015625,64582.16015625,0
2026-07-26 20:28:00+00:00,64583.5703125,64583.5703125,64583.578125,64583.5703125,64583.578125,0
2026-07-26 20:29:00+00:00,64595.98046875,64595.98046875,64595.98828125,64583.5703125,64583.5703125,0
2026-07-26 20:30:00+00:00,64605.44921875,64605.44921875,64605.44921875,64595.98046875,64595.98046875,0
2026-07-26 20:31:00+00:00,64615.37109375,64615.37109375,64615.37890625,64599.98828125,64605.4609375,100352
2026-07-26 20:32:00+00:00,64607.5390625,64607.5390625,64615.37890625,64607.5390625,64615.37890625,0
2026-07-26 20:33:00+00:00,64596.01171875,64596.01171875,64602.37109375,64595.98828125,64602.37109375,1517568
2026-07-26 20:34:00+00:00,64598.01171875,64598.01171875,64598.01953125,64596.0,64596.01171875,0
2026-07-26 20:35:00+00:00,64596.01171875,64596.01171875,64598.01953125,64596.0,64598.01171875,0
2026-07-26 20:36:00+00:00,64593.01171875,64593.01171875,64596.01171875,64593.01171875,64596.01171875,0
2026-07-26 20:37:00+00:00,64595.94140625,64595.94140625,64595.94140625,64593.0,64593.0,0
2026-07-26 20:38:00+00:00,64606.0,64606.0,64606.0,64595.9609375,64595.9609375,0
2026-07-26 20:39:00+00:00,64604.0,64604.0,64604.01171875,64604.0,64604.0,0
2026-07-26 20:40:00+00:00,64616.96875,64616.96875,64616.96875,64604.0,64604.01171875,378880
2026-07-26 20:41:00+00:00,64605.2890625,64605.2890625,64618.48046875,64604.01171875,64618.48046875,0
2026-07-26 20:42:00+00:00,64608.12890625,64608.12890625,64608.12890625,64603.91015625,64605.2890625,0
2026-07-26 20:43:00+00:00,64608.3984375,64608.3984375,64609.4296875,64608.12109375,64608.140625,13243392
2026-07-26 20:44:00+00:00,64611.3203125,64611.3203125,64611.3203125,64611.30859375,64611.3203125,846848
2026-07-26 20:45:00+00:00,64607.30078125,64607.30078125,64611.30859375,64607.2890625,64611.30859375,14568448
2026-07-26 20:46:00+00:00,64607.2890625,64607.2890625,64607.30078125,64607.2890625,64607.2890625,0
2026-07-26 20:47:00+00:00,64607.2890625,64607.2890625,64607.30078125,64607.2890625,64607.30078125,0
2026-07-26 20:48:00+00:00,64601.921875,64601.921875,64607.91015625,64601.91015625,64607.2890625,1618944
2026-07-26 20:49:00+00:00,64600.0,64600.0,64601.921875,64600.0,64601.91015625,0
2026-07-26 20:50:00+00:00,64590.30078125,64590.30078125,64598.7109375,64590.30078125,64598.7109375,0
2026-07-26 20:51:00+00:00,64590.30859375,64590.30859375,64590.30859375,64590.30078125,64590.30859375,0
2026-07-26 20:52:00+00:00,64595.328125,64595.328125,64595.328125,64595.30859375,64595.30859375,0
2026-07-26 20:53:00+00:00,64595.30859375,64595.30859375,64595.328125,64595.30859375,64595.328125,216064
2026-07-26 20:54:00+00:00,64590.46875,64590.46875,64595.3203125,64590.46875,64595.30859375,0
2026-07-26 20:55:00+00:00,64595.30859375,64595.30859375,64595.3203125,64590.46875,64590.48046875,0
2026-07-26 20:56:00+00:00,64594.890625,64594.890625,64595.26171875,64587.671875,64593.96875,0
2026-07-26 20:57:00+00:00,64591.3984375,64591.3984375,64594.8984375,64591.3984375,64594.890625,0
2026-07-26 20:58:00+00:00,64594.80859375,64594.80859375,64594.80859375,64591.421875,64591.421875,7320576
2026-07-26 20:59:00+00:00,64595.26171875,64595.26171875,64595.26953125,64594.8203125,64594.8203125,0
2026-07-26 21:00:00+00:00,64610.0,64610.0,64610.0,64601.91015625,64601.91015625,0
2026-07-26 21:01:00+00:00,64614.0,64614.0,64614.0,64607.98046875,64607.98828125,0
2026-07-26 21:02:00+00:00,64619.73828125,64619.73828125,64619.75,64614.0,64614.0,0
2026-07-26 21:03:00+00:00,64630.46875,64630.46875,64630.48046875,64619.73828125,64619.73828125,7000064
2026-07-26 21:04:00+00:00,64621.55078125,64621.55078125,64634.98828125,64621.5390625,64630.46875,3021824
2026-07-26 21:05:00+00:00,64617.3984375,64617.3984375,64617.53125,64617.390625,64617.53125,0
2026-07-26 21:06:00+00:00,64617.37890625,64617.37890625,64617.3984375,64617.37890625,64617.3984375,2401280
2026-07-26 21:07:00+00:00,64602.51171875,64602.51171875,64618.0,64602.51171875,64618.0,0
2026-07-26 21:08:00+00:00,64597.12109375,64597.12109375,64601.12890625,64595.578125,64601.12890625,20958208
2026-07-26 21:09:00+00:00,64601.5703125,64601.5703125,64601.5703125,64587.328125,64595.078125,134144
2026-07-26 21:10:00+00:00,64601.578125,64601.578125,64601.578125,64601.5703125,64601.578125,0
2026-07-26 21:11:00+00:00,64606.0,64606.0,64606.0,64601.578125,64601.578125,577536
2026-07-26 21:12:00+00:00,64622.5390625,64622.5390625,64622.5390625,64606.0,64606.0,0
2026-07-26 21:13:00+00:00,64644.48046875,64644.48046875,64660.0,64644.46875,64644.48046875,23009280
2026-07-26 21:14:00+00:00,64635.62890625,64635.62890625,64644.48046875,64631.859375,64644.48046875,0
2026-07-26 21:15:00+00:00,64639.41015625,64639.41015625,64639.41015625,64631.859375,64635.62890625,2554880
2026-07-26 21:16:00+00:00,64640.58984375,64640.58984375,64641.76953125,64639.41015625,64639.41015625,0
2026-07-26 21:17:00+00:00,64643.73828125,64643.73828125,64643.7890625,64640.578125,64640.578125,0
2026-07-26 21:18:00+00:00,64671.75,64671.75,64671.75,64643.73046875,64643.73046875,0
2026-07-26 21:19:00+00:00,64680.12109375,64680.12109375,64680.171875,64676.87890625,64676.890625,0
2026-07-26 21:20:00+00:00,64691.76953125,64691.76953125,64691.78125,64680.109375,64680.109375,3286016
2026-07-26 21:21:00+00:00,64700.26171875,64700.26171875,64710.0,64691.76953125,64691.78125,22661120
2026-07-26 21:22:00+00:00,64693.609375,64693.609375,64696.78125,64693.609375,64696.78125,0
2026-07-26 21:23:00+00:00,64706.19140625,64706.19140625,64706.19140625,64693.609375,64693.62109375,0
2026-07-26 21:24:00+00:00,64723.48046875,64723.48046875,64723.48046875,64702.6796875,64706.7890625,4640768
2026-07-26 21:25:00+00:00,64783.80859375,64783.80859375,64793.69921875,64741.23828125,64742.87890625,0
2026-07-26 21:26:00+00:00,64785.3984375,64785.3984375,64798.48828125,64779.9296875,64779.9296875,0
2026-07-26 21:27:00+00:00,64769.44921875,64769.44921875,64788.19921875,64768.5,64788.19921875,0
2026-07-26 21:28:00+00:00,64764.4609375,64764.4609375,64769.4609375,64757.98828125,64769.4609375,275456
2026-07-26 21:29:00+00:00,64757.828125,64757.828125,64762.58984375,64752.8515625,64762.58984375,6445056
2026-07-26 21:30:00+00:00,64772.1796875,64772.1796875,64772.1796875,64757.8203125,64757.8203125,76868608
2026-07-26 21:31:00+00:00,64761.75,64761.75,64784.7890625,64761.75,64776.05078125,2269184
2026-07-26 21:32:00+00:00,64751.1015625,64751.1015625,64755.0,64745.1015625,64755.0,0
2026-07-26 21:33:00+00:00,64775.7890625,64775.7890625,64775.7890625,64755.0390625,64755.0390625,0
2026-07-26 21:34:00+00:00,64782.62890625,64782.62890625,64782.62890625,64775.80078125,64775.80078125,0
2026-07-26 21:35:00+00:00,64755.05078125,64755.05078125,64772.19921875,64755.05078125,64772.19921875,19068928
2026-07-26 21:36:00+00:00,64764.01171875,64764.01171875,64764.01171875,64753.3984375,64755.05078125,29520896
2026-07-26 21:37:00+00:00,64743.87890625,64743.87890625,64762.4296875,64743.87890625,64762.4296875,0
2026-07-26 21:38:00+00:00,64768.328125,64768.328125,64778.73046875,64768.3203125,64769.30078125,0
2026-07-26 21:39:00+00:00,64743.859375,64743.859375,64758.25,64743.859375,64758.25,0
2026-07-26 21:40:00+00:00,64738.83984375,64738.83984375,64747.671875,64738.83984375,64747.671875,0
2026-07-26 21:41:00+00:00,64770.5,64770.5,64771.390625,64738.83984375,64738.8515625,2255872
2026-07-26 21:42:00+00:00,64750.109375,64750.109375,64770.5,64750.109375,64770.5,0
2026-07-26 21:43:00+00:00,64783.16015625,64783.16015625,64785.01171875,64750.109375,64750.12109375,25246720
2026-07-26 21:44:00+00:00,64738.3203125,64738.3203125,64788.7890625,64738.3203125,64779.7109375,27648
2026-07-26 21:45:00+00:00,64768.421875,64768.421875,64772.69921875,64738.3203125,64738.3203125,0
2026-07-26 21:46:00+00:00,64764.44921875,64764.44921875,64772.01953125,64764.44921875,64764.44921875,0
2026-07-26 21:47:00+00:00,64777.80859375,64777.80859375,64779.44140625,64764.44921875,64764.4609375,0
2026-07-26 21:48:00+00:00,64829.76953125,64829.76953125,64851.0703125,64777.80078125,64777.80859375,41144320
2026-07-26 21:49:00+00:00,64823.48828125,64823.48828125,64837.30859375,64809.91015625,64837.30859375,0
2026-07-26 21:50:00+00:00,64804.1484375,64804.1484375,64823.5,64804.1484375,64823.48828125,18202624
2026-07-26 21:51:00+00:00,64793.26953125,64793.26953125,64804.16015625,64793.26953125,64804.16015625,0
2026-07-26 21:52:00+00:00,64803.87109375,64803.87109375,64803.87109375,64780.48828125,64793.26953125,0
2026-07-26 21:53:00+00:00,64810.12890625,64810.12890625,64817.859375,64805.98828125,64805.98828125,0
2026-07-26 21:54:00+00:00,64816.41015625,64816.41015625,64817.578125,64810.1015625,64810.1015625,0
2026-07-26 21:55:00+00:00,64822.0,64822.0,64822.6796875,64812.66015625,64812.71875,0
2026-07-26 21:56:00+00:00,64828.51953125,64828.51953125,64830.23046875,64822.76953125,64822.76953125,21394432
2026-07-26 21:57:00+00:00,64805.0,64805.0,64828.51953125,64799.2890625,64828.51953125,0
2026-07-26 21:58:00+00:00,64802.3515625,64802.3515625,64803.71875,64800.62890625,64803.71875,0
2026-07-26 21:59:00+00:00,64791.12109375,64791.12109375,64802.359375,64788.23046875,64802.359375,2449408
2026-07-26 22:00:00+00:00,64996.48828125,64996.48828125,65026.640625,64959.6796875,64974.0,322494464
2026-07-26 22:01:00+00:00,64967.01171875,64967.01171875,65018.94921875,64967.01171875,65018.94921875,70165504
2026-07-26 22:02:00+00:00,65035.3515625,65035.3515625,65107.73828125,64954.0,64955.01171875,0
2026-07-26 22:03:00+00:00,65122.26171875,65122.26171875,65122.26171875,65063.98828125,65063.98828125,25911296
2026-07-26 22:04:00+00:00,65131.5703125,65131.5703125,65159.12109375,65108.890625,65127.58984375,7881728
2026-07-26 22:05:00+00:00,65101.140625,65101.140625,65130.4609375,65101.140625,65130.4609375,8096768
2026-07-26 22:06:00+00:00,65125.30078125,65125.30078125,65168.53125,65099.62109375,65131.53125,99798016
2026-07-26 22:07:00+00:00,65104.0,65104.0,65139.828125,65101.48828125,65139.828125,0
2026-07-26 22:08:00+00:00,65099.9296875,65099.9296875,65105.44921875,65087.01953125,65105.44921875,8419328
2026-07-26 22:09:00+00:00,65131.0703125,65131.0703125,65156.0,65096.6015625,65096.6015625,65604608
2026-07-26 22:10:00+00:00,65158.03125,65158.03125,65163.359375,65133.0703125,65141.8515625,11588608
2026-07-26 22:11:00+00:00,65148.0,65148.0,65158.01953125,65122.33984375,65158.01953125,5954560
2026-07-26 22:12:00+00:00,65162.73046875,65162.73046875,65191.05078125,65152.0,65155.30859375,0
2026-07-26 22:13:00+00:00,65157.98828125,65157.98828125,65172.0,65141.25,65172.0,89852928
2026-07-26 22:14:00+00:00,65152.48828125,65152.48828125,65163.05078125,65136.55859375,65157.94921875,13374464
2026-07-26 22:15:00+00:00,65157.9609375,65157.9609375,65177.98828125,65152.48046875,65165.0,53267456
2026-07-26 22:16:00+00:00,65176.6796875,65176.6796875,65189.1015625,65157.96875,65157.96875,4937728
2026-07-26 22:17:00+00:00,65157.91015625,65157.91015625,65173.78125,65133.96875,65173.78125,0
2026-07-26 22:18:00+00:00,65186.51171875,65186.51171875,65186.51171875,65141.48046875,65141.48828125,41922560
2026-07-26 22:19:00+00:00,65135.23046875,65135.23046875,65175.0,65110.23046875,65175.0,0
2026-07-26 22:20:00+00:00,65174.6796875,65174.6796875,65182.578125,65135.23046875,65135.23046875,56462336
2026-07-26 22:21:00+00:00,65166.25,65166.25,65170.0,65155.37890625,65169.98828125,0
2026-07-26 22:22:00+00:00,65160.4296875,65160.4296875,65177.98046875,65160.4296875,65166.25,0
2026-07-26 22:23:00+00:00,65157.578125,65157.578125,65162.01171875,65151.44921875,65159.19140625,0
2026-07-26 22:24:00+00:00,65147.140625,65147.140625,65188.328125,65147.140625,65182.41015625,15745024
2026-07-26 22:25:00+00:00,65112.0,65112.0,65148.44921875,65112.0,65147.1484375,1589248
2026-07-26 22:26:00+00:00,65124.83984375,65124.83984375,65125.26171875,65101.1484375,65108.87890625,0
2026-07-26 22:27:00+00:00,65161.28125,65161.28125,65161.28125,65116.25,65124.83984375,0
2026-07-26 22:28:00+00:00,65177.6484375,65177.6484375,65187.8984375,65163.98046875,65163.98828125,22970368
2026-07-26 22:29:00+00:00,65151.33984375,65151.33984375,65180.6484375,65151.33984375,65177.6484375,3591168
2026-07-26 22:30:00+00:00,65155.48828125,65155.48828125,65193.0,65139.87890625,65139.87890625,0
2026-07-26 22:31:00+00:00,65172.0,65172.0,65181.4609375,65151.44921875,65155.48828125,5050368
2026-07-26 22:32:00+00:00,65292.9296875,65292.9296875,65318.30078125,65168.69140625,65169.0390625,0
2026-07-26 22:33:00+00:00,65337.71875,65337.71875,65342.44921875,65309.890625,65309.890625,0
2026-07-26 22:34:00+00:00,65333.33984375,65333.33984375,65349.98828125,65333.33984375,65336.55078125,14848000
2026-07-26 22:35:00+00:00,65358.1015625,65358.1015625,65361.3984375,65339.98828125,65339.98828125,8441856
2026-07-26 22:36:00+00:00,65360.4296875,65360.4296875,65365.0,65337.21875,65341.578125,678591488
2026-07-26 22:37:00+00:00,65387.25,65387.25,65387.25,65362.5390625,65362.5390625,0
2026-07-26 22:38:00+00:00,65371.421875,65371.421875,65387.98828125,65337.23828125,65387.98828125,149425152
2026-07-26 22:39:00+00:00,65355.98828125,65355.98828125,65371.421875,65355.98828125,65371.421875,0
2026-07-26 22:40:00+00:00,65433.5,65433.5,65433.5,65363.69921875,65363.69921875,0
2026-07-26 22:41:00+00:00,65418.51953125,65418.51953125,65448.01171875,65403.0,65426.12890625,108881920
2026-07-26 22:42:00+00:00,65403.19140625,65403.19140625,65415.4609375,65387.53125,65415.4609375,0
2026-07-26 22:43:00+00:00,65399.7109375,65399.7109375,65416.140625,65399.7109375,65404.0,4924416
2026-07-26 22:44:00+00:00,65408.0,65408.0,65416.12890625,65399.7109375,65399.7109375,37644288
2026-07-26 22:45:00+00:00,65369.94921875,65369.94921875,65413.578125,65365.51171875,65413.578125,99011584
2026-07-26 22:46:00+00:00,65340.421875,65340.421875,65374.51953125,65340.421875,65364.7109375,12307456
2026-07-26 22:47:00+00:00,65356.0,65356.0,65357.9609375,65337.37890625,65337.37890625,0
2026-07-26 22:48:00+00:00,65410.66015625,65410.66015625,65411.51171875,65356.0,65356.0,0
2026-07-26 22:49:00+00:00,65410.609375,65410.609375,65429.98828125,65389.98046875,65422.5390625,0
2026-07-26 22:50:00+00:00,65391.3984375,65391.3984375,65430.0,65389.5,65411.98828125,0
2026-07-26 22:51:00+00:00,65351.78125,65351.78125,65391.390625,65345.96875,65391.390625,0
2026-07-26 22:52:00+00:00,65377.37890625,65377.37890625,65381.5390625,65368.421875,65368.421875,0
2026-07-26 22:53:00+00:00,65374.76953125,65374.76953125,65376.4609375,65360.4296875,65376.4609375,11897856
2026-07-26 22:54:00+00:00,65360.4296875,65360.4296875,65377.94921875,65360.4296875,65377.94921875,0
2026-07-26 22:55:00+00:00,65314.0,65314.0,65360.75,65314.0,65360.75,67049472
2026-07-26 22:56:00+00:00,65330.0,65330.0,65335.3203125,65313.98828125,65313.98828125,1413120
2026-07-26 22:57:00+00:00,65329.4609375,65329.4609375,65332.28125,65320.3203125,65321.73828125,0
2026-07-26 22:58:00+00:00,65329.609375,65329.609375,65335.80078125,65329.4609375,65329.4609375,0
2026-07-26 22:59:00+00:00,65347.9609375,65347.9609375,65358.78125,65329.609375,65329.609375,0
2026-07-26 23:00:00+00:00,65360.4296875,65360.4296875,65400.98828125,65360.4296875,65375.0,0
2026-07-26 23:01:00+00:00,65395.30078125,65395.30078125,65412.80078125,65359.1484375,65359.1484375,3385344
2026-07-26 23:02:00+00:00,65357.9609375,65357.9609375,65395.30859375,65356.55859375,65395.30078125,0
2026-07-26 23:03:00+00:00,65320.69921875,65320.69921875,65363.44140625,65320.69921875,65363.44140625,0
2026-07-26 23:04:00+00:00,65362.328125,65362.328125,65362.328125,65318.30859375,65320.69140625,0
2026-07-26 23:05:00+00:00,65429.2890625,65429.2890625,65429.2890625,65362.19140625,65362.19140625,172293120
2026-07-26 23:06:00+00:00,65434.0,65434.0,65434.0,65398.01171875,65421.98828125,0
2026-07-26 23:07:00+00:00,65446.01171875,65446.01171875,65456.98046875,65409.73828125,65434.48828125,0
2026-07-26 23:08:00+00:00,65444.8203125,65444.8203125,65462.3515625,65437.828125,65456.96875,0
2026-07-26 23:09:00+00:00,65476.53125,65476.53125,65504.80859375,65442.9296875,65442.9296875,0
2026-07-26 23:10:00+00:00,65433.9609375,65433.9609375,65476.98828125,65433.9609375,65476.98828125,44050432
2026-07-26 23:11:00+00:00,65426.578125,65426.578125,65460.890625,65426.578125,65432.25,0
2026-07-26 23:12:00+00:00,65423.0703125,65423.0703125,65461.28125,65414.609375,65414.609375,0
2026-07-26 23:13:00+00:00,65379.7890625,65379.7890625,65421.44921875,65356.76953125,65421.44921875,63209472
2026-07-26 23:14:00+00:00,65347.69140625,65347.69140625,65381.78125,65347.69140625,65380.48828125,4505600
2026-07-26 23:15:00+00:00,65395.171875,65395.171875,65395.171875,65345.44921875,65345.44921875,82664448
2026-07-26 23:16:00+00:00,65375.3203125,65375.3203125,65436.4609375,65375.3203125,65415.8984375,7500800
2026-07-26 23:17:00+00:00,65349.0703125,65349.0703125,65372.23828125,65340.6484375,65370.0,0
2026-07-26 23:18:00+00:00,65336.0,65336.0,65353.828125,65336.0,65349.0703125,54964224
2026-07-26 23:19:00+00:00,65300.0,65300.0,65334.6015625,65300.0,65334.6015625,3510272
2026-07-26 23:20:00+00:00,65295.30859375,65295.30859375,65314.5,65293.19140625,65295.1015625,0
2026-07-26 23:21:00+00:00,65294.640625,65294.640625,65315.1484375,65294.640625,65303.7109375,52253696
2026-07-26 23:22:00+00:00,65305.51953125,65305.51953125,65320.5,65281.23046875,65293.140625,0
2026-07-26 23:23:00+00:00,65304.390625,65304.390625,65310.0,65287.94921875,65310.0,33552384
2026-07-26 23:24:00+00:00,65290.78125,65290.78125,65321.421875,65290.78125,65306.921875,0
2026-07-26 23:25:00+00:00,65294.9609375,65294.9609375,65313.98828125,65294.9609375,65300.921875,4405248
2026-07-26 23:26:00+00:00,65253.23046875,65253.23046875,65296.5390625,65253.23046875,65296.5390625,75251712
2026-07-26 23:27:00+00:00,65270.2109375,65270.2109375,65283.03125,65267.2890625,65267.94921875,0
2026-07-26 23:28:00+00:00,65276.71875,65276.71875,65279.80078125,65267.2890625,65267.9609375,8732672
2026-07-26 23:29:00+00:00,65275.30859375,65275.30859375,65275.3203125,65270.2109375,65270.2109375,0
2026-07-26 23:30:00+00:00,65241.19921875,65241.19921875,65273.0,65241.19921875,65273.0,55822336
2026-07-26 23:31:00+00:00,65252.05859375,65252.05859375,65252.05859375,65230.01953125,65241.19921875,0
2026-07-26 23:32:00+00:00,65258.5,65258.5,65267.7890625,65244.328125,65262.19140625,0
2026-07-26 23:33:00+00:00,65292.1796875,65292.1796875,65293.48046875,65262.1796875,65262.1796875,66177024
2026-07-26 23:34:00+00:00,65312.6484375,65312.6484375,65314.7109375,65293.48828125,65293.48828125,2083840
2026-07-26 23:35:00+00:00,65319.44140625,65319.44140625,65335.609375,65314.55078125,65314.55078125,0
2026-07-26 23:36:00+00:00,65314.55078125,65314.55078125,65329.1796875,65314.55078125,65319.44921875,22104064
2026-07-26 23:37:00+00:00,65299.7109375,65299.7109375,65317.5,65299.51953125,65314.5,0
2026-07-26 23:38:00+00:00,65271.421875,65271.421875,65290.51171875,65268.51953125,65290.51171875,0
2026-07-26 23:39:00+00:00,65270.4296875,65270.4296875,65290.0,65270.4296875,65271.4296875,11722752
2026-07-26 23:40:00+00:00,65273.78125,65273.78125,65275.421875,65270.421875,65270.421875,1093632
2026-07-26 23:41:00+00:00,65331.55859375,65331.55859375,65331.55859375,65302.859375,65302.859375,742400
2026-07-26 23:42:00+00:00,65337.8203125,65337.8203125,65339.0,65333.30078125,65333.30078125,0
2026-07-26 23:43:00+00:00,65339.828125,65339.828125,65351.30859375,65318.8203125,65337.8203125,12144640
2026-07-26 23:44:00+00:00,65342.53125,65342.53125,65351.3203125,65339.16015625,65339.16015625,0
2026-07-26 23:45:00+00:00,65345.80859375,65345.80859375,65351.33984375,65331.01171875,65345.71875,0
2026-07-26 23:46:00+00:00,65400.16015625,65400.16015625,65400.16015625,65350.73046875,65350.73046875,4734976
2026-07-26 23:47:00+00:00,65342.98828125,65342.98828125,65395.26171875,65342.98828125,65395.26171875,0
2026-07-26 23:48:00+00:00,65329.46875,65329.46875,65340.890625,65329.46875,65333.33984375,0
2026-07-26 23:49:00+00:00,65341.0703125,65341.0703125,65347.30859375,65321.78125,65329.37890625,0
2026-07-26 23:50:00+00:00,65363.4609375,65363.4609375,65363.4609375,65335.6484375,65341.08984375,36576256
2026-07-26 23:51:00+00:00,65395.25,65395.25,65395.25,65363.2890625,65363.4609375,0
2026-07-26 23:52:00+00:00,65376.28125,65376.28125,65395.26171875,65376.28125,65395.26171875,0
2026-07-26 23:53:00+00:00,65360.4296875,65360.4296875,65381.1796875,65360.4296875,65381.1796875,6753280
2026-07-26 23:54:00+00:00,65359.1796875,65359.1796875,65360.7109375,65340.01171875,65360.4296875,0
2026-07-26 23:55:00+00:00,65300.0,65300.0,65360.1796875,65300.0,65356.19921875,0
2026-07-26 23:56:00+00:00,65311.359375,65311.359375,65311.359375,65286.1796875,65300.0,67361792
2026-07-26 23:57:00+00:00,65300.48828125,65300.48828125,65314.5,65300.48828125,65314.5,0
2026-07-26 23:58:00+00:00,65338.76171875,65338.76171875,65338.76953125,65296.98046875,65301.48828125,0
2026-07-27 00:00:00+00:00,65317.859375,65317.859375,65358.2890625,65317.859375,65351.0,0
2026-07-27 00:01:00+00:00,65292.01171875,65292.01171875,65327.890625,65292.01171875,65317.8515625,9569280
2026-07-27 00:02:00+00:00,65285.98828125,65285.98828125,65317.8515625,65285.98828125,65294.69140625,0
2026-07-27 00:03:00+00:00,65248.19921875,65248.19921875,65294.640625,65242.51171875,65281.08984375,0
2026-07-27 00:04:00+00:00,65220.7109375,65220.7109375,65243.3203125,65220.7109375,65243.30859375,1515520
2026-07-27 00:05:00+00:00,65213.6484375,65213.6484375,65227.3515625,65209.55859375,65220.5703125,0
2026-07-27 00:06:00+00:00,65199.1796875,65199.1796875,65209.8203125,65188.98046875,65188.98046875,34263040
2026-07-27 00:07:00+00:00,65143.71875,65143.71875,65209.37109375,65143.71875,65195.73828125,0
2026-07-27 00:08:00+00:00,65153.6796875,65153.6796875,65170.0,65136.23046875,65147.859375,1859584
2026-07-27 00:09:00+00:00,65147.578125,65147.578125,65166.921875,65137.6015625,65151.98828125,0
2026-07-27 00:10:00+00:00,65135.1484375,65135.1484375,65159.1796875,65133.98828125,65143.71875,0
2026-07-27 00:11:00+00:00,65147.578125,65147.578125,65159.8515625,65125.91015625,65134.9296875,51338240
2026-07-27 00:12:00+00:00,65143.91015625,65143.91015625,65155.8515625,65143.91015625,65155.8515625,0
2026-07-27 00:13:00+00:00,65183.98046875,65183.98046875,65186.26953125,65143.91015625,65143.91015625,1070080
2026-07-27 00:14:00+00:00,65169.6484375,65169.6484375,65174.671875,65152.0,65174.671875,26929152
2026-07-27 00:15:00+00:00,65157.96875,65157.96875,65165.2890625,65149.48828125,65149.48828125,0
2026-07-27 00:16:00+00:00,65146.55859375,65146.55859375,65167.03125,65146.55859375,65157.12109375,1881088
2026-07-27 00:17:00+00:00,65126.171875,65126.171875,65144.0,65122.2890625,65137.5,0
2026-07-27 00:18:00+00:00,65098.0,65098.0,65127.80078125,65089.98828125,65127.51171875,103830528
2026-07-27 00:19:00+00:00,65082.33984375,65082.33984375,65095.640625,65041.98828125,65095.640625,0
2026-07-27 00:20:00+00:00,65089.51953125,65089.51953125,65089.51953125,65061.03125,65066.30859375,1297408
2026-07-27 00:21:00+00:00,65066.30859375,65066.30859375,65089.76171875,65066.30859375,65080.12890625,20134912
2026-07-27 00:22:00+00:00,65116.21875,65116.21875,65116.21875,65062.26953125,65066.30859375,0
2026-07-27 00:23:00+00:00,65068.25,65068.25,65122.01171875,65068.23828125,65122.01171875,0
2026-07-27 00:24:00+00:00,65097.26953125,65097.26953125,65097.26953125,65064.890625,65074.26171875,35618816
2026-07-27 00:25:00+00:00,65164.0703125,65164.0703125,65164.0703125,65094.80859375,65094.80859375,18763776
2026-07-27 00:26:00+00:00,65151.44140625,65151.44140625,65164.078125,65139.109375,65164.078125,0
2026-07-27 00:27:00+00:00,65166.9296875,65166.9296875,65199.26171875,65166.921875,65166.921875,0
2026-07-27 00:28:00+00:00,65169.640625,65169.640625,65175.98828125,65152.01953125,65157.6796875,0
2026-07-27 00:29:00+00:00,65133.5,65133.5,65169.640625,65133.5,65169.640625,0
2026-07-27 00:30:00+00:00,65108.87109375,65108.87109375,65139.83984375,65099.80078125,65130.7890625,50842624
2026-07-27 00:31:00+00:00,65159.1796875,65159.1796875,65159.1796875,65112.73828125,65112.73828125,0
2026-07-27 00:32:00+00:00,65148.62109375,65148.62109375,65163.05078125,65146.01171875,65163.05078125,0
2026-07-27 00:33:00+00:00,65141.44921875,65141.44921875,65162.98046875,65132.1015625,65148.62109375,11340800
2026-07-27 00:34:00+00:00,65135.078125,65135.078125,65141.4609375,65130.62109375,65141.44921875,4140032
2026-07-27 00:35:00+00:00,65120.05078125,65120.05078125,65133.76953125,65097.28125,65133.76953125,100352
2026-07-27 00:36:00+00:00,65087.98828125,65087.98828125,65121.98046875,65074.05078125,65111.26171875,20193280
2026-07-27 00:37:00+00:00,65051.98828125,65051.98828125,65085.9609375,65051.98828125,65085.9609375,0
2026-07-27 00:38:00+00:00,65073.12109375,65073.12109375,65075.94140625,65048.0,65048.0,116736
2026-07-27 00:39:00+00:00,65067.2109375,65067.2109375,65086.5703125,65067.2109375,65073.12109375,0
2026-07-27 00:40:00+00:00,65074.05859375,65074.05859375,65084.48828125,65062.44140625,65067.2109375,174080
2026-07-27 00:41:00+00:00,65094.71875,65094.71875,65101.140625,65074.05078125,65074.05078125,0
2026-07-27 00:42:00+00:00,65092.0703125,65092.0703125,65092.0703125,65077.9296875,65081.7890625,0
2026-07-27 00:43:00+00:00,65082.1484375,65082.1484375,65086.2109375,65074.05859375,65086.2109375,9968640
2026-07-27 00:44:00+00:00,65095.05078125,65095.05078125,65102.16015625,65077.921875,65091.98828125,3757056
2026-07-27 00:45:00+00:00,65121.44921875,65121.44921875,65128.1015625,65095.05859375,65095.05859375,0
2026-07-27 00:46:00+00:00,65122.91015625,65122.91015625,65122.91015625,65109.98046875,65120.9296875,8743936
2026-07-27 00:47:00+00:00,65081.98828125,65081.98828125,65130.0,65081.98828125,65120.0390625,0
2026-07-27 00:48:00+00:00,65120.828125,65120.828125,65120.828125,65062.05078125,65080.51171875,101257216
2026-07-27 00:49:00+00:00,65105.91015625,65105.91015625,65112.75,65105.8984375,65112.75,7214080
2026-07-27 00:50:00+00:00,65108.0,65108.0,65119.5703125,65105.08984375,65105.08984375,3136512
2026-07-27 00:51:00+00:00,65123.03125,65123.03125,65123.03125,65106.01171875,65111.890625,21002240
2026-07-27 00:52:00+00:00,65113.51953125,65113.51953125,65127.98046875,65113.51953125,65122.9609375,0
2026-07-27 00:53:00+00:00,65066.421875,65066.421875,65095.5,65061.890625,65095.5,14613504
2026-07-27 00:54:00+00:00,65055.7109375,65055.7109375,65058.578125,65026.0,65058.578125,0
2026-07-27 00:55:00+00:00,65004.25,65004.25,65054.69140625,65004.25,65054.69140625,0
2026-07-27 00:56:00+00:00,65025.37890625,65025.37890625,65025.37890625,65004.26171875,65004.26171875,0
2026-07-27 00:57:00+00:00,65063.01171875,65063.01171875,65063.01953125,65032.48046875,65032.48046875,0
2026-07-27 00:58:00+00:00,65050.828125,65050.828125,65064.98828125,65050.828125,65058.55859375,0
2026-07-27 00:59:00+00:00,65069.98828125,65069.98828125,65069.98828125,65043.08984375,65043.08984375,3446784
2026-07-27 01:00:00+00:00,65068.23046875,65068.23046875,65070.4296875,65054.55078125,65070.4296875,0
2026-07-27 01:01:00+00:00,65102.0,65102.0,65102.87890625,65063.6796875,65070.1796875,0
2026-07-27 01:02:00+00:00,65114.53125,65114.53125,65118.01171875,65089.5390625,65097.98828125,0
2026-07-27 01:03:00+00:00,65120.921875,65120.921875,65134.3203125,65115.8984375,65115.8984375,35450880
2026-07-27 01:04:00+00:00,65113.671875,65113.671875,65129.98828125,65112.01953125,65112.76171875,0
2026-07-27 01:05:00+00:00,65141.890625,65141.890625,65141.890625,65109.609375,65113.671875,0
2026-07-27 01:06:00+00:00,65144.71875,65144.71875,65145.01171875,65126.05859375,65128.23046875,0
2026-07-27 01:07:00+00:00,65134.51171875,65134.51171875,65140.171875,65124.37109375,65127.01953125,0
2026-07-27 01:08:00+00:00,65090.25,65090.25,65140.96875,65090.25,65134.5,4080640
2026-07-27 01:09:00+00:00,65117.828125,65117.828125,65117.828125,65088.01171875,65088.01171875,19394560
2026-07-27 01:10:00+00:00,65087.98828125,65087.98828125,65124.3515625,65087.98828125,65124.3515625,9100288
2026-07-27 01:11:00+00:00,65083.25,65083.25,65097.98828125,65083.19921875,65089.30078125,8821760
2026-07-27 01:12:00+00:00,65050.828125,65050.828125,65081.7890625,65036.0,65081.7890625,0
2026-07-27 01:13:00+00:00,64992.78125,64992.78125,65044.609375,64992.78125,65044.609375,1883136
2026-07-27 01:14:00+00:00,64985.6796875,64985.6796875,64998.0,64983.98828125,64992.78125,177152
2026-07-27 01:15:00+00:00,64946.26953125,64946.26953125,64991.87890625,64938.6015625,64991.87890625,38263808
2026-07-27 01:16:00+00:00,64957.94921875,64957.94921875,64966.01171875,64934.6484375,64946.96875,0
2026-07-27 01:17:00+00:00,64983.05078125,64983.05078125,64983.05078125,64957.94921875,64957.94921875,0
2026-07-27 01:18:00+00:00,65003.44140625,65003.44140625,65009.55859375,64983.05859375,64983.05859375,26712064
2026-07-27 01:19:00+00:00,65017.96875,65017.96875,65017.96875,64999.51171875,65003.44921875,0
2026-07-27 01:20:00+00:00,64993.16015625,64993.16015625,65017.96875,64993.16015625,65017.96875,0
2026-07-27 01:21:00+00:00,64990.62890625,64990.62890625,64991.171875,64968.16015625,64991.171875,68341760
2026-07-27 01:22:00+00:00,65012.01171875,65012.01171875,65012.01171875,64975.359375,64998.6796875,0
2026-07-27 01:23:00+00:00,64995.76953125,64995.76953125,65009.390625,64995.76953125,65004.578125,366592
2026-07-27 01:24:00+00:00,65005.48828125,65005.48828125,65012.05859375,64995.76953125,64995.76953125,15486976
2026-07-27 01:25:00+00:00,64973.4296875,64973.4296875,65003.73046875,64965.3203125,65003.73046875,0
2026-07-27 01:26:00+00:00,64965.5390625,64965.5390625,64983.1484375,64963.23828125,64973.421875,1504256
2026-07-27 01:27:00+00:00,64985.03125,64985.03125,64985.03125,64963.5703125,64963.5703125,0
2026-07-27 01:28:00+00:00,64969.55859375,64969.55859375,64992.3515625,64969.55859375,64985.0390625,26471424
2026-07-27 01:29:00+00:00,64954.609375,64954.609375,64961.80859375,64951.05078125,64961.80859375,800768
2026-07-27 01:30:00+00:00,64938.6015625,64938.6015625,64954.62109375,64930.44140625,64954.62109375,40451072
2026-07-27 01:31:00+00:00,65002.80078125,65002.80078125,65002.80078125,64941.23046875,64941.7109375,0
2026-07-27 01:32:00+00:00,65006.01171875,65006.01171875,65026.1015625,65000.37109375,65000.37109375,0
2026-07-27 01:33:00+00:00,65004.01171875,65004.01171875,65011.19921875,64990.96875,65006.0,8863744
2026-07-27 01:34:00+00:00,64983.0,64983.0,65004.0,64977.66015625,64999.5390625,1477632
2026-07-27 01:35:00+00:00,64869.0703125,64869.0703125,64954.62109375,64843.48046875,64954.62109375,0
2026-07-27 01:36:00+00:00,64879.96875,64879.96875,64898.26953125,64866.390625,64866.390625,0
2026-07-27 01:37:00+00:00,64930.8515625,64930.8515625,64930.8515625,64888.30078125,64888.30078125,0
2026-07-27 01:38:00+00:00,65008.37109375,65008.37109375,65008.37109375,64936.01953125,64936.01953125,0
2026-07-27 01:39:00+00:00,65024.30078125,65024.30078125,65025.87890625,65014.359375,65014.359375,28137472
2026-07-27 01:40:00+00:00,65042.28125,65042.28125,65045.98828125,65023.9609375,65024.30078125,5917696
2026-07-27 01:41:00+00:00,65051.6015625,65051.6015625,65054.9609375,65049.5390625,65052.87890625,0
2026-07-27 01:42:00+00:00,65047.5,65047.5,65047.5,65019.01171875,65031.48046875,0
2026-07-27 01:43:00+00:00,65016.01171875,65016.01171875,65054.37890625,65016.01171875,65054.37890625,141222912
2026-07-27 01:44:00+00:00,65029.69921875,65029.69921875,65032.0,65023.73828125,65023.73828125,5387264
2026-07-27 01:45:00+00:00,65030.0,65030.0,65030.0,65024.05859375,65029.0703125,0
2026-07-27 01:46:00+00:00,65082.98046875,65082.98046875,65087.98828125,65023.75,65023.75,0
2026-07-27 01:47:00+00:00,65079.98828125,65079.98828125,65086.28125,65075.30859375,65083.98046875,0
2026-07-27 01:48:00+00:00,65097.26171875,65097.26171875,65097.26171875,65077.921875,65092.0,73633792
2026-07-27 01:49:00+00:00,65107.48828125,65107.48828125,65107.48828125,65095.80859375,65095.80859375,13526016
2026-07-27 01:50:00+00:00,65083.109375,65083.109375,65131.4609375,65083.109375,65112.73828125,0
2026-07-27 01:51:00+00:00,65118.21875,65118.21875,65123.140625,65077.9296875,65077.9296875,0
2026-07-27 01:52:00+00:00,65097.7890625,65097.7890625,65115.1015625,65089.53125,65115.1015625,0
2026-07-27 01:53:00+00:00,65097.7890625,65097.7890625,65097.80078125,65093.3984375,65097.80078125,5757952
2026-07-27 01:54:00+00:00,65099.16015625,65099.16015625,65099.16015625,65089.5390625,65097.80078125,0
2026-07-27 01:55:00+00:00,65123.171875,65123.171875,65123.328125,65115.01953125,65115.01953125,799744
2026-07-27 01:56:00+00:00,65149.53125,65149.53125,65149.98828125,65128.05859375,65128.05859375,317440
2026-07-27 01:57:00+00:00,65137.83984375,65137.83984375,65149.98828125,65137.5390625,65146.69921875,0
2026-07-27 01:58:00+00:00,65151.01171875,65151.01171875,65153.98828125,65127.6796875,65146.609375,384000
2026-07-27 01:59:00+00:00,65141.4296875,65141.4296875,65155.2890625,65135.30078125,65154.01171875,0
2026-07-27 02:00:00+00:00,65120.48828125,65120.48828125,65156.44921875,65120.48828125,65141.44140625,124928
2026-07-27 02:01:00+00:00,65143.1796875,65143.1796875,65145.078125,65116.62109375,65116.62109375,13854720
2026-07-27 02:02:00+00:00,65127.01953125,65127.01953125,65150.30078125,65124.359375,65150.30078125,0
2026-07-27 02:03:00+00:00,65113.26171875,65113.26171875,65115.9296875,65107.26171875,65110.12109375,22113280
2026-07-27 02:04:00+00:00,65099.1484375,65099.1484375,65129.23046875,65099.1484375,65115.62109375,1854464
2026-07-27 02:05:00+00:00,65123.33984375,65123.33984375,65128.890625,65093.41015625,65099.16015625,1910784
2026-07-27 02:06:00+00:00,65105.26171875,65105.26171875,65123.33984375,65098.828125,65123.33984375,24457216
2026-07-27 02:07:00+00:00,65129.55859375,65129.55859375,65129.55859375,65102.44921875,65105.25,0
2026-07-27 02:08:00+00:00,65111.75,65111.75,65121.73046875,65111.75,65121.73046875,0
2026-07-27 02:09:00+00:00,65149.48828125,65149.48828125,65150.98046875,65108.87890625,65108.87890625,84677632
2026-07-27 02:10:00+00:00,65126.1484375,65126.1484375,65146.7890625,65122.51953125,65146.7890625,0
2026-07-27 02:11:00+00:00,65158.83984375,65158.83984375,65158.83984375,65126.140625,65126.140625,522240
2026-07-27 02:12:00+00:00,65141.98828125,65141.98828125,65153.91015625,65136.83984375,65153.91015625,0
2026-07-27 02:13:00+00:00,65144.0,65144.0,65151.69921875,65125.5,65137.1015625,20143104
2026-07-27 02:14:00+00:00,65139.8515625,65139.8515625,65148.48046875,65139.8515625,65143.71875,0
2026-07-27 02:15:00+00:00,65108.390625,65108.390625,65134.96875,65108.390625,65134.96875,2127872
2026-07-27 02:16:00+00:00,65086.76171875,65086.76171875,65129.98828125,65086.76171875,65104.609375,0
2026-07-27 02:17:00+00:00,65115.21875,65115.21875,65131.578125,65100.30078125,65100.30078125,0
2026-07-27 02:18:00+00:00,65128.23046875,65128.23046875,65139.46875,65114.0,65116.828125,0
2026-07-27 02:19:00+00:00,65160.0,65160.0,65160.0,65120.5,65120.5,0
2026-07-27 02:20:00+00:00,65158.01171875,65158.01171875,65183.19921875,65147.890625,65159.98828125,0
2026-07-27 02:21:00+00:00,65125.5,65125.5,65147.98828125,65125.5,65147.98828125,8032256
2026-07-27 02:22:00+00:00,65139.8515625,65139.8515625,65149.6015625,65112.0,65124.73828125,0
2026-07-27 02:23:00+00:00,65105.01953125,65105.01953125,65142.1796875,65105.01953125,65138.01171875,5525504
2026-07-27 02:24:00+00:00,65114.78125,65114.78125,65134.0,65103.69921875,65103.69921875,51465216
2026-07-27 02:25:00+00:00,65139.66015625,65139.66015625,65144.62109375,65111.26171875,65114.78125,364544
2026-07-27 02:26:00+00:00,65135.53125,65135.53125,65140.94921875,65120.01953125,65140.94921875,2877440
2026-07-27 02:27:00+00:00,65131.859375,65131.859375,65149.390625,65130.55859375,65147.98828125,0
2026-07-27 02:28:00+00:00,65132.109375,65132.109375,65146.109375,65131.859375,65131.859375,2469888
2026-07-27 02:29:00+00:00,65121.6015625,65121.6015625,65132.109375,65121.6015625,65132.109375,0
2026-07-27 02:30:00+00:00,65084.80078125,65084.80078125,65105.55859375,65081.7890625,65105.55859375,31136768
2026-07-27 02:31:00+00:00,65058.12890625,65058.12890625,65081.96875,65058.12890625,65080.26953125,1259520
2026-07-27 02:32:00+00:00,65069.98046875,65069.98046875,65077.87109375,65065.98828125,65077.87109375,0
2026-07-27 02:33:00+00:00,65059.890625,65059.890625,65069.98046875,65055.87890625,65069.98046875,49014784
2026-07-27 02:34:00+00:00,65073.48828125,65073.48828125,65084.0,65070.171875,65070.171875,0
2026-07-27 02:35:00+00:00,65077.98046875,65077.98046875,65080.0,65070.1796875,65079.98828125,14608384
2026-07-27 02:36:00+00:00,65161.48828125,65161.48828125,65165.76953125,65077.98046875,65077.98046875,13446144
2026-07-27 02:37:00+00:00,65175.33984375,65175.33984375,65175.33984375,65163.05859375,65171.98828125,0
2026-07-27 02:38:00+00:00,65171.6015625,65171.6015625,65174.0390625,65166.9296875,65174.0390625,19352576
2026-07-27 02:39:00+00:00,65190.73828125,65190.73828125,65195.0703125,65171.5703125,65174.05078125,0
2026-07-27 02:40:00+00:00,65169.48828125,65169.48828125,65186.98046875,65168.46875,65186.98046875,2725888
2026-07-27 02:41:00+00:00,65192.19140625,65192.19140625,65192.19921875,65171.421875,65171.421875,0
2026-07-27 02:42:00+00:00,65207.3515625,65207.3515625,65207.359375,65193.98828125,65193.98828125,0
2026-07-27 02:43:00+00:00,65212.0,65212.0,65215.19140625,65207.3515625,65207.3515625,20739072
2026-07-27 02:44:00+00:00,65182.640625,65182.640625,65204.890625,65182.640625,65204.890625,4084736
2026-07-27 02:45:00+00:00,65194.46875,65194.46875,65204.0,65182.640625,65182.640625,21429248
2026-07-27 02:46:00+00:00,65203.578125,65203.578125,65203.6796875,65192.01171875,65192.03125,4448256
2026-07-27 02:47:00+00:00,65190.8515625,65190.8515625,65203.578125,65178.01171875,65203.5703125,0
2026-07-27 02:48:00+00:00,65160.01171875,65160.01171875,65185.48828125,65160.0,65185.48828125,67301376
2026-07-27 02:49:00+00:00,65160.0,65160.0,65173.46875,65160.0,65166.05078125,638976
2026-07-27 02:50:00+00:00,65127.48828125,65127.48828125,65159.2109375,65127.48828125,65159.2109375,77821952
2026-07-27 02:51:00+00:00,65124.359375,65124.359375,65131.05859375,65124.359375,65127.48046875,0
2026-07-27 02:52:00+00:00,65086.69140625,65086.69140625,65124.37109375,65086.69140625,65124.37109375,0
2026-07-27 02:53:00+00:00,65091.01953125,65091.01953125,65091.01953125,65070.51171875,65086.69140625,13139968
2026-07-27 02:54:00+00:00,65109.55078125,65109.55078125,65109.55078125,65093.3515625,65093.390625,0
2026-07-27 02:55:00+00:00,65117.0,65117.0,65118.01953125,65109.55078125,65109.55078125,0
2026-07-27 02:56:00+00:00,65112.75,65112.75,65136.55859375,65112.75,65132.1015625,0
2026-07-27 02:57:00+00:00,65122.48828125,65122.48828125,65122.48828125,65105.01953125,65109.01953125,0
2026-07-27 02:58:00+00:00,65121.171875,65121.171875,65128.21875,65116.37890625,65120.87890625,0
2026-07-27 02:59:00+00:00,65115.390625,65115.390625,65122.41015625,65115.37890625,65121.171875,0
2026-07-27 03:00:00+00:00,65158.91015625,65158.91015625,65163.05859375,65113.578125,65115.96875,58617856
2026-07-27 03:01:00+00:00,65189.71875,65189.71875,65189.71875,65158.8984375,65158.8984375,0
2026-07-27 03:02:00+00:00,65196.0703125,65196.0703125,65228.71875,65189.7109375,65190.6796875,0
2026-07-27 03:03:00+00:00,65166.9296875,65166.9296875,65190.51953125,65166.9296875,65190.51953125,26997760
2026-07-27 03:04:00+00:00,65103.828125,65103.828125,65152.48828125,65103.828125,65152.48828125,0
2026-07-27 03:05:00+00:00,65157.48046875,65157.48046875,65157.48046875,65113.828125,65113.828125,5560320
2026-07-27 03:06:00+00:00,65172.5,65172.5,65178.3984375,65157.46875,65157.46875,51609600
2026-07-27 03:07:00+00:00,65166.01171875,65166.01171875,65187.828125,65156.5390625,65168.98828125,0
2026-07-27 03:08:00+00:00,65173.55859375,65173.55859375,65173.6484375,65163.05859375,65170.609375,14071808
2026-07-27 03:09:00+00:00,65143.4296875,65143.4296875,65167.5,65143.4296875,65167.5,97227776
2026-07-27 03:10:00+00:00,65122.359375,65122.359375,65129.5390625,65120.23828125,65129.5390625,4723712
2026-07-27 03:11:00+00:00,65168.98046875,65168.98046875,65168.98046875,65122.3515625,65122.3515625,4901888
2026-07-27 03:12:00+00:00,65178.80078125,65178.80078125,65178.80078125,65168.9609375,65168.98046875,0
2026-07-27 03:13:00+00:00,65191.01953125,65191.01953125,65199.98828125,65175.01171875,65176.0,0
2026-07-27 03:14:00+00:00,65222.890625,65222.890625,65222.890625,65191.2109375,65191.2109375,0
2026-07-27 03:15:00+00:00,65226.0,65226.0,65226.0,65217.69140625,65222.890625,0
2026-07-27 03:16:00+00:00,65233.4296875,65233.4296875,65233.44140625,65226.0,65226.0,0
2026-07-27 03:17:00+00:00,65236.16015625,65236.16015625,65239.05078125,65234.9296875,65234.9296875,0
2026-07-27 03:18:00+00:00,65229.48046875,65229.48046875,65237.46875,65221.12109375,65237.46875,40970240
2026-07-27 03:19:00+00:00,65229.37890625,65229.37890625,65232.5390625,65217.23828125,65229.48046875,33813504
2026-07-27 03:20:00+00:00,65217.98828125,65217.98828125,65226.66015625,65206.51171875,65226.6484375,0
2026-07-27 03:21:00+00:00,65244.30078125,65244.30078125,65244.30078125,65219.26171875,65219.26171875,0
2026-07-27 03:22:00+00:00,65233.359375,65233.359375,65244.30078125,65223.01171875,65244.30078125,0
2026-07-27 03:23:00+00:00,65281.5,65281.5,65283.01953125,65236.1796875,65236.1796875,1911808
2026-07-27 03:24:00+00:00,65254.6484375,65254.6484375,65276.921875,65254.6484375,65276.921875,21168128
2026-07-27 03:25:00+00:00,65282.4609375,65282.4609375,65282.4609375,65254.640625,65254.640625,36091904
2026-07-27 03:26:00+00:00,65271.44140625,65271.44140625,65285.19921875,65271.4296875,65282.44921875,0
2026-07-27 03:27:00+00:00,65267.12109375,65267.12109375,65267.12109375,65265.80078125,65265.80078125,0
2026-07-27 03:28:00+00:00,65273.01953125,65273.01953125,65274.76171875,65270.26171875,65270.26953125,27517952
2026-07-27 03:29:00+00:00,65255.94921875,65255.94921875,65273.03125,65255.94140625,65273.01953125,0
2026-07-27 03:30:00+00:00,65205.62890625,65205.62890625,65254.6484375,65200.12109375,65254.6484375,98856960
2026-07-27 03:31:00+00:00,65216.328125,65216.328125,65216.328125,65197.890625,65205.640625,0
2026-07-27 03:32:00+00:00,65215.3984375,65215.3984375,65226.859375,65215.3984375,65224.58984375,0
2026-07-27 03:33:00+00:00,65212.03125,65212.03125,65215.3984375,65212.01953125,65215.3984375,11877376
2026-07-27 03:34:00+00:00,65224.01171875,65224.01171875,65224.01171875,65209.5,65212.03125,0
2026-07-27 03:35:00+00:00,65233.2109375,65233.2109375,65233.2109375,65219.98046875,65224.25,0
2026-07-27 03:36:00+00:00,65234.6015625,65234.6015625,65240.5390625,65233.1796875,65233.2109375,0
2026-07-27 03:37:00+00:00,65238.0,65238.0,65238.0,65234.58984375,65234.6015625,0
2026-07-27 03:38:00+00:00,65251.75,65251.75,65253.05859375,65237.98828125,65238.0,36151296
2026-07-27 03:39:00+00:00,65224.98828125,65224.98828125,65252.25,65224.98828125,65252.23828125,2079744
2026-07-27 03:40:00+00:00,65239.26171875,65239.26171875,65239.26171875,65224.98828125,65224.98828125,0
2026-07-27 03:41:00+00:00,65271.41015625,65271.41015625,65271.41015625,65237.94921875,65239.26171875,258048
2026-07-27 03:42:00+00:00,65266.890625,65266.890625,65278.828125,65264.01953125,65270.41015625,0
2026-07-27 03:43:00+00:00,65286.23046875,65286.23046875,65296.23046875,65266.8984375,65266.8984375,5982208
2026-07-27 03:44:00+00:00,65293.55859375,65293.55859375,65299.0,65286.23828125,65286.23828125,0
2026-07-27 03:45:00+00:00,65303.578125,65303.578125,65307.19921875,65293.5703125,65293.5703125,0
2026-07-27 03:46:00+00:00,65298.69140625,65298.69140625,65307.1796875,65298.6796875,65307.1796875,1711104
2026-07-27 03:47:00+00:00,65287.48046875,65287.48046875,65300.390625,65284.51953125,65298.69140625,0
2026-07-27 03:48:00+00:00,65264.48046875,65264.48046875,65287.48046875,65264.48046875,65287.46875,0
2026-07-27 03:49:00+00:00,65253.828125,65253.828125,65264.46875,65253.46875,65264.46875,34213888
2026-07-27 03:50:00+00:00,65244.421875,65244.421875,65257.55859375,65244.33984375,65257.55078125,5939200
2026-07-27 03:51:00+00:00,65235.01953125,65235.01953125,65244.44140625,65235.01171875,65244.421875,0
2026-07-27 03:52:00+00:00,65253.46875,65253.46875,65253.5,65235.01171875,65235.01171875,0
2026-07-27 03:53:00+00:00,65254.80859375,65254.80859375,65254.80859375,65248.55078125,65248.55859375,45662208
2026-07-27 03:54:00+00:00,65244.4609375,65244.4609375,65254.80859375,65244.4609375,65254.80859375,0
2026-07-27 03:55:00+00:00,65215.5,65215.5,65246.171875,65211.6015625,65246.171875,0
2026-07-27 03:56:00+00:00,65230.78125,65230.78125,65230.78125,65215.5,65215.5,20812800
2026-07-27 03:57:00+00:00,65221.4296875,65221.4296875,65221.4296875,65211.01171875,65213.21875,0
2026-07-27 03:58:00+00:00,65238.83984375,65238.83984375,65238.83984375,65217.98046875,65221.4296875,2309120
2026-07-27 03:59:00+00:00,65227.73046875,65227.73046875,65238.98046875,65214.30859375,65238.98046875,4268032
2026-07-27 04:00:00+00:00,65227.71875,65227.71875,65227.73046875,65218.91015625,65227.71875,0
2026-07-27 04:01:00+00:00,65227.98828125,65227.98828125,65236.58984375,65221.19921875,65221.19921875,2461696
2026-07-27 04:02:00+00:00,65222.7890625,65222.7890625,65231.98828125,65222.7890625,65226.01171875,0
2026-07-27 04:03:00+00:00,65280.4296875,65280.4296875,65280.4296875,65231.9609375,65231.9609375,0
2026-07-27 04:04:00+00:00,65278.62109375,65278.62109375,65284.8984375,65264.890625,65281.01953125,0
2026-07-27 04:05:00+00:00,65268.0,65268.0,65282.46875,65264.421875,65278.62890625,0
2026-07-27 04:06:00+00:00,65275.46875,65275.46875,65284.9296875,65271.28125,65271.28125,0
2026-07-27 04:07:00+00:00,65310.37109375,65310.37109375,65319.01953125,65283.76171875,65283.76171875,0
2026-07-27 04:08:00+00:00,65293.51171875,65293.51171875,65310.37109375,65293.51171875,65310.37109375,0
2026-07-27 04:09:00+00:00,65228.8515625,65228.8515625,65286.0,65228.8515625,65286.0,0
2026-07-27 04:10:00+00:00,65215.8203125,65215.8203125,65228.859375,65215.8203125,65228.8515625,23601152
2026-07-27 04:11:00+00:00,65191.48828125,65191.48828125,65218.671875,65191.48828125,65209.51171875,12745728
2026-07-27 04:12:00+00:00,65218.01171875,65218.01171875,65222.4609375,65191.5,65191.5,0
2026-07-27 04:13:00+00:00,65239.69921875,65239.69921875,65239.7109375,65218.0,65218.0,81958912
2026-07-27 04:14:00+00:00,65262.25,65262.25,65262.25,65239.69921875,65239.69921875,0
2026-07-27 04:15:00+00:00,65263.6796875,65263.6796875,65271.53125,65259.421875,65262.26171875,22796288
2026-07-27 04:16:00+00:00,65294.890625,65294.890625,65294.890625,65255.94921875,65257.48046875,0
2026-07-27 04:17:00+00:00,65295.69921875,65295.69921875,65295.69921875,65287.01171875,65294.87890625,0
2026-07-27 04:18:00+00:00,65341.0703125,65341.0703125,65341.0703125,65295.69921875,65295.69921875,37170176
2026-07-27 04:19:00+00:00,65323.87109375,65323.87109375,65339.23046875,65318.21875,65339.23046875,1660928
2026-07-27 04:20:00+00:00,65361.03125,65361.03125,65369.51953125,65318.98046875,65318.98046875,8882176
2026-07-27 04:21:00+00:00,65348.828125,65348.828125,65369.28125,65348.8203125,65369.28125,0
2026-07-27 04:22:00+00:00,65392.0,65392.0,65437.25,65348.8203125,65348.8203125,0
2026-07-27 04:23:00+00:00,65397.8203125,65397.8203125,65422.33984375,65397.8203125,65410.73046875,3490816
2026-07-27 04:24:00+00:00,65331.73828125,65331.73828125,65392.921875,65331.73828125,65392.921875,1758208
2026-07-27 04:25:00+00:00,65331.75,65331.75,65338.01171875,65331.73828125,65337.98828125,588800
2026-07-27 04:26:00+00:00,65294.0,65294.0,65331.73828125,65292.0,65331.73828125,0
2026-07-27 04:27:00+00:00,65251.96875,65251.96875,65294.0,65251.96875,65294.0,0
2026-07-27 04:28:00+00:00,65239.48828125,65239.48828125,65253.33984375,65237.62890625,65253.33984375,0
2026-07-27 04:29:00+00:00,65260.578125,65260.578125,65271.41015625,65239.48046875,65239.48046875,3525632
2026-07-27 04:30:00+00:00,65237.26171875,65237.26171875,65268.0,65230.5,65264.0,0
2026-07-27 04:31:00+00:00,65213.37109375,65213.37109375,65244.3203125,65213.37109375,65244.3203125,0
2026-07-27 04:32:00+00:00,65197.890625,65197.890625,65218.171875,65197.890625,65218.16015625,0
2026-07-27 04:33:00+00:00,65246.0,65246.0,65246.0,65191.01953125,65197.8984375,3396608
2026-07-27 04:34:00+00:00,65248.7109375,65248.7109375,65250.01171875,65230.8203125,65233.48828125,33958912
2026-07-27 04:35:00+00:00,65269.5,65269.5,65269.5,65248.7109375,65248.7109375,0
2026-07-27 04:36:00+00:00,65276.12109375,65276.12109375,65278.3203125,65269.01171875,65270.859375,14868480
2026-07-27 04:37:00+00:00,65314.48046875,65314.48046875,65314.48046875,65270.1015625,65270.1015625,0
2026-07-27 04:38:00+00:00,65303.5,65303.5,65330.69921875,65301.0703125,65326.8203125,38294528
2026-07-27 04:39:00+00:00,65301.98828125,65301.98828125,65307.16015625,65296.51953125,65307.16015625,90150912
2026-07-27 04:40:00+00:00,65308.5,65308.5,65308.5,65296.51171875,65301.98046875,0
2026-07-27 04:41:00+00:00,65348.80859375,65348.80859375,65348.8203125,65308.5,65308.5,25325568
2026-07-27 04:42:00+00:00,65344.26171875,65344.26171875,65373.23828125,65344.26171875,65348.8203125,0
2026-07-27 04:43:00+00:00,65318.390625,65318.390625,65339.41015625,65316.44140625,65337.21875,0
2026-07-27 04:44:00+00:00,65335.98828125,65335.98828125,65335.98828125,65311.390625,65316.37890625,0
2026-07-27 04:45:00+00:00,65283.01171875,65283.01171875,65336.0,65283.0,65335.98828125,0
2026-07-27 04:46:00+00:00,65283.03125,65283.03125,65283.03125,65281.51171875,65283.0,2120704
2026-07-27 04:47:00+00:00,65305.640625,65305.640625,65305.640625,65288.8203125,65288.828125,0
2026-07-27 04:48:00+00:00,65286.91015625,65286.91015625,65309.8203125,65286.91015625,65309.8203125,0
2026-07-27 04:49:00+00:00,65301.69140625,65301.69140625,65305.48828125,65285.6015625,65285.6015625,0
2026-07-27 04:50:00+00:00,65287.12109375,65287.12109375,65301.69140625,65287.109375,65301.69140625,70275072
2026-07-27 04:51:00+00:00,65273.828125,65273.828125,65285.58984375,65272.51953125,65285.05859375,0
2026-07-27 04:52:00+00:00,65259.98828125,65259.98828125,65273.98828125,65259.98828125,65273.8203125,0
2026-07-27 04:53:00+00:00,65265.73046875,65265.73046875,65265.73828125,65259.98828125,65259.98828125,0
2026-07-27 04:54:00+00:00,65268.7890625,65268.7890625,65269.73828125,65265.73046875,65265.73046875,0
2026-07-27 04:55:00+00:00,65251.55078125,65251.55078125,65261.609375,65250.01953125,65261.609375,0
2026-07-27 04:56:00+00:00,65257.25,65257.25,65260.0,65248.51171875,65250.37890625,6619136
2026-07-27 04:57:00+00:00,65245.6796875,65245.6796875,65257.26171875,65243.140625,65257.26171875,0
2026-07-27 04:58:00+00:00,65237.6015625,65237.6015625,65254.23828125,65237.6015625,65254.23828125,0
2026-07-27 04:59:00+00:00,65229.53125,65229.53125,65236.6015625,65226.0,65236.6015625,828416
2026-07-27 05:00:00+00:00,65224.98046875,65224.98046875,65234.98828125,65224.98046875,65229.53125,0
2026-07-27 05:01:00+00:00,65246.640625,65246.640625,65253.53125,65224.98828125,65224.98828125,21552128
2026-07-27 05:02:00+00:00,65254.23046875,65254.23046875,65260.48046875,65249.58984375,65253.30078125,0
2026-07-27 05:03:00+00:00,65260.8515625,65260.8515625,65260.8515625,65231.640625,65254.2109375,0
2026-07-27 05:04:00+00:00,65230.76953125,65230.76953125,65260.83984375,65230.76953125,65260.83984375,0
2026-07-27 05:05:00+00:00,65252.0703125,65252.0703125,65258.171875,65230.76171875,65230.76171875,0
2026-07-27 05:06:00+00:00,65250.30078125,65250.30078125,65259.80078125,65248.3515625,65252.05859375,17378304
2026-07-27 05:07:00+00:00,65249.0703125,65249.0703125,65250.30078125,65245.109375,65250.2890625,0
2026-07-27 05:08:00+00:00,65240.4609375,65240.4609375,65269.48828125,65240.4609375,65249.0703125,0
2026-07-27 05:09:00+00:00,65265.71875,65265.71875,65265.71875,65237.76171875,65237.76171875,0
2026-07-27 05:10:00+00:00,65292.5,65292.5,65306.0,65267.55078125,65267.55078125,0
2026-07-27 05:11:00+00:00,65304.28125,65304.28125,65306.28125,65290.48828125,65290.48828125,5118976
2026-07-27 05:12:00+00:00,65314.0,65314.0,65314.0,65291.96875,65304.01171875,0
2026-07-27 05:13:00+00:00,65332.98828125,65332.98828125,65333.0,65314.05859375,65316.91015625,89969664
2026-07-27 05:14:00+00:00,65311.0390625,65311.0390625,65332.98828125,65311.0390625,65332.98828125,1958912
2026-07-27 05:15:00+00:00,65294.44921875,65294.44921875,65303.48046875,65278.53125,65303.48046875,0
2026-07-27 05:16:00+00:00,65300.7890625,65300.7890625,65301.0,65294.44921875,65294.4609375,6123520
2026-07-27 05:17:00+00:00,65323.23828125,65323.23828125,65324.98828125,65294.0,65303.55078125,0
2026-07-27 05:18:00+00:00,65324.9296875,65324.9296875,65333.98828125,65317.359375,65323.23046875,76006400
2026-07-27 05:19:00+00:00,65316.890625,65316.890625,65324.94140625,65313.98828125,65324.94140625,0
2026-07-27 05:20:00+00:00,65354.98828125,65354.98828125,65354.98828125,65324.3984375,65324.3984375,296960
2026-07-27 05:21:00+00:00,65368.828125,65368.828125,65368.83984375,65344.94921875,65352.6796875,47779840
2026-07-27 05:22:00+00:00,65362.98828125,65362.98828125,65373.25,65362.98828125,65372.01171875,0
2026-07-27 05:23:00+00:00,65352.69140625,65352.69140625,65372.98046875,65352.69140625,65361.66015625,4451328
2026-07-27 05:24:00+00:00,65349.12109375,65349.12109375,65352.01953125,65340.0,65346.6015625,19132416
2026-07-27 05:25:00+00:00,65333.078125,65333.078125,65350.171875,65331.51171875,65347.12890625,0
2026-07-27 05:26:00+00:00,65337.1484375,65337.1484375,65340.0,65334.390625,65334.390625,40610816
2026-07-27 05:27:00+00:00,65344.5390625,65344.5390625,65348.0,65335.62890625,65335.62890625,0
2026-07-27 05:28:00+00:00,65355.75,65355.75,65355.76171875,65349.98828125,65350.0,2194432
2026-07-27 05:29:00+00:00,65355.69140625,65355.69140625,65356.859375,65348.828125,65355.75,0
2026-07-27 05:30:00+00:00,65343.62890625,65343.62890625,65364.98828125,65334.66015625,65362.5,0
2026-07-27 05:31:00+00:00,65357.8515625,65357.8515625,65357.8515625,65343.62109375,65343.62109375,910336
2026-07-27 05:32:00+00:00,65360.66015625,65360.66015625,65360.66015625,65342.30078125,65351.3203125,0
2026-07-27 05:33:00+00:00,65344.94921875,65344.94921875,65366.76171875,65344.94921875,65360.66015625,66524160
2026-07-27 05:34:00+00:00,65342.98046875,65342.98046875,65342.98046875,65331.01171875,65341.48046875,0
2026-07-27 05:35:00+00:00,65333.5,65333.5,65347.140625,65333.5,65344.08984375,0
2026-07-27 05:36:00+00:00,65333.3515625,65333.3515625,65344.73046875,65333.3515625,65333.51171875,0
2026-07-27 05:37:00+00:00,65314.0,65314.0,65329.51953125,65311.76171875,65329.51953125,0
2026-07-27 05:38:00+00:00,65341.48046875,65341.48046875,65341.48046875,65316.671875,65316.671875,0
2026-07-27 05:39:00+00:00,65327.0390625,65327.0390625,65343.0,65326.578125,65334.6015625,2055168
2026-07-27 05:40:00+00:00,65330.98828125,65330.98828125,65330.98828125,65307.01171875,65327.0390625,0
2026-07-27 05:41:00+00:00,65321.80859375,65321.80859375,65338.01171875,65321.80859375,65331.1015625,7530496
2026-07-27 05:42:00+00:00,65325.6015625,65325.6015625,65337.76953125,65325.6015625,65330.62890625,0
2026-07-27 05:43:00+00:00,65343.28125,65343.28125,65343.2890625,65325.6015625,65325.609375,0
2026-07-27 05:44:00+00:00,65317.828125,65317.828125,65343.2890625,65317.828125,65343.2890625,17737728
2026-07-27 05:45:00+00:00,65309.25,65309.25,65334.0,65309.25,65325.26953125,14536704
2026-07-27 05:46:00+00:00,65301.55859375,65301.55859375,65306.98046875,65298.0,65298.0,1063936
2026-07-27 05:47:00+00:00,65291.328125,65291.328125,65298.51953125,65291.08984375,65298.51953125,0
2026-07-27 05:48:00+00:00,65301.98828125,65301.98828125,65301.98828125,65291.328125,65291.33984375,16440320
2026-07-27 05:49:00+00:00,65310.0,65310.0,65310.0,65291.4296875,65301.98828125,1620992
2026-07-27 05:50:00+00:00,65295.98046875,65295.98046875,65311.98828125,65295.98046875,65311.30859375,40704000
2026-07-27 05:51:00+00:00,65320.8515625,65320.8515625,65320.8515625,65302.51171875,65302.51953125,0
2026-07-27 05:52:00+00:00,65322.0703125,65322.0703125,65325.0,65320.76171875,65325.0,0
2026-07-27 05:53:00+00:00,65320.94921875,65320.94921875,65322.0703125,65315.44921875,65322.0703125,0
2026-07-27 05:54:00+00:00,65336.19921875,65336.19921875,65339.98828125,65324.890625,65325.0,0
2026-07-27 05:55:00+00:00,65346.26171875,65346.26171875,65346.26171875,65330.66015625,65336.19921875,1061888
2026-07-27 05:56:00+00:00,65346.26171875,65346.26171875,65346.26953125,65346.26171875,65346.26953125,39492608
2026-07-27 05:57:00+00:00,65399.12890625,65399.12890625,65399.12890625,65345.390625,65345.390625,0
2026-07-27 05:58:00+00:00,65412.390625,65412.390625,65430.0,65402.7109375,65402.7109375,0
2026-07-27 05:59:00+00:00,65403.98828125,65403.98828125,65416.609375,65403.0,65412.390625,0
2026-07-27 06:00:00+00:00,65403.98828125,65403.98828125,65407.671875,65400.0,65407.671875,70565888
2026-07-27 06:01:00+00:00,65405.98828125,65405.98828125,65418.48046875,65399.12890625,65414.6015625,0
2026-07-27 06:02:00+00:00,65435.25,65435.25,65437.30078125,65410.48828125,65410.48828125,0
2026-07-27 06:03:00+00:00,65467.51953125,65467.51953125,65467.51953125,65431.51171875,65431.51171875,4952064
2026-07-27 06:04:00+00:00,65474.98828125,65474.98828125,65479.5390625,65465.87890625,65467.51953125,0
2026-07-27 06:05:00+00:00,65440.53125,65440.53125,65472.01953125,65433.96875,65470.4296875,13559808
2026-07-27 06:06:00+00:00,65629.671875,65629.671875,65650.671875,65452.44921875,65452.44921875,0
2026-07-27 06:07:00+00:00,65558.1796875,65558.1796875,65625.0078125,65551.28125,65625.0078125,9034752
2026-07-27 06:08:00+00:00,65464.921875,65464.921875,65558.3515625,65464.921875,65558.3515625,0
2026-07-27 06:09:00+00:00,65506.359375,65506.359375,65506.44140625,65447.98828125,65464.921875,0
2026-07-27 06:10:00+00:00,65557.7890625,65557.7890625,65557.7890625,65511.3515625,65511.3515625,10796032
2026-07-27 06:11:00+00:00,65560.2109375,65560.2109375,65560.21875,65543.359375,65543.359375,0
2026-07-27 06:12:00+00:00,65584.8828125,65584.8828125,65597.5625,65566.78125,65566.78125,0
2026-07-27 06:13:00+00:00,65554.6015625,65554.6015625,65570.1171875,65530.8203125,65570.1171875,168848384
2026-07-27 06:14:00+00:00,65544.203125,65544.203125,65546.1796875,65532.6484375,65532.6484375,223245312
2026-07-27 06:15:00+00:00,65573.6484375,65573.6484375,65577.921875,65544.203125,65544.203125,0
2026-07-27 06:16:00+00:00,65577.921875,65577.921875,65577.921875,65561.65625,65572.0,8540160
2026-07-27 06:17:00+00:00,65562.0078125,65562.0078125,65582.9765625,65559.0078125,65582.9765625,0
2026-07-27 06:18:00+00:00,65513.16015625,65513.16015625,65547.0078125,65506.0,65547.0078125,101726208
2026-07-27 06:19:00+00:00,65522.80078125,65522.80078125,65522.80078125,65511.62890625,65520.01953125,0
2026-07-27 06:20:00+00:00,65488.140625,65488.140625,65523.7890625,65472.66015625,65517.76171875,81087488
2026-07-27 06:21:00+00:00,65472.671875,65472.671875,65484.26953125,65472.66015625,65480.3984375,0
2026-07-27 06:22:00+00:00,65465.58984375,65465.58984375,65472.66015625,65449.44140625,65472.66015625,0
2026-07-27 06:23:00+00:00,65480.3984375,65480.3984375,65483.26171875,65472.98828125,65472.98828125,0
2026-07-27 06:24:00+00:00,65487.44140625,65487.44140625,65487.44140625,65472.66015625,65480.41015625,23902208
2026-07-27 06:25:00+00:00,65470.48046875,65470.48046875,65473.51171875,65460.6796875,65473.51171875,14776320
2026-07-27 06:26:00+00:00,65467.80078125,65467.80078125,65473.30859375,65466.8203125,65473.30078125,5272576
2026-07-27 06:27:00+00:00,65422.48828125,65422.48828125,65456.21875,65422.48828125,65456.21875,0
2026-07-27 06:28:00+00:00,65429.37109375,65429.37109375,65429.37109375,65406.87109375,65427.6015625,14821376
2026-07-27 06:29:00+00:00,65436.55078125,65436.55078125,65441.359375,65409.48046875,65428.1015625,745472
2026-07-27 06:30:00+00:00,65421.46875,65421.46875,65433.58984375,65418.48828125,65432.1484375,0
2026-07-27 06:31:00+00:00,65446.01953125,65446.01953125,65450.19140625,65425.75,65425.75,2545664
2026-07-27 06:32:00+00:00,65462.30078125,65462.30078125,65462.30078125,65446.55859375,65446.6015625,0
2026-07-27 06:33:00+00:00,65487.80078125,65487.80078125,65487.80078125,65456.73046875,65466.1484375,91692032
2026-07-27 06:34:00+00:00,65488.05078125,65488.05078125,65493.37890625,65476.0,65493.37890625,5298176
2026-07-27 06:35:00+00:00,65485.6484375,65485.6484375,65495.98828125,65485.640625,65495.98046875,16783360
2026-07-27 06:36:00+00:00,65491.48046875,65491.48046875,65491.48046875,65464.921875,65476.5390625,0
2026-07-27 06:37:00+00:00,65511.3515625,65511.3515625,65523.9296875,65501.96875,65523.9296875,0
2026-07-27 06:38:00+00:00,65462.71875,65462.71875,65504.921875,65460.6796875,65504.921875,45879296
2026-07-27 06:39:00+00:00,65455.578125,65455.578125,65462.73046875,65454.01171875,65462.73046875,0
2026-07-27 06:40:00+00:00,65445.5703125,65445.5703125,65455.98828125,65434.48828125,65452.0,0
2026-07-27 06:41:00+00:00,65449.48828125,65449.48828125,65449.48828125,65435.7890625,65445.23046875,16976896
2026-07-27 06:42:00+00:00,65463.5390625,65463.5390625,65466.5390625,65445.48828125,65449.5,0
2026-07-27 06:43:00+00:00,65484.9296875,65484.9296875,65484.9296875,65462.16015625,65462.16015625,31774720
2026-07-27 06:44:00+00:00,65471.76953125,65471.76953125,65489.16015625,65469.01171875,65486.75,5629952
2026-07-27 06:45:00+00:00,65439.01953125,65439.01953125,65470.328125,65439.01953125,65470.30859375,0
2026-07-27 06:46:00+00:00,65438.98046875,65438.98046875,65438.98046875,65434.12109375,65438.359375,3290112
2026-07-27 06:47:00+00:00,65450.98046875,65450.98046875,65478.0390625,65448.03125,65448.26171875,0
2026-07-27 06:48:00+00:00,65390.26953125,65390.26953125,65448.01171875,65390.26953125,65448.01171875,29674496
2026-07-27 06:49:00+00:00,65395.26171875,65395.26171875,65418.48046875,65392.98046875,65392.98046875,4827136
2026-07-27 06:50:00+00:00,65364.98828125,65364.98828125,65395.26171875,65355.53125,65395.26171875,21585920
2026-07-27 06:51:00+00:00,65362.69140625,65362.69140625,65372.03125,65355.5390625,65365.0,0
2026-07-27 06:52:00+00:00,65380.19921875,65380.19921875,65395.26171875,65363.9609375,65363.9609375,0
2026-07-27 06:53:00+00:00,65383.828125,65383.828125,65383.83984375,65383.078125,65383.078125,0
2026-07-27 06:54:00+00:00,65368.9609375,65368.9609375,65383.828125,65364.30078125,65383.828125,0
2026-07-27 06:55:00+00:00,65360.4609375,65360.4609375,65367.25,65356.55859375,65367.25,7430144
2026-07-27 06:56:00+00:00,65381.73828125,65381.73828125,65389.16015625,65375.91015625,65375.91015625,0
2026-07-27 06:57:00+00:00,65391.98828125,65391.98828125,65392.0,65380.109375,65381.6796875,100402176
2026-07-27 06:58:00+00:00,65378.30078125,65378.30078125,65392.69921875,65377.19140625,65392.69921875,0
2026-07-27 06:59:00+00:00,65357.98828125,65357.98828125,65375.98046875,65357.98828125,65368.1796875,5000192
2026-07-27 07:00:00+00:00,65341.078125,65341.078125,65348.98828125,65317.859375,65348.98828125,42992640
2026-07-27 07:01:00+00:00,65364.30078125,65364.30078125,65374.0390625,65348.8203125,65348.8203125,2228224
2026-07-27 07:02:00+00:00,65357.1484375,65357.1484375,65373.890625,65341.0703125,65364.30078125,0
2026-07-27 07:03:00+00:00,65364.0,65364.0,65364.0,65356.55859375,65357.16015625,37444608
2026-07-27 07:04:00+00:00,65364.51953125,65364.51953125,65369.640625,65360.12890625,65364.0,1376256
2026-07-27 07:05:00+00:00,65387.98828125,65387.98828125,65387.98828125,65352.69140625,65357.5,0
2026-07-27 07:06:00+00:00,65349.73828125,65349.73828125,65378.640625,65342.01171875,65376.609375,0
2026-07-27 07:07:00+00:00,65334.76953125,65334.76953125,65342.01171875,65334.44921875,65342.01171875,0
2026-07-27 07:08:00+00:00,65300.671875,65300.671875,65328.23046875,65291.98046875,65328.23046875,72310784
2026-07-27 07:09:00+00:00,65366.76171875,65366.76171875,65366.76953125,65300.671875,65300.671875,9431040
2026-07-27 07:10:00+00:00,65337.19921875,65337.19921875,65360.33984375,65326.69921875,65360.33984375,3528704
2026-07-27 07:11:00+00:00,65343.98828125,65343.98828125,65343.98828125,65325.6015625,65327.25,0
2026-07-27 07:12:00+00:00,65352.69140625,65352.69140625,65355.390625,65343.98828125,65343.98828125,0
2026-07-27 07:13:00+00:00,65362.01953125,65362.01953125,65362.01953125,65345.98828125,65352.6796875,43804672
2026-07-27 07:14:00+00:00,65364.96875,65364.96875,65371.0,65360.44140625,65369.21875,114305024
2026-07-27 07:15:00+00:00,65349.328125,65349.328125,65365.87890625,65334.98046875,65365.87890625,0
2026-07-27 07:16:00+00:00,65347.5,65347.5,65374.48046875,65347.5,65349.3203125,10883072
2026-07-27 07:17:00+00:00,65354.71875,65354.71875,65360.421875,65344.94921875,65347.48828125,0
2026-07-27 07:18:00+00:00,65364.26171875,65364.26171875,65369.96875,65350.48828125,65350.48828125,51308544
2026-07-27 07:19:00+00:00,65371.98828125,65371.98828125,65375.0,65358.0,65362.30078125,2428928
2026-07-27 07:20:00+00:00,65368.48828125,65368.48828125,65379.76953125,65368.48828125,65373.98046875,15712256
2026-07-27 07:21:00+00:00,65367.98828125,65367.98828125,65368.5,65364.30078125,65368.5,0
2026-07-27 07:22:00+00:00,65376.30078125,65376.30078125,65383.30859375,65375.30859375,65375.30859375,0
2026-07-27 07:23:00+00:00,65383.7109375,65383.7109375,65383.7109375,65376.2890625,65376.2890625,0
2026-07-27 07:24:00+00:00,65376.30078125,65376.30078125,65383.71875,65376.30078125,65383.71875,0
2026-07-27 07:25:00+00:00,65364.71875,65364.71875,65379.30078125,65357.94140625,65379.2890625,978944
2026-07-27 07:26:00+00:00,65364.73046875,65364.73046875,65383.9609375,65364.73046875,65367.30078125,1615872
2026-07-27 07:27:00+00:00,65350.9609375,65350.9609375,65363.41015625,65350.0,65363.41015625,0
2026-07-27 07:28:00+00:00,65365.98828125,65365.98828125,65366.0,65359.55859375,65359.55859375,0
2026-07-27 07:29:00+00:00,65348.25,65348.25,65365.98828125,65348.25,65365.98828125,56684544
2026-07-27 07:30:00+00:00,65302.390625,65302.390625,65344.26953125,65302.37890625,65344.26953125,42711040
2026-07-27 07:31:00+00:00,65240.46875,65240.46875,65269.98828125,65236.58984375,65269.98828125,0
2026-07-27 07:32:00+00:00,65267.890625,65267.890625,65267.890625,65242.0,65242.0,0
2026-07-27 07:33:00+00:00,65264.109375,65264.109375,65264.109375,65258.55078125,65262.71875,56403968
2026-07-27 07:34:00+00:00,65269.75,65269.75,65271.421875,65260.1484375,65269.5,9646080
2026-07-27 07:35:00+00:00,65294.328125,65294.328125,65295.5703125,65272.46875,65272.46875,0
2026-07-27 07:36:00+00:00,65255.94140625,65255.94140625,65294.328125,65255.94140625,65294.328125,956416
2026-07-27 07:37:00+00:00,65229.98828125,65229.98828125,65261.98828125,65228.62109375,65255.94140625,0
2026-07-27 07:38:00+00:00,65209.1484375,65209.1484375,65235.421875,65208.19921875,65235.421875,70350848
2026-07-27 07:39:00+00:00,65186.28125,65186.28125,65214.0,65186.28125,65209.1484375,0
2026-07-27 07:40:00+00:00,65193.5,65193.5,65193.5,65157.640625,65181.46875,2496512
2026-07-27 07:41:00+00:00,65197.98828125,65197.98828125,65197.98828125,65182.41015625,65196.26171875,21319680
2026-07-27 07:42:00+00:00,65186.2890625,65186.2890625,65209.01953125,65186.2890625,65200.19140625,0
2026-07-27 07:43:00+00:00,65212.69140625,65212.69140625,65215.51171875,65193.359375,65193.359375,13080576
2026-07-27 07:44:00+00:00,65227.03125,65227.03125,65227.03125,65212.69921875,65212.69921875,0
2026-07-27 07:45:00+00:00,65245.01171875,65245.01171875,65245.01171875,65227.03125,65227.03125,0
2026-07-27 07:46:00+00:00,65247.0,65247.0,65247.0,65232.109375,65235.80078125,48932864
2026-07-27 07:47:00+00:00,65266.73046875,65266.73046875,65270.5390625,65246.98828125,65246.98828125,0
2026-07-27 07:48:00+00:00,65242.5,65242.5,65259.8203125,65242.5,65259.80859375,108193792
2026-07-27 07:49:00+00:00,65244.3203125,65244.3203125,65244.3203125,65232.71875,65237.98828125,0
2026-07-27 07:50:00+00:00,65228.859375,65228.859375,65249.21875,65228.859375,65249.21875,0
2026-07-27 07:51:00+00:00,65230.83984375,65230.83984375,65239.4609375,65230.83984375,65239.4609375,2959360
2026-07-27 07:52:00+00:00,65221.6015625,65221.6015625,65230.83984375,65221.1015625,65230.83984375,0
2026-07-27 07:53:00+00:00,65222.96875,65222.96875,65236.359375,65221.58984375,65221.6015625,894976
2026-07-27 07:54:00+00:00,65249.94921875,65249.94921875,65252.0,65212.25,65222.96875,40849408
2026-07-27 07:55:00+00:00,65234.08984375,65234.08984375,65257.76953125,65234.08984375,65257.76953125,0
2026-07-27 07:56:00+00:00,65212.0703125,65212.0703125,65225.98828125,65212.05859375,65225.98828125,27107328
2026-07-27 07:57:00+00:00,65205.0,65205.0,65220.48828125,65205.0,65211.73046875,19779584
2026-07-27 07:58:00+00:00,65188.109375,65188.109375,65207.23046875,65188.109375,65207.21875,0
2026-07-27 07:59:00+00:00,65165.1015625,65165.1015625,65189.41015625,65165.1015625,65189.3984375,196296704
2026-07-27 08:00:00+00:00,65176.6484375,65176.6484375,65195.1796875,65175.48828125,65175.48828125,2885632
2026-07-27 08:01:00+00:00,65156.9609375,65156.9609375,65179.98828125,65147.5,65179.98828125,4044800
2026-07-27 08:02:00+00:00,65160.05859375,65160.05859375,65162.83984375,65148.08984375,65155.46875,17557504
2026-07-27 08:03:00+00:00,65141.76171875,65141.76171875,65160.05859375,65133.80078125,65160.05859375,0
2026-07-27 08:04:00+00:00,65165.9609375,65165.9609375,65165.98828125,65137.94921875,65152.73828125,325632
2026-07-27 08:05:00+00:00,65148.01953125,65148.01953125,65161.7890625,65148.01171875,65161.7890625,64763904
2026-07-27 08:06:00+00:00,65170.3984375,65170.3984375,65170.3984375,65149.98828125,65156.76171875,3774464
2026-07-27 08:07:00+00:00,65177.171875,65177.171875,65188.69921875,65170.390625,65170.3984375,3393536
2026-07-27 08:08:00+00:00,65187.0703125,65187.0703125,65188.44921875,65172.80859375,65177.16015625,0
2026-07-27 08:09:00+00:00,65143.30078125,65143.30078125,65186.5,65138.7109375,65186.5,66971648
2026-07-27 08:10:00+00:00,65121.2109375,65121.2109375,65136.109375,65110.25,65136.109375,1333248
2026-07-27 08:11:00+00:00,65106.62890625,65106.62890625,65116.640625,65106.62890625,65116.62890625,20553728
2026-07-27 08:12:00+00:00,65134.26171875,65134.26171875,65134.26171875,65106.640625,65106.640625,2170880
2026-07-27 08:13:00+00:00,65140.12890625,65140.12890625,65140.12890625,65138.26171875,65139.62109375,0
2026-07-27 08:14:00+00:00,65128.640625,65128.640625,65148.69921875,65128.640625,65140.12890625,26157056
2026-07-27 08:15:00+00:00,65118.328125,65118.328125,65139.609375,65118.328125,65133.19921875,5242880
2026-07-27 08:16:00+00:00,65137.98828125,65137.98828125,65137.98828125,65089.87890625,65118.3203125,593920
2026-07-27 08:17:00+00:00,65182.48046875,65182.48046875,65182.48046875,65135.69921875,65139.55859375,2631680
2026-07-27 08:18:00+00:00,65201.0703125,65201.0703125,65201.0703125,65184.30859375,65184.30859375,0
2026-07-27 08:19:00+00:00,65185.7890625,65185.7890625,65198.78125,65185.7890625,65198.78125,0
2026-07-27 08:20:00+00:00,65164.98046875,65164.98046875,65181.19921875,65163.03125,65180.16015625,0
2026-07-27 08:21:00+00:00,65152.8515625,65152.8515625,65167.98828125,65147.05078125,65164.98828125,11364352
2026-07-27 08:22:00+00:00,65149.44140625,65149.44140625,65161.5390625,65137.51953125,65149.33984375,1681408
2026-07-27 08:23:00+00:00,65177.98046875,65177.98046875,65177.98046875,65149.44140625,65149.44140625,0
2026-07-27 08:24:00+00:00,65159.5703125,65159.5703125,65180.1484375,65159.5703125,65180.1484375,6035456
2026-07-27 08:25:00+00:00,65192.44140625,65192.44140625,65192.62109375,65159.51171875,65159.51171875,5425152
2026-07-27 08:26:00+00:00,65191.48828125,65191.48828125,65192.44921875,65188.7890625,65192.44921875,37687296
2026-07-27 08:27:00+00:00,65153.83984375,65153.83984375,65197.48828125,65153.83984375,65191.5,3194880
2026-07-27 08:28:00+00:00,65156.41015625,65156.41015625,65163.76171875,65149.51171875,65149.51171875,0
2026-07-27 08:29:00+00:00,65179.51171875,65179.51171875,65179.51171875,65174.2109375,65174.21875,157378560
2026-07-27 08:30:00+00:00,65158.53125,65158.53125,65179.51171875,65158.53125,65179.51171875,6506496
2026-07-27 08:31:00+00:00,65172.80078125,65172.80078125,65172.80078125,65149.55859375,65161.76953125,0
2026-07-27 08:32:00+00:00,65166.19921875,65166.19921875,65178.0390625,65163.51171875,65178.0390625,65777664
2026-07-27 08:33:00+00:00,65130.37890625,65130.37890625,65161.76171875,65130.37890625,65161.76171875,0
2026-07-27 08:34:00+00:00,65115.01171875,65115.01171875,65125.5,65101.7890625,65125.5,0
2026-07-27 08:35:00+00:00,65119.328125,65119.328125,65119.33984375,65110.390625,65110.5,100974592
2026-07-27 08:36:00+00:00,65142.03125,65142.03125,65150.7109375,65119.16015625,65119.171875,0
2026-07-27 08:37:00+00:00,65120.25,65120.25,65136.0,65120.23828125,65132.1484375,47626240
2026-07-27 08:38:00+00:00,65113.7890625,65113.7890625,65120.23828125,65104.0,65120.23828125,0
2026-07-27 08:39:00+00:00,65104.30859375,65104.30859375,65112.25,65104.30859375,65112.25,45070336
2026-07-27 08:40:00+00:00,65105.1796875,65105.1796875,65109.3984375,65104.28125,65104.30078125,0
2026-07-27 08:41:00+00:00,65101.62890625,65101.62890625,65107.0390625,65101.62890625,65104.2890625,0
2026-07-27 08:42:00+00:00,65100.51171875,65100.51171875,65123.98046875,65100.51171875,65101.62890625,0
2026-07-27 08:43:00+00:00,65106.16015625,65106.16015625,65117.6015625,65106.16015625,65111.828125,0
2026-07-27 08:44:00+00:00,65102.9609375,65102.9609375,65110.7890625,65102.9609375,65105.98046875,100685824
2026-07-27 08:45:00+00:00,65110.87890625,65110.87890625,65115.2109375,65102.96875,65102.96875,0
2026-07-27 08:46:00+00:00,65150.80078125,65150.80078125,65150.80078125,65110.87109375,65110.87109375,368640
2026-07-27 08:47:00+00:00,65124.01171875,65124.01171875,65150.80859375,65121.2890625,65150.80859375,27498496
2026-07-27 08:48:00+00:00,65142.96875,65142.96875,65143.51171875,65122.44921875,65122.44921875,0
2026-07-27 08:49:00+00:00,65143.51171875,65143.51171875,65149.30859375,65142.05859375,65149.30859375,258048
2026-07-27 08:50:00+00:00,65113.53125,65113.53125,65143.51171875,65107.51171875,65143.51171875,34158592
2026-07-27 08:51:00+00:00,65106.8515625,65106.8515625,65114.109375,65099.2109375,65113.859375,0
2026-07-27 08:52:00+00:00,65068.48046875,65068.48046875,65090.03125,65066.44140625,65089.01953125,2103296
2026-07-27 08:53:00+00:00,65091.828125,65091.828125,65091.83984375,65084.078125,65084.46875,0
2026-07-27 08:54:00+00:00,65113.91015625,65113.91015625,65113.91015625,65088.08984375,65088.1015625,0
2026-07-27 08:55:00+00:00,65129.7890625,65129.7890625,65129.7890625,65115.5,65115.5,1210368
2026-07-27 08:56:00+00:00,65122.0703125,65122.0703125,65135.98046875,65120.8515625,65129.78125,44630016
2026-07-27 08:57:00+00:00,65133.98046875,65133.98046875,65133.98046875,65122.03125,65122.0703125,2400256
2026-07-27 08:58:00+00:00,65117.62109375,65117.62109375,65135.98828125,65117.6015625,65133.98046875,0
2026-07-27 08:59:00+00:00,65104.5,65104.5,65117.62109375,65104.48828125,65117.62109375,0
2026-07-27 09:00:00+00:00,65037.66015625,65037.66015625,65088.16015625,65037.66015625,65088.16015625,66942976
2026-07-27 09:01:00+00:00,65042.16015625,65042.16015625,65058.1015625,65039.69921875,65047.6796875,595968
2026-07-27 09:02:00+00:00,65055.03125,65055.03125,65055.0390625,65050.37109375,65050.37109375,0
2026-07-27 09:03:00+00:00,65054.3203125,65054.3203125,65062.12890625,65044.01171875,65062.12890625,0
2026-07-27 09:04:00+00:00,65077.109375,65077.109375,65077.109375,65055.62109375,65055.62109375,9271296
2026-07-27 09:05:00+00:00,65042.16015625,65042.16015625,65077.12109375,65042.16015625,65077.109375,0
2026-07-27 09:06:00+00:00,65066.01171875,65066.01171875,65066.01171875,65038.33984375,65038.33984375,3497984
2026-07-27 09:07:00+00:00,65080.0,65080.0,65080.0,65074.5,65074.5,0
2026-07-27 09:08:00+00:00,65055.9609375,65055.9609375,65074.51171875,65050.0,65074.51171875,0
2026-07-27 09:09:00+00:00,65053.609375,65053.609375,65064.7109375,65052.109375,65059.98828125,64710656
2026-07-27 09:10:00+00:00,65089.5,65089.5,65089.5,65058.69140625,65058.69140625,2086912
2026-07-27 09:11:00+00:00,65085.12890625,65085.12890625,65094.390625,65085.12890625,65094.37890625,41410560
2026-07-27 09:12:00+00:00,65086.0,65086.0,65086.05078125,65085.5390625,65085.5390625,757760
2026-07-27 09:13:00+00:00,65091.98828125,65091.98828125,65095.87890625,65086.0,65086.0,0
2026-07-27 09:14:00+00:00,65061.0,65061.0,65090.98828125,65060.98828125,65090.98828125,140257280
2026-07-27 09:15:00+00:00,65059.62890625,65059.62890625,65060.98828125,65059.62890625,65060.98828125,2854912
2026-07-27 09:16:00+00:00,65064.0,65064.0,65064.0,65057.23828125,65059.640625,1902592
2026-07-27 09:17:00+00:00,65079.30078125,65079.30078125,65079.30078125,65062.921875,65068.51171875,31666176
2026-07-27 09:18:00+00:00,65067.890625,65067.890625,65079.30859375,65067.87890625,65079.30859375,0
2026-07-27 09:19:00+00:00,65073.44921875,65073.44921875,65081.98046875,65069.69140625,65069.69140625,4796416
2026-07-27 09:20:00+00:00,65084.0,65084.0,65084.0,65079.2890625,65079.2890625,45488128
2026-07-27 09:21:00+00:00,65129.16015625,65129.16015625,65129.16015625,65088.1484375,65088.1484375,974848
2026-07-27 09:22:00+00:00,65116.2890625,65116.2890625,65140.5703125,65116.2890625,65133.21875,0
2026-07-27 09:23:00+00:00,65137.62109375,65137.62109375,65137.62109375,65116.28125,65116.28125,0
2026-07-27 09:24:00+00:00,65154.3984375,65154.3984375,65154.3984375,65137.62890625,65137.62890625,67188736
2026-07-27 09:25:00+00:00,65158.078125,65158.078125,65170.8984375,65155.48828125,65155.48828125,2406400
2026-07-27 09:26:00+00:00,65158.05078125,65158.05078125,65169.12109375,65158.05078125,65158.08984375,51574784
2026-07-27 09:27:00+00:00,65166.1484375,65166.1484375,65166.1484375,65158.05078125,65158.05078125,4247552
2026-07-27 09:28:00+00:00,65160.71875,65160.71875,65166.03125,65160.71875,65166.03125,0
2026-07-27 09:29:00+00:00,65163.94140625,65163.94140625,65163.94140625,65158.2109375,65158.2109375,56035328
2026-07-27 09:30:00+00:00,65154.3984375,65154.3984375,65163.9296875,65145.859375,65163.9296875,3020800
2026-07-27 09:31:00+00:00,65168.94921875,65168.94921875,65170.30078125,65148.0,65154.390625,126976
2026-07-27 09:32:00+00:00,65171.44921875,65171.44921875,65172.7890625,65167.55859375,65168.94140625,0
2026-07-27 09:33:00+00:00,65201.578125,65201.578125,65208.171875,65177.6015625,65177.6015625,0
2026-07-27 09:34:00+00:00,65208.1796875,65208.1796875,65208.1796875,65194.96875,65205.890625,47114240
2026-07-27 09:35:00+00:00,65253.75,65253.75,65253.75,65208.0,65208.19921875,52074496
2026-07-27 09:36:00+00:00,65250.6015625,65250.6015625,65250.6796875,65231.6796875,65250.6796875,0
2026-07-27 09:37:00+00:00,65268.48046875,65268.48046875,65268.48046875,65250.6015625,65250.6015625,9179136
2026-07-27 09:38:00+00:00,65264.03125,65264.03125,65282.75,65262.390625,65277.80078125,0
2026-07-27 09:39:00+00:00,65268.12890625,65268.12890625,65268.12890625,65243.75,65243.75,48846848
2026-07-27 09:40:00+00:00,65256.23046875,65256.23046875,65276.16015625,65256.23046875,65268.12890625,8132608
2026-07-27 09:41:00+00:00,65239.51953125,65239.51953125,65254.51171875,65239.51953125,65252.359375,59158528
2026-07-27 09:42:00+00:00,65238.01953125,65238.01953125,65246.6796875,65238.01953125,65239.51953125,729088
2026-07-27 09:43:00+00:00,65235.62890625,65235.62890625,65240.5,65232.37109375,65240.48828125,0
2026-07-27 09:44:00+00:00,65243.98828125,65243.98828125,65243.98828125,65234.640625,65235.62890625,0
2026-07-27 09:45:00+00:00,65222.640625,65222.640625,65232.37109375,65222.640625,65232.37109375,2023424
2026-07-27 09:46:00+00:00,65224.328125,65224.328125,65224.328125,65221.94921875,65222.62890625,2451456
2026-07-27 09:47:00+00:00,65236.12890625,65236.12890625,65249.03125,65224.3203125,65224.3203125,0
2026-07-27 09:48:00+00:00,65231.7109375,65231.7109375,65240.078125,65231.69140625,65240.0703125,0
2026-07-27 09:49:00+00:00,65246.390625,65246.390625,65246.390625,65234.6484375,65234.6484375,128212992
2026-07-27 09:50:00+00:00,65243.98828125,65243.98828125,65246.3984375,65227.5390625,65246.3984375,51924992
2026-07-27 09:51:00+00:00,65229.48828125,65229.48828125,65247.390625,65229.48828125,65247.390625,6907904
2026-07-27 09:52:00+00:00,65230.80078125,65230.80078125,65235.75,65229.46875,65229.48046875,1910784
2026-07-27 09:53:00+00:00,65229.48046875,65229.48046875,65237.0,65229.48046875,65230.80078125,0
2026-07-27 09:54:00+00:00,65210.1015625,65210.1015625,65229.48046875,65210.08984375,65229.46875,197599232
2026-07-27 09:55:00+00:00,65216.76171875,65216.76171875,65220.62890625,65216.76171875,65220.62890625,466944
2026-07-27 09:56:00+00:00,65205.921875,65205.921875,65220.62890625,65205.921875,65216.76171875,53905408
2026-07-27 09:57:00+00:00,65203.3984375,65203.3984375,65207.55078125,65203.3984375,65205.921875,0
2026-07-27 09:58:00+00:00,65204.359375,65204.359375,65212.921875,65203.41015625,65203.41015625,0
2026-07-27 09:59:00+00:00,65202.98828125,65202.98828125,65208.98828125,65202.98828125,65207.28125,73881600
2026-07-27 10:00:00+00:00,65194.0,65194.0,65194.0,65187.53125,65188.51171875,14864384
2026-07-27 10:01:00+00:00,65192.0,65192.0,65194.0,65192.0,65194.0,1820672
2026-07-27 10:02:00+00:00,65209.6015625,65209.6015625,65209.6015625,65187.109375,65192.671875,176846848
2026-07-27 10:03:00+00:00,65206.26171875,65206.26171875,65213.48828125,65206.26171875,65209.58984375,0
2026-07-27 10:04:00+00:00,65190.859375,65190.859375,65213.48828125,65187.51953125,65209.98828125,0
2026-07-27 10:05:00+00:00,65177.16015625,65177.16015625,65189.05859375,65173.6484375,65189.05859375,74678272
2026-07-27 10:06:00+00:00,65169.359375,65169.359375,65177.16015625,65169.359375,65177.16015625,567296
2026-07-27 10:07:00+00:00,65198.23828125,65198.23828125,65199.5,65169.359375,65169.359375,401408
2026-07-27 10:08:00+00:00,65218.421875,65218.421875,65218.421875,65198.25,65198.25,0
2026-07-27 10:09:00+00:00,65203.8984375,65203.8984375,65219.3203125,65203.890625,65218.421875,0
2026-07-27 10:10:00+00:00,65180.171875,65180.171875,65203.8515625,65180.16015625,65203.8515625,0
2026-07-27 10:11:00+00:00,65178.69140625,65178.69140625,65188.25,65175.05859375,65180.171875,19617792
2026-07-27 10:12:00+00:00,65173.98828125,65173.98828125,65176.171875,65172.80859375,65176.16015625,759808
2026-07-27 10:13:00+00:00,65186.8984375,65186.8984375,65189.98828125,65173.98828125,65173.98828125,0
2026-07-27 10:14:00+00:00,65197.8984375,65197.8984375,65199.12890625,65185.078125,65186.8984375,37857280
2026-07-27 10:15:00+00:00,65189.921875,65189.921875,65196.28125,65189.921875,65196.28125,3786752
2026-07-27 10:16:00+00:00,65207.71875,65207.71875,65215.76171875,65196.140625,65196.140625,1452032
2026-07-27 10:17:00+00:00,65219.890625,65219.890625,65226.98046875,65206.30078125,65206.30078125,20049920
2026-07-27 10:18:00+00:00,65206.51953125,65206.51953125,65213.37109375,65206.51953125,65213.359375,0
2026-07-27 10:19:00+00:00,65218.0703125,65218.0703125,65218.0703125,65206.48828125,65206.48828125,3921920
2026-07-27 10:20:00+00:00,65230.8984375,65230.8984375,65241.0,65220.05078125,65220.05078125,53182464
2026-07-27 10:21:00+00:00,65277.6796875,65277.6796875,65281.19140625,65230.91015625,65230.91015625,0
2026-07-27 10:22:00+00:00,65297.62890625,65297.62890625,65309.96875,65277.6796875,65277.6796875,16099328
2026-07-27 10:23:00+00:00,65297.6484375,65297.6484375,65297.6484375,65287.94921875,65295.6015625,0
2026-07-27 10:24:00+00:00,65325.0,65325.0,65328.91015625,65297.640625,65297.640625,35760128
2026-07-27 10:25:00+00:00,65302.5703125,65302.5703125,65319.8515625,65302.5703125,65319.8515625,0
2026-07-27 10:26:00+00:00,65301.73828125,65301.73828125,65302.5703125,65291.140625,65296.05078125,0
2026-07-27 10:27:00+00:00,65289.26171875,65289.26171875,65301.73828125,65289.26171875,65301.73828125,0
2026-07-27 10:28:00+00:00,65289.3203125,65289.3203125,65289.3203125,65286.44921875,65289.25,0
2026-07-27 10:29:00+00:00,65290.5,65290.5,65296.21875,65289.30859375,65289.3203125,4935680
2026-07-27 10:30:00+00:00,65294.23828125,65294.23828125,65317.640625,65294.23828125,65317.640625,512000
2026-07-27 10:31:00+00:00,65307.2890625,65307.2890625,65307.2890625,65289.23046875,65291.55078125,1554432
2026-07-27 10:32:00+00:00,65305.28125,65305.28125,65319.30078125,65305.28125,65307.28125,43958272
2026-07-27 10:33:00+00:00,65293.94921875,65293.94921875,65305.2890625,65293.94921875,65305.2890625,0
2026-07-27 10:34:00+00:00,65283.19921875,65283.19921875,65293.9609375,65283.19921875,65293.94921875,53000192
2026-07-27 10:35:00+00:00,65288.0,65288.0,65296.25,65283.2109375,65283.2109375,36689920
2026-07-27 10:36:00+00:00,65296.25,65296.25,65296.25,65287.98828125,65288.0,4073472
2026-07-27 10:37:00+00:00,65302.73828125,65302.73828125,65302.76171875,65296.23046875,65296.23046875,673792
2026-07-27 10:38:00+00:00,65302.76953125,65302.76953125,65306.1484375,65299.62109375,65302.71875,0
2026-07-27 10:39:00+00:00,65333.359375,65333.359375,65333.37109375,65302.76171875,65302.76171875,25395200
2026-07-27 10:40:00+00:00,65348.6015625,65348.6015625,65348.6015625,65320.0,65333.359375,964608
2026-07-27 10:41:00+00:00,65341.51171875,65341.51171875,65356.23828125,65341.51171875,65348.6015625,0
2026-07-27 10:42:00+00:00,65352.26171875,65352.26171875,65355.5390625,65341.51953125,65341.51953125,3559424
2026-07-27 10:43:00+00:00,65354.859375,65354.859375,65354.87109375,65350.26953125,65350.26953125,0
2026-07-27 10:44:00+00:00,65350.0,65350.0,65355.5390625,65344.671875,65350.76953125,0
2026-07-27 10:45:00+00:00,65347.5,65347.5,65370.5390625,65347.5,65349.98828125,38311936
2026-07-27 10:46:00+00:00,65315.5,65315.5,65347.5,65310.0,65347.5,8513536
2026-07-27 10:47:00+00:00,65312.8984375,65312.8984375,65315.5,65312.8984375,65314.19140625,14239744
2026-07-27 10:48:00+00:00,65306.75,65306.75,65312.8984375,65306.75,65312.8984375,0
2026-07-27 10:49:00+00:00,65300.0,65300.0,65310.87109375,65300.0,65306.76171875,0
2026-07-27 10:50:00+00:00,65285.921875,65285.921875,65300.01171875,65285.921875,65300.0,33878016
2026-07-27 10:51:00+00:00,65283.08984375,65283.08984375,65285.98828125,65281.87109375,65283.2109375,0
2026-07-27 10:52:00+00:00,65288.87109375,65288.87109375,65296.0,65283.08984375,65283.08984375,266240
2026-07-27 10:53:00+00:00,65299.4609375,65299.4609375,65308.7890625,65288.87109375,65288.87109375,0
2026-07-27 10:54:00+00:00,65299.4609375,65299.4609375,65299.4609375,65298.140625,65299.4609375,1937408
2026-07-27 10:55:00+00:00,65288.87109375,65288.87109375,65299.4609375,65288.87109375,65299.4609375,997376
2026-07-27 10:56:00+00:00,65288.859375,65288.859375,65288.87109375,65288.859375,65288.859375,41863168
2026-07-27 10:57:00+00:00,65283.2109375,65283.2109375,65286.890625,65283.2109375,65286.890625,51200
2026-07-27 10:58:00+00:00,65275.98046875,65275.98046875,65283.19921875,65268.69140625,65283.19921875,0
2026-07-27 10:59:00+00:00,65278.0,65278.0,65278.0,65276.01171875,65276.01171875,0
2026-07-27 11:00:00+00:00,65258.75,65258.75,65278.0,65242.8515625,65278.0,3135488
2026-07-27 11:01:00+00:00,65249.23828125,65249.23828125,65258.75,65248.6015625,65258.73828125,0
2026-07-27 11:02:00+00:00,65239.05859375,65239.05859375,65249.25,65239.05078125,65249.25,636928
2026-07-27 11:03:00+00:00,65217.73046875,65217.73046875,65227.5,65205.921875,65227.5,0
2026-07-27 11:04:00+00:00,65228.94140625,65228.94140625,65228.94140625,65217.73046875,65217.73828125,10024960
2026-07-27 11:05:00+00:00,65221.96875,65221.96875,65228.94140625,65220.80859375,65228.94140625,24666112
2026-07-27 11:06:00+00:00,65234.05859375,65234.05859375,65234.328125,65220.80078125,65221.98046875,4032512
2026-07-27 11:07:00+00:00,65240.578125,65240.578125,65240.578125,65239.80078125,65239.80859375,0
2026-07-27 11:08:00+00:00,65251.51171875,65251.51171875,65251.51171875,65235.78125,65240.578125,0
2026-07-27 11:09:00+00:00,65251.5,65251.5,65251.51171875,65251.5,65251.51171875,6588416
2026-07-27 11:10:00+00:00,65245.8203125,65245.8203125,65245.8203125,65221.01953125,65227.51171875,3196928
2026-07-27 11:11:00+00:00,65238.73828125,65238.73828125,65245.828125,65238.0,65245.8203125,0
2026-07-27 11:12:00+00:00,65217.94140625,65217.94140625,65232.609375,65211.421875,65232.609375,0
2026-07-27 11:13:00+00:00,65190.9296875,65190.9296875,65217.94140625,65188.0,65217.94140625,0
2026-07-27 11:14:00+00:00,65194.5,65194.5,65194.51171875,65194.23046875,65194.23046875,194560
2026-07-27 11:15:00+00:00,65184.94921875,65184.94921875,65194.51171875,65184.53125,65194.5,20832256
2026-07-27 11:16:00+00:00,65206.37890625,65206.37890625,65206.37890625,65179.98828125,65180.0,0
2026-07-27 11:17:00+00:00,65206.390625,65206.390625,65206.390625,65199.30078125,65206.37890625,37451776
2026-07-27 11:18:00+00:00,65204.91015625,65204.91015625,65209.5,65191.828125,65209.5,0
2026-07-27 11:19:00+00:00,65196.5703125,65196.5703125,65209.51171875,65190.05078125,65204.91015625,894976
2026-07-27 11:20:00+00:00,65203.0703125,65203.0703125,65203.0703125,65192.73046875,65192.73046875,0
2026-07-27 11:21:00+00:00,65190.05859375,65190.05859375,65203.0703125,65190.05078125,65203.0703125,182272
2026-07-27 11:22:00+00:00,65163.66015625,65163.66015625,65187.53125,65154.3984375,65187.51953125,2162688
2026-07-27 11:23:00+00:00,65147.19921875,65147.19921875,65163.6484375,65142.8984375,65163.6484375,0
2026-07-27 11:24:00+00:00,65127.6015625,65127.6015625,65143.41015625,65127.6015625,65140.94921875,0
2026-07-27 11:25:00+00:00,65150.7109375,65150.7109375,65150.7109375,65129.73828125,65129.73828125,0
2026-07-27 11:26:00+00:00,65111.8515625,65111.8515625,65150.7109375,65100.01171875,65150.7109375,0
2026-07-27 11:27:00+00:00,65115.83984375,65115.83984375,65115.87890625,65107.73828125,65112.98828125,3940352
2026-07-27 11:28:00+00:00,65118.37109375,65118.37109375,65118.37109375,65112.01171875,65113.91015625,0
2026-07-27 11:29:00+00:00,65066.078125,65066.078125,65124.87890625,65066.078125,65118.37109375,69074944
2026-07-27 11:30:00+00:00,65118.5,65118.5,65122.2109375,65086.0,65086.0,751616
2026-07-27 11:31:00+00:00,65128.6796875,65128.6796875,65128.6796875,65115.26171875,65118.5,0
2026-07-27 11:32:00+00:00,65111.0,65111.0,65122.5,65111.0,65122.5,0
2026-07-27 11:33:00+00:00,65123.91015625,65123.91015625,65123.91015625,65108.76953125,65111.01171875,0
2026-07-27 11:34:00+00:00,65135.58984375,65135.58984375,65135.58984375,65119.46875,65123.91015625,42078208
2026-07-27 11:35:00+00:00,65139.98828125,65139.98828125,65140.0,65137.21875,65137.23046875,9109504
2026-07-27 11:36:00+00:00,65141.73828125,65141.73828125,65142.0,65136.01171875,65141.98828125,1507328
2026-07-27 11:37:00+00:00,65148.5703125,65148.5703125,65148.5703125,65148.5703125,65148.5703125,0
