Price,Adj Close,Close,High,Low,Open,Volume
Ticker,QQQ,QQQ,QQQ,QQQ,QQQ,QQQ
Datetime,,,,,,
2026-07-16 13:30:00+00:00,712.97998046875,712.97998046875,713.594970703125,711.9600219726562,712.0,1905631
2026-07-16 13:31:00+00:00,713.4299926757812,713.4299926757812,713.5800170898438,712.4249877929688,712.97998046875,260500
2026-07-16 13:32:00+00:00,712.5,712.5,713.5700073242188,712.27001953125,713.4500122070312,94522
2026-07-16 13:33:00+00:00,712.2349853515625,712.2349853515625,712.8699951171875,712.0499877929688,712.5700073242188,74852
2026-07-16 13:34:00+00:00,711.2150268554688,711.2150268554688,712.409912109375,711.2000122070312,712.27001953125,118417
2026-07-16 13:35:00+00:00,710.8499755859375,710.8499755859375,711.5900268554688,710.489990234375,711.4400024414062,200844
2026-07-16 13:36:00+00:00,711.0501098632812,711.0501098632812,711.3300170898438,710.531982421875,711.0,101093
2026-07-16 13:37:00+00:00,711.4199829101562,711.4199829101562,712.1699829101562,711.0772705078125,711.0899047851562,115498
2026-07-16 13:38:00+00:00,710.6799926757812,710.6799926757812,711.4099731445312,710.3800048828125,711.4099731445312,130266
2026-07-16 13:39:00+00:00,710.0999755859375,710.0999755859375,710.9500122070312,709.9299926757812,710.52001953125,265778
2026-07-16 13:40:00+00:00,710.43798828125,710.43798828125,711.239990234375,709.8300170898438,710.1182250976562,134413
2026-07-16 13:41:00+00:00,709.2899780273438,709.2899780273438,710.4500122070312,709.1950073242188,710.4249877929688,154353
2026-07-16 13:42:00+00:00,709.1871948242188,709.1871948242188,709.5700073242188,708.8800048828125,709.2999877929688,198014
2026-07-16 13:43:00+00:00,709.1699829101562,709.1699829101562,709.3900146484375,708.72998046875,709.1500244140625,125796
2026-07-16 13:44:00+00:00,708.3900146484375,708.3900146484375,709.72998046875,708.22998046875,709.1890258789062,164767
2026-07-16 13:45:00+00:00,708.2750244140625,708.2750244140625,709.02001953125,708.2000122070312,708.4099731445312,165382
2026-07-16 13:46:00+00:00,708.3900146484375,708.3900146484375,708.7000122070312,708.0809936523438,708.2200927734375,111406
2026-07-16 13:47:00+00:00,708.1599731445312,708.1599731445312,708.77001953125,708.1599731445312,708.4500122070312,121121
2026-07-16 13:48:00+00:00,707.6500244140625,707.6500244140625,708.4365234375,707.2899780273438,708.1099853515625,178011
2026-07-16 13:49:00+00:00,707.3699951171875,707.3699951171875,707.8098754882812,707.2000122070312,707.655029296875,121889
2026-07-16 13:50:00+00:00,707.9400024414062,707.9400024414062,708.4600219726562,707.2100219726562,707.3400268554688,191653
2026-07-16 13:51:00+00:00,708.260009765625,708.260009765625,708.5999755859375,707.6900024414062,707.969970703125,95240
2026-07-16 13:52:00+00:00,709.010009765625,709.010009765625,709.3300170898438,708.27001953125,708.3250122070312,116119
2026-07-16 13:53:00+00:00,708.3499145507812,708.3499145507812,709.1699829101562,707.9442138671875,709.02001953125,75724
2026-07-16 13:54:00+00:00,707.8300170898438,707.8300170898438,709.1900024414062,707.7999877929688,708.3698120117188,105836
2026-07-16 13:55:00+00:00,707.9600219726562,707.9600219726562,707.9600219726562,707.0,707.7999877929688,180871
2026-07-16 13:56:00+00:00,708.9498901367188,708.9498901367188,708.9498901367188,707.77001953125,707.9199829101562,125299
2026-07-16 13:57:00+00:00,708.1580200195312,708.1580200195312,709.4600219726562,708.0,708.9349975585938,79490
2026-07-16 13:58:00+00:00,708.8900146484375,708.8900146484375,709.010009765625,708.0499877929688,708.0900268554688,66219
2026-07-16 13:59:00+00:00,709.1749877929688,709.1749877929688,709.27001953125,708.8400268554688,708.93798828125,62587
2026-07-16 14:00:00+00:00,709.9600219726562,709.9600219726562,710.1099853515625,708.6500244140625,709.0900268554688,172413
2026-07-16 14:01:00+00:00,710.0599975585938,710.0599975585938,710.3300170898438,709.510009765625,709.9650268554688,120891
2026-07-16 14:02:00+00:00,710.2899780273438,710.2899780273438,710.869873046875,710.02001953125,710.030029296875,108465
2026-07-16 14:03:00+00:00,710.469970703125,710.469970703125,710.7000122070312,710.0150146484375,710.27001953125,82750
2026-07-16 14:04:00+00:00,710.4299926757812,710.4299926757812,710.6699829101562,710.02001953125,710.4434814453125,99403
2026-07-16 14:05:00+00:00,711.0800170898438,711.0800170898438,711.1699829101562,710.0800170898438,710.4500122070312,73824
2026-07-16 14:06:00+00:00,711.4600219726562,711.4600219726562,711.6245727539062,711.0447998046875,711.0700073242188,90439
2026-07-16 14:07:00+00:00,711.7000122070312,711.7000122070312,711.8150024414062,711.1599731445312,711.4000244140625,104699
2026-07-16 14:08:00+00:00,712.1849975585938,712.1849975585938,712.4500122070312,711.5999755859375,711.7100219726562,134124
2026-07-16 14:09:00+00:00,712.3800048828125,712.3800048828125,712.7650146484375,711.6900024414062,712.219970703125,103666
2026-07-16 14:10:00+00:00,712.5089721679688,712.5089721679688,712.6900024414062,712.2249755859375,712.3800048828125,80691
2026-07-16 14:11:00+00:00,711.875,711.875,712.4199829101562,711.8599853515625,712.4199829101562,98174
2026-07-16 14:12:00+00:00,712.2301025390625,712.2301025390625,712.2999877929688,711.6099853515625,711.8704223632812,89599
2026-07-16 14:13:00+00:00,712.3701171875,712.3701171875,712.6199951171875,712.2380981445312,712.2380981445312,49474
2026-07-16 14:14:00+00:00,712.0850219726562,712.0850219726562,712.510009765625,711.9000244140625,712.4299926757812,51581
2026-07-16 14:15:00+00:00,712.3699951171875,712.3699951171875,712.5800170898438,712.0,712.1300048828125,38354
2026-07-16 14:16:00+00:00,712.6500244140625,712.6500244140625,712.9000244140625,712.1599731445312,712.3900146484375,93258
2026-07-16 14:17:00+00:00,712.1900024414062,712.1900024414062,712.7000122070312,712.0499877929688,712.5800170898438,103648
2026-07-16 14:18:00+00:00,711.7869873046875,711.7869873046875,712.4099731445312,711.7869873046875,712.1900024414062,130184
2026-07-16 14:19:00+00:00,712.4420166015625,712.4420166015625,712.6099853515625,711.5499877929688,711.8300170898438,56514
2026-07-16 14:20:00+00:00,711.6199951171875,711.6199951171875,712.6298828125,711.5,712.489990234375,70536
2026-07-16 14:21:00+00:00,711.086181640625,711.086181640625,711.6900024414062,710.9600219726562,711.5599975585938,60574
2026-07-16 14:22:00+00:00,711.2066040039062,711.2066040039062,711.219970703125,710.4099731445312,711.0800170898438,78218
2026-07-16 14:23:00+00:00,711.1298828125,711.1298828125,711.5399780273438,710.7100219726562,711.2100219726562,41294
2026-07-16 14:24:00+00:00,711.469970703125,711.469970703125,711.8599243164062,711.1500244140625,711.1500244140625,45090
2026-07-16 14:25:00+00:00,711.239990234375,711.239990234375,711.3599853515625,710.611083984375,711.3599853515625,65133
2026-07-16 14:26:00+00:00,711.4638061523438,711.4638061523438,711.5960083007812,710.8300170898438,711.239990234375,35193
2026-07-16 14:27:00+00:00,712.1137084960938,712.1137084960938,712.260009765625,711.22998046875,711.5,29688
2026-07-16 14:28:00+00:00,712.1900024414062,712.1900024414062,712.3599853515625,711.9299926757812,712.1099853515625,61556
2026-07-16 14:29:00+00:00,712.469970703125,712.469970703125,712.5599975585938,712.2003173828125,712.219970703125,35092
2026-07-16 14:30:00+00:00,712.119873046875,712.119873046875,712.47998046875,711.9099731445312,712.4749755859375,46758
2026-07-16 14:31:00+00:00,711.5999755859375,711.5999755859375,712.1900024414062,711.4099731445312,712.0650024414062,38807
2026-07-16 14:32:00+00:00,712.3599853515625,712.3599853515625,712.3599853515625,711.47998046875,711.594970703125,29552
2026-07-16 14:33:00+00:00,712.4000244140625,712.4000244140625,712.47998046875,712.207275390625,712.3099975585938,73596
2026-07-16 14:34:00+00:00,711.989990234375,711.989990234375,712.47998046875,711.875,712.3599853515625,121099
2026-07-16 14:35:00+00:00,712.3499755859375,712.3499755859375,712.385009765625,711.9199829101562,711.9349975585938,22494
2026-07-16 14:36:00+00:00,712.3200073242188,712.3200073242188,712.5399780273438,712.0800170898438,712.3300170898438,18735
2026-07-16 14:37:00+00:00,712.6799926757812,712.6799926757812,713.0700073242188,712.22998046875,712.2901000976562,33775
2026-07-16 14:38:00+00:00,712.239990234375,712.239990234375,712.8400268554688,712.1699829101562,712.6400146484375,129961
2026-07-16 14:39:00+00:00,711.7899780273438,711.7899780273438,712.2319946289062,711.6099853515625,712.2059936523438,37220
2026-07-16 14:40:00+00:00,711.3900146484375,711.3900146484375,711.9400024414062,711.2150268554688,711.8355712890625,29678
2026-07-16 14:41:00+00:00,711.530029296875,711.530029296875,711.9299926757812,711.1199951171875,711.2999877929688,24876
2026-07-16 14:42:00+00:00,711.8300170898438,711.8300170898438,711.9299926757812,711.4500122070312,711.4500122070312,21399
2026-07-16 14:43:00+00:00,712.0499877929688,712.0499877929688,712.1699829101562,711.8200073242188,711.844970703125,126743
2026-07-16 14:44:00+00:00,711.9949951171875,711.9949951171875,712.1500244140625,711.6799926757812,711.9600219726562,28983
2026-07-16 14:45:00+00:00,711.7999877929688,711.7999877929688,712.1500244140625,711.6199951171875,712.010009765625,32696
2026-07-16 14:46:00+00:00,711.875,711.875,712.0991821289062,711.6699829101562,711.9149780273438,26380
2026-07-16 14:47:00+00:00,711.739990234375,711.739990234375,712.3099975585938,711.6400146484375,711.8800048828125,42384
2026-07-16 14:48:00+00:00,711.8499755859375,711.8499755859375,712.02001953125,711.4949951171875,711.739990234375,37473
2026-07-16 14:49:00+00:00,711.4400024414062,711.4400024414062,711.9099731445312,711.4299926757812,711.780029296875,30996
2026-07-16 14:50:00+00:00,710.4000244140625,710.4000244140625,711.5,710.22998046875,711.3900146484375,80514
2026-07-16 14:51:00+00:00,710.5999755859375,710.5999755859375,710.7572021484375,710.22998046875,710.4691772460938,46092
2026-07-16 14:52:00+00:00,710.4600219726562,710.4600219726562,710.7774047851562,710.165771484375,710.5900268554688,77868
2026-07-16 14:53:00+00:00,710.2000122070312,710.2000122070312,710.5,710.0499877929688,710.4099731445312,51259
2026-07-16 14:54:00+00:00,710.239990234375,710.239990234375,710.3400268554688,709.9362182617188,710.219970703125,97771
2026-07-16 14:55:00+00:00,709.9210815429688,709.9210815429688,710.2177124023438,709.5900268554688,710.2050170898438,117948
2026-07-16 14:56:00+00:00,710.3099975585938,710.3099975585938,710.4099731445312,709.7100219726562,709.9199829101562,187451
2026-07-16 14:57:00+00:00,710.5750122070312,710.5750122070312,710.72998046875,710.25,710.2999877929688,42910
2026-07-16 14:58:00+00:00,710.9199829101562,710.9199829101562,711.3499755859375,710.5850219726562,710.5850219726562,69250
2026-07-16 14:59:00+00:00,711.2650146484375,711.2650146484375,711.2899780273438,710.7899780273438,710.8300170898438,43084
2026-07-16 15:00:00+00:00,711.5001220703125,711.5001220703125,711.8599853515625,711.1599731445312,711.4099731445312,62388
2026-07-16 15:01:00+00:00,711.0900268554688,711.0900268554688,711.6099853515625,711.0900268554688,711.4984741210938,36086
2026-07-16 15:02:00+00:00,711.6099853515625,711.6099853515625,711.8399047851562,710.9901123046875,711.1300048828125,39227
2026-07-16 15:03:00+00:00,710.76123046875,710.76123046875,711.72998046875,710.76123046875,711.6300048828125,42071
2026-07-16 15:04:00+00:00,710.7249755859375,710.7249755859375,711.0,710.5900268554688,710.8099975585938,32538
2026-07-16 15:05:00+00:00,710.594970703125,710.594970703125,710.6699829101562,710.1456909179688,710.5599975585938,60148
2026-07-16 15:06:00+00:00,710.0980834960938,710.0980834960938,710.5499877929688,710.030029296875,710.5399780273438,77482
2026-07-16 15:07:00+00:00,709.7999877929688,709.7999877929688,710.1400146484375,709.7949829101562,710.010009765625,38228
2026-07-16 15:08:00+00:00,709.7899780273438,709.7899780273438,709.9299926757812,709.6599731445312,709.75,47363
2026-07-16 15:09:00+00:00,710.2899780273438,710.2899780273438,710.2899780273438,709.6799926757812,709.77001953125,51912
2026-07-16 15:10:00+00:00,710.1300048828125,710.1300048828125,710.4899291992188,709.9400024414062,710.260009765625,60301
2026-07-16 15:11:00+00:00,709.8800048828125,709.8800048828125,710.3281860351562,709.8200073242188,710.1400146484375,46183
2026-07-16 15:12:00+00:00,709.5399780273438,709.5399780273438,709.9299926757812,709.3900146484375,709.885009765625,90546
2026-07-16 15:13:00+00:00,709.1799926757812,709.1799926757812,709.594970703125,709.0999755859375,709.5,57010
2026-07-16 15:14:00+00:00,709.4500122070312,709.4500122070312,709.4600219726562,708.9199829101562,709.1599731445312,96182
2026-07-16 15:15:00+00:00,709.3200073242188,709.3200073242188,709.7626953125,709.2100219726562,709.4400024414062,78229
2026-07-16 15:16:00+00:00,709.155029296875,709.155029296875,709.3300170898438,708.9600219726562,709.2999877929688,38061
2026-07-16 15:17:00+00:00,709.594970703125,709.594970703125,709.8699951171875,709.1099853515625,709.1400146484375,79240
2026-07-16 15:18:00+00:00,709.9500122070312,709.9500122070312,710.1300048828125,709.5499877929688,709.6300048828125,88006
2026-07-16 15:19:00+00:00,710.219970703125,710.219970703125,710.219970703125,709.6599731445312,709.9349975585938,55811
2026-07-16 15:20:00+00:00,709.780029296875,709.780029296875,710.25,709.590087890625,710.239990234375,59364
2026-07-16 15:21:00+00:00,709.6950073242188,709.6950073242188,710.0,709.4600219726562,709.7899780273438,70305
2026-07-16 15:22:00+00:00,709.6799926757812,709.6799926757812,709.72998046875,709.260009765625,709.6500244140625,36989
2026-07-16 15:23:00+00:00,709.7550048828125,709.7550048828125,709.9400024414062,709.6099853515625,709.719970703125,23268
2026-07-16 15:24:00+00:00,710.1599731445312,710.1599731445312,710.1599731445312,709.5499877929688,709.7349853515625,53874
2026-07-16 15:25:00+00:00,711.0599975585938,711.0599975585938,711.1799926757812,710.135009765625,710.135009765625,99841
2026-07-16 15:26:00+00:00,711.5,711.5,711.659912109375,710.97998046875,711.0900268554688,67038
2026-07-16 15:27:00+00:00,711.0269165039062,711.0269165039062,711.6599731445312,710.989990234375,711.52001953125,46131
2026-07-16 15:28:00+00:00,710.1500244140625,710.1500244140625,711.0599975585938,710.094970703125,711.0,76287
2026-07-16 15:29:00+00:00,710.594970703125,710.594970703125,710.639892578125,710.1500244140625,710.2000122070312,27324
2026-07-16 15:30:00+00:00,710.1500244140625,710.1500244140625,710.6400146484375,709.72998046875,710.5850219726562,34285
2026-07-16 15:31:00+00:00,711.030029296875,711.030029296875,711.030029296875,710.2100219726562,710.2100219726562,44500
2026-07-16 15:32:00+00:00,711.0399780273438,711.0399780273438,711.361572265625,710.8699951171875,710.9949951171875,47015
2026-07-16 15:33:00+00:00,711.030029296875,711.030029296875,711.0700073242188,710.6917114257812,710.9299926757812,32372
2026-07-16 15:34:00+00:00,711.4000244140625,711.4000244140625,711.4000244140625,710.9600219726562,711.0,101195
2026-07-16 15:35:00+00:00,711.1300048828125,711.1300048828125,711.3699951171875,711.0399780273438,711.3400268554688,35748
2026-07-16 15:36:00+00:00,711.260009765625,711.260009765625,711.260009765625,710.7899780273438,711.1699829101562,127634
2026-07-16 15:37:00+00:00,710.9600830078125,710.9600830078125,711.498779296875,710.9600830078125,711.3099975585938,29284
2026-07-16 15:38:00+00:00,711.4199829101562,711.4199829101562,711.52001953125,710.9400024414062,710.989990234375,44484
2026-07-16 15:39:00+00:00,711.8099975585938,711.8099975585938,712.02001953125,711.4199829101562,711.4400024414062,62221
2026-07-16 15:40:00+00:00,711.125,711.125,711.8499755859375,711.125,711.75,49494
2026-07-16 15:41:00+00:00,710.2100219726562,710.2100219726562,711.1799926757812,710.2100219726562,711.0800170898438,46971
2026-07-16 15:42:00+00:00,710.5499877929688,710.5499877929688,710.5499877929688,710.0700073242188,710.2545776367188,29964
2026-07-16 15:43:00+00:00,710.155029296875,710.155029296875,710.6500244140625,710.1300048828125,710.469970703125,24794
2026-07-16 15:44:00+00:00,710.3499755859375,710.3499755859375,710.4398803710938,709.969970703125,710.1323852539062,30689
2026-07-16 15:45:00+00:00,709.875,709.875,710.3300170898438,709.7050170898438,710.2899780273438,47875
2026-07-16 15:46:00+00:00,709.489990234375,709.489990234375,709.9600219726562,709.4000244140625,709.739990234375,41254
2026-07-16 15:47:00+00:00,709.6199951171875,709.6199951171875,709.8798828125,709.469970703125,709.510009765625,89192
2026-07-16 15:48:00+00:00,709.875,709.875,709.8800048828125,709.5499877929688,709.6300048828125,56639
2026-07-16 15:49:00+00:00,710.219970703125,710.219970703125,710.27001953125,709.3499755859375,709.8200073242188,55860
2026-07-16 15:50:00+00:00,710.7899780273438,710.7899780273438,710.8099975585938,710.2000732421875,710.219970703125,67246
2026-07-16 15:51:00+00:00,710.9199829101562,710.9199829101562,711.1099853515625,710.75,710.7899780273438,77654
2026-07-16 15:52:00+00:00,710.9299926757812,710.9299926757812,711.280029296875,710.6849975585938,710.8900146484375,65427
2026-07-16 15:53:00+00:00,710.6500244140625,710.6500244140625,711.0800170898438,710.594970703125,710.906982421875,22345
2026-07-16 15:54:00+00:00,710.9099731445312,710.9099731445312,710.9591064453125,710.52001953125,710.7000122070312,23213
2026-07-16 15:55:00+00:00,710.155029296875,710.155029296875,710.9000244140625,710.0001220703125,710.8499755859375,28913
2026-07-16 15:56:00+00:00,710.1599731445312,710.1599731445312,710.22998046875,709.7999877929688,710.159912109375,48877
2026-07-16 15:57:00+00:00,710.4299926757812,710.4299926757812,710.7000122070312,710.1900024414062,710.1900024414062,22490
2026-07-16 15:58:00+00:00,710.3099975585938,710.3099975585938,710.6500244140625,710.3099975585938,710.4400024414062,10652
2026-07-16 15:59:00+00:00,710.219970703125,710.219970703125,710.4199829101562,710.1799926757812,710.2424926757812,25544
2026-07-16 16:00:00+00:00,709.8350219726562,709.8350219726562,710.2999877929688,709.6199951171875,710.25,86730
2026-07-16 16:01:00+00:00,709.6900024414062,709.6900024414062,710.0399780273438,709.5,709.8499755859375,37532
2026-07-16 16:02:00+00:00,709.3699951171875,709.3699951171875,709.719970703125,709.25,709.719970703125,51322
2026-07-16 16:03:00+00:00,709.6199951171875,709.6199951171875,709.6300048828125,709.239990234375,709.35498046875,56129
2026-07-16 16:04:00+00:00,708.9600219726562,708.9600219726562,709.7999877929688,708.8300170898438,709.6300048828125,167524
2026-07-16 16:05:00+00:00,708.469970703125,708.469970703125,708.9600219726562,708.3400268554688,708.9600219726562,92872
2026-07-16 16:06:00+00:00,708.760009765625,708.760009765625,708.9500122070312,708.4100952148438,708.4600219726562,65556
2026-07-16 16:07:00+00:00,708.9400024414062,708.9400024414062,709.1900024414062,708.7333984375,708.8350219726562,93583
2026-07-16 16:08:00+00:00,708.9600219726562,708.9600219726562,709.3255004882812,708.9000244140625,708.9500122070312,62552
2026-07-16 16:09:00+00:00,708.9749755859375,708.9749755859375,709.239990234375,708.9600219726562,708.989990234375,27932
2026-07-16 16:10:00+00:00,708.489990234375,708.489990234375,708.9464721679688,708.4099731445312,708.9057006835938,70810
2026-07-16 16:11:00+00:00,708.2999877929688,708.2999877929688,708.594970703125,708.1900024414062,708.47998046875,79339
2026-07-16 16:12:00+00:00,708.0700073242188,708.0700073242188,708.3900146484375,708.0700073242188,708.2999877929688,1024564
2026-07-16 16:13:00+00:00,708.219970703125,708.219970703125,708.3900146484375,707.760009765625,708.0900268554688,173833
2026-07-16 16:14:00+00:00,707.8814086914062,707.8814086914062,708.2999877929688,707.8099975585938,708.2183227539062,52447
2026-07-16 16:15:00+00:00,707.9998779296875,707.9998779296875,707.9998779296875,707.530029296875,707.8400268554688,91295
2026-07-16 16:16:00+00:00,708.0499267578125,708.0499267578125,708.0700073242188,707.6699829101562,707.989990234375,61063
2026-07-16 16:17:00+00:00,707.7000122070312,707.7000122070312,708.0599975585938,707.6099853515625,708.0399780273438,53535
2026-07-16 16:18:00+00:00,708.2100830078125,708.2100830078125,708.3099975585938,707.6799926757812,707.6950073242188,74214
2026-07-16 16:19:00+00:00,707.97998046875,707.97998046875,708.3099975585938,707.7999877929688,708.25,48122
2026-07-16 16:20:00+00:00,707.4199829101562,707.4199829101562,707.9500122070312,707.2349853515625,707.9500122070312,143821
2026-07-16 16:21:00+00:00,707.5700073242188,707.5700073242188,707.8200073242188,707.3400268554688,707.4099731445312,77218
2026-07-16 16:22:00+00:00,707.2999877929688,707.2999877929688,707.6900024414062,707.1300048828125,707.5599975585938,197290
2026-07-16 16:23:00+00:00,707.3796997070312,707.3796997070312,707.5599975585938,707.1199951171875,707.3099975585938,81048
2026-07-16 16:24:00+00:00,707.5103149414062,707.5103149414062,707.6649780273438,707.25,707.3599853515625,53371
2026-07-16 16:25:00+00:00,707.64501953125,707.64501953125,707.6699829101562,707.260009765625,707.510009765625,80145
2026-07-16 16:26:00+00:00,707.6599731445312,707.6599731445312,708.0,707.6400146484375,707.6500244140625,82313
2026-07-16 16:27:00+00:00,717.739990234375,717.739990234375,717.739990234375,707.6500244140625,707.6699829101562,134133
2026-07-16 16:28:00+00:00,708.1500244140625,708.1500244140625,708.27001953125,708.030029296875,708.1500244140625,134513
2026-07-16 16:29:00+00:00,707.9600219726562,707.9600219726562,708.1900024414062,707.6500244140625,708.1900024414062,34025
2026-07-16 16:30:00+00:00,708.16259765625,708.16259765625,708.27001953125,707.8400268554688,707.969970703125,56017
2026-07-16 16:31:00+00:00,708.5499877929688,708.5499877929688,708.6199951171875,707.9600219726562,708.1599731445312,78565
2026-07-16 16:32:00+00:00,708.885009765625,708.885009765625,708.9299926757812,708.4099731445312,708.5449829101562,44225
2026-07-16 16:33:00+00:00,708.4400024414062,708.4400024414062,708.8900146484375,708.3400268554688,708.8800048828125,83713
2026-07-16 16:34:00+00:00,708.3699951171875,708.3699951171875,708.5,708.2899780273438,708.4500122070312,11435
2026-07-16 16:35:00+00:00,707.885009765625,707.885009765625,708.4500122070312,707.780029296875,708.311279296875,42330
2026-07-16 16:36:00+00:00,708.010009765625,708.010009765625,708.1199951171875,707.760009765625,707.9400024414062,24771
2026-07-16 16:37:00+00:00,708.3099975585938,708.3099975585938,708.3399047851562,707.9249877929688,708.0399780273438,21662
2026-07-16 16:38:00+00:00,708.1599731445312,708.1599731445312,708.47998046875,707.75,708.3400268554688,57072
2026-07-16 16:39:00+00:00,707.7899780273438,707.7899780273438,708.1500244140625,707.7301025390625,708.0900268554688,30749
2026-07-16 16:40:00+00:00,708.0599975585938,708.0599975585938,708.0999755859375,707.6400146484375,707.8250122070312,40343
2026-07-16 16:41:00+00:00,708.0650024414062,708.0650024414062,708.52001953125,707.969970703125,708.0700073242188,77003
2026-07-16 16:42:00+00:00,707.760009765625,707.760009765625,708.0900268554688,707.6699829101562,708.0900268554688,161541
2026-07-16 16:43:00+00:00,707.8150024414062,707.8150024414062,707.9600219726562,707.72998046875,707.7449951171875,54548
2026-07-16 16:44:00+00:00,707.8499755859375,707.8499755859375,707.9500122070312,707.75,707.8350219726562,36260
2026-07-16 16:45:00+00:00,707.5900268554688,707.5900268554688,708.1400146484375,707.5,707.7999877929688,50939
2026-07-16 16:46:00+00:00,707.5700073242188,707.5700073242188,707.6500244140625,707.2750244140625,707.60498046875,60526
2026-07-16 16:47:00+00:00,707.4199829101562,707.4199829101562,707.6500244140625,707.3200073242188,707.6099853515625,42430
2026-07-16 16:48:00+00:00,707.6231079101562,707.6231079101562,707.6500244140625,707.344970703125,707.4099731445312,43780
2026-07-16 16:49:00+00:00,707.5599975585938,707.5599975585938,707.739990234375,707.427490234375,707.5599975585938,36855
2026-07-16 16:50:00+00:00,707.97998046875,707.97998046875,708.0805053710938,707.3410034179688,707.5900268554688,53955
2026-07-16 16:51:00+00:00,708.2127075195312,708.2127075195312,708.4699096679688,707.9500122070312,707.969970703125,63295
2026-07-16 16:52:00+00:00,708.1300048828125,708.1300048828125,708.4099731445312,708.030029296875,708.1505126953125,32096
2026-07-16 16:53:00+00:00,708.3699951171875,708.3699951171875,708.4400024414062,708.0150146484375,708.1099853515625,33413
2026-07-16 16:54:00+00:00,708.489990234375,708.489990234375,708.5999755859375,708.25,708.3900146484375,40120
2026-07-16 16:55:00+00:00,709.02001953125,709.02001953125,709.1987915039062,708.469970703125,708.489990234375,104256
2026-07-16 16:56:00+00:00,708.9199829101562,708.9199829101562,709.2000122070312,708.7952880859375,709.030517578125,50484
2026-07-16 16:57:00+00:00,708.7249755859375,708.7249755859375,709.010009765625,708.6699829101562,708.907470703125,40747
2026-07-16 16:58:00+00:00,708.8499755859375,708.8499755859375,709.1099853515625,708.52001953125,708.7150268554688,44566
2026-07-16 16:59:00+00:00,708.8671264648438,708.8671264648438,708.9199829101562,708.72998046875,708.8900146484375,31723
2026-07-16 17:00:00+00:00,707.8800048828125,707.8800048828125,708.9400024414062,707.8350219726562,708.9299926757812,57949
2026-07-16 17:01:00+00:00,708.0700073242188,708.0700073242188,708.2999877929688,707.8699951171875,707.9099731445312,30036
2026-07-16 17:02:00+00:00,707.75,707.75,708.114990234375,707.6199951171875,708.1099853515625,35743
2026-07-16 17:03:00+00:00,708.030029296875,708.030029296875,708.2999267578125,707.72998046875,707.7550048828125,46953
2026-07-16 17:04:00+00:00,708.364990234375,708.364990234375,708.5,707.989990234375,708.02001953125,33093
2026-07-16 17:05:00+00:00,708.030029296875,708.030029296875,708.3800048828125,707.8200073242188,708.3099975585938,26748
2026-07-16 17:06:00+00:00,708.0150146484375,708.0150146484375,708.0399780273438,707.6400146484375,708.0399780273438,39207
2026-07-16 17:07:00+00:00,708.1500244140625,708.1500244140625,708.3350219726562,707.9324951171875,707.989990234375,36476
2026-07-16 17:08:00+00:00,708.635009765625,708.635009765625,708.739990234375,708.0900268554688,708.1500244140625,47492
2026-07-16 17:09:00+00:00,708.5399780273438,708.5399780273438,708.7650146484375,708.4000244140625,708.6699829101562,29552
2026-07-16 17:10:00+00:00,708.5800170898438,708.5800170898438,708.75,708.510009765625,708.5399780273438,31869
2026-07-16 17:11:00+00:00,708.2349853515625,708.2349853515625,708.6699829101562,708.1400146484375,708.530029296875,27513
2026-07-16 17:12:00+00:00,708.1599731445312,708.1599731445312,708.280029296875,708.0302734375,708.2550048828125,13194
2026-07-16 17:13:00+00:00,707.9500122070312,707.9500122070312,708.3200073242188,707.85498046875,708.1599731445312,20776
2026-07-16 17:14:00+00:00,707.6749877929688,707.6749877929688,707.9149780273438,707.6077880859375,707.9149780273438,31027
2026-07-16 17:15:00+00:00,708.0399780273438,708.0399780273438,708.1900024414062,707.5999755859375,707.7177124023438,51144
2026-07-16 17:16:00+00:00,707.780029296875,707.780029296875,708.0399780273438,707.5,708.0399780273438,34576
2026-07-16 17:17:00+00:00,707.469970703125,707.469970703125,707.8099975585938,707.4199829101562,707.7899780273438,56677
2026-07-16 17:18:00+00:00,707.72998046875,707.72998046875,707.77001953125,707.4849853515625,707.5,40173
2026-07-16 17:19:00+00:00,707.8900146484375,707.8900146484375,707.989990234375,707.72998046875,707.75,45286
2026-07-16 17:20:00+00:00,707.7000122070312,707.7000122070312,708.0900268554688,707.6599731445312,707.9299926757812,26657
2026-07-16 17:21:00+00:00,707.655029296875,707.655029296875,707.75,707.530029296875,707.6799926757812,42730
2026-07-16 17:22:00+00:00,707.5,707.5,707.6599731445312,707.47998046875,707.5999755859375,36775
2026-07-16 17:23:00+00:00,707.6298828125,707.6298828125,707.7000122070312,707.469970703125,707.5,22805
2026-07-16 17:24:00+00:00,707.47998046875,707.47998046875,707.7899780273438,707.469970703125,707.5850219726562,35933
2026-07-16 17:25:00+00:00,707.6099853515625,707.6099853515625,707.6099853515625,707.3499755859375,707.4500122070312,53718
2026-07-16 17:26:00+00:00,707.9801025390625,707.9801025390625,708.1599731445312,707.4600219726562,707.5994873046875,159251
2026-07-16 17:27:00+00:00,708.3599853515625,708.3599853515625,708.4500122070312,707.8599853515625,707.989990234375,38388
2026-07-16 17:28:00+00:00,708.780029296875,708.780029296875,708.97998046875,708.3300170898438,708.3300170898438,74600
2026-07-16 17:29:00+00:00,708.739990234375,708.739990234375,708.9299926757812,708.530029296875,708.8499755859375,177621
2026-07-16 17:30:00+00:00,708.6799926757812,708.6799926757812,709.010009765625,708.6599731445312,708.7899780273438,42036
2026-07-16 17:31:00+00:00,708.4199829101562,708.4199829101562,708.7194213867188,708.3499755859375,708.6900024414062,32647
2026-07-16 17:32:00+00:00,708.488525390625,708.488525390625,708.7000122070312,708.4299926757812,708.4500122070312,24668
2026-07-16 17:33:00+00:00,707.844970703125,707.844970703125,708.510009765625,707.8200073242188,708.4500122070312,14350
2026-07-16 17:34:00+00:00,707.7000122070312,707.7000122070312,707.9099731445312,707.530029296875,707.8699951171875,38662
2026-07-16 17:35:00+00:00,707.6199951171875,707.6199951171875,707.780029296875,707.5321044921875,707.7000122070312,14254
2026-07-16 17:36:00+00:00,707.739990234375,707.739990234375,707.8800048828125,707.5599975585938,707.5999755859375,59946
2026-07-16 17:37:00+00:00,707.3699951171875,707.3699951171875,707.760009765625,707.35498046875,707.7000122070312,46724
2026-07-16 17:38:00+00:00,707.469970703125,707.469970703125,707.6699829101562,707.280029296875,707.3900146484375,70210
2026-07-16 17:39:00+00:00,707.25,707.25,707.4600219726562,707.1799926757812,707.4600219726562,88811
2026-07-16 17:40:00+00:00,706.7999877929688,706.7999877929688,707.25,706.719970703125,707.25,146152
2026-07-16 17:41:00+00:00,706.5900268554688,706.5900268554688,706.9400024414062,706.489990234375,706.8300170898438,98480
2026-07-16 17:42:00+00:00,706.5700073242188,706.5700073242188,706.8400268554688,706.47998046875,706.5850219726562,106984
2026-07-16 17:43:00+00:00,706.4199829101562,706.4199829101562,706.5900268554688,706.3099975585938,706.5800170898438,77645
2026-07-16 17:44:00+00:00,706.5900268554688,706.5900268554688,706.5999755859375,706.3499755859375,706.4199829101562,88335
2026-07-16 17:45:00+00:00,706.2000122070312,706.2000122070312,706.6300048828125,706.0401000976562,706.5999755859375,93592
2026-07-16 17:46:00+00:00,706.47998046875,706.47998046875,706.510009765625,706.0399780273438,706.2000122070312,68030
2026-07-16 17:47:00+00:00,706.7100219726562,706.7100219726562,706.8800048828125,706.489990234375,706.489990234375,62110
2026-07-16 17:48:00+00:00,706.9401245117188,706.9401245117188,706.9600219726562,706.489990234375,706.7100219726562,42239
2026-07-16 17:49:00+00:00,706.9349975585938,706.9349975585938,707.1798706054688,706.8303833007812,706.989990234375,60614
2026-07-16 17:50:00+00:00,706.9249877929688,706.9249877929688,707.0900268554688,706.780029296875,706.9400024414062,54526
2026-07-16 17:51:00+00:00,706.7000122070312,706.7000122070312,706.9400024414062,706.7000122070312,706.9000244140625,32617
2026-07-16 17:52:00+00:00,706.5900268554688,706.5900268554688,706.64501953125,706.4400024414062,706.64501953125,39103
2026-07-16 17:53:00+00:00,707.0449829101562,707.0449829101562,707.1799926757812,706.5460815429688,706.5999755859375,49985
2026-07-16 17:54:00+00:00,706.8298950195312,706.8298950195312,707.1699829101562,706.8200073242188,707.0599975585938,42033
2026-07-16 17:55:00+00:00,706.4299926757812,706.4299926757812,706.8099975585938,706.25,706.7999877929688,82110
2026-07-16 17:56:00+00:00,706.4099731445312,706.4099731445312,706.47998046875,706.1199951171875,706.4400024414062,156783
2026-07-16 17:57:00+00:00,706.22998046875,706.22998046875,706.4500122070312,706.1699829101562,706.3250122070312,48606
2026-07-16 17:58:00+00:00,706.5250854492188,706.5250854492188,706.5999755859375,706.1849975585938,706.2050170898438,142908
2026-07-16 17:59:00+00:00,706.6099853515625,706.6099853515625,706.739990234375,706.4400024414062,706.5700073242188,53851
2026-07-16 18:00:00+00:00,706.8900146484375,706.8900146484375,706.9500122070312,706.3201293945312,706.5900268554688,71029
2026-07-16 18:01:00+00:00,706.7899780273438,706.7899780273438,706.97998046875,706.72998046875,706.9099731445312,32636
2026-07-16 18:02:00+00:00,706.5800170898438,706.5800170898438,706.8350219726562,706.4400024414062,706.760009765625,33609
2026-07-16 18:03:00+00:00,706.47998046875,706.47998046875,706.5800170898438,706.3900146484375,706.510009765625,36507
2026-07-16 18:04:00+00:00,706.3599853515625,706.3599853515625,706.75,706.260009765625,706.5,44583
2026-07-16 18:05:00+00:00,706.3699951171875,706.3699951171875,706.4849853515625,706.27001953125,706.3499755859375,147267
2026-07-16 18:06:00+00:00,706.4600219726562,706.4600219726562,706.5599975585938,706.2899780273438,706.3599853515625,39278
2026-07-16 18:07:00+00:00,706.4000244140625,706.4000244140625,706.7100219726562,706.1699829101562,706.4550170898438,101528
2026-07-16 18:08:00+00:00,706.4299926757812,706.4299926757812,706.489990234375,706.0599975585938,706.385009765625,533574
2026-07-16 18:09:00+00:00,706.360595703125,706.360595703125,706.6849975585938,706.1099853515625,706.3900146484375,118023
2026-07-16 18:10:00+00:00,706.7999877929688,706.7999877929688,707.030029296875,706.3699951171875,706.3699951171875,87380
2026-07-16 18:11:00+00:00,707.1099853515625,707.1099853515625,707.4334106445312,706.739990234375,706.7650146484375,156827
2026-07-16 18:12:00+00:00,706.8099975585938,706.8099975585938,707.389892578125,706.8099975585938,707.030029296875,80123
2026-07-16 18:13:00+00:00,707.0,707.0,707.0399780273438,706.6599731445312,706.7705078125,40567
2026-07-16 18:14:00+00:00,706.3599853515625,706.3599853515625,707.1099853515625,706.3400268554688,707.02001953125,40564
2026-07-16 18:15:00+00:00,706.1900024414062,706.1900024414062,706.3800048828125,706.0,706.3798828125,59239
2026-07-16 18:16:00+00:00,707.22998046875,707.22998046875,707.27001953125,706.219970703125,706.239990234375,80972
2026-07-16 18:17:00+00:00,707.2299194335938,707.2299194335938,707.3963012695312,707.1400146484375,707.221923828125,45059
2026-07-16 18:18:00+00:00,707.0499877929688,707.0499877929688,707.3095092773438,707.010009765625,707.2150268554688,22872
2026-07-16 18:19:00+00:00,707.1900024414062,707.1900024414062,707.3599853515625,706.948974609375,706.989990234375,27844
2026-07-16 18:20:00+00:00,707.5198974609375,707.5198974609375,707.760009765625,707.1300048828125,707.1900024414062,70376
2026-07-16 18:21:00+00:00,707.89501953125,707.89501953125,707.9299926757812,707.5399169921875,707.5399169921875,46277
2026-07-16 18:22:00+00:00,707.7999877929688,707.7999877929688,708.0599975585938,707.72998046875,707.8300170898438,44691
2026-07-16 18:23:00+00:00,707.6900024414062,707.6900024414062,707.8198852539062,707.344970703125,707.7849731445312,53809
2026-07-16 18:24:00+00:00,707.72998046875,707.72998046875,707.8300170898438,707.5999755859375,707.6099853515625,21888
2026-07-16 18:25:00+00:00,707.3900146484375,707.3900146484375,707.9550170898438,707.3900146484375,707.719970703125,26426
2026-07-16 18:26:00+00:00,707.9000244140625,707.9000244140625,707.9498901367188,707.1799926757812,707.3300170898438,43116
2026-07-16 18:27:00+00:00,707.510009765625,707.510009765625,707.985595703125,707.510009765625,707.8599853515625,27197
2026-07-16 18:28:00+00:00,707.4099731445312,707.4099731445312,707.8399047851562,707.3400268554688,707.5599975585938,24252
2026-07-16 18:29:00+00:00,707.2100219726562,707.2100219726562,707.4199829101562,707.030029296875,707.39501953125,25055
2026-07-16 18:30:00+00:00,706.7650146484375,706.7650146484375,707.0999755859375,706.6199951171875,707.0999755859375,550849
2026-07-16 18:31:00+00:00,706.7100219726562,706.7100219726562,706.8707885742188,706.6207275390625,706.7999877929688,19598
2026-07-16 18:32:00+00:00,706.6849975585938,706.6849975585938,706.9985961914062,706.6749877929688,706.7349853515625,24861
2026-07-16 18:33:00+00:00,706.72998046875,706.72998046875,706.9299926757812,706.6400146484375,706.6900024414062,34924
2026-07-16 18:34:00+00:00,706.6300048828125,706.6300048828125,706.8499755859375,706.47998046875,706.75,52673
2026-07-16 18:35:00+00:00,706.5050048828125,706.5050048828125,706.5601196289062,706.281982421875,706.5599975585938,63444
2026-07-16 18:36:00+00:00,706.1950073242188,706.1950073242188,706.4600219726562,706.0499877929688,706.4400024414062,49580
2026-07-16 18:37:00+00:00,706.3399047851562,706.3399047851562,706.530029296875,706.0910034179688,706.1799926757812,39356
2026-07-16 18:38:00+00:00,706.469970703125,706.469970703125,706.489990234375,706.260009765625,706.3400268554688,54485
2026-07-16 18:39:00+00:00,706.1508178710938,706.1508178710938,706.4500122070312,706.1400146484375,706.427978515625,342842
2026-07-16 18:40:00+00:00,705.6950073242188,705.6950073242188,706.260009765625,705.5,706.1699829101562,99566
2026-07-16 18:41:00+00:00,705.844970703125,705.844970703125,705.9600219726562,705.6500244140625,705.7293090820312,54335
2026-07-16 18:42:00+00:00,706.1500244140625,706.1500244140625,706.1599731445312,705.7000122070312,705.89501953125,36116
2026-07-16 18:43:00+00:00,706.4799194335938,706.4799194335938,706.6400146484375,706.1599731445312,706.1649780273438,62800
2026-07-16 18:44:00+00:00,706.4600219726562,706.4600219726562,706.7354736328125,706.3375244140625,706.4600219726562,38776
2026-07-16 18:45:00+00:00,706.3599853515625,706.3599853515625,706.7100219726562,706.0900268554688,706.364990234375,40506
2026-07-16 18:46:00+00:00,706.375,706.375,706.5399780273438,706.3300170898438,706.3662109375,39685
2026-07-16 18:47:00+00:00,706.3701171875,706.3701171875,706.6099853515625,706.25,706.3900146484375,43799
2026-07-16 18:48:00+00:00,706.7449951171875,706.7449951171875,706.8099975585938,706.3699951171875,706.3699951171875,55784
2026-07-16 18:49:00+00:00,706.5700073242188,706.5700073242188,706.7899780273438,706.530029296875,706.72998046875,22668
2026-07-16 18:50:00+00:00,706.6749877929688,706.6749877929688,706.75,706.4749755859375,706.5700073242188,23169
2026-07-16 18:51:00+00:00,706.469970703125,706.469970703125,706.719970703125,706.4500122070312,706.7000122070312,27064
2026-07-16 18:52:00+00:00,706.1400146484375,706.1400146484375,706.469970703125,706.1099853515625,706.4600219726562,33162
2026-07-16 18:53:00+00:00,705.989990234375,705.989990234375,706.1699829101562,705.885009765625,706.135009765625,122297
2026-07-16 18:54:00+00:00,705.8200073242188,705.8200073242188,706.030029296875,705.8049926757812,705.97998046875,31822
2026-07-16 18:55:00+00:00,705.6400146484375,705.6400146484375,705.8200073242188,705.5900268554688,705.8200073242188,38542
2026-07-16 18:56:00+00:00,705.8599853515625,705.8599853515625,705.9099731445312,705.6300048828125,705.6400146484375,77006
2026-07-16 18:57:00+00:00,705.6300048828125,705.6300048828125,706.0800170898438,705.5800170898438,705.89501953125,50847
2026-07-16 18:58:00+00:00,705.9099731445312,705.9099731445312,705.9099731445312,705.5399780273438,705.6199951171875,38434
2026-07-16 18:59:00+00:00,705.8099975585938,705.8099975585938,705.9500122070312,705.6900024414062,705.9099731445312,35743
2026-07-16 19:00:00+00:00,706.2000732421875,706.2000732421875,706.2000732421875,705.5999755859375,705.77001953125,185245
2026-07-16 19:01:00+00:00,705.8800048828125,705.8800048828125,706.2194213867188,705.739990234375,706.2100219726562,44237
2026-07-16 19:02:00+00:00,706.4099731445312,706.4099731445312,706.5599975585938,705.8499755859375,705.9299926757812,42908
2026-07-16 19:03:00+00:00,706.3200073242188,706.3200073242188,706.4199829101562,706.030029296875,706.39501953125,37941
2026-07-16 19:04:00+00:00,706.2105712890625,706.2105712890625,706.52001953125,706.0900268554688,706.3200073242188,39326
2026-07-16 19:05:00+00:00,706.4849853515625,706.4849853515625,706.5150146484375,705.9603881835938,706.2000732421875,39610
2026-07-16 19:06:00+00:00,705.6599731445312,705.6599731445312,706.4849853515625,705.594970703125,706.4849853515625,59991
2026-07-16 19:07:00+00:00,705.3400268554688,705.3400268554688,705.7349853515625,705.1799926757812,705.6649780273438,161841
2026-07-16 19:08:00+00:00,705.25,705.25,705.3997802734375,705.0499877929688,705.3400268554688,115236
2026-07-16 19:09:00+00:00,705.1500244140625,705.1500244140625,705.2899780273438,705.1099853515625,705.260009765625,129700
2026-07-16 19:10:00+00:00,705.2199096679688,705.2199096679688,705.4199829101562,705.0,705.1099853515625,237920
2026-07-16 19:11:00+00:00,705.2598876953125,705.2598876953125,705.4400024414062,705.1265869140625,705.219970703125,79421
2026-07-16 19:12:00+00:00,705.10009765625,705.10009765625,705.25,704.9600219726562,705.22998046875,69570
2026-07-16 19:13:00+00:00,704.989990234375,704.989990234375,705.239990234375,704.9299926757812,705.10498046875,61357
2026-07-16 19:14:00+00:00,705.0999755859375,705.0999755859375,705.1099853515625,704.9500122070312,704.989990234375,66491
2026-07-16 19:15:00+00:00,704.8900146484375,704.8900146484375,705.0700073242188,704.719970703125,705.0700073242188,61981
2026-07-16 19:16:00+00:00,704.9298706054688,704.9298706054688,705.1699829101562,704.8800048828125,704.905029296875,65030
2026-07-16 19:17:00+00:00,704.3685913085938,704.3685913085938,704.9199829101562,704.3200073242188,704.9000244140625,81004
2026-07-16 19:18:00+00:00,704.6799926757812,704.6799926757812,704.7100219726562,704.219970703125,704.3499755859375,107402
2026-07-16 19:19:00+00:00,704.643798828125,704.643798828125,704.7750244140625,704.5100708007812,704.6900024414062,119269
2026-07-16 19:20:00+00:00,704.6099853515625,704.6099853515625,704.7999877929688,704.4937133789062,704.6199951171875,91537
2026-07-16 19:21:00+00:00,705.0599975585938,705.0599975585938,705.0800170898438,704.490478515625,704.5700073242188,186567
2026-07-16 19:22:00+00:00,704.5800170898438,704.5800170898438,705.0700073242188,704.5200805664062,705.0679931640625,84355
2026-07-16 19:23:00+00:00,704.3400268554688,704.3400268554688,704.6500244140625,704.3400268554688,704.6099853515625,89168
2026-07-16 19:24:00+00:00,704.3099975585938,704.3099975585938,704.489990234375,704.239990234375,704.3400268554688,62956
2026-07-16 19:25:00+00:00,704.1300048828125,704.1300048828125,704.4400024414062,704.1300048828125,704.3200073242188,109590
2026-07-16 19:26:00+00:00,703.6599731445312,703.6599731445312,704.1199951171875,703.6599731445312,704.1199951171875,101978
2026-07-16 19:27:00+00:00,703.8800048828125,703.8800048828125,703.969970703125,703.5900268554688,703.6500244140625,74797
2026-07-16 19:28:00+00:00,704.2098999023438,704.2098999023438,704.22998046875,703.8599853515625,703.8599853515625,42306
2026-07-16 19:29:00+00:00,704.2899780273438,704.2899780273438,704.5999755859375,704.1699829101562,704.1699829101562,82167
2026-07-16 19:30:00+00:00,704.3250122070312,704.3250122070312,704.8300170898438,703.7899780273438,704.2899780273438,171731
2026-07-16 19:31:00+00:00,703.708984375,703.708984375,704.3800048828125,703.708984375,704.2921142578125,72925
2026-07-16 19:32:00+00:00,704.0499877929688,704.0499877929688,704.1199951171875,703.5601196289062,703.72998046875,73525
2026-07-16 19:33:00+00:00,704.010009765625,704.010009765625,704.0499877929688,703.8599853515625,704.0449829101562,272896
2026-07-16 19:34:00+00:00,704.2899780273438,704.2899780273438,704.4000244140625,704.010009765625,704.030029296875,236731
2026-07-16 19:35:00+00:00,703.9099731445312,703.9099731445312,704.4099731445312,703.9099731445312,704.280029296875,216973
2026-07-16 19:36:00+00:00,703.6500244140625,703.6500244140625,704.0900268554688,703.5999755859375,703.9400024414062,180219
2026-07-16 19:37:00+00:00,703.97998046875,703.97998046875,704.02001953125,703.5599975585938,703.6699829101562,97317
2026-07-16 19:38:00+00:00,704.4500122070312,704.4500122070312,704.5,703.9699096679688,703.989990234375,123500
2026-07-16 19:39:00+00:00,704.3699951171875,704.3699951171875,704.6300048828125,704.3400268554688,704.4500122070312,120218
2026-07-16 19:40:00+00:00,704.1099853515625,704.1099853515625,704.3499755859375,703.8900146484375,704.3499755859375,197108
2026-07-16 19:41:00+00:00,704.5,704.5,704.5700073242188,704.1599731445312,704.1699829101562,92089
2026-07-16 19:42:00+00:00,704.469970703125,704.469970703125,704.5599975585938,704.1799926757812,704.4616088867188,62221
2026-07-16 19:43:00+00:00,704.0,704.0,704.5599975585938,703.9199829101562,704.4500122070312,366046
2026-07-16 19:44:00+00:00,703.5900268554688,703.5900268554688,704.0283813476562,703.5700073242188,703.97998046875,113216
2026-07-16 19:45:00+00:00,703.6199951171875,703.6199951171875,703.6799926757812,703.2999877929688,703.5999755859375,176994
2026-07-16 19:46:00+00:00,703.1900024414062,703.1900024414062,703.6599731445312,703.1099853515625,703.6199951171875,266649
2026-07-16 19:47:00+00:00,702.989990234375,702.989990234375,703.3200073242188,702.97998046875,703.2100219726562,473100
2026-07-16 19:48:00+00:00,702.75,702.75,703.0,702.6099853515625,702.989990234375,240453
2026-07-16 19:49:00+00:00,702.9199829101562,702.9199829101562,702.969970703125,702.6199951171875,702.7650146484375,144483
2026-07-16 19:50:00+00:00,703.966796875,703.966796875,704.1400146484375,702.9299926757812,702.9299926757812,262628
2026-07-16 19:51:00+00:00,704.4299926757812,704.4299926757812,704.5,703.780029296875,703.9400024414062,191847
2026-07-16 19:52:00+00:00,704.5999755859375,704.5999755859375,704.760009765625,704.3499755859375,704.4500122070312,279455
2026-07-16 19:53:00+00:00,704.760009765625,704.760009765625,704.869873046875,704.3800048828125,704.5999755859375,155570
2026-07-16 19:54:00+00:00,704.9099731445312,704.9099731445312,704.9600219726562,704.4400024414062,704.6900024414062,252138
2026-07-16 19:55:00+00:00,705.5800170898438,705.5800170898438,705.77001953125,704.9299926757812,704.9299926757812,343241
2026-07-16 19:56:00+00:00,705.6300048828125,705.6300048828125,705.6300048828125,705.1900024414062,705.5700073242188,123039
2026-07-16 19:57:00+00:00,705.5599975585938,705.5599975585938,705.6500244140625,705.3400268554688,705.6300048828125,234149
2026-07-16 19:58:00+00:00,705.5850219726562,705.5850219726562,705.6599731445312,705.4099731445312,705.5599975585938,289956
2026-07-16 19:59:00+00:00,706.02001953125,706.02001953125,706.4600219726562,705.5700073242188,705.5700073242188,804753
2026-07-17 13:30:00+00:00,692.5599975585938,692.5599975585938,692.8599853515625,691.4920043945312,691.6300048828125,3292881
2026-07-17 13:31:00+00:00,693.3900146484375,693.3900146484375,693.4299926757812,692.5166015625,692.5900268554688,301341
2026-07-17 13:32:00+00:00,692.1500244140625,692.1500244140625,693.5399780273438,692.02001953125,693.4249877929688,191066
2026-07-17 13:33:00+00:00,690.9099731445312,690.9099731445312,692.4000244140625,690.72998046875,692.1799926757812,269336
2026-07-17 13:34:00+00:00,690.2725219726562,690.2725219726562,690.9199829101562,690.0,690.9199829101562,321637
2026-07-17 13:35:00+00:00,689.9299926757812,689.9299926757812,690.7000122070312,689.760009765625,690.3099975585938,332206
2026-07-17 13:36:00+00:00,689.5549926757812,689.5549926757812,690.7000122070312,689.3724975585938,689.97998046875,272738
2026-07-17 13:37:00+00:00,689.1900024414062,689.1900024414062,689.7871704101562,688.9500122070312,689.5999755859375,392812
2026-07-17 13:38:00+00:00,688.5,688.5,689.260009765625,688.4199829101562,689.1599731445312,230400
2026-07-17 13:39:00+00:00,688.1099853515625,688.1099853515625,688.7000122070312,688.0,688.5050048828125,364642
2026-07-17 13:40:00+00:00,688.4500122070312,688.4500122070312,689.1300048828125,687.969970703125,688.1199951171875,315180
2026-07-17 13:41:00+00:00,688.4500122070312,688.4500122070312,689.2899780273438,688.260009765625,688.4299926757812,304936
2026-07-17 13:42:00+00:00,687.4600219726562,687.4600219726562,688.5399780273438,687.4400024414062,688.4619750976562,242056
2026-07-17 13:43:00+00:00,687.0999755859375,687.0999755859375,687.6599731445312,687.0,687.4550170898438,261407
2026-07-17 13:44:00+00:00,687.0599975585938,687.0599975585938,687.739990234375,686.760009765625,687.0999755859375,185288
2026-07-17 13:45:00+00:00,687.72998046875,687.72998046875,688.0900268554688,686.8732299804688,687.0599975585938,350375
2026-07-17 13:46:00+00:00,687.4600219726562,687.4600219726562,688.469970703125,687.4600219726562,687.7200927734375,291027
2026-07-17 13:47:00+00:00,688.6199951171875,688.6199951171875,688.7100219726562,687.1500854492188,687.489990234375,297941
2026-07-17 13:48:00+00:00,689.135009765625,689.135009765625,689.4299926757812,688.5499877929688,688.6199951171875,353879
2026-07-17 13:49:00+00:00,688.9749755859375,688.9749755859375,689.4199829101562,688.3300170898438,689.1029052734375,165842
2026-07-17 13:50:00+00:00,689.5150146484375,689.5150146484375,689.9299926757812,688.6699829101562,688.9400024414062,222618
2026-07-17 13:51:00+00:00,689.5650024414062,689.5650024414062,690.1199951171875,689.3800048828125,689.5399780273438,342452
2026-07-17 13:52:00+00:00,690.27001953125,690.27001953125,690.7000732421875,689.4304809570312,689.594970703125,272549
2026-07-17 13:53:00+00:00,691.219970703125,691.219970703125,691.280029296875,690.2100219726562,690.260009765625,199624
2026-07-17 13:54:00+00:00,691.4849853515625,691.4849853515625,691.739990234375,691.0938110351562,691.219970703125,300861
2026-07-17 13:55:00+00:00,691.760009765625,691.760009765625,692.219970703125,690.930908203125,691.4600219726562,228207
2026-07-17 13:56:00+00:00,692.030029296875,692.030029296875,692.419921875,691.5399780273438,691.760009765625,303497
2026-07-17 13:57:00+00:00,692.6699829101562,692.6699829101562,692.8162841796875,691.719970703125,692.010009765625,196561
2026-07-17 13:58:00+00:00,693.239990234375,693.239990234375,693.3200073242188,692.5900268554688,692.5999755859375,214098
2026-07-17 13:59:00+00:00,693.3499755859375,693.3499755859375,693.4099731445312,692.9400024414062,693.22998046875,207621
2026-07-17 14:00:00+00:00,694.760009765625,694.760009765625,694.8300170898438,693.0399780273438,693.35498046875,255210
2026-07-17 14:01:00+00:00,694.4600219726562,694.4600219726562,695.0999755859375,694.3800048828125,694.7899780273438,286025
2026-07-17 14:02:00+00:00,695.4000244140625,695.4000244140625,695.530029296875,694.31298828125,694.5,237519
2026-07-17 14:03:00+00:00,695.0399780273438,695.0399780273438,695.9299926757812,695.0,695.4249877929688,268637
2026-07-17 14:04:00+00:00,694.3300170898438,694.3300170898438,695.3599853515625,694.1900024414062,695.0650024414062,337569
2026-07-17 14:05:00+00:00,695.52001953125,695.52001953125,695.8300170898438,694.3699951171875,694.3699951171875,272283
2026-07-17 14:06:00+00:00,696.2999877929688,696.2999877929688,696.635009765625,695.4099731445312,695.5150146484375,288611
2026-07-17 14:07:00+00:00,696.1599731445312,696.1599731445312,696.47998046875,695.9600219726562,696.3350219726562,219192
2026-07-17 14:08:00+00:00,696.2899780273438,696.2899780273438,696.6199951171875,695.9099731445312,696.3599853515625,225123
2026-07-17 14:09:00+00:00,696.5700073242188,696.5700073242188,696.75,695.9600219726562,696.3049926757812,236768
2026-07-17 14:10:00+00:00,697.7550048828125,697.7550048828125,697.8399047851562,696.4600219726562,696.60107421875,469093
2026-07-17 14:11:00+00:00,697.4249877929688,697.4249877929688,697.8049926757812,697.219970703125,697.7899780273438,241120
2026-07-17 14:12:00+00:00,696.6699829101562,696.6699829101562,697.56298828125,696.4099731445312,697.4500122070312,190882
2026-07-17 14:13:00+00:00,696.5700073242188,696.5700073242188,697.2000122070312,696.1900024414062,696.6599731445312,300935
2026-07-17 14:14:00+00:00,696.4400024414062,696.4400024414062,696.6199951171875,695.9000244140625,696.5499877929688,102999
2026-07-17 14:15:00+00:00,697.3699951171875,697.3699951171875,697.5449829101562,695.8300170898438,696.3499755859375,181738
2026-07-17 14:16:00+00:00,697.5900268554688,697.5900268554688,697.5999755859375,696.760009765625,697.409912109375,146107
2026-07-17 14:17:00+00:00,697.64501953125,697.64501953125,698.3800048828125,697.5399780273438,697.5838012695312,149131
2026-07-17 14:18:00+00:00,697.6699829101562,697.6699829101562,697.8599853515625,697.280029296875,697.5999755859375,111315
2026-07-17 14:19:00+00:00,697.5001220703125,697.5001220703125,698.010009765625,697.3200073242188,697.6199951171875,99831
2026-07-17 14:20:00+00:00,697.0300903320312,697.0300903320312,697.8150024414062,697.0,697.4500122070312,111902
2026-07-17 14:21:00+00:00,697.6199951171875,697.6199951171875,697.7100219726562,696.6599731445312,697.0551147460938,90347
2026-07-17 14:22:00+00:00,697.3599853515625,697.3599853515625,697.97998046875,696.8300170898438,697.5399780273438,95921
2026-07-17 14:23:00+00:00,697.22998046875,697.22998046875,697.6699829101562,696.8099975585938,697.3300170898438,93965
2026-07-17 14:24:00+00:00,697.9500122070312,697.9500122070312,698.1699829101562,697.3300170898438,697.3400268554688,70522
2026-07-17 14:25:00+00:00,697.7200927734375,697.7200927734375,698.4199829101562,697.6300048828125,697.8746948242188,96262
2026-07-17 14:26:00+00:00,697.4199829101562,697.4199829101562,697.8300170898438,697.2899780273438,697.7000122070312,75059
2026-07-17 14:27:00+00:00,697.719970703125,697.719970703125,698.2100219726562,697.1599731445312,697.4500122070312,134082
2026-07-17 14:28:00+00:00,697.2000122070312,697.2000122070312,697.72998046875,697.0,697.6599731445312,67378
2026-07-17 14:29:00+00:00,697.0299072265625,697.0299072265625,697.239990234375,696.6599731445312,697.239990234375,124840
2026-07-17 14:30:00+00:00,697.1500244140625,697.1500244140625,697.3099975585938,696.4320068359375,697.0549926757812,213165
2026-07-17 14:31:00+00:00,696.3300170898438,696.3300170898438,697.4500122070312,696.2901000976562,697.0900268554688,102339
2026-07-17 14:32:00+00:00,695.6199951171875,695.6199951171875,696.6300048828125,695.5900268554688,696.280029296875,139795
2026-07-17 14:33:00+00:00,695.719970703125,695.719970703125,697.030029296875,695.3099975585938,695.6400146484375,160847
2026-07-17 14:34:00+00:00,696.0650024414062,696.0650024414062,696.5999755859375,695.760009765625,695.760009765625,90929
2026-07-17 14:35:00+00:00,697.260009765625,697.260009765625,697.3350219726562,696.0,696.030029296875,73048
2026-07-17 14:36:00+00:00,697.52001953125,697.52001953125,697.8800048828125,697.2100219726562,697.25,82917
2026-07-17 14:37:00+00:00,697.5,697.5,698.02001953125,696.9600219726562,697.47998046875,87337
2026-07-17 14:38:00+00:00,697.6500244140625,697.6500244140625,698.3400268554688,697.3499755859375,697.510009765625,107285
2026-07-17 14:39:00+00:00,698.52001953125,698.52001953125,698.5499877929688,697.6799926757812,697.6799926757812,128960
2026-07-17 14:40:00+00:00,697.969970703125,697.969970703125,698.5700073242188,697.8800048828125,698.5,63203
2026-07-17 14:41:00+00:00,697.6737060546875,697.6737060546875,698.0999755859375,697.5850219726562,697.9786987304688,42504
2026-07-17 14:42:00+00:00,697.2899780273438,697.2899780273438,698.0499877929688,697.010009765625,697.7000122070312,52183
2026-07-17 14:43:00+00:00,696.5999755859375,696.5999755859375,697.239990234375,696.3988037109375,697.239990234375,42225
2026-07-17 14:44:00+00:00,696.8300170898438,696.8300170898438,697.010009765625,696.5300903320312,696.5900268554688,162674
2026-07-17 14:45:00+00:00,696.5800170898438,696.5800170898438,696.8800048828125,696.260009765625,696.760009765625,371795
2026-07-17 14:46:00+00:00,696.22998046875,696.22998046875,696.3200073242188,695.5,696.27001953125,84964
2026-07-17 14:47:00+00:00,697.1434936523438,697.1434936523438,697.6599731445312,696.1900024414062,696.25,86362
2026-07-17 14:48:00+00:00,696.5499877929688,696.5499877929688,697.3699951171875,696.280029296875,697.27001953125,73262
2026-07-17 14:49:00+00:00,696.0399780273438,696.0399780273438,696.7100219726562,696.010009765625,696.5800170898438,50776
2026-07-17 14:50:00+00:00,696.260009765625,696.260009765625,696.4199829101562,695.8101196289062,696.0,64493
2026-07-17 14:51:00+00:00,695.4000244140625,695.4000244140625,696.280029296875,695.3800048828125,696.280029296875,86518
2026-07-17 14:52:00+00:00,695.8798828125,695.8798828125,696.577880859375,695.3200073242188,695.3400268554688,59799
2026-07-17 14:53:00+00:00,695.3599853515625,695.3599853515625,695.8200073242188,695.3389282226562,695.8200073242188,64330
2026-07-17 14:54:00+00:00,695.3599853515625,695.3599853515625,695.5800170898438,695.0399780273438,695.3200073242188,249615
2026-07-17 14:55:00+00:00,696.2589721679688,696.2589721679688,696.4598999023438,695.2000122070312,695.3499755859375,68584
2026-07-17 14:56:00+00:00,695.3400268554688,695.3400268554688,696.3499755859375,695.1099853515625,696.2000122070312,121308
2026-07-17 14:57:00+00:00,695.4650268554688,695.4650268554688,695.8400268554688,695.1950073242188,695.3150024414062,31540
2026-07-17 14:58:00+00:00,694.510009765625,694.510009765625,695.4299926757812,694.4000244140625,695.4149780273438,86964
2026-07-17 14:59:00+00:00,694.469970703125,694.469970703125,694.8200073242188,694.35498046875,694.52001953125,83420
2026-07-17 15:00:00+00:00,694.094970703125,694.094970703125,694.8887939453125,694.0,694.5399780273438,258442
2026-07-17 15:01:00+00:00,694.0800170898438,694.0800170898438,694.2100219726562,693.469970703125,694.0599975585938,264502
2026-07-17 15:02:00+00:00,694.231689453125,694.231689453125,694.469970703125,693.9099731445312,693.9600219726562,88345
2026-07-17 15:03:00+00:00,693.7999877929688,693.7999877929688,694.3280029296875,693.75,694.219970703125,76943
2026-07-17 15:04:00+00:00,693.5700073242188,693.5700073242188,694.02001953125,693.4600219726562,693.8099975585938,1588802
2026-07-17 15:05:00+00:00,693.77001953125,693.77001953125,694.0700073242188,693.4400024414062,693.52001953125,89621
2026-07-17 15:06:00+00:00,693.7949829101562,693.7949829101562,694.010009765625,693.3699951171875,693.7000122070312,69381
2026-07-17 15:07:00+00:00,693.5800170898438,693.5800170898438,694.1900024414062,693.2899780273438,693.739990234375,118511
2026-07-17 15:08:00+00:00,694.4199829101562,694.4199829101562,694.4298706054688,693.5999755859375,693.6099853515625,130208
2026-07-17 15:09:00+00:00,694.5891723632812,694.5891723632812,694.6300048828125,694.0018920898438,694.4000244140625,77593
2026-07-17 15:10:00+00:00,694.0800170898438,694.0800170898438,695.1699829101562,693.8499755859375,694.5499877929688,178993
2026-07-17 15:11:00+00:00,693.8599853515625,693.8599853515625,694.280029296875,693.5700073242188,694.0800170898438,77595
2026-07-17 15:12:00+00:00,694.0800170898438,694.0800170898438,694.5198974609375,693.6900024414062,693.8400268554688,47962
2026-07-17 15:13:00+00:00,693.72998046875,693.72998046875,694.239990234375,693.635009765625,694.1099853515625,77653
2026-07-17 15:14:00+00:00,694.0,694.0,694.0698852539062,693.6500244140625,693.7009887695312,61946
2026-07-17 15:15:00+00:00,693.630126953125,693.630126953125,694.0900268554688,693.5,693.969970703125,37989
2026-07-17 15:16:00+00:00,693.7050170898438,693.7050170898438,694.0900268554688,693.6099853515625,693.6550903320312,58936
2026-07-17 15:17:00+00:00,693.7999877929688,693.7999877929688,694.010009765625,693.6300048828125,693.6600952148438,145692
2026-07-17 15:18:00+00:00,694.3599853515625,694.3599853515625,694.3800048828125,693.5700073242188,693.7449951171875,43897
2026-07-17 15:19:00+00:00,694.4650268554688,694.4650268554688,694.9500122070312,694.2420043945312,694.3001098632812,74915
2026-07-17 15:20:00+00:00,694.42529296875,694.42529296875,694.47998046875,693.5501098632812,694.4500122070312,63851
2026-07-17 15:21:00+00:00,694.3699951171875,694.3699951171875,694.5999755859375,694.10009765625,694.4000244140625,39980
2026-07-17 15:22:00+00:00,694.614990234375,694.614990234375,694.8616943359375,693.97998046875,694.4600219726562,55275
2026-07-17 15:23:00+00:00,693.6876220703125,693.6876220703125,694.8350219726562,693.64501953125,694.5700073242188,306522
2026-07-17 15:24:00+00:00,693.6099853515625,693.6099853515625,693.7100219726562,693.1400146484375,693.7100219726562,54230
2026-07-17 15:25:00+00:00,694.0700073242188,694.0700073242188,694.2899780273438,693.5900268554688,693.6900024414062,123415
2026-07-17 15:26:00+00:00,694.430908203125,694.430908203125,694.530029296875,694.094970703125,694.1199951171875,146595
2026-07-17 15:27:00+00:00,694.3800048828125,694.3800048828125,694.7100219726562,694.1699829101562,694.4799194335938,60098
2026-07-17 15:28:00+00:00,694.7100219726562,694.7100219726562,694.9099731445312,694.2000122070312,694.280029296875,63244
2026-07-17 15:29:00+00:00,695.0449829101562,695.0449829101562,695.280029296875,694.64990234375,694.6699829101562,106200
2026-07-17 15:30:00+00:00,695.5599975585938,695.5599975585938,695.72998046875,694.8499755859375,695.135009765625,88565
2026-07-17 15:31:00+00:00,695.2000122070312,695.2000122070312,695.5599975585938,695.0700073242188,695.5599975585938,38839
2026-07-17 15:32:00+00:00,695.5599975585938,695.5599975585938,695.5599975585938,694.3099975585938,695.1599731445312,168073
2026-07-17 15:33:00+00:00,695.6900024414062,695.6900024414062,696.02001953125,695.5770874023438,695.6099243164062,65318
2026-07-17 15:34:00+00:00,695.1400146484375,695.1400146484375,695.7999877929688,694.9451293945312,695.6749877929688,38928
2026-07-17 15:35:00+00:00,695.0599975585938,695.0599975585938,695.1500244140625,694.4722290039062,695.1500244140625,86834
2026-07-17 15:36:00+00:00,695.7150268554688,695.7150268554688,695.8300170898438,695.0499877929688,695.0499877929688,77843
2026-07-17 15:37:00+00:00,696.25,696.25,696.4000244140625,695.5900268554688,695.6719970703125,48206
2026-07-17 15:38:00+00:00,696.7899780273438,696.7899780273438,696.97998046875,695.75,696.1699829101562,77097
2026-07-17 15:39:00+00:00,696.844970703125,696.844970703125,697.0225219726562,696.5499877929688,696.7899780273438,64903
2026-07-17 15:40:00+00:00,696.8200073242188,696.8200073242188,697.2899780273438,696.77001953125,696.8099975585938,107600
2026-07-17 15:41:00+00:00,696.2000122070312,696.2000122070312,696.8300170898438,695.905029296875,696.8300170898438,117357
2026-07-17 15:42:00+00:00,695.8599853515625,695.8599853515625,696.2949829101562,695.5700073242188,696.1248168945312,71282
2026-07-17 15:43:00+00:00,695.6602783203125,695.6602783203125,696.1799926757812,695.4299926757812,695.9099731445312,148909
2026-07-17 15:44:00+00:00,696.1950073242188,696.1950073242188,696.3499755859375,695.6300048828125,695.77001953125,24906
2026-07-17 15:45:00+00:00,695.9398803710938,695.9398803710938,696.5,695.8300170898438,696.1799926757812,89836
2026-07-17 15:46:00+00:00,696.489990234375,696.489990234375,696.489990234375,695.8800048828125,695.89501953125,32337
2026-07-17 15:47:00+00:00,696.75,696.75,696.75,696.510009765625,696.5800170898438,145963
2026-07-17 15:48:00+00:00,696.4099731445312,696.4099731445312,696.9400024414062,696.375,696.719970703125,70909
2026-07-17 15:49:00+00:00,696.8599853515625,696.8599853515625,696.9199829101562,696.3900146484375,696.4000244140625,56937
2026-07-17 15:50:00+00:00,696.3629760742188,696.3629760742188,697.0355834960938,696.3599853515625,696.875,98485
2026-07-17 15:51:00+00:00,696.8300170898438,696.8300170898438,697.0800170898438,696.2999877929688,696.4099731445312,193967
2026-07-17 15:52:00+00:00,697.1699829101562,697.1699829101562,697.1998901367188,696.7550048828125,696.8900146484375,52860
2026-07-17 15:53:00+00:00,697.3179931640625,697.3179931640625,697.5,697.0,697.1300048828125,140222
2026-07-17 15:54:00+00:00,698.260009765625,698.260009765625,698.2999877929688,697.3200073242188,697.3200073242188,222849
2026-07-17 15:55:00+00:00,698.9000244140625,698.9000244140625,698.9299926757812,698.1900024414062,698.2899780273438,117223
2026-07-17 15:56:00+00:00,699.2249755859375,699.2249755859375,699.25,698.8699951171875,698.8900146484375,77328
2026-07-17 15:57:00+00:00,699.010009765625,699.010009765625,699.2899780273438,698.8699951171875,699.1300048828125,134607
2026-07-17 15:58:00+00:00,699.4000244140625,699.4000244140625,699.4099731445312,698.8699951171875,698.989990234375,183894
2026-07-17 15:59:00+00:00,699.489990234375,699.489990234375,699.8699951171875,699.3699951171875,699.4099731445312,264910
2026-07-17 16:00:00+00:00,699.8687133789062,699.8687133789062,700.0499877929688,699.3400268554688,699.489990234375,181228
2026-07-17 16:01:00+00:00,698.4299926757812,698.4299926757812,699.989990234375,698.2999877929688,699.8400268554688,651229
2026-07-17 16:02:00+00:00,698.4099731445312,698.4099731445312,698.8300170898438,698.1699829101562,698.489990234375,94549
2026-07-17 16:03:00+00:00,698.0430297851562,698.0430297851562,698.3350219726562,697.6500244140625,698.3350219726562,94777
2026-07-17 16:04:00+00:00,698.3300170898438,698.3300170898438,698.3300170898438,697.77001953125,698.0,45217
2026-07-17 16:05:00+00:00,697.8900146484375,697.8900146484375,698.3400268554688,697.72998046875,698.3348999023438,65028
2026-07-17 16:06:00+00:00,697.8400268554688,697.8400268554688,698.0599975585938,697.5,697.906005859375,56815
2026-07-17 16:07:00+00:00,697.7100219726562,697.7100219726562,698.22998046875,697.3599853515625,697.8400268554688,65379
2026-07-17 16:08:00+00:00,698.0399780273438,698.0399780273438,698.0999755859375,697.5700073242188,697.6900024414062,28232
2026-07-17 16:09:00+00:00,699.0800170898438,699.0800170898438,699.0800170898438,697.989990234375,698.010009765625,1001352
2026-07-17 16:10:00+00:00,699.5850219726562,699.5850219726562,699.77001953125,699.0499877929688,699.0800170898438,104078
2026-07-17 16:11:00+00:00,698.7849731445312,698.7849731445312,699.6900024414062,698.7501220703125,699.5786743164062,29159
2026-07-17 16:12:00+00:00,699.14501953125,699.14501953125,699.27001953125,698.5800170898438,698.7000122070312,35672
2026-07-17 16:13:00+00:00,699.3300170898438,699.3300170898438,699.5800170898438,699.0900268554688,699.219970703125,65515
2026-07-17 16:14:00+00:00,699.6699829101562,699.6699829101562,699.72998046875,699.3300170898438,699.3699951171875,72881
2026-07-17 16:15:00+00:00,699.760009765625,699.760009765625,699.8699951171875,699.3200073242188,699.6649780273438,66177
2026-07-17 16:16:00+00:00,699.4400024414062,699.4400024414062,699.9500122070312,699.4299926757812,699.8599853515625,115039
2026-07-17 16:17:00+00:00,699.6599731445312,699.6599731445312,700.0499877929688,699.3200073242188,699.4000244140625,64460
2026-07-17 16:18:00+00:00,699.625,699.625,700.010009765625,699.52001953125,699.6599731445312,118451
2026-07-17 16:19:00+00:00,699.7100219726562,699.7100219726562,699.9500122070312,699.5900268554688,699.6400146484375,66989
2026-07-17 16:20:00+00:00,699.469970703125,699.469970703125,699.8800048828125,699.4400024414062,699.7000122070312,86112
2026-07-17 16:21:00+00:00,698.594970703125,698.594970703125,699.4650268554688,698.5499877929688,699.4406127929688,175524
2026-07-17 16:22:00+00:00,698.1900024414062,698.1900024414062,698.7045288085938,698.0999755859375,698.60498046875,88006
2026-07-17 16:23:00+00:00,698.0499877929688,698.0499877929688,698.1500244140625,697.9000244140625,698.1099853515625,58862
2026-07-17 16:24:00+00:00,697.9149780273438,697.9149780273438,698.3900146484375,697.8499755859375,698.0399780273438,46179
2026-07-17 16:25:00+00:00,698.4600219726562,698.4600219726562,698.4600219726562,697.719970703125,697.9149780273438,69755
2026-07-17 16:26:00+00:00,698.5800170898438,698.5800170898438,698.594970703125,698.0,698.3499755859375,34072
2026-07-17 16:27:00+00:00,699.4199829101562,699.4199829101562,699.7100219726562,698.5650024414062,698.5650024414062,70098
2026-07-17 16:28:00+00:00,699.260009765625,699.260009765625,699.5999755859375,699.260009765625,699.4400024414062,31961
2026-07-17 16:29:00+00:00,699.0,699.0,699.4299926757812,699.0,699.25,26915
2026-07-17 16:30:00+00:00,698.4600219726562,698.4600219726562,699.4000244140625,698.4199829101562,698.97998046875,42837
2026-07-17 16:31:00+00:00,698.5701293945312,698.5701293945312,698.7009887695312,698.3699951171875,698.5,80685
2026-07-17 16:32:00+00:00,698.9099731445312,698.9099731445312,698.9299926757812,698.3900146484375,698.5700073242188,82819
2026-07-17 16:33:00+00:00,699.0399780273438,699.0399780273438,699.1199951171875,698.6699829101562,698.9500122070312,31545
2026-07-17 16:34:00+00:00,698.8350219726562,698.8350219726562,699.1099853515625,698.72998046875,699.030029296875,29025
2026-07-17 16:35:00+00:00,699.0900268554688,699.0900268554688,699.3250122070312,698.8150024414062,698.8150024414062,38934
2026-07-17 16:36:00+00:00,699.375,699.375,699.5,698.9099731445312,699.1199951171875,31516
2026-07-17 16:37:00+00:00,699.010498046875,699.010498046875,699.5050048828125,699.010498046875,699.4099731445312,28539
2026-07-17 16:38:00+00:00,699.3099975585938,699.3099975585938,699.3400268554688,698.9400024414062,699.010009765625,31633
2026-07-17 16:39:00+00:00,699.3250122070312,699.3250122070312,699.6685180664062,699.2150268554688,699.327392578125,53923
2026-07-17 16:40:00+00:00,699.010009765625,699.010009765625,699.4400024414062,698.719970703125,699.3128051757812,43301
2026-07-17 16:41:00+00:00,699.212890625,699.212890625,699.2899780273438,698.9099731445312,699.010009765625,39575
2026-07-17 16:42:00+00:00,699.5250244140625,699.5250244140625,699.60498046875,699.239990234375,699.2999877929688,54112
2026-07-17 16:43:00+00:00,699.9924926757812,699.9924926757812,700.3300170898438,699.530029296875,699.5800170898438,134423
2026-07-17 16:44:00+00:00,700.4099731445312,700.4099731445312,700.4099731445312,699.6300048828125,699.9310302734375,52192
2026-07-17 16:45:00+00:00,700.3499755859375,700.3499755859375,700.47998046875,700.22998046875,700.3900146484375,81673
2026-07-17 16:46:00+00:00,700.3900146484375,700.3900146484375,700.5,700.2100219726562,700.3150024414062,67760
2026-07-17 16:47:00+00:00,700.8200073242188,700.8200073242188,700.9299926757812,700.3800048828125,700.4099731445312,99631
2026-07-17 16:48:00+00:00,701.0399780273438,701.0399780273438,701.1400146484375,700.760009765625,700.8250122070312,121768
2026-07-17 16:49:00+00:00,701.02001953125,701.02001953125,701.1199951171875,700.8599853515625,701.0700073242188,84537
2026-07-17 16:50:00+00:00,700.8400268554688,700.8400268554688,701.260009765625,700.7000122070312,701.0800170898438,94639
2026-07-17 16:51:00+00:00,701.5618286132812,701.5618286132812,701.7000122070312,700.8200073242188,700.8200073242188,186737
2026-07-17 16:52:00+00:00,701.4199829101562,701.4199829101562,701.760009765625,701.1900024414062,701.5900268554688,124288
2026-07-17 16:53:00+00:00,701.1699829101562,701.1699829101562,701.5499877929688,701.160888671875,701.4199829101562,39767
2026-07-17 16:54:00+00:00,701.3699951171875,701.3699951171875,701.469970703125,701.0,701.1799926757812,565908
2026-07-17 16:55:00+00:00,700.8599853515625,700.8599853515625,701.5700073242188,700.8499755859375,701.3499755859375,79047
2026-07-17 16:56:00+00:00,700.72998046875,700.72998046875,700.9400024414062,700.3701171875,700.8499755859375,98972
2026-07-17 16:57:00+00:00,700.4199829101562,700.4199829101562,700.7550048828125,700.3099975585938,700.719970703125,150872
2026-07-17 16:58:00+00:00,700.510009765625,700.510009765625,700.6400146484375,700.219970703125,700.4000244140625,123430
2026-07-17 16:59:00+00:00,700.5,700.5,700.72998046875,700.4400024414062,700.52001953125,94543
2026-07-17 17:00:00+00:00,701.47998046875,701.47998046875,701.489990234375,700.3350219726562,700.530029296875,45375
2026-07-17 17:01:00+00:00,701.5798950195312,701.5798950195312,701.9207153320312,701.4199829101562,701.47998046875,75542
2026-07-17 17:02:00+00:00,701.2349853515625,701.2349853515625,701.5900268554688,700.969970703125,701.5499877929688,61730
2026-07-17 17:03:00+00:00,701.4000244140625,701.4000244140625,701.47998046875,701.0900268554688,701.260009765625,50683
2026-07-17 17:04:00+00:00,701.3900146484375,701.3900146484375,701.5499877929688,701.25,701.4000244140625,89033
2026-07-17 17:05:00+00:00,701.3900146484375,701.3900146484375,701.510009765625,701.1799926757812,701.3499755859375,75516
2026-07-17 17:06:00+00:00,701.7100219726562,701.7100219726562,701.77001953125,701.239990234375,701.3400268554688,99226
2026-07-17 17:07:00+00:00,701.8118286132812,701.8118286132812,701.989990234375,701.7100219726562,701.72998046875,237941
2026-07-17 17:08:00+00:00,701.780029296875,701.780029296875,702.0800170898438,701.7304077148438,701.8200073242188,62636
2026-07-17 17:09:00+00:00,701.9400024414062,701.9400024414062,702.02001953125,701.5800170898438,701.780029296875,48988
2026-07-17 17:10:00+00:00,702.0599975585938,702.0599975585938,702.1649780273438,701.75,701.9500122070312,65383
2026-07-17 17:11:00+00:00,701.739990234375,701.739990234375,702.2999877929688,701.7000122070312,702.0599975585938,56989
2026-07-17 17:12:00+00:00,701.6799926757812,701.6799926757812,701.97998046875,701.5800170898438,701.739990234375,43614
2026-07-17 17:13:00+00:00,701.4400024414062,701.4400024414062,701.7349853515625,701.3800048828125,701.6799926757812,40562
2026-07-17 17:14:00+00:00,701.0050048828125,701.0050048828125,701.469970703125,701.0001831054688,701.4600219726562,37611
2026-07-17 17:15:00+00:00,701.530029296875,701.530029296875,701.530029296875,700.8300170898438,701.1199951171875,53495
2026-07-17 17:16:00+00:00,701.9400024414062,701.9400024414062,701.97998046875,701.4600219726562,701.510009765625,74106
2026-07-17 17:17:00+00:00,701.9000244140625,701.9000244140625,702.1500244140625,701.8300170898438,701.9349975585938,32240
2026-07-17 17:18:00+00:00,701.5599975585938,701.5599975585938,701.9600219726562,701.5250244140625,701.9099731445312,42486
2026-07-17 17:19:00+00:00,701.1900024414062,701.1900024414062,701.5999755859375,701.1500244140625,701.5700073242188,184665
2026-07-17 17:20:00+00:00,700.905029296875,700.905029296875,701.1900024414062,700.6500244140625,701.1900024414062,64437
2026-07-17 17:21:00+00:00,700.7100219726562,700.7100219726562,701.0936889648438,700.6699829101562,700.9299926757812,62325
2026-07-17 17:22:00+00:00,701.1345825195312,701.1345825195312,701.1400146484375,700.7000122070312,700.8175048828125,47083
2026-07-17 17:23:00+00:00,700.9500122070312,700.9500122070312,701.2249755859375,700.7899780273438,701.1624755859375,92802
2026-07-17 17:24:00+00:00,700.9000244140625,700.9000244140625,701.0800170898438,700.7100219726562,701.02001953125,87387
2026-07-17 17:25:00+00:00,701.2999877929688,701.2999877929688,701.3300170898438,700.8800048828125,700.8900146484375,247240
2026-07-17 17:26:00+00:00,701.8699951171875,701.8699951171875,701.9500122070312,701.385009765625,701.4000244140625,79013
2026-07-17 17:27:00+00:00,701.9099731445312,701.9099731445312,701.9692993164062,701.739990234375,701.9099731445312,47984
2026-07-17 17:28:00+00:00,701.8200073242188,701.8200073242188,702.1199951171875,701.780029296875,701.905029296875,80733
2026-07-17 17:29:00+00:00,702.0,702.0,702.0900268554688,701.8200073242188,701.8200073242188,52771
2026-07-17 17:30:00+00:00,702.0700073242188,702.0700073242188,702.1500244140625,701.8200073242188,701.989990234375,72666
2026-07-17 17:31:00+00:00,701.75,701.75,702.1300048828125,701.64501953125,702.1099853515625,70147
2026-07-17 17:32:00+00:00,701.7000122070312,701.7000122070312,701.8499755859375,701.5800170898438,701.760009765625,30270
2026-07-17 17:33:00+00:00,701.739990234375,701.739990234375,702.010009765625,701.6199951171875,701.6900024414062,50701
2026-07-17 17:34:00+00:00,701.5700073242188,701.5700073242188,701.8900146484375,701.4517211914062,701.8049926757812,26428
2026-07-17 17:35:00+00:00,700.719970703125,700.719970703125,701.6649780273438,700.6503295898438,701.5800170898438,39918
2026-07-17 17:36:00+00:00,700.7100219726562,700.7100219726562,700.8599853515625,700.5,700.7775268554688,179191
2026-07-17 17:37:00+00:00,700.8599853515625,700.8599853515625,701.0,700.6199951171875,700.6900024414062,48670
2026-07-17 17:38:00+00:00,700.5449829101562,700.5449829101562,700.8699951171875,700.489990234375,700.864990234375,45484
2026-07-17 17:39:00+00:00,700.6699829101562,700.6699829101562,700.7789916992188,700.4600219726562,700.530029296875,46369
2026-07-17 17:40:00+00:00,700.2100219726562,700.2100219726562,700.7000122070312,700.0755004882812,700.6599731445312,62421
2026-07-17 17:41:00+00:00,700.219970703125,700.219970703125,700.239990234375,699.85498046875,700.219970703125,129634
2026-07-17 17:42:00+00:00,699.9149780273438,699.9149780273438,700.3900146484375,699.8499755859375,700.2100219726562,70933
2026-07-17 17:43:00+00:00,700.0050048828125,700.0050048828125,700.0599975585938,699.75,699.9000244140625,44324
2026-07-17 17:44:00+00:00,699.9298706054688,699.9298706054688,700.03857421875,699.760009765625,700.0125732421875,122915
2026-07-17 17:45:00+00:00,700.219970703125,700.219970703125,700.3499755859375,699.6599731445312,699.9000244140625,33509
2026-07-17 17:46:00+00:00,699.761474609375,699.761474609375,700.219970703125,699.731201171875,700.2000122070312,20527
2026-07-17 17:47:00+00:00,700.011474609375,700.011474609375,700.0499877929688,699.7313842773438,699.7949829101562,40146
2026-07-17 17:48:00+00:00,700.1300048828125,700.1300048828125,700.3099975585938,700.010009765625,700.010009765625,27112
2026-07-17 17:49:00+00:00,700.1199951171875,700.1199951171875,700.1199951171875,699.9600219726562,700.0999755859375,18175
2026-07-17 17:50:00+00:00,699.594970703125,699.594970703125,700.2999877929688,699.486328125,700.2000122070312,35432
2026-07-17 17:51:00+00:00,699.47998046875,699.47998046875,699.6749877929688,699.3400268554688,699.6199951171875,32792
2026-07-17 17:52:00+00:00,699.469970703125,699.469970703125,699.77001953125,699.3099975585938,699.530029296875,40699
2026-07-17 17:53:00+00:00,699.22998046875,699.22998046875,699.4550170898438,699.1099853515625,699.4400024414062,37155
2026-07-17 17:54:00+00:00,699.1599731445312,699.1599731445312,699.6500244140625,699.1599731445312,699.34228515625,24696
2026-07-17 17:55:00+00:00,698.969970703125,698.969970703125,699.2993774414062,698.8724975585938,699.219970703125,49700
2026-07-17 17:56:00+00:00,698.673095703125,698.673095703125,699.0250244140625,698.63037109375,698.9500122070312,41255
2026-07-17 17:57:00+00:00,698.7000122070312,698.7000122070312,698.8419189453125,698.4500122070312,698.6900024414062,52732
2026-07-17 17:58:00+00:00,698.6099853515625,698.6099853515625,698.72998046875,698.280029296875,698.6849975585938,49779
2026-07-17 17:59:00+00:00,698.60009765625,698.60009765625,698.8099975585938,698.5549926757812,698.5999755859375,36535
2026-07-17 18:00:00+00:00,698.3699951171875,698.3699951171875,698.9719848632812,698.27001953125,698.6400146484375,53238
2026-07-17 18:01:00+00:00,698.469970703125,698.469970703125,698.8800048828125,698.3499755859375,698.3900146484375,243075
2026-07-17 18:02:00+00:00,699.010009765625,699.010009765625,699.030029296875,698.510009765625,698.52001953125,39645
2026-07-17 18:03:00+00:00,699.4199829101562,699.4199829101562,699.4199829101562,698.9337158203125,698.9509887695312,271855
2026-07-17 18:04:00+00:00,698.869873046875,698.869873046875,699.530029296875,698.8200073242188,699.4600219726562,36020
2026-07-17 18:05:00+00:00,698.6199951171875,698.6199951171875,698.77001953125,698.3599853515625,698.77001953125,38958
2026-07-17 18:06:00+00:00,698.239990234375,698.239990234375,698.6699829101562,698.0,698.614990234375,90164
2026-07-17 18:07:00+00:00,698.3250122070312,698.3250122070312,698.4000244140625,698.0,698.1951293945312,35111
2026-07-17 18:08:00+00:00,698.1799926757812,698.1799926757812,698.5599975585938,698.030029296875,698.44091796875,25952
2026-07-17 18:09:00+00:00,697.989990234375,697.989990234375,698.3800048828125,697.9500122070312,698.2000122070312,31591
2026-07-17 18:10:00+00:00,697.9099731445312,697.9099731445312,698.239990234375,697.8599853515625,698.0034790039062,26936
2026-07-17 18:11:00+00:00,697.8499755859375,697.8499755859375,697.9306030273438,697.6699829101562,697.9306030273438,47803
2026-07-17 18:12:00+00:00,697.8499145507812,697.8499145507812,697.9998779296875,697.6900024414062,697.8436889648438,27683
2026-07-17 18:13:00+00:00,697.9400024414062,697.9400024414062,698.010009765625,697.6099853515625,697.8499755859375,30982
2026-07-17 18:14:00+00:00,697.7501220703125,697.7501220703125,698.0800170898438,697.6699829101562,697.9400024414062,439623
2026-07-17 18:15:00+00:00,697.3800048828125,697.3800048828125,697.9099731445312,697.25,697.77001953125,101841
2026-07-17 18:16:00+00:00,697.2899780273438,697.2899780273438,697.4522094726562,697.2000122070312,697.3599853515625,186993
2026-07-17 18:17:00+00:00,697.1849975585938,697.1849975585938,697.5,697.0599975585938,697.4000244140625,81176
2026-07-17 18:18:00+00:00,697.1500244140625,697.1500244140625,697.39501953125,697.010009765625,697.1900024414062,64336
2026-07-17 18:19:00+00:00,697.3900146484375,697.3900146484375,697.3900146484375,697.0,697.10498046875,50081
2026-07-17 18:20:00+00:00,696.958984375,696.958984375,697.4199829101562,696.8800048828125,697.3699951171875,56358
2026-07-17 18:21:00+00:00,697.0150146484375,697.0150146484375,697.1799926757812,696.8499755859375,696.97998046875,76234
2026-07-17 18:22:00+00:00,697.3499755859375,697.3499755859375,697.3499755859375,697.0150146484375,697.0150146484375,57468
2026-07-17 18:23:00+00:00,697.5900268554688,697.5900268554688,697.719970703125,697.2000122070312,697.3499755859375,85982
2026-07-17 18:24:00+00:00,697.1300048828125,697.1300048828125,697.619873046875,697.02001953125,697.619873046875,334799
2026-07-17 18:25:00+00:00,696.8900146484375,696.8900146484375,697.1799926757812,696.8200073242188,697.0900268554688,33625
2026-07-17 18:26:00+00:00,696.9400024414062,696.9400024414062,697.1799926757812,696.9000244140625,696.9400024414062,47224
2026-07-17 18:27:00+00:00,696.8400268554688,696.8400268554688,697.0050048828125,696.77001953125,696.969970703125,60876
2026-07-17 18:28:00+00:00,697.0999755859375,697.0999755859375,697.2550048828125,696.7849731445312,696.8800048828125,59013
2026-07-17 18:29:00+00:00,697.52001953125,697.52001953125,697.5700073242188,697.1400146484375,697.1400146484375,45078
2026-07-17 18:30:00+00:00,698.1400146484375,698.1400146484375,698.4199829101562,697.4000244140625,697.5,87527
2026-07-17 18:31:00+00:00,697.8300170898438,697.8300170898438,698.280029296875,697.8300170898438,698.1300048828125,79606
2026-07-17 18:32:00+00:00,697.3900146484375,697.3900146484375,697.9400024414062,697.2999877929688,697.7449951171875,64663
2026-07-17 18:33:00+00:00,697.0,697.0,697.625,696.969970703125,697.4299926757812,52891
2026-07-17 18:34:00+00:00,697.25,697.25,697.280029296875,696.8400268554688,697.010009765625,23003
2026-07-17 18:35:00+00:00,697.1799926757812,697.1799926757812,697.4299926757812,697.030029296875,697.25,30732
2026-07-17 18:36:00+00:00,697.3499755859375,697.3499755859375,697.530029296875,697.0999755859375,697.1799926757812,49023
2026-07-17 18:37:00+00:00,697.0750122070312,697.0750122070312,697.4398803710938,697.0700073242188,697.27001953125,17903
2026-07-17 18:38:00+00:00,697.2401123046875,697.2401123046875,697.3499755859375,696.97998046875,697.1400146484375,20695
2026-07-17 18:39:00+00:00,697.1199951171875,697.1199951171875,697.2578735351562,696.9600219726562,697.1799926757812,33443
2026-07-17 18:40:00+00:00,696.655029296875,696.655029296875,697.22998046875,696.6099853515625,697.2000122070312,85117
2026-07-17 18:41:00+00:00,696.5499877929688,696.5499877929688,696.7579956054688,696.4199829101562,696.6500244140625,49115
2026-07-17 18:42:00+00:00,696.3840942382812,696.3840942382812,696.9299926757812,696.2999877929688,696.5499877929688,53611
2026-07-17 18:43:00+00:00,696.2000122070312,696.2000122070312,696.5,696.1699829101562,696.3843994140625,212103
2026-07-17 18:44:00+00:00,696.4000244140625,696.4000244140625,696.52001953125,696.1199951171875,696.1900024414062,100137
2026-07-17 18:45:00+00:00,696.469970703125,696.469970703125,696.7100219726562,696.1400146484375,696.4000244140625,93986
2026-07-17 18:46:00+00:00,696.8699951171875,696.8699951171875,696.9000244140625,696.2949829101562,696.4849853515625,47249
2026-07-17 18:47:00+00:00,697.2999877929688,697.2999877929688,697.32958984375,696.719970703125,696.9199829101562,87153
2026-07-17 18:48:00+00:00,697.6599731445312,697.6599731445312,697.7100219726562,697.2000122070312,697.3300170898438,96651
2026-07-17 18:49:00+00:00,697.3300170898438,697.3300170898438,697.8200073242188,697.260009765625,697.5999755859375,58781
2026-07-17 18:50:00+00:00,697.155029296875,697.155029296875,697.4099731445312,696.9500122070312,697.2999877929688,105552
2026-07-17 18:51:00+00:00,697.3800048828125,697.3800048828125,697.5599975585938,697.1599731445312,697.1799926757812,34993
2026-07-17 18:52:00+00:00,697.4249877929688,697.4249877929688,697.5800170898438,697.25,697.3200073242188,43465
2026-07-17 18:53:00+00:00,697.7800903320312,697.7800903320312,697.9299926757812,697.4099731445312,697.4099731445312,89455
2026-07-17 18:54:00+00:00,698.1566162109375,698.1566162109375,698.1699829101562,697.5800170898438,697.8049926757812,33583
2026-07-17 18:55:00+00:00,698.0,698.0,698.25,697.969970703125,698.1696166992188,31990
2026-07-17 18:56:00+00:00,697.7899780273438,697.7899780273438,697.9810180664062,697.719970703125,697.9600219726562,33260
2026-07-17 18:57:00+00:00,697.9600219726562,697.9600219726562,698.0499267578125,697.47998046875,697.8300170898438,38162
2026-07-17 18:58:00+00:00,698.0153198242188,698.0153198242188,698.0599975585938,697.8699951171875,697.97998046875,16814
2026-07-17 18:59:00+00:00,697.7000122070312,697.7000122070312,698.123779296875,697.7000122070312,697.969970703125,34538
2026-07-17 19:00:00+00:00,697.5,697.5,697.8499755859375,697.4400024414062,697.6900024414062,39480
2026-07-17 19:01:00+00:00,697.3150024414062,697.3150024414062,697.5399780273438,697.1199951171875,697.4816284179688,54421
2026-07-17 19:02:00+00:00,697.0900268554688,697.0900268554688,697.4998779296875,697.068115234375,697.280029296875,33099
2026-07-17 19:03:00+00:00,697.3599853515625,697.3599853515625,697.3599853515625,696.9400024414062,697.0650024414062,36774
2026-07-17 19:04:00+00:00,697.4000244140625,697.4000244140625,697.6796264648438,697.2899780273438,697.41357421875,22245
2026-07-17 19:05:00+00:00,697.385009765625,697.385009765625,697.510009765625,697.1901245117188,697.510009765625,21873
2026-07-17 19:06:00+00:00,696.8400268554688,696.8400268554688,697.6199951171875,696.7999877929688,697.4310302734375,56432
2026-07-17 19:07:00+00:00,696.6900024414062,696.6900024414062,696.8800048828125,696.5700073242188,696.8599853515625,60770
2026-07-17 19:08:00+00:00,696.5299072265625,696.5299072265625,696.7755126953125,696.4400024414062,696.5499877929688,33449
2026-07-17 19:09:00+00:00,696.5800170898438,696.5800170898438,696.6799926757812,696.4299926757812,696.47998046875,30089
2026-07-17 19:10:00+00:00,696.344970703125,696.344970703125,696.6699829101562,696.2194213867188,696.5800170898438,44995
2026-07-17 19:11:00+00:00,696.0499877929688,696.0499877929688,696.3005981445312,695.8599853515625,696.3005981445312,110424
2026-07-17 19:12:00+00:00,695.7000122070312,695.7000122070312,696.1500244140625,695.6799926757812,696.0499877929688,90503
2026-07-17 19:13:00+00:00,695.5349731445312,695.5349731445312,695.8699951171875,695.5272827148438,695.7100219726562,54347
2026-07-17 19:14:00+00:00,695.25,695.25,695.5650024414062,695.1900024414062,695.5238037109375,73577
2026-07-17 19:15:00+00:00,695.0,695.0,695.4099731445312,694.9099731445312,695.2000122070312,213275
2026-07-17 19:16:00+00:00,694.727294921875,694.727294921875,695.25,694.727294921875,695.0499877929688,225509
2026-07-17 19:17:00+00:00,694.9400024414062,694.9400024414062,695.0549926757812,694.5999755859375,694.760009765625,108071
2026-07-17 19:18:00+00:00,694.9910278320312,694.9910278320312,695.3900146484375,694.9099731445312,694.9299926757812,74057
2026-07-17 19:19:00+00:00,695.4600219726562,695.4600219726562,695.5886840820312,695.0108032226562,695.0108032226562,47984
2026-07-17 19:20:00+00:00,695.2999877929688,695.2999877929688,695.4199829101562,695.02001953125,695.4199829101562,85720
2026-07-17 19:21:00+00:00,695.0700073242188,695.0700073242188,695.2899780273438,695.0349731445312,695.2899780273438,30639
2026-07-17 19:22:00+00:00,694.9299926757812,694.9299926757812,695.1199951171875,694.8099975585938,695.0999755859375,62634
2026-07-17 19:23:00+00:00,694.8900146484375,694.8900146484375,695.0798950195312,694.7999877929688,694.9600219726562,41471
2026-07-17 19:24:00+00:00,694.6099853515625,694.6099853515625,695.0700073242188,694.6099853515625,694.9000244140625,171212
2026-07-17 19:25:00+00:00,694.35498046875,694.35498046875,694.6799926757812,694.22998046875,694.5999755859375,83568
2026-07-17 19:26:00+00:00,694.7899780273438,694.7899780273438,694.8300170898438,694.280029296875,694.2999877929688,127690
2026-07-17 19:27:00+00:00,695.4099731445312,695.4099731445312,695.4349975585938,694.7000122070312,694.7999877929688,95650
2026-07-17 19:28:00+00:00,696.0,696.0,696.1300048828125,695.4199829101562,695.4199829101562,101523
2026-07-17 19:29:00+00:00,696.0900268554688,696.0900268554688,696.2999877929688,695.8900146484375,696.030029296875,73379
2026-07-17 19:30:00+00:00,696.4000244140625,696.4000244140625,697.25,696.1199951171875,696.1199951171875,236682
2026-07-17 19:31:00+00:00,696.719970703125,696.719970703125,696.8298950195312,696.0399780273438,696.280029296875,186780
2026-07-17 19:32:00+00:00,696.3400268554688,696.3400268554688,696.6799926757812,696.0800170898438,696.6799926757812,61223
2026-07-17 19:33:00+00:00,696.5399780273438,696.5399780273438,696.6099853515625,696.1699829101562,696.27001953125,107708
2026-07-17 19:34:00+00:00,696.239990234375,696.239990234375,696.7750244140625,696.1201171875,696.6599731445312,40857
2026-07-17 19:35:00+00:00,696.0800170898438,696.0800170898438,696.4299926757812,695.97998046875,696.22998046875,75432
2026-07-17 19:36:00+00:00,696.25,696.25,696.2999877929688,695.8599853515625,696.094970703125,33284
2026-07-17 19:37:00+00:00,696.5399780273438,696.5399780273438,696.8099975585938,696.0819702148438,696.2550048828125,69017
2026-07-17 19:38:00+00:00,696.010009765625,696.010009765625,696.5700073242188,696.0,696.5700073242188,85937
2026-07-17 19:39:00+00:00,695.405029296875,695.405029296875,696.0399780273438,695.4000244140625,695.969970703125,76250
2026-07-17 19:40:00+00:00,695.3400268554688,695.3400268554688,695.7999877929688,695.0800170898438,695.4099731445312,110383
2026-07-17 19:41:00+00:00,696.010009765625,696.010009765625,696.0700073242188,695.3499755859375,695.3599853515625,77111
2026-07-17 19:42:00+00:00,695.989990234375,695.989990234375,696.1300048828125,695.47998046875,695.97998046875,163795
2026-07-17 19:43:00+00:00,696.1300048828125,696.1300048828125,696.18701171875,695.9500122070312,696.02001953125,47682
2026-07-17 19:44:00+00:00,696.0900268554688,696.0900268554688,696.4000244140625,696.080078125,696.1199951171875,83765
2026-07-17 19:45:00+00:00,696.3099975585938,696.3099975585938,696.669921875,695.9600219726562,696.0800170898438,253009
2026-07-17 19:46:00+00:00,696.1400146484375,696.1400146484375,696.3699951171875,695.8699951171875,696.3200073242188,133934
2026-07-17 19:47:00+00:00,696.6300048828125,696.6300048828125,696.6699829101562,696.1599731445312,696.1599731445312,71603
2026-07-17 19:48:00+00:00,696.7199096679688,696.7199096679688,696.8499755859375,696.5599975585938,696.5999755859375,63661
2026-07-17 19:49:00+00:00,696.8200073242188,696.8200073242188,696.9000244140625,696.4000244140625,696.75,98206
2026-07-17 19:50:00+00:00,696.7150268554688,696.7150268554688,697.3499755859375,696.614990234375,696.8800048828125,242425
2026-07-17 19:51:00+00:00,697.3099975585938,697.3099975585938,697.5,696.6300048828125,696.6799926757812,132860
2026-07-17 19:52:00+00:00,696.8400268554688,696.8400268554688,697.3900146484375,696.6500244140625,697.2999877929688,206164
2026-07-17 19:53:00+00:00,696.8400268554688,696.8400268554688,697.02001953125,696.6799926757812,696.8200073242188,126755
2026-07-17 19:54:00+00:00,697.0900268554688,697.0900268554688,697.2698974609375,696.4600219726562,696.8300170898438,187153
2026-07-17 19:55:00+00:00,696.9199829101562,696.9199829101562,697.3099975585938,696.5900268554688,697.1099853515625,176237
2026-07-17 19:56:00+00:00,697.0900268554688,697.0900268554688,697.3499755859375,696.9149780273438,696.97998046875,112097
2026-07-17 19:57:00+00:00,696.5800170898438,696.5800170898438,697.1300048828125,696.52001953125,697.0800170898438,214317
2026-07-17 19:58:00+00:00,696.6400146484375,696.6400146484375,696.6599731445312,696.4199829101562,696.5800170898438,198406
2026-07-17 19:59:00+00:00,695.2999877929688,695.2999877929688,696.6199951171875,695.1699829101562,696.6099853515625,590703
2026-07-20 13:30:00+00:00,702.542724609375,702.542724609375,702.72998046875,701.780029296875,702.260009765625,1982804
2026-07-20 13:31:00+00:00,702.530029296875,702.530029296875,703.1325073242188,702.2999877929688,702.5250244140625,206039
2026-07-20 13:32:00+00:00,703.780029296875,703.780029296875,703.8599853515625,702.5399780273438,702.5650024414062,153267
2026-07-20 13:33:00+00:00,704.1199951171875,704.1199951171875,704.1300048828125,703.52001953125,703.739990234375,146129
2026-07-20 13:34:00+00:00,704.35498046875,704.35498046875,704.4000244140625,703.9199829101562,704.0800170898438,116131
2026-07-20 13:35:00+00:00,704.3300170898438,704.3300170898438,704.75,704.1699829101562,704.4400024414062,157387
2026-07-20 13:36:00+00:00,704.7525024414062,704.7525024414062,704.7525024414062,704.1799926757812,704.3099975585938,125499
2026-07-20 13:37:00+00:00,705.0050048828125,705.0050048828125,705.1694946289062,704.6799926757812,704.7449951171875,137686
2026-07-20 13:38:00+00:00,704.81201171875,704.81201171875,705.1599731445312,704.6699829101562,704.989990234375,116231
2026-07-20 13:39:00+00:00,704.2000122070312,704.2000122070312,704.8699951171875,704.0599975585938,704.7999877929688,171376
2026-07-20 13:40:00+00:00,704.2000122070312,704.2000122070312,704.6900024414062,704.125,704.22998046875,93273
2026-07-20 13:41:00+00:00,704.7100219726562,704.7100219726562,704.95947265625,704.2349853515625,704.3099975585938,81118
2026-07-20 13:42:00+00:00,705.0499877929688,705.0499877929688,705.1199951171875,704.6699829101562,704.6900024414062,120484
2026-07-20 13:43:00+00:00,705.489990234375,705.489990234375,705.5499877929688,704.9450073242188,704.969970703125,125836
2026-07-20 13:44:00+00:00,705.47998046875,705.47998046875,705.5,705.1900024414062,705.4600219726562,133694
2026-07-20 13:45:00+00:00,705.2600708007812,705.2600708007812,705.7999877929688,705.2600708007812,705.489990234375,168924
2026-07-20 13:46:00+00:00,705.0631103515625,705.0631103515625,705.489990234375,704.75,705.260009765625,150132
2026-07-20 13:47:00+00:00,704.6400146484375,704.6400146484375,705.0399780273438,704.530029296875,705.010009765625,152610
2026-07-20 13:48:00+00:00,704.5499877929688,704.5499877929688,704.77001953125,704.3720092773438,704.5999755859375,77624
2026-07-20 13:49:00+00:00,704.010009765625,704.010009765625,704.6699829101562,703.9199829101562,704.5700073242188,162507
2026-07-20 13:50:00+00:00,703.7100219726562,703.7100219726562,704.3499755859375,703.5474853515625,704.02001953125,102826
2026-07-20 13:51:00+00:00,702.9677734375,702.9677734375,703.77001953125,702.8499755859375,703.7017822265625,118677
2026-07-20 13:52:00+00:00,702.5800170898438,702.5800170898438,703.14501953125,701.9600219726562,702.9500122070312,230588
2026-07-20 13:53:00+00:00,702.4600219726562,702.4600219726562,702.6900024414062,701.8699951171875,702.5999755859375,119345
2026-07-20 13:54:00+00:00,702.7899780273438,702.7899780273438,702.9600219726562,702.3101196289062,702.47998046875,134399
2026-07-20 13:55:00+00:00,702.3800048828125,702.3800048828125,702.7999877929688,702.2000122070312,702.6599731445312,67412
2026-07-20 13:56:00+00:00,702.1400146484375,702.1400146484375,702.375,701.6500244140625,702.375,111045
2026-07-20 13:57:00+00:00,701.1400756835938,701.1400756835938,702.1400146484375,701.0700073242188,702.1400146484375,147385
2026-07-20 13:58:00+00:00,700.7849731445312,700.7849731445312,701.5599975585938,700.72998046875,701.1900024414062,133474
2026-07-20 13:59:00+00:00,701.0900268554688,701.0900268554688,701.260009765625,700.6599731445312,700.75,154416
2026-07-20 14:00:00+00:00,701.1300048828125,701.1300048828125,701.280029296875,700.6400146484375,701.0999755859375,123892
2026-07-20 14:01:00+00:00,700.8200073242188,700.8200073242188,701.2550048828125,700.27001953125,701.1799926757812,140436
2026-07-20 14:02:00+00:00,701.5800170898438,701.5800170898438,701.6749877929688,700.8099975585938,700.8300170898438,125271
2026-07-20 14:03:00+00:00,702.010009765625,702.010009765625,702.0399780273438,701.5399780273438,701.5499877929688,99966
2026-07-20 14:04:00+00:00,701.6900024414062,701.6900024414062,702.3599853515625,701.5499877929688,702.010009765625,109420
2026-07-20 14:05:00+00:00,701.47998046875,701.47998046875,701.8499755859375,701.3800048828125,701.6599731445312,69637
2026-07-20 14:06:00+00:00,701.22998046875,701.22998046875,701.5900268554688,701.0222778320312,701.3099975585938,53999
2026-07-20 14:07:00+00:00,701.489990234375,701.489990234375,701.6199951171875,700.77001953125,701.2899780273438,119796
2026-07-20 14:08:00+00:00,701.0850219726562,701.0850219726562,701.75,701.0150146484375,701.5399780273438,92720
2026-07-20 14:09:00+00:00,701.3800048828125,701.3800048828125,701.510009765625,700.8900146484375,701.1099853515625,192311
2026-07-20 14:10:00+00:00,700.27001953125,700.27001953125,701.3599853515625,700.1699829101562,701.3599853515625,77796
2026-07-20 14:11:00+00:00,700.0900268554688,700.0900268554688,700.7100219726562,699.8099975585938,700.3099975585938,108933
2026-07-20 14:12:00+00:00,699.8699951171875,699.8699951171875,700.25,699.6849975585938,700.0900268554688,163003
2026-07-20 14:13:00+00:00,700.3699951171875,700.3699951171875,700.419921875,699.6849975585938,699.8599853515625,105860
2026-07-20 14:14:00+00:00,700.5,700.5,700.9598999023438,700.260009765625,700.3699951171875,73555
2026-07-20 14:15:00+00:00,701.0999755859375,701.0999755859375,701.1199951171875,700.1099853515625,700.5,107252
2026-07-20 14:16:00+00:00,700.3074951171875,700.3074951171875,701.27001953125,700.1799926757812,701.1500244140625,99538
2026-07-20 14:17:00+00:00,699.9600219726562,699.9600219726562,700.3699951171875,699.9400024414062,700.3599853515625,58392
2026-07-20 14:18:00+00:00,700.3298950195312,700.3298950195312,700.3298950195312,699.6771240234375,699.989990234375,98045
2026-07-20 14:19:00+00:00,700.2199096679688,700.2199096679688,700.5855102539062,699.7100219726562,700.3099975585938,54566
2026-07-20 14:20:00+00:00,699.52197265625,699.52197265625,700.2999877929688,699.3200073242188,700.1799926757812,106619
2026-07-20 14:21:00+00:00,699.2899780273438,699.2899780273438,699.52001953125,698.9703979492188,699.4580078125,139240
2026-07-20 14:22:00+00:00,699.7899780273438,699.7899780273438,699.7999877929688,698.9099731445312,699.3200073242188,75024
2026-07-20 14:23:00+00:00,700.4600219726562,700.4600219726562,700.5599975585938,699.6500244140625,699.8200073242188,63052
2026-07-20 14:24:00+00:00,700.4000244140625,700.4000244140625,700.7999877929688,700.3900146484375,700.469970703125,58831
2026-07-20 14:25:00+00:00,701.04248046875,701.04248046875,701.1799926757812,700.2999877929688,700.3800048828125,64256
2026-07-20 14:26:00+00:00,701.2650146484375,701.2650146484375,701.4249877929688,700.7100219726562,701.0399780273438,70058
2026-07-20 14:27:00+00:00,700.9949951171875,700.9949951171875,701.47998046875,700.97802734375,701.260009765625,47054
2026-07-20 14:28:00+00:00,701.1599731445312,701.1599731445312,701.239990234375,700.635009765625,700.9550170898438,52847
2026-07-20 14:29:00+00:00,701.89501953125,701.89501953125,701.9299926757812,701.1500244140625,701.1599731445312,64233
2026-07-20 14:30:00+00:00,702.260009765625,702.260009765625,702.3599853515625,701.719970703125,701.8800048828125,91005
2026-07-20 14:31:00+00:00,701.75,701.75,702.280029296875,701.4600219726562,702.219970703125,66501
2026-07-20 14:32:00+00:00,701.4199829101562,701.4199829101562,701.9600219726562,700.9099731445312,701.8499755859375,56799
2026-07-20 14:33:00+00:00,701.1099853515625,701.1099853515625,701.3699951171875,700.9801025390625,701.3599853515625,31611
2026-07-20 14:34:00+00:00,701.239990234375,701.239990234375,701.4299926757812,700.739990234375,701.125,50602
2026-07-20 14:35:00+00:00,701.6494140625,701.6494140625,701.8099975585938,700.9400024414062,701.219970703125,53258
2026-07-20 14:36:00+00:00,700.9600219726562,700.9600219726562,701.7000122070312,700.9600219726562,701.6900024414062,52381
2026-07-20 14:37:00+00:00,701.030029296875,701.030029296875,701.2100219726562,700.635009765625,700.9500122070312,36340
2026-07-20 14:38:00+00:00,700.8400268554688,700.8400268554688,701.02001953125,700.5001220703125,701.0,39401
2026-07-20 14:39:00+00:00,700.9450073242188,700.9450073242188,701.219970703125,700.8049926757812,700.8900146484375,33617
2026-07-20 14:40:00+00:00,701.4199829101562,701.4199829101562,701.5499877929688,700.9099731445312,700.989990234375,40065
2026-07-20 14:41:00+00:00,700.6799926757812,700.6799926757812,701.5,700.5900268554688,701.4030151367188,46995
2026-07-20 14:42:00+00:00,700.6699829101562,700.6699829101562,701.0050048828125,700.5599975585938,700.6699829101562,26874
2026-07-20 14:43:00+00:00,700.1799926757812,700.1799926757812,700.864990234375,700.030029296875,700.6799926757812,56800
2026-07-20 14:44:00+00:00,700.3400268554688,700.3400268554688,700.57958984375,700.0399780273438,700.1599731445312,67269
2026-07-20 14:45:00+00:00,700.530029296875,700.530029296875,700.6300048828125,699.5501098632812,700.27001953125,98972
2026-07-20 14:46:00+00:00,701.02001953125,701.02001953125,701.239990234375,700.52001953125,700.5595092773438,75593
2026-07-20 14:47:00+00:00,700.0903930664062,700.0903930664062,701.1900024414062,700.0499877929688,700.97998046875,40105
2026-07-20 14:48:00+00:00,699.7600708007812,699.7600708007812,700.1829833984375,699.4299926757812,700.0401000976562,43479
2026-07-20 14:49:00+00:00,699.4400024414062,699.4400024414062,699.9299926757812,699.3800048828125,699.7899780273438,45214
2026-07-20 14:50:00+00:00,699.5499877929688,699.5499877929688,699.864990234375,699.260009765625,699.3400268554688,68932
2026-07-20 14:51:00+00:00,699.4598999023438,699.4598999023438,699.72998046875,699.2100219726562,699.5,52792
2026-07-20 14:52:00+00:00,699.0800170898438,699.0800170898438,699.760009765625,699.0202026367188,699.4299926757812,56769
2026-07-20 14:53:00+00:00,698.8800048828125,698.8800048828125,699.1500244140625,698.6900024414062,699.0217895507812,81706
2026-07-20 14:54:00+00:00,699.0399780273438,699.0399780273438,699.219970703125,698.8300170898438,698.9000244140625,41249
2026-07-20 14:55:00+00:00,699.2750244140625,699.2750244140625,699.2999267578125,698.760009765625,698.97998046875,53784
2026-07-20 14:56:00+00:00,698.4500122070312,698.4500122070312,699.4199829101562,698.3800048828125,699.25,67486
2026-07-20 14:57:00+00:00,698.6599731445312,698.6599731445312,698.6599731445312,698.2803955078125,698.530029296875,139847
2026-07-20 14:58:00+00:00,698.22998046875,698.22998046875,698.9600219726562,698.1599731445312,698.6500244140625,118923
2026-07-20 14:59:00+00:00,698.5399780273438,698.5399780273438,698.7899780273438,698.1099853515625,698.22998046875,69126
2026-07-20 15:00:00+00:00,698.9949951171875,698.9949951171875,699.0521850585938,698.0800170898438,698.510009765625,91594
2026-07-20 15:01:00+00:00,699.219970703125,699.219970703125,699.25,698.8699951171875,699.0549926757812,113002
2026-07-20 15:02:00+00:00,699.7349853515625,699.7349853515625,699.75,699.1900024414062,699.260009765625,74802
2026-07-20 15:03:00+00:00,699.4099731445312,699.4099731445312,700.0700073242188,699.3300170898438,699.780029296875,60124
2026-07-20 15:04:00+00:00,699.4000244140625,699.4000244140625,699.5999755859375,699.0499877929688,699.4249877929688,46947
2026-07-20 15:05:00+00:00,698.47998046875,698.47998046875,699.6599731445312,698.35498046875,699.2879028320312,46888
2026-07-20 15:06:00+00:00,699.114990234375,699.114990234375,699.1300048828125,698.5050048828125,698.5050048828125,31884
2026-07-20 15:07:00+00:00,699.7498779296875,699.7498779296875,699.8699951171875,699.010498046875,699.139892578125,38615
2026-07-20 15:08:00+00:00,700.2999877929688,700.2999877929688,700.719970703125,699.6599731445312,699.7498779296875,53125
2026-07-20 15:09:00+00:00,700.7999877929688,700.7999877929688,700.8098754882812,700.1400146484375,700.22998046875,64443
2026-07-20 15:10:00+00:00,700.0054931640625,700.0054931640625,700.8900146484375,700.0054931640625,700.7899780273438,50379
2026-07-20 15:11:00+00:00,699.8599853515625,699.8599853515625,700.0999755859375,699.5800170898438,700.0,29903
2026-07-20 15:12:00+00:00,699.77001953125,699.77001953125,700.219970703125,699.72998046875,699.914794921875,32980
2026-07-20 15:13:00+00:00,700.0999755859375,700.0999755859375,700.2000122070312,699.760009765625,699.7999877929688,30140
2026-07-20 15:14:00+00:00,699.7899780273438,699.7899780273438,700.2000122070312,699.6699829101562,700.1900024414062,27542
2026-07-20 15:15:00+00:00,700.280029296875,700.280029296875,700.3099975585938,699.4099731445312,699.905029296875,38494
2026-07-20 15:16:00+00:00,700.5549926757812,700.5549926757812,700.5700073242188,700.1546020507812,700.280029296875,41494
2026-07-20 15:17:00+00:00,700.9099731445312,700.9099731445312,701.0098266601562,700.6300048828125,700.7399291992188,20000
2026-07-20 15:18:00+00:00,700.8900146484375,700.8900146484375,701.030029296875,700.75,700.9451293945312,62110
2026-07-20 15:19:00+00:00,700.4500122070312,700.4500122070312,700.9099731445312,700.3400268554688,700.8499755859375,29562
2026-07-20 15:20:00+00:00,700.72998046875,700.72998046875,700.739990234375,700.1304931640625,700.4650268554688,38401
2026-07-20 15:21:00+00:00,701.0399780273438,701.0399780273438,701.1900024414062,700.77001953125,700.77001953125,46586
2026-07-20 15:22:00+00:00,701.22998046875,701.22998046875,701.25,700.97998046875,701.0399780273438,37113
2026-07-20 15:23:00+00:00,701.1900024414062,701.1900024414062,701.719970703125,701.1400146484375,701.22998046875,67023
2026-07-20 15:24:00+00:00,701.1849975585938,701.1849975585938,701.4450073242188,701.0900268554688,701.1900024414062,69184
2026-07-20 15:25:00+00:00,701.260009765625,701.260009765625,701.5,701.0,701.1900024414062,29361
2026-07-20 15:26:00+00:00,701.10009765625,701.10009765625,701.5750122070312,701.10009765625,701.190673828125,41980
2026-07-20 15:27:00+00:00,700.989990234375,700.989990234375,701.4498901367188,700.97900390625,701.0750122070312,44954
2026-07-20 15:28:00+00:00,700.4949951171875,700.4949951171875,701.0250244140625,700.4400024414062,700.969970703125,30164
2026-07-20 15:29:00+00:00,701.5399780273438,701.5399780273438,701.5399780273438,700.4199829101562,700.489990234375,40208
2026-07-20 15:30:00+00:00,701.719970703125,701.719970703125,701.719970703125,701.5,701.54052734375,181912
2026-07-20 15:31:00+00:00,701.8101196289062,701.8101196289062,701.8634033203125,701.6599731445312,701.72998046875,88212
2026-07-20 15:32:00+00:00,701.5751953125,701.5751953125,701.8499755859375,701.5650024414062,701.8099975585938,34964
2026-07-20 15:33:00+00:00,701.6900024414062,701.6900024414062,701.7092895507812,701.4400024414062,701.6599731445312,20251
2026-07-20 15:34:00+00:00,701.64501953125,701.64501953125,701.7899780273438,701.3961791992188,701.6749877929688,22349
2026-07-20 15:35:00+00:00,701.6400146484375,701.6400146484375,701.7899780273438,701.4000244140625,701.6500244140625,22301
2026-07-20 15:36:00+00:00,701.6799926757812,701.6799926757812,701.75,701.47998046875,701.5800170898438,17547
2026-07-20 15:37:00+00:00,701.2349853515625,701.2349853515625,701.72998046875,701.2349853515625,701.5999755859375,22089
2026-07-20 15:38:00+00:00,701.3900146484375,701.3900146484375,701.4400024414062,701.1749877929688,701.2999877929688,44114
2026-07-20 15:39:00+00:00,701.1099853515625,701.1099853515625,701.614990234375,701.0999755859375,701.4299926757812,24733
2026-07-20 15:40:00+00:00,700.9600219726562,700.9600219726562,701.14501953125,700.7999877929688,701.1400146484375,26114
2026-07-20 15:41:00+00:00,701.3010864257812,701.3010864257812,701.4400024414062,700.969970703125,700.969970703125,26632
2026-07-20 15:42:00+00:00,701.6300048828125,701.6300048828125,701.8300170898438,701.280029296875,701.280029296875,50186
2026-07-20 15:43:00+00:00,701.4299926757812,701.4299926757812,701.9500122070312,701.364990234375,701.6799926757812,26962
2026-07-20 15:44:00+00:00,701.7899780273438,701.7899780273438,701.7899780273438,701.27001953125,701.27001953125,23752
2026-07-20 15:45:00+00:00,701.5399780273438,701.5399780273438,701.8900146484375,701.340087890625,701.8099975585938,34882
2026-07-20 15:46:00+00:00,701.5499877929688,701.5499877929688,701.7077026367188,701.3800048828125,701.530029296875,122797
2026-07-20 15:47:00+00:00,701.1400146484375,701.1400146484375,701.72998046875,700.9400024414062,701.5859985351562,45657
2026-07-20 15:48:00+00:00,700.7700805664062,700.7700805664062,701.0999755859375,700.6802978515625,701.0999755859375,32500
2026-07-20 15:49:00+00:00,700.7996826171875,700.7996826171875,701.0399780273438,700.6099853515625,700.7849731445312,38156
2026-07-20 15:50:00+00:00,700.989990234375,700.989990234375,701.017822265625,700.5399780273438,700.780029296875,37958
2026-07-20 15:51:00+00:00,701.5599975585938,701.5599975585938,701.7000122070312,700.969970703125,700.9949951171875,46008
2026-07-20 15:52:00+00:00,701.6148071289062,701.6148071289062,701.7374267578125,701.4299926757812,701.5900268554688,26441
2026-07-20 15:53:00+00:00,702.0531005859375,702.0531005859375,702.1199951171875,701.5999755859375,701.5999755859375,32623
2026-07-20 15:54:00+00:00,702.2050170898438,702.2050170898438,702.47998046875,702.02001953125,702.0650024414062,50569
2026-07-20 15:55:00+00:00,702.5,702.5,702.5599975585938,702.2349853515625,702.25,42626
2026-07-20 15:56:00+00:00,702.6699829101562,702.6699829101562,702.6699829101562,702.4000244140625,702.5,70601
2026-07-20 15:57:00+00:00,702.4600219726562,702.4600219726562,702.6900024414062,702.27001953125,702.659423828125,36164
2026-07-20 15:58:00+00:00,702.4735717773438,702.4735717773438,702.6699829101562,702.219970703125,702.4000244140625,35819
2026-07-20 15:59:00+00:00,702.3800048828125,702.3800048828125,702.6099853515625,702.2800903320312,702.52001953125,18624
2026-07-20 16:00:00+00:00,702.5850219726562,702.5850219726562,702.739990234375,702.2999877929688,702.409912109375,28635
2026-07-20 16:01:00+00:00,702.3099975585938,702.3099975585938,702.7999877929688,702.3099975585938,702.6300048828125,37602
2026-07-20 16:02:00+00:00,701.969970703125,701.969970703125,702.3499145507812,701.8400268554688,702.2999877929688,45297
2026-07-20 16:03:00+00:00,702.5700073242188,702.5700073242188,702.5839233398438,701.8353881835938,701.97998046875,30445
2026-07-20 16:04:00+00:00,702.7299194335938,702.7299194335938,702.77001953125,702.551025390625,702.5800170898438,28321
2026-07-20 16:05:00+00:00,703.3599853515625,703.3599853515625,703.47998046875,702.727783203125,702.72998046875,102052
2026-07-20 16:06:00+00:00,703.5399780273438,703.5399780273438,703.5399780273438,703.156005859375,703.3599853515625,39050
2026-07-20 16:07:00+00:00,703.596923828125,703.596923828125,703.6400146484375,703.4107055664062,703.5399780273438,43870
2026-07-20 16:08:00+00:00,703.5900268554688,703.5900268554688,703.7000122070312,703.5399780273438,703.6599731445312,30979
2026-07-20 16:09:00+00:00,703.6699829101562,703.6699829101562,703.719970703125,703.510009765625,703.6199951171875,36812
2026-07-20 16:10:00+00:00,703.8200073242188,703.8200073242188,703.9400024414062,703.6138916015625,703.6699829101562,53526
2026-07-20 16:11:00+00:00,703.77001953125,703.77001953125,703.9199829101562,703.6500244140625,703.8300170898438,57222
2026-07-20 16:12:00+00:00,703.8200073242188,703.8200073242188,704.02001953125,703.75,703.780029296875,50837
2026-07-20 16:13:00+00:00,703.6300048828125,703.6300048828125,703.9000244140625,703.489990234375,703.7938842773438,47769
2026-07-20 16:14:00+00:00,703.719970703125,703.719970703125,703.739990234375,703.469970703125,703.5800170898438,37124
2026-07-20 16:15:00+00:00,703.3300170898438,703.3300170898438,703.8200073242188,703.3200073242188,703.7899780273438,73395
2026-07-20 16:16:00+00:00,703.2949829101562,703.2949829101562,703.4000244140625,703.2100219726562,703.2807006835938,30863
2026-07-20 16:17:00+00:00,703.5399780273438,703.5399780273438,703.5449829101562,703.239990234375,703.2899780273438,48311
2026-07-20 16:18:00+00:00,703.6099853515625,703.6099853515625,703.7000122070312,703.4008178710938,703.5700073242188,35704
2026-07-20 16:19:00+00:00,703.6500244140625,703.6500244140625,703.7100219726562,703.5150146484375,703.6500244140625,12505
2026-07-20 16:20:00+00:00,703.8300170898438,703.8300170898438,703.8300170898438,703.5499877929688,703.6900024414062,155199
2026-07-20 16:21:00+00:00,703.6199951171875,703.6199951171875,703.8499755859375,703.5599975585938,703.8101196289062,22089
2026-07-20 16:22:00+00:00,703.6849975585938,703.6849975585938,703.7449951171875,703.5599975585938,703.6500244140625,14432
2026-07-20 16:23:00+00:00,703.780029296875,703.780029296875,703.7999877929688,703.5900268554688,703.655029296875,24199
2026-07-20 16:24:00+00:00,703.5449829101562,703.5449829101562,703.8298950195312,703.4199829101562,703.7249755859375,36673
2026-07-20 16:25:00+00:00,703.1199951171875,703.1199951171875,703.6799926757812,702.9736938476562,703.5800170898438,96019
2026-07-20 16:26:00+00:00,703.0399780273438,703.0399780273438,703.0900268554688,702.8200073242188,703.0900268554688,340656
2026-07-20 16:27:00+00:00,703.0800170898438,703.0800170898438,703.239990234375,702.9749755859375,703.0399780273438,27752
2026-07-20 16:28:00+00:00,702.9299926757812,702.9299926757812,703.0858764648438,702.8679809570312,703.0858764648438,21060
2026-07-20 16:29:00+00:00,703.1873779296875,703.1873779296875,703.219970703125,702.9299926757812,702.9500732421875,17241
2026-07-20 16:30:00+00:00,703.130126953125,703.130126953125,703.5399780273438,703.0599975585938,703.260009765625,477570
2026-07-20 16:31:00+00:00,703.0449829101562,703.0449829101562,703.219970703125,702.9450073242188,703.110107421875,24210
2026-07-20 16:32:00+00:00,702.739990234375,702.739990234375,703.0999755859375,702.7000122070312,703.0999755859375,49504
2026-07-20 16:33:00+00:00,702.3348999023438,702.3348999023438,702.7899780273438,702.3099975585938,702.72998046875,26831
2026-07-20 16:34:00+00:00,702.25,702.25,702.52001953125,702.2100219726562,702.2899780273438,47549
2026-07-20 16:35:00+00:00,702.5,702.5,702.530029296875,702.22998046875,702.22998046875,19534
2026-07-20 16:36:00+00:00,702.4099731445312,702.4099731445312,702.5,702.3200073242188,702.4299926757812,15656
2026-07-20 16:37:00+00:00,702.7100219726562,702.7100219726562,702.7100219726562,702.1900024414062,702.3599853515625,36252
2026-07-20 16:38:00+00:00,702.5499877929688,702.5499877929688,702.7650146484375,702.3699951171875,702.707275390625,12843
2026-07-20 16:39:00+00:00,702.9349975585938,702.9349975585938,702.9500122070312,702.4400024414062,702.5150146484375,17725
2026-07-20 16:40:00+00:00,702.8250122070312,702.8250122070312,703.1400146484375,702.72998046875,702.9349975585938,33713
2026-07-20 16:41:00+00:00,701.4400024414062,701.4400024414062,702.9598999023438,700.3099975585938,702.7899780273438,325358
2026-07-20 16:42:00+00:00,701.5599975585938,701.5599975585938,701.9299926757812,701.260009765625,701.5,58288
2026-07-20 16:43:00+00:00,701.6799926757812,701.6799926757812,701.7999877929688,701.469970703125,701.5499877929688,23604
2026-07-20 16:44:00+00:00,701.2999877929688,701.2999877929688,701.780029296875,701.0800170898438,701.6300048828125,58782
2026-07-20 16:45:00+00:00,701.1599731445312,701.1599731445312,701.3300170898438,701.0648193359375,701.219970703125,24225
2026-07-20 16:46:00+00:00,701.7119750976562,701.7119750976562,701.7628173828125,700.989990234375,701.218505859375,55068
2026-07-20 16:47:00+00:00,702.0800170898438,702.0800170898438,702.1594848632812,701.719970703125,701.72998046875,31110
2026-07-20 16:48:00+00:00,702.0,702.0,702.2000122070312,701.9299926757812,702.1094970703125,227192
2026-07-20 16:49:00+00:00,702.3800048828125,702.3800048828125,702.4000244140625,702.02001953125,702.0399780273438,25274
2026-07-20 16:50:00+00:00,701.8800048828125,701.8800048828125,702.39990234375,701.7000122070312,702.3699951171875,37623
2026-07-20 16:51:00+00:00,701.47998046875,701.47998046875,702.030029296875,701.3400268554688,701.8900146484375,31463
2026-07-20 16:52:00+00:00,701.3399047851562,701.3399047851562,701.5449829101562,701.1300048828125,701.4600219726562,35516
2026-07-20 16:53:00+00:00,701.2750244140625,701.2750244140625,701.3200073242188,701.030029296875,701.3049926757812,18798
2026-07-20 16:54:00+00:00,700.630126953125,700.630126953125,701.260009765625,700.5850219726562,701.260009765625,56892
2026-07-20 16:55:00+00:00,700.739990234375,700.739990234375,700.7899780273438,700.4199829101562,700.5900268554688,331693
2026-07-20 16:56:00+00:00,700.1799926757812,700.1799926757812,700.7550048828125,700.155029296875,700.72998046875,67682
2026-07-20 16:57:00+00:00,700.4199829101562,700.4199829101562,700.52001953125,700.1400146484375,700.1699829101562,62791
2026-07-20 16:58:00+00:00,700.5449829101562,700.5449829101562,700.77001953125,700.489990234375,700.5100708007812,32554
2026-07-20 16:59:00+00:00,700.8200073242188,700.8200073242188,700.9099731445312,700.47998046875,700.489990234375,71250
2026-07-20 17:00:00+00:00,700.9979858398438,700.9979858398438,701.1599731445312,700.6900024414062,700.7899780273438,24946
2026-07-20 17:01:00+00:00,700.239990234375,700.239990234375,701.0700073242188,700.1599731445312,701.02001953125,52655
2026-07-20 17:02:00+00:00,700.3499755859375,700.3499755859375,700.4299926757812,700.1099853515625,700.2999877929688,24920
2026-07-20 17:03:00+00:00,700.435791015625,700.435791015625,700.489990234375,700.2100219726562,700.4298706054688,15485
2026-07-20 17:04:00+00:00,700.25,700.25,700.4500122070312,700.2349853515625,700.4400024414062,20176
2026-07-20 17:05:00+00:00,700.0700073242188,700.0700073242188,700.3049926757812,699.8800048828125,700.2301025390625,39667
2026-07-20 17:06:00+00:00,700.0999755859375,700.0999755859375,700.1900024414062,699.780029296875,700.0549926757812,18869
2026-07-20 17:07:00+00:00,699.9299926757812,699.9299926757812,700.22998046875,699.9299926757812,700.1900024414062,18384
2026-07-20 17:08:00+00:00,699.8900146484375,699.8900146484375,699.9600219726562,699.6749877929688,699.9307861328125,28117
2026-07-20 17:09:00+00:00,700.3200073242188,700.3200073242188,700.4398803710938,699.905029296875,699.9099731445312,30112
2026-07-20 17:10:00+00:00,699.8200073242188,699.8200073242188,700.4600219726562,699.739990234375,700.3599853515625,30366
2026-07-20 17:11:00+00:00,699.8350219726562,699.8350219726562,699.8699951171875,699.7100830078125,699.8499755859375,25277
2026-07-20 17:12:00+00:00,699.760009765625,699.760009765625,699.8499755859375,699.655029296875,699.8200073242188,58944
2026-07-20 17:13:00+00:00,699.6900024414062,699.6900024414062,699.9099731445312,699.510009765625,699.74951171875,19884
2026-07-20 17:14:00+00:00,699.405029296875,699.405029296875,699.6900024414062,699.2949829101562,699.6699829101562,34517
2026-07-20 17:15:00+00:00,699.0750122070312,699.0750122070312,699.3699951171875,699.030029296875,699.3699951171875,44299
2026-07-20 17:16:00+00:00,699.14501953125,699.14501953125,699.2899780273438,699.0599975585938,699.0999755859375,37719
2026-07-20 17:17:00+00:00,699.6699829101562,699.6699829101562,699.7700805664062,699.1699829101562,699.1699829101562,51402
2026-07-20 17:18:00+00:00,700.0599975585938,700.0599975585938,700.0599975585938,699.760009765625,699.77001953125,33543
2026-07-20 17:19:00+00:00,700.1400146484375,700.1400146484375,700.2000122070312,699.9099731445312,700.0595092773438,43691
2026-07-20 17:20:00+00:00,700.02001953125,700.02001953125,700.14501953125,699.7800903320312,700.0700073242188,42883
2026-07-20 17:21:00+00:00,700.239990234375,700.239990234375,700.2979125976562,699.9600219726562,700.030029296875,37734
2026-07-20 17:22:00+00:00,700.3499755859375,700.3499755859375,700.5800170898438,700.2449951171875,700.2449951171875,45443
2026-07-20 17:23:00+00:00,700.4500122070312,700.4500122070312,700.5349731445312,700.219970703125,700.3480224609375,49474
2026-07-20 17:24:00+00:00,700.1500244140625,700.1500244140625,700.4600219726562,700.0399780273438,700.4204711914062,41892
2026-07-20 17:25:00+00:00,700.3900146484375,700.3900146484375,700.3900146484375,700.0,700.1199951171875,42604
2026-07-20 17:26:00+00:00,700.52001953125,700.52001953125,700.52001953125,700.1300048828125,700.4199829101562,19427
2026-07-20 17:27:00+00:00,699.9006958007812,699.9006958007812,700.5250244140625,699.8300170898438,700.47998046875,27480
2026-07-20 17:28:00+00:00,700.0,700.0,700.0,699.8300170898438,699.9299926757812,15278
2026-07-20 17:29:00+00:00,700.1530151367188,700.1530151367188,700.22998046875,699.9500122070312,700.0,22273
2026-07-20 17:30:00+00:00,700.1199951171875,700.1199951171875,700.3099975585938,699.8900146484375,700.1599731445312,31524
2026-07-20 17:31:00+00:00,699.969970703125,699.969970703125,700.1099853515625,699.8900146484375,700.0700073242188,9051
2026-07-20 17:32:00+00:00,700.239990234375,700.239990234375,700.260009765625,699.8800048828125,700.0,43234
2026-07-20 17:33:00+00:00,700.0700073242188,700.0700073242188,700.3699951171875,700.0335083007812,700.3099975585938,16515
2026-07-20 17:34:00+00:00,700.1300048828125,700.1300048828125,700.4199829101562,700.0499877929688,700.0676879882812,9682
2026-07-20 17:35:00+00:00,700.335693359375,700.335693359375,700.515380859375,700.0150146484375,700.1300048828125,22813
2026-07-20 17:36:00+00:00,699.9400024414062,699.9400024414062,700.4033203125,699.8607788085938,700.3699951171875,16749
2026-07-20 17:37:00+00:00,699.9249877929688,699.9249877929688,700.02001953125,699.8099975585938,699.9099731445312,31913
2026-07-20 17:38:00+00:00,699.8300170898438,699.8300170898438,699.989990234375,699.77001953125,699.989990234375,32626
2026-07-20 17:39:00+00:00,699.8109130859375,699.8109130859375,700.1099853515625,699.7800903320312,699.8599853515625,19001
2026-07-20 17:40:00+00:00,699.5050048828125,699.5050048828125,699.8900146484375,699.4136962890625,699.8599853515625,38773
2026-07-20 17:41:00+00:00,699.4140014648438,699.4140014648438,699.5399780273438,699.1799926757812,699.5,31808
2026-07-20 17:42:00+00:00,699.3049926757812,699.3049926757812,699.4199829101562,699.1500244140625,699.3900146484375,20487
2026-07-20 17:43:00+00:00,698.9000244140625,698.9000244140625,699.3900146484375,698.7999877929688,699.2849731445312,48907
2026-07-20 17:44:00+00:00,699.030029296875,699.030029296875,699.0499877929688,698.8099975585938,698.89501953125,31123
2026-07-20 17:45:00+00:00,699.6950073242188,699.6950073242188,699.7100219726562,698.989990234375,699.0150146484375,31885
2026-07-20 17:46:00+00:00,699.614990234375,699.614990234375,699.9000244140625,699.4199829101562,699.7050170898438,29851
2026-07-20 17:47:00+00:00,699.7901000976562,699.7901000976562,699.7999877929688,699.530029296875,699.530029296875,12044
2026-07-20 17:48:00+00:00,700.02001953125,700.02001953125,700.1083984375,699.8099975585938,699.8300170898438,20626
2026-07-20 17:49:00+00:00,699.8900146484375,699.8900146484375,700.0299072265625,699.7100219726562,699.989990234375,13973
2026-07-20 17:50:00+00:00,700.0062255859375,700.0062255859375,700.1649780273438,699.7941284179688,699.8201293945312,26600
2026-07-20 17:51:00+00:00,700.3201293945312,700.3201293945312,700.3499755859375,699.8300170898438,700.0,15200
2026-07-20 17:52:00+00:00,700.5999755859375,700.5999755859375,700.6500244140625,700.2949829101562,700.2999877929688,44306
2026-07-20 17:53:00+00:00,700.5800170898438,700.5800170898438,700.6199951171875,700.4099731445312,700.5700073242188,27919
2026-07-20 17:54:00+00:00,700.4600219726562,700.4600219726562,700.739990234375,700.4600219726562,700.5900268554688,35130
2026-07-20 17:55:00+00:00,700.3900146484375,700.3900146484375,700.4447021484375,700.1699829101562,700.412109375,14989
2026-07-20 17:56:00+00:00,699.9400024414062,699.9400024414062,700.375,699.763671875,700.375,25567
2026-07-20 17:57:00+00:00,700.2000122070312,700.2000122070312,700.344970703125,700.010009765625,700.0599975585938,47627
2026-07-20 17:58:00+00:00,700.080078125,700.080078125,700.4199829101562,700.010009765625,700.2498779296875,24132
2026-07-20 17:59:00+00:00,700.14990234375,700.14990234375,700.14990234375,699.9400024414062,700.0499877929688,18557
2026-07-20 18:00:00+00:00,700.6300048828125,700.6300048828125,700.6300048828125,700.2695922851562,700.27001953125,25407
2026-07-20 18:01:00+00:00,700.9100952148438,700.9100952148438,700.9334106445312,700.5905151367188,700.6060791015625,67324
2026-07-20 18:02:00+00:00,700.8800048828125,700.8800048828125,700.9600219726562,700.6099853515625,700.8900146484375,153166
2026-07-20 18:03:00+00:00,700.5593872070312,700.5593872070312,701.0,700.4099731445312,700.8800048828125,33498
2026-07-20 18:04:00+00:00,700.469970703125,700.469970703125,700.5349731445312,700.3150024414062,700.5349731445312,273341
2026-07-20 18:05:00+00:00,700.52001953125,700.52001953125,700.6699829101562,700.3800048828125,700.47998046875,28769
2026-07-20 18:06:00+00:00,700.5750122070312,700.5750122070312,700.5999755859375,700.219970703125,700.4500122070312,12028
2026-07-20 18:07:00+00:00,700.4450073242188,700.4450073242188,700.6400146484375,700.390380859375,700.6099853515625,13456
2026-07-20 18:08:00+00:00,700.42138671875,700.42138671875,700.4600219726562,700.1500244140625,700.3599853515625,13171
2026-07-20 18:09:00+00:00,700.909912109375,700.909912109375,700.909912109375,700.4500122070312,700.4500122070312,85165
2026-07-20 18:10:00+00:00,700.8800048828125,700.8800048828125,701.010009765625,700.7100219726562,700.9249877929688,30900
2026-07-20 18:11:00+00:00,700.7999877929688,700.7999877929688,700.9600219726562,700.635009765625,700.9600219726562,9879
2026-07-20 18:12:00+00:00,701.0700073242188,701.0700073242188,701.219970703125,700.7949829101562,700.8300170898438,25957
2026-07-20 18:13:00+00:00,701.0900268554688,701.0900268554688,701.2000122070312,701.0499877929688,701.0700073242188,17715
2026-07-20 18:14:00+00:00,700.9901123046875,700.9901123046875,701.1500244140625,700.97998046875,701.1300048828125,13662
2026-07-20 18:15:00+00:00,700.8900146484375,700.8900146484375,701.02001953125,700.8499755859375,700.989990234375,20522
2026-07-20 18:16:00+00:00,700.989990234375,700.989990234375,701.0399780273438,700.7050170898438,700.9100952148438,27928
2026-07-20 18:17:00+00:00,701.1170043945312,701.1170043945312,701.3900146484375,701.010009765625,701.010009765625,31446
2026-07-20 18:18:00+00:00,700.8900146484375,700.8900146484375,701.1400146484375,700.7601928710938,701.1199951171875,16603
2026-07-20 18:19:00+00:00,701.0,701.0,701.0399780273438,700.7949829101562,700.9500122070312,12252
2026-07-20 18:20:00+00:00,700.7449951171875,700.7449951171875,701.072998046875,700.7235107421875,701.030029296875,28021
2026-07-20 18:21:00+00:00,700.6240234375,700.6240234375,700.8150024414062,700.2999877929688,700.7200927734375,74542
2026-07-20 18:22:00+00:00,700.3099975585938,700.3099975585938,700.5795288085938,700.1801147460938,700.5700073242188,36138
2026-07-20 18:23:00+00:00,700.1199951171875,700.1199951171875,700.3499755859375,699.9099731445312,700.2999877929688,27009
2026-07-20 18:24:00+00:00,699.7391967773438,699.7391967773438,700.1199951171875,699.7391967773438,700.0599975585938,21316
2026-07-20 18:25:00+00:00,700.22998046875,700.22998046875,700.2399291992188,699.5599975585938,699.760009765625,40463
2026-07-20 18:26:00+00:00,700.162109375,700.162109375,700.32080078125,700.1300048828125,700.2391967773438,26489
2026-07-20 18:27:00+00:00,700.14501953125,700.14501953125,700.280029296875,700.030029296875,700.260009765625,18780
2026-07-20 18:28:00+00:00,700.3200073242188,700.3200073242188,700.3800048828125,699.97998046875,700.0800170898438,22321
2026-07-20 18:29:00+00:00,699.9346923828125,699.9346923828125,700.5,699.9299926757812,700.3099975585938,22048
2026-07-20 18:30:00+00:00,699.3400268554688,699.3400268554688,699.9598999023438,699.3099975585938,699.9500122070312,40651
2026-07-20 18:31:00+00:00,699.4299926757812,699.4299926757812,699.489990234375,699.239990234375,699.4000244140625,39782
2026-07-20 18:32:00+00:00,699.5198974609375,699.5198974609375,699.5800170898438,699.2999877929688,699.5,28918
2026-07-20 18:33:00+00:00,699.1901245117188,699.1901245117188,699.4500122070312,699.0900268554688,699.4299926757812,28557
2026-07-20 18:34:00+00:00,698.9400024414062,698.9400024414062,699.2050170898438,698.6599731445312,699.2050170898438,0
2026-07-20 18:35:00+00:00,699.3599853515625,699.3599853515625,699.489990234375,698.9099731445312,698.9099731445312,37882
2026-07-20 18:36:00+00:00,699.7698974609375,699.7698974609375,699.8792724609375,699.3699951171875,699.3900146484375,36929
2026-07-20 18:37:00+00:00,699.3817138671875,699.3817138671875,699.9000244140625,699.3817138671875,699.7750854492188,56778
2026-07-20 18:38:00+00:00,699.1900024414062,699.1900024414062,699.6300048828125,699.1699829101562,699.4000244140625,22168
2026-07-20 18:39:00+00:00,698.9249267578125,698.9249267578125,699.2000122070312,698.7100219726562,699.2000122070312,22688
2026-07-20 18:40:00+00:00,698.60498046875,698.60498046875,699.0700073242188,698.60498046875,698.9500122070312,74798
2026-07-20 18:41:00+00:00,698.5,698.5,698.5578002929688,698.219970703125,698.5578002929688,80209
2026-07-20 18:42:00+00:00,698.3890991210938,698.3890991210938,698.5399780273438,698.22998046875,698.510009765625,92171
2026-07-20 18:43:00+00:00,698.2100219726562,698.2100219726562,698.47998046875,698.0499877929688,698.459716796875,96954
2026-07-20 18:44:00+00:00,697.8099975585938,697.8099975585938,698.3200073242188,697.7999877929688,698.2000122070312,68940
2026-07-20 18:45:00+00:00,697.9400024414062,697.9400024414062,698.0800170898438,697.72998046875,697.8306274414062,61896
2026-07-20 18:46:00+00:00,698.3800048828125,698.3800048828125,698.4500122070312,697.8499755859375,697.969970703125,78706
2026-07-20 18:47:00+00:00,698.3735961914062,698.3735961914062,698.5599975585938,698.2449951171875,698.4099731445312,36039
2026-07-20 18:48:00+00:00,698.27001953125,698.27001953125,698.4299926757812,698.2100219726562,698.3800048828125,47912
2026-07-20 18:49:00+00:00,698.1199951171875,698.1199951171875,698.4199829101562,698.030029296875,698.2550048828125,41660
2026-07-20 18:50:00+00:00,698.3200073242188,698.3200073242188,698.405029296875,697.9099731445312,698.0900268554688,76029
2026-07-20 18:51:00+00:00,698.1900024414062,698.1900024414062,698.3499755859375,698.0800170898438,698.2100219726562,24768
2026-07-20 18:52:00+00:00,698.4000244140625,698.4000244140625,698.4299926757812,698.1550903320312,698.25,57789
2026-07-20 18:53:00+00:00,698.5499877929688,698.5499877929688,698.5770263671875,698.2999877929688,698.3200073242188,44128
2026-07-20 18:54:00+00:00,698.60498046875,698.60498046875,698.7899780273438,698.47998046875,698.5700073242188,45914
2026-07-20 18:55:00+00:00,698.6099853515625,698.6099853515625,698.6599731445312,698.469970703125,698.5900268554688,41289
2026-07-20 18:56:00+00:00,698.4600219726562,698.4600219726562,698.7100219726562,698.4099731445312,698.7000122070312,28691
2026-07-20 18:57:00+00:00,698.0499877929688,698.0499877929688,698.4450073242188,698.0499877929688,698.4299926757812,39578
2026-07-20 18:58:00+00:00,697.97998046875,697.97998046875,698.0599975585938,697.719970703125,698.030029296875,30522
2026-07-20 18:59:00+00:00,698.0700073242188,698.0700073242188,698.2899780273438,698.0150146484375,698.02001953125,28366
2026-07-20 19:00:00+00:00,698.6099853515625,698.6099853515625,698.6400146484375,698.0399780273438,698.0900268554688,136291
2026-07-20 19:01:00+00:00,698.510009765625,698.510009765625,698.6799926757812,698.3499755859375,698.6500244140625,50338
2026-07-20 19:02:00+00:00,697.760009765625,697.760009765625,698.5399780273438,697.760009765625,698.52001953125,46877
2026-07-20 19:03:00+00:00,697.4600219726562,697.4600219726562,697.7899780273438,697.4400024414062,697.77001953125,92734
2026-07-20 19:04:00+00:00,697.4650268554688,697.4650268554688,697.5999755859375,697.27001953125,697.4299926757812,50760
2026-07-20 19:05:00+00:00,697.280029296875,697.280029296875,697.7100219726562,697.2000122070312,697.4749755859375,185085
2026-07-20 19:06:00+00:00,697.64501953125,697.64501953125,697.6900024414062,697.1300048828125,697.27001953125,70861
2026-07-20 19:07:00+00:00,697.6400146484375,697.6400146484375,697.6400146484375,697.3900146484375,697.635009765625,93260
2026-07-20 19:08:00+00:00,697.4500122070312,697.4500122070312,697.6300048828125,697.405029296875,697.6300048828125,62104
2026-07-20 19:09:00+00:00,697.5250244140625,697.5250244140625,697.75,697.4099731445312,697.4099731445312,67255
2026-07-20 19:10:00+00:00,698.1099853515625,698.1099853515625,698.25,697.4500122070312,697.52001953125,48994
2026-07-20 19:11:00+00:00,697.4400024414062,697.4400024414062,698.046875,697.280029296875,698.046875,48354
2026-07-20 19:12:00+00:00,697.22900390625,697.22900390625,697.5499877929688,697.219970703125,697.4400024414062,29537
2026-07-20 19:13:00+00:00,696.72998046875,696.72998046875,697.1849975585938,696.6599731445312,697.1799926757812,147397
2026-07-20 19:14:00+00:00,696.5599975585938,696.5599975585938,696.8300170898438,696.5399780273438,696.7100219726562,58517
2026-07-20 19:15:00+00:00,696.7675170898438,696.7675170898438,696.8699951171875,696.260009765625,696.5748291015625,134488
2026-07-20 19:16:00+00:00,696.9000244140625,696.9000244140625,696.9099731445312,696.5999755859375,696.77001953125,46829
2026-07-20 19:17:00+00:00,696.780029296875,696.780029296875,697.1900024414062,696.4158935546875,696.9600219726562,44664
2026-07-20 19:18:00+00:00,696.868408203125,696.868408203125,696.9099731445312,696.63623046875,696.7999877929688,161082
2026-07-20 19:19:00+00:00,696.719970703125,696.719970703125,697.02001953125,696.7100830078125,696.89501953125,41644
2026-07-20 19:20:00+00:00,696.5,696.5,697.0,696.4788208007812,696.72998046875,44809
2026-07-20 19:21:00+00:00,696.4849853515625,696.4849853515625,696.739990234375,696.4400024414062,696.5,47551
2026-07-20 19:22:00+00:00,696.5499877929688,696.5499877929688,696.7899169921875,696.4902954101562,696.5,44761
2026-07-20 19:23:00+00:00,696.9000244140625,696.9000244140625,696.9000244140625,696.2999877929688,696.530029296875,49405
2026-07-20 19:24:00+00:00,696.9650268554688,696.9650268554688,697.1596069335938,696.77001953125,696.9199829101562,59658
2026-07-20 19:25:00+00:00,696.6099853515625,696.6099853515625,697.0499267578125,696.5900268554688,696.97998046875,48758
2026-07-20 19:26:00+00:00,696.5399780273438,696.5399780273438,696.6099853515625,696.3699951171875,696.6099853515625,51626
2026-07-20 19:27:00+00:00,696.6500244140625,696.6500244140625,696.6500244140625,696.3200073242188,696.5599975585938,70260
2026-07-20 19:28:00+00:00,696.5,696.5,696.8297729492188,696.4688110351562,696.6699829101562,33673
2026-07-20 19:29:00+00:00,697.6799926757812,697.6799926757812,698.0,696.510009765625,696.5349731445312,197187
2026-07-20 19:30:00+00:00,697.3350219726562,697.3350219726562,698.1599731445312,697.2949829101562,697.7100219726562,179564
2026-07-20 19:31:00+00:00,697.9099731445312,697.9099731445312,697.9600219726562,697.2000122070312,697.2899780273438,82123
2026-07-20 19:32:00+00:00,698.2899780273438,698.2899780273438,698.3099975585938,697.8499755859375,697.9199829101562,95516
2026-07-20 19:33:00+00:00,697.989990234375,697.989990234375,698.3400268554688,697.9505004882812,698.280029296875,47870
2026-07-20 19:34:00+00:00,697.97998046875,697.97998046875,698.260009765625,697.8699951171875,697.97998046875,41020
2026-07-20 19:35:00+00:00,697.5499877929688,697.5499877929688,698.010009765625,697.52001953125,697.9600219726562,59366
2026-07-20 19:36:00+00:00,697.510009765625,697.510009765625,697.8098754882812,697.4000244140625,697.5700073242188,32971
2026-07-20 19:37:00+00:00,697.376220703125,697.376220703125,697.5999755859375,697.2999877929688,697.5599975585938,27607
2026-07-20 19:38:00+00:00,697.6500244140625,697.6500244140625,697.8092041015625,697.2449951171875,697.3200073242188,66734
2026-07-20 19:39:00+00:00,697.8400268554688,697.8400268554688,698.0800170898438,697.5900268554688,697.6199951171875,51504
2026-07-20 19:40:00+00:00,698.260009765625,698.260009765625,698.2999877929688,697.6400146484375,697.77001953125,93802
2026-07-20 19:41:00+00:00,698.4199829101562,698.4199829101562,698.5900268554688,698.1699829101562,698.239990234375,85132
2026-07-20 19:42:00+00:00,697.9099731445312,697.9099731445312,698.5991821289062,697.8200073242188,698.4299926757812,72011
2026-07-20 19:43:00+00:00,698.0399780273438,698.0399780273438,698.0700073242188,697.74462890625,697.7999267578125,26512
2026-07-20 19:44:00+00:00,697.9000244140625,697.9000244140625,698.0800170898438,697.9000244140625,697.989990234375,39616
2026-07-20 19:45:00+00:00,697.5311279296875,697.5311279296875,698.2581787109375,697.4500122070312,697.9500122070312,66962
2026-07-20 19:46:00+00:00,697.75341796875,697.75341796875,697.8400268554688,697.3200073242188,697.510009765625,50266
2026-07-20 19:47:00+00:00,697.5,697.5,697.760009765625,697.405029296875,697.760009765625,34815
2026-07-20 19:48:00+00:00,697.62939453125,697.62939453125,697.62939453125,697.3599853515625,697.4500122070312,35287
2026-07-20 19:49:00+00:00,697.9199829101562,697.9199829101562,697.97998046875,697.6199951171875,697.6300048828125,61274
2026-07-20 19:50:00+00:00,697.1500244140625,697.1500244140625,697.8900146484375,696.77001953125,697.8900146484375,127324
2026-07-20 19:51:00+00:00,696.6400146484375,696.6400146484375,697.1500244140625,696.5800170898438,697.1500244140625,270604
2026-07-20 19:52:00+00:00,696.6099853515625,696.6099853515625,696.7899780273438,696.4000244140625,696.6500244140625,129169
2026-07-20 19:53:00+00:00,696.280029296875,696.280029296875,696.6099853515625,696.27001953125,696.6099853515625,87124
2026-07-20 19:54:00+00:00,696.4099731445312,696.4099731445312,696.4199829101562,696.1400146484375,696.27001953125,276658
2026-07-20 19:55:00+00:00,695.719970703125,695.719970703125,696.5,695.510009765625,696.4199829101562,336381
2026-07-20 19:56:00+00:00,696.0599975585938,696.0599975585938,696.0700073242188,695.6300048828125,695.719970703125,313209
2026-07-20 19:57:00+00:00,695.8200073242188,695.8200073242188,696.1799926757812,695.7899780273438,696.0599975585938,145792
2026-07-20 19:58:00+00:00,695.989990234375,695.989990234375,696.1199951171875,695.8099975585938,695.8200073242188,422061
2026-07-20 19:59:00+00:00,695.989990234375,695.989990234375,696.1699829101562,695.530029296875,696.02001953125,585328
2026-07-21 13:30:00+00:00,705.72998046875,705.72998046875,707.1300048828125,705.7100219726562,706.6799926757812,1941316
2026-07-21 13:31:00+00:00,705.3300170898438,705.3300170898438,705.9600219726562,704.8800048828125,705.6599731445312,227820
2026-07-21 13:32:00+00:00,705.239990234375,705.239990234375,705.3599853515625,704.9000244140625,705.3400268554688,116817
2026-07-21 13:33:00+00:00,704.5894775390625,704.5894775390625,705.6199951171875,704.5894775390625,705.27001953125,123178
2026-07-21 13:34:00+00:00,704.7849731445312,704.7849731445312,705.0,704.4500122070312,704.5800170898438,71483
2026-07-21 13:35:00+00:00,705.75,705.75,705.760009765625,704.5687866210938,704.719970703125,105595
2026-07-21 13:36:00+00:00,706.0399780273438,706.0399780273438,706.6400146484375,705.760009765625,705.760009765625,156849
2026-07-21 13:37:00+00:00,705.4299926757812,705.4299926757812,706.0599975585938,705.0399780273438,706.0499877929688,123897
2026-07-21 13:38:00+00:00,706.0399780273438,706.0399780273438,706.1983032226562,705.1950073242188,705.4271850585938,84844
2026-07-21 13:39:00+00:00,705.8250122070312,705.8250122070312,706.375,705.75,706.0399780273438,85275
2026-07-21 13:40:00+00:00,705.239990234375,705.239990234375,705.844970703125,704.8800048828125,705.7999877929688,140063
2026-07-21 13:41:00+00:00,704.77001953125,704.77001953125,705.25,704.5399780273438,705.25,175290
2026-07-21 13:42:00+00:00,704.718994140625,704.718994140625,705.3200073242188,704.5900268554688,704.8300170898438,111410
2026-07-21 13:43:00+00:00,704.9299926757812,704.9299926757812,705.5599975585938,704.739990234375,704.739990234375,137939
2026-07-21 13:44:00+00:00,704.7100219726562,704.7100219726562,705.22998046875,704.3900146484375,704.9000244140625,153682
2026-07-21 13:45:00+00:00,704.5001220703125,704.5001220703125,704.9199829101562,704.2999877929688,704.7100219726562,126548
2026-07-21 13:46:00+00:00,703.989990234375,703.989990234375,704.719970703125,703.97998046875,704.5,93091
2026-07-21 13:47:00+00:00,704.02001953125,704.02001953125,704.2899780273438,703.5499877929688,703.9804077148438,69438
2026-07-21 13:48:00+00:00,704.1033935546875,704.1033935546875,704.4500122070312,703.8400268554688,704.0700073242188,74267
2026-07-21 13:49:00+00:00,704.6849975585938,704.6849975585938,704.7100219726562,704.1300048828125,704.2150268554688,72855
2026-07-21 13:50:00+00:00,705.010009765625,705.010009765625,705.3400268554688,704.655029296875,704.719970703125,129797
2026-07-21 13:51:00+00:00,704.62060546875,704.62060546875,705.5098876953125,704.6099853515625,705.0700073242188,83597
2026-07-21 13:52:00+00:00,705.1599731445312,705.1599731445312,705.1599731445312,704.0999755859375,704.6500244140625,58086
2026-07-21 13:53:00+00:00,705.1287231445312,705.1287231445312,705.3699951171875,704.6699829101562,705.1793212890625,58051
2026-07-21 13:54:00+00:00,704.6599731445312,704.6599731445312,705.22998046875,704.4500122070312,705.0900268554688,58181
2026-07-21 13:55:00+00:00,704.6085205078125,704.6085205078125,705.1900024414062,704.3699951171875,704.64501953125,59957
2026-07-21 13:56:00+00:00,703.864990234375,703.864990234375,704.5800170898438,703.77001953125,704.5800170898438,96749
2026-07-21 13:57:00+00:00,704.02001953125,704.02001953125,704.030029296875,703.5050048828125,703.8499755859375,72096
2026-07-21 13:58:00+00:00,703.969970703125,703.969970703125,704.083984375,703.6500244140625,703.9600219726562,43621
2026-07-21 13:59:00+00:00,704.9000244140625,704.9000244140625,704.9000244140625,703.9199829101562,703.9349975585938,46246
2026-07-21 14:00:00+00:00,705.3400268554688,705.3400268554688,705.75,704.8200073242188,704.969970703125,108298
2026-07-21 14:01:00+00:00,705.030029296875,705.030029296875,705.586181640625,704.8499755859375,705.3598022460938,90472
2026-07-21 14:02:00+00:00,704.4099731445312,704.4099731445312,705.2598876953125,704.4099731445312,705.0399780273438,67594
2026-07-21 14:03:00+00:00,703.9600219726562,703.9600219726562,704.4400024414062,703.3400268554688,704.4000244140625,122491
2026-07-21 14:04:00+00:00,704.0020751953125,704.0020751953125,704.0899047851562,703.5599975585938,704.010009765625,38633
2026-07-21 14:05:00+00:00,703.6699829101562,703.6699829101562,704.030029296875,703.25,703.9429931640625,53522
2026-07-21 14:06:00+00:00,704.4600219726562,704.4600219726562,704.5850219726562,703.6762084960938,703.6849975585938,62726
2026-07-21 14:07:00+00:00,703.7100219726562,703.7100219726562,704.5,703.6201171875,704.4963989257812,85735
2026-07-21 14:08:00+00:00,703.530029296875,703.530029296875,703.780029296875,703.239990234375,703.7000122070312,118454
2026-07-21 14:09:00+00:00,703.239990234375,703.239990234375,703.77001953125,703.0499877929688,703.530029296875,68932
2026-07-21 14:10:00+00:00,703.0010986328125,703.0010986328125,703.4500122070312,702.8099975585938,703.155029296875,93600
2026-07-21 14:11:00+00:00,703.2799072265625,703.2799072265625,703.5700073242188,702.9199829101562,703.1699829101562,46672
2026-07-21 14:12:00+00:00,703.468994140625,703.468994140625,703.6796875,703.280029296875,703.2899780273438,39773
2026-07-21 14:13:00+00:00,704.0800170898438,704.0800170898438,704.119873046875,703.4000244140625,703.4000244140625,176405
2026-07-21 14:14:00+00:00,704.3699951171875,704.3699951171875,704.5438232421875,704.0800170898438,704.0800170898438,53127
2026-07-21 14:15:00+00:00,703.2949829101562,703.2949829101562,704.3499145507812,703.0,704.3499145507812,56674
2026-07-21 14:16:00+00:00,703.2999877929688,703.2999877929688,703.3599853515625,702.9000244140625,703.3298950195312,53766
2026-07-21 14:17:00+00:00,703.6901245117188,703.6901245117188,703.764892578125,703.0,703.2899780273438,42924
2026-07-21 14:18:00+00:00,704.9099731445312,704.9099731445312,705.1400146484375,703.6801147460938,703.7000122070312,102002
2026-07-21 14:19:00+00:00,705.010009765625,705.010009765625,705.1400146484375,704.780029296875,704.9500122070312,64722
2026-07-21 14:20:00+00:00,704.6099853515625,704.6099853515625,705.3599853515625,704.5900268554688,705.010009765625,95027
2026-07-21 14:21:00+00:00,704.0800170898438,704.0800170898438,704.6799926757812,703.9899291992188,704.614990234375,44876
2026-07-21 14:22:00+00:00,704.7000122070312,704.7000122070312,704.8800048828125,704.094970703125,704.094970703125,53586
2026-07-21 14:23:00+00:00,704.7327270507812,704.7327270507812,704.8300170898438,704.4149780273438,704.6599731445312,38667
2026-07-21 14:24:00+00:00,704.7899780273438,704.7899780273438,704.9600219726562,704.5900268554688,704.7899780273438,489819
2026-07-21 14:25:00+00:00,705.4500122070312,705.4500122070312,705.6099853515625,704.6405029296875,704.8200073242188,51203
2026-07-21 14:26:00+00:00,705.5999755859375,705.5999755859375,705.6900024414062,705.2999877929688,705.5089721679688,46565
2026-07-21 14:27:00+00:00,706.2000122070312,706.2000122070312,706.2999877929688,705.5499877929688,705.614990234375,100697
2026-07-21 14:28:00+00:00,706.046875,706.046875,706.4500122070312,705.9600219726562,706.260009765625,119710
2026-07-21 14:29:00+00:00,706.22998046875,706.22998046875,706.2750244140625,705.8699951171875,706.010009765625,58626
2026-07-21 14:30:00+00:00,706.47998046875,706.47998046875,706.5,706.1199951171875,706.219970703125,60521
2026-07-21 14:31:00+00:00,706.719970703125,706.719970703125,706.7778930664062,706.1699829101562,706.47998046875,66734
2026-07-21 14:32:00+00:00,706.4500122070312,706.4500122070312,706.739990234375,706.3200073242188,706.7000122070312,69527
2026-07-21 14:33:00+00:00,706.373291015625,706.373291015625,706.5850219726562,706.280029296875,706.489990234375,36319
2026-07-21 14:34:00+00:00,706.5,706.5,706.7680053710938,706.25,706.2999877929688,100590
2026-07-21 14:35:00+00:00,706.6900024414062,706.6900024414062,707.0,706.5,706.510009765625,215698
2026-07-21 14:36:00+00:00,706.5900268554688,706.5900268554688,706.7999877929688,706.2899780273438,706.6950073242188,44120
2026-07-21 14:37:00+00:00,706.469970703125,706.469970703125,706.6099853515625,706.27001953125,706.5750122070312,44971
2026-07-21 14:38:00+00:00,706.0399780273438,706.0399780273438,706.52001953125,705.760009765625,706.489990234375,101571
2026-07-21 14:39:00+00:00,706.1199951171875,706.1199951171875,706.1699829101562,705.780029296875,706.0599975585938,52766
2026-07-21 14:40:00+00:00,706.1198120117188,706.1198120117188,706.2579956054688,705.8099975585938,706.1099853515625,31564
2026-07-21 14:41:00+00:00,705.5123291015625,705.5123291015625,706.0999755859375,705.469970703125,706.0999755859375,57349
2026-07-21 14:42:00+00:00,705.7501220703125,705.7501220703125,705.780029296875,705.2000122070312,705.5050048828125,47799
2026-07-21 14:43:00+00:00,706.4600219726562,706.4600219726562,706.5999755859375,705.7999877929688,705.7999877929688,62631
2026-07-21 14:44:00+00:00,706.6599731445312,706.6599731445312,706.7000122070312,706.4699096679688,706.47998046875,36333
2026-07-21 14:45:00+00:00,707.0,707.0,707.3499755859375,706.7100219726562,706.7100219726562,100160
2026-07-21 14:46:00+00:00,706.9299926757812,706.9299926757812,707.2100219726562,706.8200073242188,707.010009765625,50568
2026-07-21 14:47:00+00:00,706.6099853515625,706.6099853515625,706.8900146484375,706.3300170898438,706.8900146484375,47536
2026-07-21 14:48:00+00:00,706.989990234375,706.989990234375,707.4000244140625,706.5700073242188,706.6400146484375,65976
2026-07-21 14:49:00+00:00,706.739990234375,706.739990234375,707.0050048828125,706.739990234375,706.9099731445312,61664
2026-07-21 14:50:00+00:00,706.7424926757812,706.7424926757812,706.8300170898438,706.4400024414062,706.72998046875,60137
2026-07-21 14:51:00+00:00,706.8350219726562,706.8350219726562,706.8699951171875,706.3099975585938,706.72998046875,32638
2026-07-21 14:52:00+00:00,706.52001953125,706.52001953125,706.9500122070312,706.489990234375,706.8200073242188,40957
2026-07-21 14:53:00+00:00,706.6500244140625,706.6500244140625,706.6599731445312,706.4000244140625,706.5120239257812,33847
2026-07-21 14:54:00+00:00,706.75,706.75,706.8499755859375,706.530029296875,706.5999755859375,25417
2026-07-21 14:55:00+00:00,706.8599853515625,706.8599853515625,706.9000244140625,706.6799926757812,706.8099975585938,39881
2026-07-21 14:56:00+00:00,706.4500122070312,706.4500122070312,706.8900146484375,706.3400268554688,706.8499755859375,69856
2026-07-21 14:57:00+00:00,706.6950073242188,706.6950073242188,706.8594970703125,706.4199829101562,706.4635009765625,42491
2026-07-21 14:58:00+00:00,706.989990234375,706.989990234375,707.0499267578125,706.5650024414062,706.719970703125,56254
2026-07-21 14:59:00+00:00,707.0,707.0,707.0800170898438,706.8599243164062,706.9600219726562,24165
2026-07-21 15:00:00+00:00,707.0800170898438,707.0800170898438,707.1400146484375,706.8099975585938,706.97998046875,39718
2026-07-21 15:01:00+00:00,706.760009765625,706.760009765625,707.1199951171875,706.6599731445312,707.0599975585938,26897
2026-07-21 15:02:00+00:00,706.0792236328125,706.0792236328125,706.7847900390625,705.969970703125,706.7100219726562,70713
2026-07-21 15:03:00+00:00,706.1837768554688,706.1837768554688,706.2000122070312,705.8800048828125,706.0700073242188,47983
2026-07-21 15:04:00+00:00,706.0999755859375,706.0999755859375,706.2299194335938,705.9500122070312,706.1599731445312,47608
2026-07-21 15:05:00+00:00,706.27001953125,706.27001953125,706.27001953125,705.6500244140625,706.0800170898438,52984
2026-07-21 15:06:00+00:00,706.8200073242188,706.8200073242188,706.9199829101562,706.27001953125,706.27001953125,47046
2026-07-21 15:07:00+00:00,707.4600219726562,707.4600219726562,707.489990234375,706.8278198242188,706.8400268554688,60833
2026-07-21 15:08:00+00:00,707.5800170898438,707.5800170898438,707.6099853515625,707.3699951171875,707.4299926757812,48587
2026-07-21 15:09:00+00:00,707.8400268554688,707.8400268554688,708.010009765625,707.5499877929688,707.5900268554688,119552
2026-07-21 15:10:00+00:00,707.9000244140625,707.9000244140625,708.1099853515625,707.7899780273438,707.8699951171875,53585
2026-07-21 15:11:00+00:00,707.8900146484375,707.8900146484375,707.969970703125,707.77001953125,707.8699951171875,35150
2026-07-21 15:12:00+00:00,708.3200073242188,708.3200073242188,708.351318359375,707.8699951171875,707.8900146484375,80589
2026-07-21 15:13:00+00:00,708.1680908203125,708.1680908203125,708.4500122070312,708.1680908203125,708.3400268554688,87817
2026-07-21 15:14:00+00:00,708.2899780273438,708.2899780273438,708.4199829101562,708.1500244140625,708.2000122070312,42409
2026-07-21 15:15:00+00:00,708.1849975585938,708.1849975585938,708.4500122070312,708.1699829101562,708.3099975585938,40243
2026-07-21 15:16:00+00:00,708.1900024414062,708.1900024414062,708.280029296875,708.030029296875,708.1300048828125,39137
2026-07-21 15:17:00+00:00,708.39501953125,708.39501953125,708.4000244140625,708.1500244140625,708.2100219726562,71381
2026-07-21 15:18:00+00:00,708.3173828125,708.3173828125,708.3800048828125,708.22998046875,708.3800048828125,43665
2026-07-21 15:19:00+00:00,708.1199951171875,708.1199951171875,708.4099731445312,708.0599975585938,708.3099975585938,81278
2026-07-21 15:20:00+00:00,707.8801879882812,707.8801879882812,708.1599731445312,707.8350219726562,708.0700073242188,66595
2026-07-21 15:21:00+00:00,708.4000244140625,708.4000244140625,708.719970703125,707.8400268554688,707.8499755859375,135996
2026-07-21 15:22:00+00:00,708.39990234375,708.39990234375,708.510009765625,708.2899780273438,708.4149780273438,65596
2026-07-21 15:23:00+00:00,708.3699951171875,708.3699951171875,708.4099731445312,708.151611328125,708.3599853515625,29565
2026-07-21 15:24:00+00:00,708.530029296875,708.530029296875,708.5599975585938,708.2999877929688,708.3400268554688,30002
2026-07-21 15:25:00+00:00,708.6900024414062,708.6900024414062,708.6900024414062,708.4600219726562,708.5,80781
2026-07-21 15:26:00+00:00,708.9000244140625,708.9000244140625,708.9699096679688,708.6799926757812,708.6799926757812,74399
2026-07-21 15:27:00+00:00,708.8800048828125,708.8800048828125,708.989990234375,708.8350219726562,708.9099731445312,55818
2026-07-21 15:28:00+00:00,708.7100219726562,708.7100219726562,708.9299926757812,708.6900024414062,708.8699951171875,42833
2026-07-21 15:29:00+00:00,708.6900024414062,708.6900024414062,708.719970703125,708.4600219726562,708.7100219726562,28519
2026-07-21 15:30:00+00:00,708.4500122070312,708.4500122070312,708.6799926757812,708.4019775390625,708.6599731445312,94335
2026-07-21 15:31:00+00:00,708.2000122070312,708.2000122070312,708.5599975585938,708.2000122070312,708.4600219726562,34260
2026-07-21 15:32:00+00:00,708.2249755859375,708.2249755859375,708.3300170898438,708.1950073242188,708.2100219726562,23945
2026-07-21 15:33:00+00:00,708.0399780273438,708.0399780273438,708.2999877929688,707.75,708.25,42999
2026-07-21 15:34:00+00:00,708.4099731445312,708.4099731445312,708.469970703125,708.030029296875,708.0432739257812,40691
2026-07-21 15:35:00+00:00,708.1500244140625,708.1500244140625,708.6599731445312,708.0,708.4299926757812,123597
2026-07-21 15:36:00+00:00,708.3594970703125,708.3594970703125,708.4400024414062,708.0800170898438,708.1500244140625,34442
2026-07-21 15:37:00+00:00,708.1400146484375,708.1400146484375,708.4000244140625,708.1400146484375,708.280029296875,20020
2026-07-21 15:38:00+00:00,707.97998046875,707.97998046875,708.2349853515625,707.9000244140625,708.1900024414062,22464
2026-07-21 15:39:00+00:00,707.9450073242188,707.9450073242188,708.1749877929688,707.9400024414062,707.9660034179688,21621
2026-07-21 15:40:00+00:00,707.7899780273438,707.7899780273438,708.0499877929688,707.7100219726562,707.9298706054688,35000
2026-07-21 15:41:00+00:00,707.9600219726562,707.9600219726562,708.0800170898438,707.8049926757812,707.8049926757812,79507
2026-07-21 15:42:00+00:00,708.0,708.0,708.0399780273438,707.875,707.9349975585938,23917
2026-07-21 15:43:00+00:00,707.9600219726562,707.9600219726562,708.0499877929688,707.7999877929688,708.010009765625,26682
2026-07-21 15:44:00+00:00,707.5800170898438,707.5800170898438,708.010009765625,707.510009765625,707.9500122070312,54394
2026-07-21 15:45:00+00:00,707.6699829101562,707.6699829101562,707.7861938476562,707.530029296875,707.5599975585938,103956
2026-07-21 15:46:00+00:00,707.739990234375,707.739990234375,707.77001953125,707.5999755859375,707.6599731445312,39695
2026-07-21 15:47:00+00:00,707.969970703125,707.969970703125,708.0,707.635009765625,707.719970703125,51932
2026-07-21 15:48:00+00:00,708.0460815429688,708.0460815429688,708.239990234375,707.9600219726562,707.9600219726562,56695
2026-07-21 15:49:00+00:00,708.260009765625,708.260009765625,708.2999877929688,708.0499877929688,708.0499877929688,30040
2026-07-21 15:50:00+00:00,708.27001953125,708.27001953125,708.5,708.219970703125,708.280029296875,29253
2026-07-21 15:51:00+00:00,708.2949829101562,708.2949829101562,708.4400024414062,708.22998046875,708.260009765625,21252
2026-07-21 15:52:00+00:00,708.0499877929688,708.0499877929688,708.4199829101562,708.0,708.2899780273438,24870
2026-07-21 15:53:00+00:00,708.22998046875,708.22998046875,708.2650146484375,708.0189819335938,708.030029296875,29644
2026-07-21 15:54:00+00:00,707.9099731445312,707.9099731445312,708.239990234375,707.89501953125,708.239990234375,44719
2026-07-21 15:55:00+00:00,707.7800903320312,707.7800903320312,708.1099853515625,707.760009765625,707.9099731445312,119147
2026-07-21 15:56:00+00:00,707.989990234375,707.989990234375,708.0800170898438,707.7100219726562,707.7999877929688,19671
2026-07-21 15:57:00+00:00,707.9349975585938,707.9349975585938,708.0399780273438,707.8300170898438,708.02001953125,13539
2026-07-21 15:58:00+00:00,707.8800048828125,707.8800048828125,708.010009765625,707.8599853515625,707.9299926757812,37399
2026-07-21 15:59:00+00:00,707.5203247070312,707.5203247070312,707.8800048828125,707.47998046875,707.8699951171875,38091
2026-07-21 16:00:00+00:00,707.8300170898438,707.8300170898438,707.9500122070312,707.4299926757812,707.592529296875,55511
2026-07-21 16:01:00+00:00,707.9550170898438,707.9550170898438,708.030029296875,707.8499755859375,707.8499755859375,31789
2026-07-21 16:02:00+00:00,707.9849853515625,707.9849853515625,708.1799926757812,707.9199829101562,708.0,43529
2026-07-21 16:03:00+00:00,708.280029296875,708.280029296875,708.280029296875,707.9600219726562,707.9600219726562,49308
2026-07-21 16:04:00+00:00,708.590087890625,708.590087890625,708.6099853515625,708.280029296875,708.280029296875,35339
2026-07-21 16:05:00+00:00,708.7100219726562,708.7100219726562,708.72998046875,708.5,708.5900268554688,29478
2026-07-21 16:06:00+00:00,708.739990234375,708.739990234375,708.8200073242188,708.6900024414062,708.72998046875,28721
2026-07-21 16:07:00+00:00,708.77001953125,708.77001953125,708.8099975585938,708.6572265625,708.72998046875,70137
2026-07-21 16:08:00+00:00,708.7899780273438,708.7899780273438,709.0999755859375,708.7650146484375,708.7999877929688,59300
2026-07-21 16:09:00+00:00,708.739990234375,708.739990234375,708.8723754882812,708.6900024414062,708.760009765625,19689
2026-07-21 16:10:00+00:00,708.7349853515625,708.7349853515625,708.8099975585938,708.6799926757812,708.739990234375,74820
2026-07-21 16:11:00+00:00,708.780029296875,708.780029296875,708.8400268554688,708.7100219726562,708.75048828125,15973
2026-07-21 16:12:00+00:00,708.6699829101562,708.6699829101562,708.8099975585938,708.5850219726562,708.7899780273438,27585
2026-07-21 16:13:00+00:00,708.5,708.5,708.6799926757812,708.4600219726562,708.6799926757812,176915
2026-07-21 16:14:00+00:00,708.5399780273438,708.5399780273438,708.6599731445312,708.4500122070312,708.52001953125,14088
2026-07-21 16:15:00+00:00,708.864990234375,708.864990234375,709.0,708.5599975585938,708.5900268554688,155052
2026-07-21 16:16:00+00:00,708.8477783203125,708.8477783203125,708.9500122070312,708.7949829101562,708.875,42248
2026-07-21 16:17:00+00:00,708.9299926757812,708.9299926757812,708.97998046875,708.85498046875,708.8800048828125,65807
2026-07-21 16:18:00+00:00,708.6900024414062,708.6900024414062,708.9205932617188,708.6300048828125,708.8900146484375,69084
2026-07-21 16:19:00+00:00,708.9000244140625,708.9000244140625,708.9000244140625,708.6400146484375,708.6900024414062,35709
2026-07-21 16:20:00+00:00,708.969970703125,708.969970703125,709.010009765625,708.85498046875,708.9000244140625,39775
2026-07-21 16:21:00+00:00,709.0800170898438,709.0800170898438,709.0900268554688,708.8800048828125,708.9550170898438,52978
2026-07-21 16:22:00+00:00,709.1799926757812,709.1799926757812,709.22998046875,709.0,709.0999755859375,88404
2026-07-21 16:23:00+00:00,709.2949829101562,709.2949829101562,709.4099731445312,709.1699829101562,709.1799926757812,26498
2026-07-21 16:24:00+00:00,709.1300048828125,709.1300048828125,709.4000244140625,709.0850219726562,709.280029296875,71646
2026-07-21 16:25:00+00:00,709.0303955078125,709.0303955078125,709.27001953125,709.030029296875,709.1199951171875,27050
2026-07-21 16:26:00+00:00,708.8599243164062,708.8599243164062,709.0399780273438,708.8300170898438,709.0399780273438,28312
2026-07-21 16:27:00+00:00,708.7999877929688,708.7999877929688,708.9345092773438,708.655029296875,708.844970703125,62374
2026-07-21 16:28:00+00:00,708.9199829101562,708.9199829101562,708.9400024414062,708.760009765625,708.8300170898438,136375
2026-07-21 16:29:00+00:00,708.8300170898438,708.8300170898438,708.9025268554688,708.7899780273438,708.89501953125,20974
2026-07-21 16:30:00+00:00,708.9398803710938,708.9398803710938,708.9500122070312,708.6900024414062,708.8499755859375,138878
2026-07-21 16:31:00+00:00,708.760009765625,708.760009765625,709.0700073242188,708.6900024414062,708.9680786132812,91816
2026-07-21 16:32:00+00:00,708.7100219726562,708.7100219726562,708.77001953125,708.6400146484375,708.760009765625,36979
2026-07-21 16:33:00+00:00,708.7100219726562,708.7100219726562,708.7899780273438,708.6300048828125,708.7247924804688,16180
2026-07-21 16:34:00+00:00,708.8623046875,708.8623046875,708.864990234375,708.6699829101562,708.7000122070312,39447
2026-07-21 16:35:00+00:00,708.8900146484375,708.8900146484375,708.9500122070312,708.760009765625,708.9099731445312,34136
2026-07-21 16:36:00+00:00,709.0150146484375,709.0150146484375,709.0399780273438,708.75,708.8800048828125,140367
2026-07-21 16:37:00+00:00,709.1400146484375,709.1400146484375,709.1699829101562,708.9349975585938,708.989990234375,32749
2026-07-21 16:38:00+00:00,709.280029296875,709.280029296875,709.2899780273438,709.1400146484375,709.1699829101562,57770
2026-07-21 16:39:00+00:00,709.280029296875,709.280029296875,709.2999877929688,709.1799926757812,709.2999877929688,169769
2026-07-21 16:40:00+00:00,709.2349853515625,709.2349853515625,709.385009765625,709.22998046875,709.27001953125,68726
2026-07-21 16:41:00+00:00,709.02001953125,709.02001953125,709.27001953125,708.989990234375,709.22998046875,57773
2026-07-21 16:42:00+00:00,708.9099731445312,708.9099731445312,709.1500244140625,708.864990234375,709.010009765625,52290
2026-07-21 16:43:00+00:00,709.0499877929688,709.0499877929688,709.0999755859375,708.8900146484375,708.9099731445312,23019
2026-07-21 16:44:00+00:00,709.0,709.0,709.0750122070312,708.8699951171875,709.0501708984375,38988
2026-07-21 16:45:00+00:00,709.0050048828125,709.0050048828125,709.1199951171875,708.97998046875,709.0,23467
2026-07-21 16:46:00+00:00,709.0250244140625,709.0250244140625,709.030029296875,708.8300170898438,708.989990234375,29692
2026-07-21 16:47:00+00:00,709.1099853515625,709.1099853515625,709.2000122070312,709.019775390625,709.02001953125,24920
2026-07-21 16:48:00+00:00,709.0549926757812,709.0549926757812,709.14501953125,709.0399780273438,709.10498046875,32162
2026-07-21 16:49:00+00:00,709.10009765625,709.10009765625,709.219970703125,709.0499877929688,709.0499877929688,59435
2026-07-21 16:50:00+00:00,709.3699951171875,709.3699951171875,709.3699951171875,709.0900268554688,709.114990234375,55034
2026-07-21 16:51:00+00:00,709.5800170898438,709.5800170898438,709.5900268554688,709.3699951171875,709.3800048828125,53823
2026-07-21 16:52:00+00:00,709.5700073242188,709.5700073242188,709.6300048828125,709.530029296875,709.5750122070312,48050
2026-07-21 16:53:00+00:00,709.5800170898438,709.5800170898438,709.6599731445312,709.52001953125,709.5700073242188,56301
2026-07-21 16:54:00+00:00,709.6799926757812,709.6799926757812,709.6900024414062,709.5449829101562,709.5700073242188,64064
2026-07-21 16:55:00+00:00,709.75,709.75,709.7750244140625,709.4949951171875,709.6701049804688,56909
2026-07-21 16:56:00+00:00,709.489990234375,709.489990234375,709.7899780273438,709.4849853515625,709.739990234375,29962
2026-07-21 16:57:00+00:00,709.60498046875,709.60498046875,709.719970703125,709.4500122070312,709.489990234375,33885
2026-07-21 16:58:00+00:00,709.469970703125,709.469970703125,709.64501953125,709.4450073242188,709.6199951171875,46086
2026-07-21 16:59:00+00:00,709.2999877929688,709.2999877929688,709.47998046875,709.2899780273438,709.4600219726562,45074
2026-07-21 17:00:00+00:00,709.5850219726562,709.5850219726562,709.6699829101562,709.2899780273438,709.2999877929688,46308
2026-07-21 17:01:00+00:00,709.6890258789062,709.6890258789062,709.72998046875,709.52001953125,709.5900268554688,172311
2026-07-21 17:02:00+00:00,709.6500244140625,709.6500244140625,709.6900024414062,709.530029296875,709.6849975585938,38614
2026-07-21 17:03:00+00:00,709.6699829101562,709.6699829101562,709.75,709.6099853515625,709.6599731445312,133567
2026-07-21 17:04:00+00:00,709.6900024414062,709.6900024414062,709.72998046875,709.6199951171875,709.6599731445312,167485
2026-07-21 17:05:00+00:00,709.8200073242188,709.8200073242188,709.8400268554688,709.64501953125,709.6900024414062,65272
2026-07-21 17:06:00+00:00,709.8099975585938,709.8099975585938,709.8499755859375,709.719970703125,709.8400268554688,74038
2026-07-21 17:07:00+00:00,709.7100219726562,709.7100219726562,709.8800048828125,709.6900024414062,709.7999877929688,44934
2026-07-21 17:08:00+00:00,709.6400146484375,709.6400146484375,709.7100219726562,709.6099853515625,709.7100219726562,36959
2026-07-21 17:09:00+00:00,709.6699829101562,709.6699829101562,709.864990234375,709.6500244140625,709.6699829101562,36425
2026-07-21 17:10:00+00:00,709.4600219726562,709.4600219726562,709.739990234375,709.4249877929688,709.6950073242188,40981
2026-07-21 17:11:00+00:00,709.4434204101562,709.4434204101562,709.4600219726562,709.3400268554688,709.4400024414062,38934
2026-07-21 17:12:00+00:00,709.35498046875,709.35498046875,709.5399780273438,709.35498046875,709.489990234375,36000
2026-07-21 17:13:00+00:00,709.405029296875,709.405029296875,709.5599975585938,709.3037109375,709.340087890625,178722
2026-07-21 17:14:00+00:00,709.3599853515625,709.3599853515625,709.469970703125,709.3350219726562,709.4000244140625,15119
2026-07-21 17:15:00+00:00,709.3499755859375,709.3499755859375,709.47998046875,709.3099975585938,709.3699951171875,24790
2026-07-21 17:16:00+00:00,709.4149780273438,709.4149780273438,709.5,709.3200073242188,709.3699951171875,27567
2026-07-21 17:17:00+00:00,709.469970703125,709.469970703125,709.5499877929688,709.385009765625,709.4199829101562,20471
2026-07-21 17:18:00+00:00,709.5250244140625,709.5250244140625,709.6099853515625,709.4500122070312,709.469970703125,11368
2026-07-21 17:19:00+00:00,709.280029296875,709.280029296875,709.5700073242188,709.22998046875,709.530029296875,87463
2026-07-21 17:20:00+00:00,709.2349853515625,709.2349853515625,709.2999877929688,709.219970703125,709.260009765625,28320
2026-07-21 17:21:00+00:00,709.2407836914062,709.2407836914062,709.489990234375,709.1599731445312,709.2650146484375,55699
2026-07-21 17:22:00+00:00,709.280029296875,709.280029296875,709.4000244140625,709.219970703125,709.2349853515625,34989
2026-07-21 17:23:00+00:00,709.2000122070312,709.2000122070312,709.4000244140625,709.1799926757812,709.2783813476562,20606
2026-07-21 17:24:00+00:00,709.239990234375,709.239990234375,709.3800048828125,709.1900024414062,709.219970703125,30484
2026-07-21 17:25:00+00:00,709.280029296875,709.280029296875,709.4099731445312,709.2100830078125,709.2899780273438,25120
2026-07-21 17:26:00+00:00,709.2603149414062,709.2603149414062,709.3499755859375,709.1901245117188,709.3099975585938,10377
2026-07-21 17:27:00+00:00,709.2150268554688,709.2150268554688,709.2899780273438,709.1699829101562,709.2598876953125,17980
2026-07-21 17:28:00+00:00,709.219970703125,709.219970703125,709.219970703125,709.0900268554688,709.2150268554688,30299
2026-07-21 17:29:00+00:00,709.3150024414062,709.3150024414062,709.3400268554688,709.1799926757812,709.2150268554688,18318
2026-07-21 17:30:00+00:00,709.5800170898438,709.5800170898438,709.5999755859375,709.3300170898438,709.3300170898438,62262
2026-07-21 17:31:00+00:00,709.719970703125,709.719970703125,709.760009765625,709.510009765625,709.5599975585938,24007
2026-07-21 17:32:00+00:00,709.7249755859375,709.7249755859375,709.7459106445312,709.6199951171875,709.7459106445312,40260
2026-07-21 17:33:00+00:00,709.4299926757812,709.4299926757812,709.719970703125,709.4299926757812,709.719970703125,20259
2026-07-21 17:34:00+00:00,709.4000244140625,709.4000244140625,709.489990234375,709.2000122070312,709.4400024414062,31060
2026-07-21 17:35:00+00:00,709.5599975585938,709.5599975585938,709.5700073242188,709.3099975585938,709.4149780273438,18020
2026-07-21 17:36:00+00:00,709.7150268554688,709.7150268554688,709.7449951171875,709.5499877929688,709.5499877929688,34222
2026-07-21 17:37:00+00:00,709.6099853515625,709.6099853515625,709.72998046875,709.6099853515625,709.72998046875,15082
2026-07-21 17:38:00+00:00,709.6475830078125,709.6475830078125,709.6900024414062,709.5499877929688,709.6400146484375,28508
2026-07-21 17:39:00+00:00,709.6500244140625,709.6500244140625,709.6799926757812,709.5499877929688,709.6400146484375,26576
2026-07-21 17:40:00+00:00,709.5800170898438,709.5800170898438,709.6799926757812,709.4749755859375,709.6599731445312,30037
2026-07-21 17:41:00+00:00,709.4600219726562,709.4600219726562,709.5900268554688,709.4550170898438,709.5850219726562,15028
2026-07-21 17:42:00+00:00,709.405029296875,709.405029296875,709.52001953125,709.364990234375,709.4600219726562,124501
2026-07-21 17:43:00+00:00,709.52001953125,709.52001953125,709.5499877929688,709.3599853515625,709.4000244140625,49275
2026-07-21 17:44:00+00:00,709.530029296875,709.530029296875,709.5869750976562,709.4400024414062,709.52001953125,16529
2026-07-21 17:45:00+00:00,709.3499755859375,709.3499755859375,709.6192016601562,709.3499755859375,709.5499877929688,18740
2026-07-21 17:46:00+00:00,709.4400024414062,709.4400024414062,709.5900268554688,709.344970703125,709.35498046875,26910
2026-07-21 17:47:00+00:00,709.625,709.625,709.7197875976562,709.4400024414062,709.4641723632812,18860
2026-07-21 17:48:00+00:00,709.635009765625,709.635009765625,709.7000122070312,709.6176147460938,709.6199951171875,20244
2026-07-21 17:49:00+00:00,709.905517578125,709.905517578125,709.9097900390625,709.6599731445312,709.6599731445312,43763
2026-07-21 17:50:00+00:00,710.0150146484375,710.0150146484375,710.0499877929688,709.8900146484375,709.9099731445312,80519
2026-07-21 17:51:00+00:00,709.864990234375,709.864990234375,710.02001953125,709.8300170898438,710.02001953125,40949
2026-07-21 17:52:00+00:00,709.77001953125,709.77001953125,709.860107421875,709.7150268554688,709.8599853515625,24416
2026-07-21 17:53:00+00:00,709.7100219726562,709.7100219726562,709.8012084960938,709.7000122070312,709.7750244140625,19793
2026-07-21 17:54:00+00:00,709.6099853515625,709.6099853515625,709.739990234375,709.5800170898438,709.719970703125,21279
2026-07-21 17:55:00+00:00,709.5601196289062,709.5601196289062,709.6849975585938,709.5599975585938,709.6162719726562,24038
2026-07-21 17:56:00+00:00,709.5599975585938,709.5599975585938,709.60498046875,709.469970703125,709.5599975585938,127674
2026-07-21 17:57:00+00:00,709.5050048828125,709.5050048828125,709.6300048828125,709.47998046875,709.5399780273438,30451
2026-07-21 17:58:00+00:00,709.4310302734375,709.4310302734375,709.5299072265625,709.3300170898438,709.510009765625,37291
2026-07-21 17:59:00+00:00,709.530029296875,709.530029296875,709.5800170898438,709.4349975585938,709.4600219726562,32043
2026-07-21 18:00:00+00:00,709.7100219726562,709.7100219726562,709.8599853515625,709.469970703125,709.5399780273438,53503
2026-07-21 18:01:00+00:00,709.6500244140625,709.6500244140625,709.85498046875,709.5800170898438,709.7100219726562,355008
2026-07-21 18:02:00+00:00,709.639892578125,709.639892578125,709.760009765625,709.489990234375,709.6300048828125,25918
2026-07-21 18:03:00+00:00,709.5399780273438,709.5399780273438,709.6649780273438,709.489990234375,709.6300048828125,37145
2026-07-21 18:04:00+00:00,709.5999755859375,709.5999755859375,709.7299194335938,709.5399780273438,709.5399780273438,24145
2026-07-21 18:05:00+00:00,709.75,709.75,709.8099975585938,709.5499877929688,709.5599975585938,132608
2026-07-21 18:06:00+00:00,709.8250122070312,709.8250122070312,709.9199829101562,709.6799926757812,709.77001953125,32240
2026-07-21 18:07:00+00:00,709.8350219726562,709.8350219726562,709.9188842773438,709.8300170898438,709.8599853515625,129735
2026-07-21 18:08:00+00:00,709.8699951171875,709.8699951171875,710.030029296875,709.8499755859375,709.8499755859375,46026
2026-07-21 18:09:00+00:00,709.77001953125,709.77001953125,709.864990234375,709.7550048828125,709.864990234375,24329
2026-07-21 18:10:00+00:00,709.75,709.75,709.780029296875,709.614990234375,709.77001953125,30738
2026-07-21 18:11:00+00:00,709.760009765625,709.760009765625,709.7766723632812,709.6300048828125,709.75,23394
2026-07-21 18:12:00+00:00,709.6099853515625,709.6099853515625,709.7949829101562,709.5999755859375,709.7650146484375,140335
2026-07-21 18:13:00+00:00,709.6599731445312,709.6599731445312,709.7100219726562,709.5399780273438,709.5900268554688,21462
2026-07-21 18:14:00+00:00,709.489990234375,709.489990234375,709.655029296875,709.4409790039062,709.6500244140625,36135
2026-07-21 18:15:00+00:00,709.469970703125,709.469970703125,709.5794067382812,709.4600219726562,709.489990234375,25828
2026-07-21 18:16:00+00:00,709.4199829101562,709.4199829101562,709.52001953125,709.4000244140625,709.469970703125,33338
2026-07-21 18:17:00+00:00,709.510009765625,709.510009765625,709.5599975585938,709.4199829101562,709.4199829101562,29349
2026-07-21 18:18:00+00:00,709.4199829101562,709.4199829101562,709.5349731445312,709.4000244140625,709.530029296875,13513
2026-07-21 18:19:00+00:00,709.469970703125,709.469970703125,709.469970703125,709.3599853515625,709.4199829101562,31998
2026-07-21 18:20:00+00:00,709.3699951171875,709.3699951171875,709.489501953125,709.2899780273438,709.489501953125,83442
2026-07-21 18:21:00+00:00,709.3400268554688,709.3400268554688,709.375,709.280029296875,709.375,23470
2026-07-21 18:22:00+00:00,709.5079956054688,709.5079956054688,709.5599975585938,709.3400268554688,709.3499755859375,26852
2026-07-21 18:23:00+00:00,709.5499877929688,709.5499877929688,709.5650024414062,709.4199829101562,709.5150146484375,28744
2026-07-21 18:24:00+00:00,709.530029296875,709.530029296875,709.6199951171875,709.3900146484375,709.5250244140625,39361
2026-07-21 18:25:00+00:00,709.3499755859375,709.3499755859375,709.52001953125,709.3099975585938,709.510009765625,22608
2026-07-21 18:26:00+00:00,709.1799926757812,709.1799926757812,709.3400268554688,709.1699829101562,709.3400268554688,100706
2026-07-21 18:27:00+00:00,709.0599975585938,709.0599975585938,709.22998046875,709.030029296875,709.1799926757812,34296
2026-07-21 18:28:00+00:00,709.1099853515625,709.1099853515625,709.1589965820312,709.0599975585938,709.0599975585938,13327
2026-07-21 18:29:00+00:00,709.1599731445312,709.1599731445312,709.2100219726562,709.1099853515625,709.1099853515625,33236
2026-07-21 18:30:00+00:00,709.1199951171875,709.1199951171875,709.25,709.1099853515625,709.1500244140625,78838
2026-07-21 18:31:00+00:00,708.9099731445312,708.9099731445312,709.1199951171875,708.8699951171875,709.1199951171875,46467
2026-07-21 18:32:00+00:00,708.8599853515625,708.8599853515625,708.9099731445312,708.7999877929688,708.89501953125,26220
2026-07-21 18:33:00+00:00,708.9400024414062,708.9400024414062,708.9598999023438,708.85498046875,708.8800048828125,26101
2026-07-21 18:34:00+00:00,708.9299926757812,708.9299926757812,709.1900024414062,708.9000244140625,708.9500122070312,46859
2026-07-21 18:35:00+00:00,709.3200073242188,709.3200073242188,709.3200073242188,708.9299926757812,708.9600219726562,54008
2026-07-21 18:36:00+00:00,709.239990234375,709.239990234375,709.3900146484375,709.2000122070312,709.3300170898438,39171
2026-07-21 18:37:00+00:00,709.260009765625,709.260009765625,709.2999877929688,709.2000122070312,709.22998046875,16341
2026-07-21 18:38:00+00:00,709.2899780273438,709.2899780273438,709.4000244140625,709.22998046875,709.2750244140625,14561
2026-07-21 18:39:00+00:00,709.2100219726562,709.2100219726562,709.3099975585938,709.2000122070312,709.2999877929688,21210
2026-07-21 18:40:00+00:00,709.2100219726562,709.2100219726562,709.22998046875,709.02001953125,709.2100219726562,29107
2026-07-21 18:41:00+00:00,709.280029296875,709.280029296875,709.3499755859375,709.2000122070312,709.2100219726562,33373
2026-07-21 18:42:00+00:00,709.5,709.5,709.5499877929688,709.280029296875,709.280029296875,35993
2026-07-21 18:43:00+00:00,709.5999755859375,709.5999755859375,709.6199951171875,709.4099731445312,709.469970703125,145016
2026-07-21 18:44:00+00:00,709.7000122070312,709.7000122070312,709.719970703125,709.5800170898438,709.5999755859375,70450
2026-07-21 18:45:00+00:00,709.8250122070312,709.8250122070312,709.85498046875,709.7000122070312,709.7000122070312,85901
2026-07-21 18:46:00+00:00,709.8499755859375,709.8499755859375,709.8900146484375,709.719970703125,709.8200073242188,55180
2026-07-21 18:47:00+00:00,709.6599731445312,709.6599731445312,709.8300170898438,709.5700073242188,709.8300170898438,102469
2026-07-21 18:48:00+00:00,709.5399780273438,709.5399780273438,709.6799926757812,709.47998046875,709.6699829101562,21691
2026-07-21 18:49:00+00:00,709.530029296875,709.530029296875,709.5744018554688,709.3889770507812,709.510009765625,17416
2026-07-21 18:50:00+00:00,709.5,709.5,709.5700073242188,709.4600219726562,709.510009765625,16993
2026-07-21 18:51:00+00:00,709.4600219726562,709.4600219726562,709.5050048828125,709.4199829101562,709.4600219726562,37990
2026-07-21 18:52:00+00:00,709.489013671875,709.489013671875,709.5499877929688,709.4400024414062,709.4600219726562,9604
2026-07-21 18:53:00+00:00,709.27001953125,709.27001953125,709.469970703125,709.1599731445312,709.4500122070312,33786
2026-07-21 18:54:00+00:00,709.1099853515625,709.1099853515625,709.274169921875,709.1099853515625,709.260009765625,26735
2026-07-21 18:55:00+00:00,709.219970703125,709.219970703125,709.3200073242188,709.0999755859375,709.125,31408
2026-07-21 18:56:00+00:00,709.0700073242188,709.0700073242188,709.2899780273438,708.9500122070312,709.2100219726562,25879
2026-07-21 18:57:00+00:00,709.0,709.0,709.0999755859375,708.9552001953125,709.0999145507812,24017
2026-07-21 18:58:00+00:00,709.02099609375,709.02099609375,709.0499877929688,708.97998046875,709.010009765625,25153
2026-07-21 18:59:00+00:00,709.2299194335938,709.2299194335938,709.239990234375,709.02001953125,709.02001953125,57009
2026-07-21 19:00:00+00:00,709.260009765625,709.260009765625,709.4000244140625,709.1500244140625,709.22998046875,142064
2026-07-21 19:01:00+00:00,708.9298706054688,708.9298706054688,709.260009765625,708.880126953125,709.260009765625,33049
2026-07-21 19:02:00+00:00,708.8800048828125,708.8800048828125,708.9650268554688,708.8499755859375,708.9199829101562,54671
2026-07-21 19:03:00+00:00,708.8900146484375,708.8900146484375,708.9299926757812,708.7999877929688,708.8699951171875,70862
2026-07-21 19:04:00+00:00,708.9949951171875,708.9949951171875,709.1588134765625,708.9099731445312,708.9099731445312,31532
2026-07-21 19:05:00+00:00,708.9949951171875,708.9949951171875,709.1199951171875,708.7750244140625,708.9594116210938,37317
2026-07-21 19:06:00+00:00,709.1500244140625,709.1500244140625,709.1599731445312,708.969970703125,709.0,19441
2026-07-21 19:07:00+00:00,708.8800048828125,708.8800048828125,709.1699829101562,708.8599853515625,709.1500244140625,26579
2026-07-21 19:08:00+00:00,708.8389892578125,708.8389892578125,708.919921875,708.6602172851562,708.9000244140625,36132
2026-07-21 19:09:00+00:00,708.7797241210938,708.7797241210938,708.989990234375,708.72998046875,708.8200073242188,43983
2026-07-21 19:10:00+00:00,708.6950073242188,708.6950073242188,708.9000244140625,708.635009765625,708.780029296875,45243
2026-07-21 19:11:00+00:00,708.7999877929688,708.7999877929688,708.8400268554688,708.7000122070312,708.7000122070312,29601
2026-07-21 19:12:00+00:00,708.844970703125,708.844970703125,708.9578247070312,708.7449951171875,708.8298950195312,11933
2026-07-21 19:13:00+00:00,708.780029296875,708.780029296875,708.8699951171875,708.75,708.8300170898438,21594
2026-07-21 19:14:00+00:00,708.75,708.75,708.9099731445312,708.6704711914062,708.72998046875,29045
2026-07-21 19:15:00+00:00,708.77001953125,708.77001953125,708.9099731445312,708.6405029296875,708.739990234375,31856
2026-07-21 19:16:00+00:00,708.9500122070312,708.9500122070312,708.9500122070312,708.719970703125,708.77001953125,28927
2026-07-21 19:17:00+00:00,708.8699951171875,708.8699951171875,708.989990234375,708.8043212890625,708.9400024414062,20984
2026-07-21 19:18:00+00:00,708.8499755859375,708.8499755859375,708.9500122070312,708.8300170898438,708.8699951171875,23608
2026-07-21 19:19:00+00:00,708.9151000976562,708.9151000976562,709.0,708.8446044921875,708.8599853515625,22292
2026-07-21 19:20:00+00:00,708.9699096679688,708.9699096679688,708.97998046875,708.780029296875,708.9000244140625,24242
2026-07-21 19:21:00+00:00,708.75,708.75,708.97998046875,708.7000122070312,708.9600219726562,24173
2026-07-21 19:22:00+00:00,708.8400268554688,708.8400268554688,708.8400268554688,708.7000122070312,708.7349853515625,11654
2026-07-21 19:23:00+00:00,708.8300170898438,708.8300170898438,708.9199829101562,708.7802734375,708.8300170898438,16140
2026-07-21 19:24:00+00:00,708.780029296875,708.780029296875,708.8599853515625,708.7550048828125,708.8300170898438,24932
2026-07-21 19:25:00+00:00,708.7100219726562,708.7100219726562,708.8200073242188,708.7100219726562,708.75,13986
2026-07-21 19:26:00+00:00,708.6599731445312,708.6599731445312,708.719970703125,708.510009765625,708.7000122070312,48652
2026-07-21 19:27:00+00:00,708.5250244140625,708.5250244140625,708.8300170898438,708.52001953125,708.6799926757812,41437
2026-07-21 19:28:00+00:00,708.47998046875,708.47998046875,708.6099853515625,708.4710083007812,708.510009765625,26412
2026-07-21 19:29:00+00:00,708.3900146484375,708.3900146484375,708.5900268554688,708.3300170898438,708.469970703125,53584
2026-07-21 19:30:00+00:00,708.5050048828125,708.5050048828125,708.6099853515625,708.3300170898438,708.4199829101562,62614
2026-07-21 19:31:00+00:00,708.7000122070312,708.7000122070312,708.7150268554688,708.489990234375,708.5499877929688,30228
2026-07-21 19:32:00+00:00,708.739990234375,708.739990234375,708.8189697265625,708.6599731445312,708.6900024414062,36618
2026-07-21 19:33:00+00:00,708.739990234375,708.739990234375,708.8099975585938,708.6900024414062,708.719970703125,33967
2026-07-21 19:34:00+00:00,708.7000122070312,708.7000122070312,708.7999877929688,708.6599731445312,708.7349853515625,42383
2026-07-21 19:35:00+00:00,709.0800170898438,709.0800170898438,709.1099853515625,708.6699829101562,708.6900024414062,54483
2026-07-21 19:36:00+00:00,709.1300048828125,709.1300048828125,709.239990234375,709.0549926757812,709.0700073242188,50609
2026-07-21 19:37:00+00:00,709.2650146484375,709.2650146484375,709.2899780273438,709.1300048828125,709.1300048828125,55536
2026-07-21 19:38:00+00:00,709.1799926757812,709.1799926757812,709.3099975585938,709.14501953125,709.27001953125,190961
2026-07-21 19:39:00+00:00,709.1799926757812,709.1799926757812,709.22998046875,709.0800170898438,709.1699829101562,154600
2026-07-21 19:40:00+00:00,709.1599731445312,709.1599731445312,709.22998046875,709.0704956054688,709.1799926757812,82122
2026-07-21 19:41:00+00:00,709.1199951171875,709.1199951171875,709.219970703125,709.0700073242188,709.1500244140625,181569
2026-07-21 19:42:00+00:00,709.219970703125,709.219970703125,709.25,709.0700073242188,709.1298828125,49683
2026-07-21 19:43:00+00:00,709.4600219726562,709.4600219726562,709.469970703125,709.1699829101562,709.2100219726562,216526
2026-07-21 19:44:00+00:00,709.469970703125,709.469970703125,709.5399780273438,709.375,709.4600219726562,105740
2026-07-21 19:45:00+00:00,709.405029296875,709.405029296875,709.530029296875,709.3900146484375,709.4500122070312,97198
2026-07-21 19:46:00+00:00,709.4099731445312,709.4099731445312,709.47998046875,709.3599853515625,709.4099731445312,44168
2026-07-21 19:47:00+00:00,709.2100219726562,709.2100219726562,709.4199829101562,709.2000122070312,709.4000244140625,58910
2026-07-21 19:48:00+00:00,709.3049926757812,709.3049926757812,709.4099731445312,709.2000122070312,709.2249755859375,48466
2026-07-21 19:49:00+00:00,709.531494140625,709.531494140625,709.5499877929688,709.2899780273438,709.3049926757812,49610
2026-07-21 19:50:00+00:00,709.4099731445312,709.4099731445312,709.6699829101562,708.9600219726562,709.52001953125,272833
2026-07-21 19:51:00+00:00,709.3699951171875,709.3699951171875,709.5700073242188,709.2899780273438,709.4199829101562,250534
2026-07-21 19:52:00+00:00,709.4099731445312,709.4099731445312,709.5349731445312,709.3699951171875,709.3800048828125,88837
2026-07-21 19:53:00+00:00,709.4199829101562,709.4199829101562,709.5499877929688,709.3300170898438,709.4099731445312,225876
2026-07-21 19:54:00+00:00,709.52001953125,709.52001953125,709.8599853515625,709.3800048828125,709.4199829101562,477586
2026-07-21 19:55:00+00:00,709.4550170898438,709.4550170898438,709.739990234375,709.4199829101562,709.530029296875,673443
2026-07-21 19:56:00+00:00,709.5800170898438,709.5800170898438,709.6950073242188,709.4099731445312,709.4500122070312,328344
2026-07-21 19:57:00+00:00,709.6699829101562,709.6699829101562,709.72998046875,709.5850219726562,709.5900268554688,195516
2026-07-21 19:58:00+00:00,709.4600219726562,709.4600219726562,709.6624755859375,709.4500122070312,709.6624755859375,327903
2026-07-21 19:59:00+00:00,708.9500122070312,708.9500122070312,709.4600219726562,708.6500244140625,709.4600219726562,2216582
2026-07-22 13:30:00+00:00,704.3200073242188,704.3200073242188,704.4298706054688,703.6400146484375,704.3499755859375,2284801
2026-07-22 13:31:00+00:00,704.5399780273438,704.5399780273438,704.6798706054688,703.9099731445312,704.364990234375,225899
2026-07-22 13:32:00+00:00,704.97998046875,704.97998046875,705.02001953125,704.1199951171875,704.47998046875,119834
2026-07-22 13:33:00+00:00,704.8699951171875,704.8699951171875,705.3499755859375,704.8590087890625,705.010009765625,150673
2026-07-22 13:34:00+00:00,705.0750122070312,705.0750122070312,705.1599731445312,704.614013671875,704.8800048828125,93913
2026-07-22 13:35:00+00:00,705.0599975585938,705.0599975585938,705.1849975585938,704.8499755859375,705.0999755859375,118665
2026-07-22 13:36:00+00:00,704.719970703125,704.719970703125,705.1199951171875,704.3699951171875,705.0549926757812,122750
2026-07-22 13:37:00+00:00,705.29052734375,705.29052734375,705.3900146484375,704.6300048828125,704.760009765625,130215
2026-07-22 13:38:00+00:00,704.35498046875,704.35498046875,705.25,704.3300170898438,705.239990234375,85387
2026-07-22 13:39:00+00:00,705.1837768554688,705.1837768554688,705.3837890625,704.1599731445312,704.3800048828125,95832
2026-07-22 13:40:00+00:00,704.7999877929688,704.7999877929688,705.2000122070312,704.6036987304688,705.1900024414062,79887
2026-07-22 13:41:00+00:00,705.22998046875,705.22998046875,705.385009765625,704.72998046875,704.760009765625,201330
2026-07-22 13:42:00+00:00,705.3900146484375,705.3900146484375,705.72998046875,705.1599731445312,705.2598876953125,136148
2026-07-22 13:43:00+00:00,705.7109985351562,705.7109985351562,705.8200073242188,705.3200073242188,705.3800048828125,210138
2026-07-22 13:44:00+00:00,705.7249755859375,705.7249755859375,705.9000244140625,705.4860229492188,705.7100219726562,105600
2026-07-22 13:45:00+00:00,706.3599853515625,706.3599853515625,706.6699829101562,705.719970703125,705.719970703125,286142
2026-07-22 13:46:00+00:00,706.27001953125,706.27001953125,706.5050048828125,706.1199951171875,706.3699951171875,106885
2026-07-22 13:47:00+00:00,705.6400146484375,705.6400146484375,706.3300170898438,705.5750122070312,706.2999877929688,89443
2026-07-22 13:48:00+00:00,705.7000122070312,705.7000122070312,705.8900146484375,705.2449951171875,705.6599731445312,96500
2026-07-22 13:49:00+00:00,705.5700073242188,705.5700073242188,705.9650268554688,705.489990234375,705.7498779296875,45963
2026-07-22 13:50:00+00:00,705.3400268554688,705.3400268554688,705.685302734375,705.0999755859375,705.5999755859375,65280
2026-07-22 13:51:00+00:00,705.8699951171875,705.8699951171875,706.25,705.2747192382812,705.3800048828125,74148
2026-07-22 13:52:00+00:00,706.2999877929688,706.2999877929688,706.5999755859375,705.8699951171875,705.8699951171875,104565
2026-07-22 13:53:00+00:00,706.8499755859375,706.8499755859375,706.8499755859375,706.2949829101562,706.3150024414062,78156
2026-07-22 13:54:00+00:00,707.1589965820312,707.1589965820312,707.2100219726562,706.780029296875,706.8400268554688,82118
2026-07-22 13:55:00+00:00,707.27001953125,707.27001953125,707.3099975585938,706.9500122070312,707.1099853515625,108480
2026-07-22 13:56:00+00:00,707.5150146484375,707.5150146484375,707.5599975585938,707.0800170898438,707.260009765625,110165
2026-07-22 13:57:00+00:00,707.60498046875,707.60498046875,707.7100219726562,707.1699829101562,707.52001953125,157099
2026-07-22 13:58:00+00:00,707.4500122070312,707.4500122070312,707.6699829101562,707.3499755859375,707.5999755859375,68599
2026-07-22 13:59:00+00:00,708.0999755859375,708.0999755859375,708.0999755859375,707.3900146484375,707.3900146484375,123121
2026-07-22 14:00:00+00:00,708.1500244140625,708.1500244140625,708.239990234375,707.719970703125,708.0900268554688,131662
2026-07-22 14:01:00+00:00,707.760009765625,707.760009765625,708.1640014648438,707.7299194335938,708.0900268554688,137734
2026-07-22 14:02:00+00:00,707.6749877929688,707.6749877929688,707.8200073242188,707.4550170898438,707.7550048828125,71856
2026-07-22 14:03:00+00:00,707.280029296875,707.280029296875,707.9000244140625,707.1749877929688,707.6900024414062,95654
2026-07-22 14:04:00+00:00,707.625,707.625,707.6900024414062,707.2100219726562,707.2650146484375,42642
2026-07-22 14:05:00+00:00,708.030029296875,708.030029296875,708.1090087890625,707.4600219726562,707.6400146484375,61578
2026-07-22 14:06:00+00:00,707.614990234375,707.614990234375,708.0499877929688,707.5599975585938,708.0499877929688,53884
2026-07-22 14:07:00+00:00,707.1400146484375,707.1400146484375,707.655029296875,706.9500122070312,707.655029296875,74436
2026-07-22 14:08:00+00:00,707.0991821289062,707.0991821289062,707.3093872070312,706.9600219726562,707.1900024414062,55933
2026-07-22 14:09:00+00:00,706.8099975585938,706.8099975585938,707.260009765625,706.75,707.043212890625,84198
2026-07-22 14:10:00+00:00,707.1799926757812,707.1799926757812,707.2573852539062,706.6400146484375,706.7999877929688,60926
2026-07-22 14:11:00+00:00,707.52001953125,707.52001953125,707.6500244140625,707.1799926757812,707.1799926757812,75279
2026-07-22 14:12:00+00:00,707.340087890625,707.340087890625,707.739990234375,707.3300170898438,707.530029296875,59771
2026-07-22 14:13:00+00:00,706.9299926757812,706.9299926757812,707.35498046875,706.8300170898438,707.35498046875,65918
2026-07-22 14:14:00+00:00,707.0900268554688,707.0900268554688,707.1599731445312,706.864013671875,706.9500122070312,26971
2026-07-22 14:15:00+00:00,706.405029296875,706.405029296875,707.2000122070312,706.1599731445312,707.0800170898438,108576
2026-07-22 14:16:00+00:00,706.5599975585938,706.5599975585938,706.760009765625,706.219970703125,706.4000244140625,61547
2026-07-22 14:17:00+00:00,706.9498901367188,706.9498901367188,707.0,706.2557983398438,706.563720703125,63182
2026-07-22 14:18:00+00:00,706.6300048828125,706.6300048828125,707.0,706.4404907226562,706.9099731445312,55209
2026-07-22 14:19:00+00:00,707.489990234375,707.489990234375,707.5,706.469970703125,706.5349731445312,63544
2026-07-22 14:20:00+00:00,707.8300170898438,707.8300170898438,707.8300170898438,707.3099975585938,707.4600219726562,63502
2026-07-22 14:21:00+00:00,707.760009765625,707.760009765625,707.989990234375,707.5999755859375,707.75,64643
2026-07-22 14:22:00+00:00,707.3499755859375,707.3499755859375,707.8400268554688,707.3099975585938,707.77001953125,53805
2026-07-22 14:23:00+00:00,706.6599731445312,706.6599731445312,707.3499755859375,706.3499755859375,707.3499755859375,84577
2026-07-22 14:24:00+00:00,706.6599731445312,706.6599731445312,706.739990234375,706.219970703125,706.6699829101562,45781
2026-07-22 14:25:00+00:00,706.7899780273438,706.7899780273438,707.0,706.530029296875,706.6500244140625,46918
2026-07-22 14:26:00+00:00,706.3900146484375,706.3900146484375,706.9797973632812,706.3800048828125,706.8400268554688,116045
2026-07-22 14:27:00+00:00,706.639404296875,706.639404296875,706.780029296875,706.280029296875,706.4500122070312,48923
2026-07-22 14:28:00+00:00,706.5100708007812,706.5100708007812,706.6900024414062,706.2999877929688,706.5999755859375,43062
2026-07-22 14:29:00+00:00,706.7098999023438,706.7098999023438,706.89990234375,706.3800048828125,706.5700073242188,34019
2026-07-22 14:30:00+00:00,706.9299926757812,706.9299926757812,707.1300048828125,706.5850219726562,706.6900024414062,63831
2026-07-22 14:31:00+00:00,706.97998046875,706.97998046875,707.010009765625,706.7000122070312,706.989990234375,41453
2026-07-22 14:32:00+00:00,707.6199951171875,707.6199951171875,707.6599731445312,707.0,707.0,87080
2026-07-22 14:33:00+00:00,707.0650024414062,707.0650024414062,707.6400146484375,706.47998046875,707.6400146484375,87493
2026-07-22 14:34:00+00:00,706.6599731445312,706.6599731445312,707.22998046875,706.6300048828125,707.0599975585938,37386
2026-07-22 14:35:00+00:00,706.8200073242188,706.8200073242188,706.869873046875,706.4183959960938,706.6699829101562,59037
2026-07-22 14:36:00+00:00,707.1900024414062,707.1900024414062,707.3101196289062,706.7550048828125,706.8699951171875,60350
2026-07-22 14:37:00+00:00,706.8200073242188,706.8200073242188,707.2999877929688,706.8200073242188,707.1572265625,47375
2026-07-22 14:38:00+00:00,706.77001953125,706.77001953125,706.9600219726562,706.4600219726562,706.844970703125,56604
2026-07-22 14:39:00+00:00,706.72998046875,706.72998046875,706.77001953125,706.4301147460938,706.7550048828125,83772
2026-07-22 14:40:00+00:00,706.7000122070312,706.7000122070312,707.0,706.5499877929688,706.6900024414062,259268
2026-07-22 14:41:00+00:00,705.989990234375,705.989990234375,706.7399291992188,705.8499755859375,706.6699829101562,108431
2026-07-22 14:42:00+00:00,706.2150268554688,706.2150268554688,706.3099975585938,705.5800170898438,705.9650268554688,88990
2026-07-22 14:43:00+00:00,706.010009765625,706.010009765625,706.2100219726562,705.8200073242188,706.2100219726562,31792
2026-07-22 14:44:00+00:00,705.9000244140625,705.9000244140625,706.155029296875,705.8699951171875,706.010009765625,37938
2026-07-22 14:45:00+00:00,706.1500244140625,706.1500244140625,706.2429809570312,705.6199951171875,705.8699951171875,78204
2026-07-22 14:46:00+00:00,706.739990234375,706.739990234375,706.8800048828125,706.1099853515625,706.2014770507812,63695
2026-07-22 14:47:00+00:00,706.530029296875,706.530029296875,706.72998046875,706.3900146484375,706.719970703125,28644
2026-07-22 14:48:00+00:00,706.72998046875,706.72998046875,706.9500122070312,706.489990234375,706.5449829101562,25535
2026-07-22 14:49:00+00:00,706.8200073242188,706.8200073242188,706.8698120117188,706.3200073242188,706.6904907226562,50484
2026-07-22 14:50:00+00:00,706.6099853515625,706.6099853515625,706.864990234375,706.4000244140625,706.7999877929688,25573
2026-07-22 14:51:00+00:00,706.52001953125,706.52001953125,706.6799926757812,705.9299926757812,706.6699829101562,50621
2026-07-22 14:52:00+00:00,706.1500244140625,706.1500244140625,706.760009765625,706.0999755859375,706.5399780273438,30173
2026-07-22 14:53:00+00:00,706.22998046875,706.22998046875,706.6400146484375,706.1099853515625,706.1699829101562,32950
2026-07-22 14:54:00+00:00,706.22998046875,706.22998046875,706.72998046875,706.22998046875,706.25,33601
2026-07-22 14:55:00+00:00,706.219970703125,706.219970703125,706.2401123046875,705.8400268554688,706.219970703125,50679
2026-07-22 14:56:00+00:00,706.3800048828125,706.3800048828125,706.5499877929688,706.1439208984375,706.239990234375,28755
2026-07-22 14:57:00+00:00,706.8499755859375,706.8499755859375,706.875,706.4600219726562,706.4600219726562,49887
2026-07-22 14:58:00+00:00,707.1799926757812,707.1799926757812,707.2899780273438,706.8759765625,706.8759765625,37662
2026-07-22 14:59:00+00:00,707.1900024414062,707.1900024414062,707.2899780273438,707.0499877929688,707.1950073242188,41438
2026-07-22 15:00:00+00:00,707.7899780273438,707.7899780273438,707.8200073242188,707.2000122070312,707.2000122070312,81802
2026-07-22 15:01:00+00:00,707.4050903320312,707.4050903320312,707.7899780273438,707.3699951171875,707.77001953125,79400
2026-07-22 15:02:00+00:00,707.6950073242188,707.6950073242188,707.6950073242188,707.27001953125,707.3701171875,41580
2026-07-22 15:03:00+00:00,707.7100219726562,707.7100219726562,707.978271484375,707.669921875,707.669921875,107590
2026-07-22 15:04:00+00:00,707.9299926757812,707.9299926757812,708.030029296875,707.72998046875,707.72998046875,41376
2026-07-22 15:05:00+00:00,708.4099731445312,708.4099731445312,708.4299926757812,707.72998046875,707.9199829101562,53671
2026-07-22 15:06:00+00:00,708.4400024414062,708.4400024414062,708.5700073242188,708.3800048828125,708.4099731445312,79959
2026-07-22 15:07:00+00:00,708.5700073242188,708.5700073242188,708.597412109375,708.3114013671875,708.4099731445312,54389
2026-07-22 15:08:00+00:00,708.6699829101562,708.6699829101562,708.7000122070312,708.4299926757812,708.5549926757812,36780
2026-07-22 15:09:00+00:00,708.4600219726562,708.4600219726562,708.6699829101562,708.4099731445312,708.6599731445312,48721
2026-07-22 15:10:00+00:00,708.8599853515625,708.8599853515625,708.8699951171875,708.3699951171875,708.43212890625,60450
2026-07-22 15:11:00+00:00,708.6298828125,708.6298828125,708.9600219726562,708.5599975585938,708.8599853515625,72423
2026-07-22 15:12:00+00:00,708.7999877929688,708.7999877929688,708.7999877929688,708.4299926757812,708.5800170898438,56730
2026-07-22 15:13:00+00:00,708.6099853515625,708.6099853515625,708.760009765625,708.5499877929688,708.760009765625,39255
2026-07-22 15:14:00+00:00,708.7940063476562,708.7940063476562,708.7940063476562,708.4600219726562,708.5999755859375,34636
2026-07-22 15:15:00+00:00,708.7999877929688,708.7999877929688,708.9299926757812,708.6599731445312,708.7999877929688,48196
2026-07-22 15:16:00+00:00,708.8350219726562,708.8350219726562,708.9199829101562,708.6500244140625,708.8599853515625,35784
2026-07-22 15:17:00+00:00,708.635009765625,708.635009765625,708.969970703125,708.635009765625,708.8400268554688,64319
2026-07-22 15:18:00+00:00,708.5499877929688,708.5499877929688,708.705810546875,708.4400024414062,708.6099853515625,83792
2026-07-22 15:19:00+00:00,708.8599853515625,708.8599853515625,708.8599853515625,708.5399780273438,708.5499877929688,47416
2026-07-22 15:20:00+00:00,709.1900024414062,709.1900024414062,709.2199096679688,708.8099975585938,708.8599853515625,51004
2026-07-22 15:21:00+00:00,708.718994140625,708.718994140625,709.280029296875,708.7000122070312,709.2000122070312,91583
2026-07-22 15:22:00+00:00,708.8400268554688,708.8400268554688,708.8400268554688,708.55029296875,708.6649780273438,25183
2026-07-22 15:23:00+00:00,708.9000244140625,708.9000244140625,708.9000244140625,708.60498046875,708.8250122070312,32666
2026-07-22 15:24:00+00:00,709.1799926757812,709.1799926757812,709.2520141601562,708.8800048828125,708.8800048828125,47053
2026-07-22 15:25:00+00:00,709.3499755859375,709.3499755859375,709.3499755859375,709.1201171875,709.1400146484375,45882
2026-07-22 15:26:00+00:00,709.4301147460938,709.4301147460938,709.4849853515625,709.2999877929688,709.3499755859375,74429
2026-07-22 15:27:00+00:00,709.4099731445312,709.4099731445312,709.6472778320312,709.4000244140625,709.469970703125,80520
2026-07-22 15:28:00+00:00,709.3599853515625,709.3599853515625,709.4600219726562,709.246826171875,709.3900146484375,39540
2026-07-22 15:29:00+00:00,709.22998046875,709.22998046875,709.4199829101562,709.1900024414062,709.3250122070312,34848
2026-07-22 15:30:00+00:00,709.4299926757812,709.4299926757812,709.469970703125,709.0501098632812,709.239990234375,61818
2026-07-22 15:31:00+00:00,709.260009765625,709.260009765625,709.4500122070312,709.2349853515625,709.4149780273438,26928
2026-07-22 15:32:00+00:00,708.8200073242188,708.8200073242188,709.280029296875,708.7899780273438,709.2550048828125,99322
2026-07-22 15:33:00+00:00,708.6242065429688,708.6242065429688,708.9000244140625,708.5900268554688,708.8300170898438,41723
2026-07-22 15:34:00+00:00,708.4299926757812,708.4299926757812,708.6300048828125,708.3400268554688,708.6199951171875,47649
2026-07-22 15:35:00+00:00,708.739990234375,708.739990234375,708.7706298828125,708.4199829101562,708.4199829101562,37244
2026-07-22 15:36:00+00:00,708.7849731445312,708.7849731445312,708.8699951171875,708.6400146484375,708.760009765625,36633
2026-07-22 15:37:00+00:00,708.5150146484375,708.5150146484375,708.7899780273438,708.2000122070312,708.7899169921875,102505
2026-07-22 15:38:00+00:00,708.3499755859375,708.3499755859375,708.6300048828125,708.25,708.5399780273438,41138
2026-07-22 15:39:00+00:00,708.2000122070312,708.2000122070312,708.3499755859375,708.1199951171875,708.3499755859375,65572
2026-07-22 15:40:00+00:00,708.5349731445312,708.5349731445312,708.5399780273438,708.013671875,708.1900024414062,30196
2026-07-22 15:41:00+00:00,708.56201171875,708.56201171875,708.6799926757812,708.3800048828125,708.52001953125,26100
2026-07-22 15:42:00+00:00,708.3900146484375,708.3900146484375,708.6799926757812,708.3900146484375,708.5800170898438,16602
2026-07-22 15:43:00+00:00,708.25,708.25,708.4600219726562,708.1400146484375,708.405029296875,35131
2026-07-22 15:44:00+00:00,708.3699951171875,708.3699951171875,708.469970703125,708.260009765625,708.2899169921875,33373
2026-07-22 15:45:00+00:00,708.6799926757812,708.6799926757812,708.75,708.3499755859375,708.3499755859375,33640
2026-07-22 15:46:00+00:00,708.4450073242188,708.4450073242188,708.8499755859375,708.4299926757812,708.6400146484375,23839
2026-07-22 15:47:00+00:00,708.5999755859375,708.5999755859375,708.6900024414062,708.4199829101562,708.4299926757812,20539
2026-07-22 15:48:00+00:00,708.6199951171875,708.6199951171875,708.719970703125,708.5499877929688,708.5999755859375,25900
2026-07-22 15:49:00+00:00,708.8079833984375,708.8079833984375,708.8200073242188,708.510009765625,708.6199951171875,30914
2026-07-22 15:50:00+00:00,708.8162841796875,708.8162841796875,708.9210205078125,708.7858276367188,708.8099975585938,21616
2026-07-22 15:51:00+00:00,709.1400146484375,709.1400146484375,709.2000122070312,708.7999877929688,708.7999877929688,29039
2026-07-22 15:52:00+00:00,709.375,709.375,709.3800048828125,709.094970703125,709.1400146484375,36800
2026-07-22 15:53:00+00:00,708.9600219726562,708.9600219726562,709.4099731445312,708.9500122070312,709.3499755859375,23961
2026-07-22 15:54:00+00:00,708.7999877929688,708.7999877929688,709.0499877929688,708.7100219726562,708.9500122070312,101718
2026-07-22 15:55:00+00:00,708.8900146484375,708.8900146484375,708.9398803710938,708.623779296875,708.7839965820312,17889
2026-07-22 15:56:00+00:00,708.885009765625,708.885009765625,708.89501953125,708.6900024414062,708.8599853515625,11261
2026-07-22 15:57:00+00:00,708.9349975585938,708.9349975585938,708.969970703125,708.6900024414062,708.875,15834
2026-07-22 15:58:00+00:00,709.1699829101562,709.1699829101562,709.1943969726562,708.9199829101562,708.9600219726562,9325
2026-07-22 15:59:00+00:00,709.3599853515625,709.3599853515625,709.4099731445312,709.0999755859375,709.1699829101562,29373
2026-07-22 16:00:00+00:00,709.280029296875,709.280029296875,709.4400024414062,709.22998046875,709.3699951171875,20939
2026-07-22 16:01:00+00:00,709.0250244140625,709.0250244140625,709.3099975585938,708.9400024414062,709.3099975585938,24600
2026-07-22 16:02:00+00:00,709.1754760742188,709.1754760742188,709.2100219726562,708.969970703125,709.030029296875,15003
2026-07-22 16:03:00+00:00,709.1201171875,709.1201171875,709.1849975585938,708.97998046875,709.1849975585938,12097
2026-07-22 16:04:00+00:00,709.0999755859375,709.0999755859375,709.1995239257812,708.97998046875,709.1038208007812,24963
2026-07-22 16:05:00+00:00,709.2150268554688,709.2150268554688,709.2349853515625,708.989990234375,709.0999755859375,21662
2026-07-22 16:06:00+00:00,709.2550048828125,709.2550048828125,709.4299926757812,709.22998046875,709.239990234375,29227
2026-07-22 16:07:00+00:00,709.3099975585938,709.3099975585938,709.3576049804688,709.1799926757812,709.27001953125,19545
2026-07-22 16:08:00+00:00,709.210693359375,709.210693359375,709.3400268554688,709.2100219726562,709.2999877929688,13635
2026-07-22 16:09:00+00:00,709.3112182617188,709.3112182617188,709.3549194335938,709.219970703125,709.219970703125,22059
2026-07-22 16:10:00+00:00,709.27001953125,709.27001953125,709.3099975585938,709.2100219726562,709.2999877929688,36271
2026-07-22 16:11:00+00:00,709.031005859375,709.031005859375,709.3499755859375,709.030029296875,709.280029296875,27017
2026-07-22 16:12:00+00:00,709.27001953125,709.27001953125,709.280029296875,709.02001953125,709.02001953125,37204
2026-07-22 16:13:00+00:00,709.260009765625,709.260009765625,709.3300170898438,709.1300048828125,709.2349853515625,30070
2026-07-22 16:14:00+00:00,709.3300170898438,709.3300170898438,709.4500122070312,709.25,709.260009765625,32920
2026-07-22 16:15:00+00:00,709.3300170898438,709.3300170898438,709.4876708984375,709.2899169921875,709.3300170898438,50992
2026-07-22 16:16:00+00:00,709.2999877929688,709.2999877929688,709.4500122070312,709.219970703125,709.3300170898438,40053
2026-07-22 16:17:00+00:00,709.1500244140625,709.1500244140625,709.4500122070312,709.0999755859375,709.3099975585938,50740
2026-07-22 16:18:00+00:00,709.3400268554688,709.3400268554688,709.4199829101562,709.0800170898438,709.1500244140625,42232
2026-07-22 16:19:00+00:00,709.3499755859375,709.3499755859375,709.4299926757812,709.3350219726562,709.3699951171875,21529
2026-07-22 16:20:00+00:00,709.0999755859375,709.0999755859375,709.3099975585938,708.9420166015625,709.3099975585938,36677
2026-07-22 16:21:00+00:00,709.1199951171875,709.1199951171875,709.2000122070312,709.030029296875,709.14990234375,28695
2026-07-22 16:22:00+00:00,709.0737915039062,709.0737915039062,709.1900024414062,708.989990234375,709.1300048828125,31448
2026-07-22 16:23:00+00:00,708.8900146484375,708.8900146484375,709.0999145507812,708.8800048828125,709.0449829101562,20483
2026-07-22 16:24:00+00:00,708.9998779296875,708.9998779296875,708.9998779296875,708.840087890625,708.8900146484375,18683
2026-07-22 16:25:00+00:00,708.969970703125,708.969970703125,709.030029296875,708.8900146484375,708.969970703125,10425
2026-07-22 16:26:00+00:00,708.7849731445312,708.7849731445312,708.9299926757812,708.6500244140625,708.9299926757812,39621
2026-07-22 16:27:00+00:00,708.8150024414062,708.8150024414062,708.9400024414062,708.7700805664062,708.7700805664062,8719
2026-07-22 16:28:00+00:00,708.8905029296875,708.8905029296875,708.9099731445312,708.7000122070312,708.8298950195312,14752
2026-07-22 16:29:00+00:00,708.9025268554688,708.9025268554688,709.030029296875,708.844970703125,708.9299926757812,8109
2026-07-22 16:30:00+00:00,709.0050048828125,709.0050048828125,709.02001953125,708.8200073242188,708.9000244140625,8184
2026-07-22 16:31:00+00:00,709.1599731445312,709.1599731445312,709.2501220703125,708.9650268554688,709.0,19211
2026-07-22 16:32:00+00:00,709.1500244140625,709.1500244140625,709.2000122070312,709.0800170898438,709.1799926757812,15078
2026-07-22 16:33:00+00:00,709.2901000976562,709.2901000976562,709.2901000976562,709.094970703125,709.1818237304688,14323
2026-07-22 16:34:00+00:00,709.2000122070312,709.2000122070312,709.3200073242188,709.0599975585938,709.309326171875,20084
2026-07-22 16:35:00+00:00,709.0700073242188,709.0700073242188,709.2100219726562,709.02001953125,709.1799926757812,13208
2026-07-22 16:36:00+00:00,708.9000244140625,708.9000244140625,709.0700073242188,708.8699951171875,709.0599975585938,47279
2026-07-22 16:37:00+00:00,708.72998046875,708.72998046875,708.9299926757812,708.719970703125,708.8800048828125,41518
2026-07-22 16:38:00+00:00,708.97998046875,708.97998046875,709.02001953125,708.72998046875,708.739990234375,16633
2026-07-22 16:39:00+00:00,708.760009765625,708.760009765625,709.0399780273438,708.6900024414062,709.0,41562
2026-07-22 16:40:00+00:00,708.47998046875,708.47998046875,708.780029296875,708.4240112304688,708.780029296875,36361
2026-07-22 16:41:00+00:00,708.4299926757812,708.4299926757812,708.5499877929688,708.4299926757812,708.510009765625,20423
2026-07-22 16:42:00+00:00,708.3599853515625,708.3599853515625,708.4949951171875,708.3200073242188,708.4099731445312,24108
2026-07-22 16:43:00+00:00,708.280029296875,708.280029296875,708.41357421875,708.25,708.3499755859375,19302
2026-07-22 16:44:00+00:00,708.4000244140625,708.4000244140625,708.4400024414062,708.280029296875,708.2899169921875,12592
2026-07-22 16:45:00+00:00,708.27001953125,708.27001953125,708.5499877929688,708.25,708.4000244140625,27220
2026-07-22 16:46:00+00:00,708.1500244140625,708.1500244140625,708.4099731445312,708.1090087890625,708.280029296875,20506
2026-07-22 16:47:00+00:00,708.2000122070312,708.2000122070312,708.22998046875,708.0700073242188,708.154296875,29881
2026-07-22 16:48:00+00:00,708.4099731445312,708.4099731445312,708.4197998046875,708.219970703125,708.219970703125,20846
2026-07-22 16:49:00+00:00,708.3400268554688,708.3400268554688,708.4495849609375,708.3099975585938,708.3900146484375,18738
2026-07-22 16:50:00+00:00,708.4111938476562,708.4111938476562,708.4111938476562,708.1599731445312,708.3300170898438,14321
2026-07-22 16:51:00+00:00,708.3413696289062,708.3413696289062,708.52001953125,708.3300170898438,708.4199829101562,27368
2026-07-22 16:52:00+00:00,708.4600219726562,708.4600219726562,708.5,708.27001953125,708.3200073242188,28458
2026-07-22 16:53:00+00:00,708.3900146484375,708.3900146484375,708.489990234375,708.239990234375,708.4600219726562,24434
2026-07-22 16:54:00+00:00,708.4099731445312,708.4099731445312,708.488525390625,708.3400268554688,708.3599853515625,10657
2026-07-22 16:55:00+00:00,708.97998046875,708.97998046875,708.989990234375,708.3900146484375,708.39501953125,25338
2026-07-22 16:56:00+00:00,708.9550170898438,708.9550170898438,709.030029296875,708.9199829101562,709.0,28202
2026-07-22 16:57:00+00:00,709.0399780273438,709.0399780273438,709.1599731445312,708.97998046875,708.97998046875,25784
2026-07-22 16:58:00+00:00,709.0349731445312,709.0349731445312,709.0698852539062,708.9299926757812,708.989990234375,13050
2026-07-22 16:59:00+00:00,708.8699951171875,708.8699951171875,709.0111083984375,708.8101196289062,709.010009765625,18057
2026-07-22 17:00:00+00:00,709.2100219726562,709.2100219726562,709.239990234375,708.8099975585938,708.8800048828125,45158
2026-07-22 17:01:00+00:00,709.0499877929688,709.0499877929688,709.2100219726562,709.0,709.2100219726562,23854
2026-07-22 17:02:00+00:00,708.9541015625,708.9541015625,709.0700073242188,708.8499755859375,709.030029296875,12263
2026-07-22 17:03:00+00:00,708.8699951171875,708.8699951171875,708.9600219726562,708.6900024414062,708.9199829101562,31238
2026-07-22 17:04:00+00:00,708.8200073242188,708.8200073242188,708.8699951171875,708.6799926757812,708.8699951171875,10097
2026-07-22 17:05:00+00:00,708.969970703125,708.969970703125,709.067626953125,708.8200073242188,708.8300170898438,13338
2026-07-22 17:06:00+00:00,709.1300048828125,709.1300048828125,709.1300048828125,708.8900146484375,708.97998046875,20317
2026-07-22 17:07:00+00:00,709.330078125,709.330078125,709.3499755859375,709.0899047851562,709.1400146484375,20259
2026-07-22 17:08:00+00:00,709.27001953125,709.27001953125,709.3300170898438,709.1799926757812,709.3300170898438,14214
2026-07-22 17:09:00+00:00,709.22998046875,709.22998046875,709.27001953125,709.0599975585938,709.27001953125,18649
2026-07-22 17:10:00+00:00,709.25,709.25,709.2999877929688,709.1691284179688,709.2449951171875,11089
2026-07-22 17:11:00+00:00,709.1799926757812,709.1799926757812,709.280029296875,709.0800170898438,709.280029296875,12687
2026-07-22 17:12:00+00:00,709.0999755859375,709.0999755859375,709.22998046875,709.0700073242188,709.2050170898438,13796
2026-07-22 17:13:00+00:00,708.9749755859375,708.9749755859375,709.0900268554688,708.8900146484375,709.0900268554688,33121
2026-07-22 17:14:00+00:00,708.8599853515625,708.8599853515625,708.9998779296875,708.780029296875,708.9400024414062,55316
2026-07-22 17:15:00+00:00,708.7307739257812,708.7307739257812,708.927001953125,708.6599731445312,708.8499755859375,44921
2026-07-22 17:16:00+00:00,708.6950073242188,708.6950073242188,708.85498046875,708.6599731445312,708.7249755859375,19831
2026-07-22 17:17:00+00:00,708.93798828125,708.93798828125,708.93798828125,708.6699829101562,708.7100219726562,67729
2026-07-22 17:18:00+00:00,708.9299926757812,708.9299926757812,709.0599975585938,708.9000244140625,708.9400024414062,28794
2026-07-22 17:19:00+00:00,708.880126953125,708.880126953125,709.010009765625,708.8699951171875,708.969970703125,8742
2026-07-22 17:20:00+00:00,708.7000122070312,708.7000122070312,708.8300170898438,708.6199951171875,708.8300170898438,18086
2026-07-22 17:21:00+00:00,708.5700073242188,708.5700073242188,708.8049926757812,708.5700073242188,708.7000122070312,14011
2026-07-22 17:22:00+00:00,708.7550048828125,708.7550048828125,708.7550048828125,708.5020141601562,708.5800170898438,24965
2026-07-22 17:23:00+00:00,708.875,708.875,708.9299926757812,708.7301025390625,708.7301025390625,12642
2026-07-22 17:24:00+00:00,708.9400024414062,708.9400024414062,708.989990234375,708.844970703125,708.9600219726562,11763
2026-07-22 17:25:00+00:00,708.7109985351562,708.7109985351562,708.8900146484375,708.7000122070312,708.8900146484375,55440
2026-07-22 17:26:00+00:00,708.7000122070312,708.7000122070312,708.7349853515625,708.60498046875,708.7150268554688,11025
2026-07-22 17:27:00+00:00,708.760009765625,708.760009765625,708.7899780273438,708.6699829101562,708.6699829101562,11002
2026-07-22 17:28:00+00:00,708.9600219726562,708.9600219726562,709.0399780273438,708.7000122070312,708.760009765625,31526
2026-07-22 17:29:00+00:00,708.769775390625,708.769775390625,709.0772705078125,708.75,709.02001953125,11557
2026-07-22 17:30:00+00:00,708.9199829101562,708.9199829101562,708.9199829101562,708.7150268554688,708.7150268554688,11068
2026-07-22 17:31:00+00:00,708.9699096679688,708.9699096679688,709.0900268554688,708.9299926757812,708.9600219726562,13141
2026-07-22 17:32:00+00:00,708.530029296875,708.530029296875,708.97998046875,708.4400024414062,708.969970703125,21054
2026-07-22 17:33:00+00:00,708.3900146484375,708.3900146484375,708.5399780273438,708.260009765625,708.5203247070312,23153
2026-07-22 17:34:00+00:00,708.2100830078125,708.2100830078125,708.4000244140625,708.1799926757812,708.4000244140625,17321
2026-07-22 17:35:00+00:00,708.3599853515625,708.3599853515625,708.4598999023438,708.1500244140625,708.2349853515625,12648
2026-07-22 17:36:00+00:00,708.5399780273438,708.5399780273438,708.5800170898438,708.3599853515625,708.3800048828125,19423
2026-07-22 17:37:00+00:00,708.77001953125,708.77001953125,708.8200073242188,708.5399780273438,708.5399780273438,24504
2026-07-22 17:38:00+00:00,708.7100219726562,708.7100219726562,708.9000854492188,708.6699829101562,708.7999877929688,9844
2026-07-22 17:39:00+00:00,708.9600219726562,708.9600219726562,708.9899291992188,708.7000122070312,708.72998046875,18766
2026-07-22 17:40:00+00:00,708.72998046875,708.72998046875,708.9500122070312,708.6900024414062,708.9500122070312,14140
2026-07-22 17:41:00+00:00,708.5999145507812,708.5999145507812,708.72998046875,708.5700073242188,708.72998046875,11792
2026-07-22 17:42:00+00:00,708.4995727539062,708.4995727539062,708.5900268554688,708.4401245117188,708.5499877929688,10007
2026-07-22 17:43:00+00:00,708.4099731445312,708.4099731445312,708.5399780273438,708.4000244140625,708.4849853515625,7732
2026-07-22 17:44:00+00:00,708.510009765625,708.510009765625,708.5700073242188,708.4124755859375,708.4124755859375,9586
2026-07-22 17:45:00+00:00,708.510009765625,708.510009765625,708.5598754882812,708.4600219726562,708.510009765625,8616
2026-07-22 17:46:00+00:00,708.4494018554688,708.4494018554688,708.5700073242188,708.405029296875,708.510009765625,15400
2026-07-22 17:47:00+00:00,708.3148193359375,708.3148193359375,708.4600219726562,708.2899780273438,708.4600219726562,8376
2026-07-22 17:48:00+00:00,708.2249755859375,708.2249755859375,708.3599853515625,708.1799926757812,708.3200073242188,9405
2026-07-22 17:49:00+00:00,708.2100219726562,708.2100219726562,708.3599853515625,708.1799926757812,708.2000122070312,13243
2026-07-22 17:50:00+00:00,708.14501953125,708.14501953125,708.2249755859375,708.102294921875,708.219970703125,8832
2026-07-22 17:51:00+00:00,708.219970703125,708.219970703125,708.31640625,708.1500244140625,708.1500244140625,57395
2026-07-22 17:52:00+00:00,707.9500122070312,707.9500122070312,708.25,707.8800048828125,708.22998046875,26881
2026-07-22 17:53:00+00:00,707.6400146484375,707.6400146484375,707.9400024414062,707.6199951171875,707.9400024414062,36481
2026-07-22 17:54:00+00:00,707.4249877929688,707.4249877929688,707.6699829101562,707.4199829101562,707.6300048828125,47381
2026-07-22 17:55:00+00:00,707.405029296875,707.405029296875,707.5098266601562,707.0399780273438,707.4000854492188,153660
2026-07-22 17:56:00+00:00,707.469970703125,707.469970703125,707.5599975585938,707.35498046875,707.4749755859375,82492
2026-07-22 17:57:00+00:00,707.4199829101562,707.4199829101562,707.6799926757812,707.3200073242188,707.469970703125,29127
2026-07-22 17:58:00+00:00,707.2899780273438,707.2899780273438,707.5499877929688,707.2899780273438,707.4600219726562,18454
2026-07-22 17:59:00+00:00,707.2738037109375,707.2738037109375,707.344970703125,707.1701049804688,707.27001953125,18055
2026-07-22 18:00:00+00:00,707.6300048828125,707.6300048828125,707.6823120117188,707.27001953125,707.27001953125,20639
2026-07-22 18:01:00+00:00,707.4099731445312,707.4099731445312,707.6599731445312,707.22998046875,707.614990234375,21602
2026-07-22 18:02:00+00:00,707.2100219726562,707.2100219726562,707.4199829101562,707.0,707.4199829101562,38482
2026-07-22 18:03:00+00:00,707.3699951171875,707.3699951171875,707.3699951171875,707.1799926757812,707.239990234375,18548
2026-07-22 18:04:00+00:00,707.5050048828125,707.5050048828125,707.510009765625,707.2899780273438,707.4099731445312,14496
2026-07-22 18:05:00+00:00,707.510009765625,707.510009765625,707.6400146484375,707.3400268554688,707.4899291992188,22144
2026-07-22 18:06:00+00:00,707.6099853515625,707.6099853515625,707.6500244140625,707.489990234375,707.5,13632
2026-07-22 18:07:00+00:00,707.8900146484375,707.8900146484375,707.8900146484375,707.52001953125,707.5700073242188,21005
2026-07-22 18:08:00+00:00,707.6699829101562,707.6699829101562,707.9199829101562,707.6699829101562,707.85009765625,11804
2026-07-22 18:09:00+00:00,707.3300170898438,707.3300170898438,707.6799926757812,707.3300170898438,707.6500244140625,16038
2026-07-22 18:10:00+00:00,707.4099731445312,707.4099731445312,707.4299926757812,707.1099853515625,707.3200073242188,20130
2026-07-22 18:11:00+00:00,707.3499755859375,707.3499755859375,707.52001953125,707.3200073242188,707.4500122070312,16163
2026-07-22 18:12:00+00:00,707.0900268554688,707.0900268554688,707.3300170898438,707.0399780273438,707.3300170898438,25456
2026-07-22 18:13:00+00:00,707.0599975585938,707.0599975585938,707.219970703125,706.9199829101562,707.1300048828125,25685
2026-07-22 18:14:00+00:00,706.8099975585938,706.8099975585938,707.0700073242188,706.8099975585938,707.030029296875,24616
2026-07-22 18:15:00+00:00,706.8699951171875,706.8699951171875,706.9249877929688,706.739990234375,706.8200073242188,33951
2026-07-22 18:16:00+00:00,706.9299926757812,706.9299926757812,707.1099853515625,706.780029296875,706.8300170898438,26772
2026-07-22 18:17:00+00:00,706.8900146484375,706.8900146484375,707.0399780273438,706.7899780273438,706.9450073242188,21412
2026-07-22 18:18:00+00:00,707.1500244140625,707.1500244140625,707.1500244140625,706.880126953125,706.880126953125,33041
2026-07-22 18:19:00+00:00,706.9500732421875,706.9500732421875,707.2000122070312,706.8699951171875,707.1300048828125,22202
2026-07-22 18:20:00+00:00,707.239990234375,707.239990234375,707.239990234375,706.8200073242188,707.0,35811
2026-07-22 18:21:00+00:00,707.1799926757812,707.1799926757812,707.489990234375,707.1420288085938,707.219970703125,36855
2026-07-22 18:22:00+00:00,707.0800170898438,707.0800170898438,707.1099853515625,706.989990234375,707.0900268554688,17689
2026-07-22 18:23:00+00:00,706.8499145507812,706.8499145507812,707.115478515625,706.8200073242188,707.0750122070312,24591
2026-07-22 18:24:00+00:00,706.9000244140625,706.9000244140625,707.1300048828125,706.8200073242188,706.8399047851562,18741
2026-07-22 18:25:00+00:00,706.9600219726562,706.9600219726562,707.0050048828125,706.8499755859375,706.9199829101562,26661
2026-07-22 18:26:00+00:00,706.9450073242188,706.9450073242188,707.030029296875,706.8607788085938,706.9899291992188,26058
2026-07-22 18:27:00+00:00,706.969970703125,706.969970703125,707.0698852539062,706.8099975585938,706.9600219726562,24690
2026-07-22 18:28:00+00:00,707.2899780273438,707.2899780273438,707.2899780273438,706.9483032226562,706.9500122070312,19401
2026-07-22 18:29:00+00:00,707.1300048828125,707.1300048828125,707.3599243164062,707.12158203125,707.3099975585938,27534
2026-07-22 18:30:00+00:00,706.864990234375,706.864990234375,707.1699829101562,706.7000122070312,707.1201171875,53910
2026-07-22 18:31:00+00:00,706.5599975585938,706.5599975585938,706.9000244140625,706.510009765625,706.8699951171875,34526
2026-07-22 18:32:00+00:00,706.4400024414062,706.4400024414062,706.5900268554688,706.4000244140625,706.5399780273438,32394
2026-07-22 18:33:00+00:00,706.6201171875,706.6201171875,706.6699829101562,706.4500122070312,706.4600219726562,24975
2026-07-22 18:34:00+00:00,706.5700073242188,706.5700073242188,706.6699829101562,706.489990234375,706.6400146484375,13068
2026-07-22 18:35:00+00:00,706.9400024414062,706.9400024414062,706.9400024414062,706.469970703125,706.530029296875,54331
2026-07-22 18:36:00+00:00,707.010009765625,707.010009765625,707.0800170898438,706.9199829101562,706.9450073242188,22613
2026-07-22 18:37:00+00:00,706.9600219726562,706.9600219726562,707.1300048828125,706.9199829101562,707.02001953125,18145
2026-07-22 18:38:00+00:00,706.9838256835938,706.9838256835938,707.0999755859375,706.97998046875,707.010009765625,11279
2026-07-22 18:39:00+00:00,706.989990234375,706.989990234375,706.9949951171875,706.7200927734375,706.9949951171875,16172
2026-07-22 18:40:00+00:00,706.8099975585938,706.8099975585938,707.0499877929688,706.8099975585938,707.030029296875,11019
2026-07-22 18:41:00+00:00,706.9899291992188,706.9899291992188,706.9899291992188,706.8009033203125,706.8436889648438,20759
2026-07-22 18:42:00+00:00,706.77001953125,706.77001953125,706.9982299804688,706.77001953125,706.97998046875,20384
2026-07-22 18:43:00+00:00,706.9249877929688,706.9249877929688,706.9299926757812,706.760009765625,706.7808227539062,7177
2026-07-22 18:44:00+00:00,706.9000244140625,706.9000244140625,706.969970703125,706.8820190429688,706.969970703125,3890
2026-07-22 18:45:00+00:00,707.265625,707.265625,707.2899780273438,706.8800048828125,706.9099731445312,29789
2026-07-22 18:46:00+00:00,707.2899780273438,707.2899780273438,707.2899780273438,707.135009765625,707.239990234375,18642
2026-07-22 18:47:00+00:00,707.2000122070312,707.2000122070312,707.25,707.1500244140625,707.25,22848
2026-07-22 18:48:00+00:00,707.25,707.25,707.3643798828125,707.2150268554688,707.219970703125,15009
2026-07-22 18:49:00+00:00,706.9749755859375,706.9749755859375,707.25,706.9500122070312,707.2406005859375,12667
2026-07-22 18:50:00+00:00,706.8790283203125,706.8790283203125,707.0299072265625,706.7901000976562,707.010009765625,14225
2026-07-22 18:51:00+00:00,707.0,707.0,707.0999145507812,706.8699951171875,706.9099731445312,10022
2026-07-22 18:52:00+00:00,706.9030151367188,706.9030151367188,707.0700073242188,706.7899780273438,707.0587158203125,12666
2026-07-22 18:53:00+00:00,707.22998046875,707.22998046875,707.25,706.9299926757812,706.9550170898438,11919
2026-07-22 18:54:00+00:00,707.4650268554688,707.4650268554688,707.510009765625,707.219970703125,707.22998046875,15648
2026-07-22 18:55:00+00:00,707.5999145507812,707.5999145507812,707.6099853515625,707.4500122070312,707.469970703125,51255
2026-07-22 18:56:00+00:00,707.3566284179688,707.3566284179688,707.619873046875,707.2899780273438,707.5889892578125,42159
2026-07-22 18:57:00+00:00,707.4400024414062,707.4400024414062,707.4650268554688,707.3104858398438,707.3599853515625,7447
2026-07-22 18:58:00+00:00,707.510009765625,707.510009765625,707.614990234375,707.4500122070312,707.4500122070312,11547
2026-07-22 18:59:00+00:00,707.4249877929688,707.4249877929688,707.5800170898438,707.4199829101562,707.5064697265625,19495
2026-07-22 19:00:00+00:00,707.4000244140625,707.4000244140625,707.4400024414062,707.239990234375,707.3400268554688,30734
2026-07-22 19:01:00+00:00,707.1849975585938,707.1849975585938,707.489990234375,707.0599975585938,707.3699951171875,74615
2026-07-22 19:02:00+00:00,707.1799926757812,707.1799926757812,707.280029296875,707.1500244140625,707.1599731445312,38662
2026-07-22 19:03:00+00:00,707.4199829101562,707.4199829101562,707.4199829101562,707.1699829101562,707.2000122070312,19531
2026-07-22 19:04:00+00:00,707.4099731445312,707.4099731445312,707.6300048828125,707.3699951171875,707.3699951171875,33811
2026-07-22 19:05:00+00:00,707.3099975585938,707.3099975585938,707.52001953125,707.3099975585938,707.3900146484375,27606
2026-07-22 19:06:00+00:00,707.4650268554688,707.4650268554688,707.4650268554688,707.219970703125,707.27001953125,12197
2026-07-22 19:07:00+00:00,707.239990234375,707.239990234375,707.5,707.22998046875,707.489990234375,26610
2026-07-22 19:08:00+00:00,707.3900146484375,707.3900146484375,707.4528198242188,707.1901245117188,707.25,1836
2026-07-22 19:09:00+00:00,707.3599853515625,707.3599853515625,707.39990234375,707.3200073242188,707.3900146484375,5605
2026-07-22 19:10:00+00:00,707.239990234375,707.239990234375,707.3499755859375,707.1799926757812,707.3499755859375,25992
2026-07-22 19:11:00+00:00,707.0399169921875,707.0399169921875,707.280029296875,706.97998046875,707.25,26214
2026-07-22 19:12:00+00:00,706.8699951171875,706.8699951171875,707.0700073242188,706.7999877929688,707.0499877929688,28013
2026-07-22 19:13:00+00:00,706.7899780273438,706.7899780273438,706.9099731445312,706.75,706.8699951171875,26986
2026-07-22 19:14:00+00:00,706.8049926757812,706.8049926757812,706.8298950195312,706.5900268554688,706.7999877929688,127553
2026-07-22 19:15:00+00:00,706.8499755859375,706.8499755859375,706.9400024414062,706.6400146484375,706.8200073242188,126744
2026-07-22 19:16:00+00:00,707.1683959960938,707.1683959960938,707.1799926757812,706.8300170898438,706.8800048828125,20211
2026-07-22 19:17:00+00:00,707.1799926757812,707.1799926757812,707.2000122070312,707.0650024414062,707.1599731445312,7636
2026-07-22 19:18:00+00:00,707.2100219726562,707.2100219726562,707.280029296875,707.0399780273438,707.169921875,13415
2026-07-22 19:19:00+00:00,707.2000122070312,707.2000122070312,707.3200073242188,707.1934814453125,707.1934814453125,54729
2026-07-22 19:20:00+00:00,707.0399780273438,707.0399780273438,707.219970703125,707.02001953125,707.1799926757812,22408
2026-07-22 19:21:00+00:00,706.9700927734375,706.9700927734375,707.0800170898438,706.8200073242188,707.02001953125,29871
2026-07-22 19:22:00+00:00,707.2949829101562,707.2949829101562,707.3161010742188,706.9000244140625,706.969970703125,31447
2026-07-22 19:23:00+00:00,707.27001953125,707.27001953125,707.3800048828125,707.25,707.3099975585938,26901
2026-07-22 19:24:00+00:00,707.1303100585938,707.1303100585938,707.3300170898438,707.1300048828125,707.2849731445312,27370
2026-07-22 19:25:00+00:00,707.0900268554688,707.0900268554688,707.1627197265625,706.9600219726562,707.1400146484375,22521
2026-07-22 19:26:00+00:00,706.9650268554688,706.9650268554688,707.2100219726562,706.8916015625,707.1400146484375,21053
2026-07-22 19:27:00+00:00,707.30810546875,707.30810546875,707.3099975585938,706.9100952148438,706.9650268554688,21848
2026-07-22 19:28:00+00:00,707.60498046875,707.60498046875,707.6799926757812,707.2949829101562,707.2999877929688,76930
2026-07-22 19:29:00+00:00,707.5004272460938,707.5004272460938,707.6599731445312,707.469970703125,707.6300048828125,32113
2026-07-22 19:30:00+00:00,707.030029296875,707.030029296875,707.530029296875,707.010009765625,707.5,37367
2026-07-22 19:31:00+00:00,707.0499877929688,707.0499877929688,707.1799926757812,706.9400024414062,707.030029296875,56324
2026-07-22 19:32:00+00:00,707.0599975585938,707.0599975585938,707.1298828125,707.02001953125,707.0499877929688,21825
2026-07-22 19:33:00+00:00,707.02001953125,707.02001953125,707.1799926757812,706.97998046875,707.0700073242188,30392
2026-07-22 19:34:00+00:00,706.9000244140625,706.9000244140625,707.0800170898438,706.8339233398438,707.010009765625,55731
2026-07-22 19:35:00+00:00,706.85009765625,706.85009765625,707.0700073242188,706.8400268554688,706.9400024414062,31277
2026-07-22 19:36:00+00:00,706.6798706054688,706.6798706054688,706.8599853515625,706.5700073242188,706.8599853515625,30693
2026-07-22 19:37:00+00:00,706.5650024414062,706.5650024414062,706.719970703125,706.510009765625,706.7100219726562,91749
2026-07-22 19:38:00+00:00,706.1699829101562,706.1699829101562,706.530029296875,706.0900268554688,706.530029296875,61710
2026-07-22 19:39:00+00:00,706.2113037109375,706.2113037109375,706.2597045898438,706.0599975585938,706.1699829101562,33073
2026-07-22 19:40:00+00:00,706.2899780273438,706.2899780273438,706.4450073242188,706.21728515625,706.25,45441
2026-07-22 19:41:00+00:00,706.4349975585938,706.4349975585938,706.4500122070312,706.1099853515625,706.3200073242188,52023
2026-07-22 19:42:00+00:00,706.6099853515625,706.6099853515625,706.6900024414062,706.4400024414062,706.4400024414062,55851
2026-07-22 19:43:00+00:00,706.6799926757812,706.6799926757812,706.719970703125,706.594970703125,706.6500244140625,36956
2026-07-22 19:44:00+00:00,706.5001220703125,706.5001220703125,706.7999877929688,706.4500122070312,706.6900024414062,68479
2026-07-22 19:45:00+00:00,706.5599975585938,706.5599975585938,706.7449951171875,706.489990234375,706.52001953125,89745
2026-07-22 19:46:00+00:00,706.4600219726562,706.4600219726562,706.7000122070312,706.4349975585938,706.530029296875,45450
2026-07-22 19:47:00+00:00,706.5900268554688,706.5900268554688,706.6699829101562,706.4400024414062,706.469970703125,36966
2026-07-22 19:48:00+00:00,706.6500244140625,706.6500244140625,706.7000122070312,706.5300903320312,706.5499877929688,52253
2026-07-22 19:49:00+00:00,706.780029296875,706.780029296875,706.9000244140625,706.6599731445312,706.6599731445312,80685
2026-07-22 19:50:00+00:00,706.3900146484375,706.3900146484375,707.3099975585938,706.364990234375,706.8200073242188,150786
2026-07-22 19:51:00+00:00,706.4099731445312,706.4099731445312,706.4749755859375,706.2899780273438,706.3800048828125,64133
2026-07-22 19:52:00+00:00,706.594970703125,706.594970703125,706.8300170898438,706.3200073242188,706.4000244140625,168318
2026-07-22 19:53:00+00:00,706.5499877929688,706.5499877929688,706.72998046875,706.4199829101562,706.60498046875,33256
2026-07-22 19:54:00+00:00,706.2550048828125,706.2550048828125,706.6199951171875,706.1400146484375,706.52001953125,113994
2026-07-22 19:55:00+00:00,705.7150268554688,705.7150268554688,706.2999877929688,705.6337280273438,706.27001953125,256247
2026-07-22 19:56:00+00:00,705.5800170898438,705.5800170898438,705.77001953125,705.5599975585938,705.719970703125,218366
2026-07-22 19:57:00+00:00,705.905029296875,705.905029296875,706.0499877929688,705.5999755859375,705.5999755859375,121424
2026-07-22 19:58:00+00:00,705.989990234375,705.989990234375,706.2000122070312,705.8400268554688,705.8800048828125,133593
2026-07-22 19:59:00+00:00,705.27001953125,705.27001953125,706.4199829101562,705.1900024414062,705.97998046875,424576
2026-07-23 13:30:00+00:00,693.989990234375,693.989990234375,694.8499755859375,693.2100219726562,694.6400146484375,2637218
2026-07-23 13:31:00+00:00,694.8099975585938,694.8099975585938,694.8300170898438,693.8599853515625,693.9600219726562,477978
2026-07-23 13:32:00+00:00,695.2349853515625,695.2349853515625,695.4299926757812,694.510009765625,694.8099975585938,353674
2026-07-23 13:33:00+00:00,694.8300170898438,694.8300170898438,695.27001953125,694.1400756835938,695.22998046875,302286
2026-07-23 13:34:00+00:00,695.75,695.75,695.8250122070312,694.8200073242188,694.8200073242188,238533
2026-07-23 13:35:00+00:00,695.5700073242188,695.5700073242188,696.0900268554688,695.510009765625,695.7100219726562,338501
2026-07-23 13:36:00+00:00,696.4199829101562,696.4199829101562,696.4500122070312,695.1599731445312,695.5399780273438,273902
2026-07-23 13:37:00+00:00,696.739990234375,696.739990234375,696.8800048828125,696.1799926757812,696.4099731445312,223515
2026-07-23 13:38:00+00:00,696.4838256835938,696.4838256835938,697.1199951171875,696.1199951171875,696.75,225928
2026-07-23 13:39:00+00:00,696.5700073242188,696.5700073242188,697.2000122070312,696.2000122070312,696.510009765625,182152
2026-07-23 13:40:00+00:00,696.97998046875,696.97998046875,697.27001953125,696.6099853515625,696.6099853515625,126945
2026-07-23 13:41:00+00:00,697.3699951171875,697.3699951171875,697.47998046875,696.8900146484375,696.969970703125,165590
2026-07-23 13:42:00+00:00,698.25,698.25,698.280029296875,697.1400146484375,697.3900146484375,134550
2026-07-23 13:43:00+00:00,698.4398803710938,698.4398803710938,698.6599731445312,698.1900024414062,698.2589721679688,138517
2026-07-23 13:44:00+00:00,698.0,698.0,698.5599975585938,697.9299926757812,698.4495239257812,141768
2026-07-23 13:45:00+00:00,697.97998046875,697.97998046875,698.2899780273438,697.22998046875,698.0,241195
2026-07-23 13:46:00+00:00,697.7650146484375,697.7650146484375,698.0250244140625,697.1649780273438,697.9299926757812,109342
2026-07-23 13:47:00+00:00,697.260009765625,697.260009765625,697.8599853515625,697.260009765625,697.7899780273438,59418
2026-07-23 13:48:00+00:00,696.6099853515625,696.6099853515625,697.4199829101562,696.2999877929688,697.2427978515625,186853
2026-07-23 13:49:00+00:00,695.7150268554688,695.7150268554688,696.780029296875,695.4099731445312,696.5900268554688,160602
2026-07-23 13:50:00+00:00,696.1500244140625,696.1500244140625,696.3300170898438,695.47998046875,695.719970703125,128292
2026-07-23 13:51:00+00:00,694.97998046875,694.97998046875,696.25,694.8499755859375,696.0900268554688,240819
2026-07-23 13:52:00+00:00,695.375,695.375,695.3900146484375,694.6799926757812,694.9849853515625,118606
2026-07-23 13:53:00+00:00,695.9400024414062,695.9400024414062,696.0700073242188,695.0800170898438,695.3300170898438,102309
2026-07-23 13:54:00+00:00,697.0449829101562,697.0449829101562,697.1099243164062,695.9249877929688,695.9299926757812,123852
2026-07-23 13:55:00+00:00,696.5850219726562,696.5850219726562,697.5,696.5800170898438,697.030029296875,102935
2026-07-23 13:56:00+00:00,695.7550048828125,695.7550048828125,696.6649780273438,695.7550048828125,696.5700073242188,84346
2026-07-23 13:57:00+00:00,695.1400756835938,695.1400756835938,695.7999877929688,694.9100952148438,695.75,80349
2026-07-23 13:58:00+00:00,694.8900146484375,694.8900146484375,695.030029296875,694.1900024414062,695.0,109364
2026-07-23 13:59:00+00:00,694.4600219726562,694.4600219726562,695.0999755859375,694.4299926757812,694.905029296875,71781
2026-07-23 14:00:00+00:00,695.3900146484375,695.3900146484375,695.9099731445312,694.47998046875,694.6099853515625,160373
2026-07-23 14:01:00+00:00,694.60498046875,694.60498046875,695.4500122070312,694.5349731445312,695.4099731445312,94849
2026-07-23 14:02:00+00:00,694.9400024414062,694.9400024414062,695.0800170898438,694.4400024414062,694.5999755859375,69518
2026-07-23 14:03:00+00:00,694.93017578125,694.93017578125,695.280029296875,694.7000122070312,694.9199829101562,77192
2026-07-23 14:04:00+00:00,695.4400024414062,695.4400024414062,695.85498046875,694.87548828125,694.9099731445312,78638
2026-07-23 14:05:00+00:00,696.4849853515625,696.4849853515625,696.5399780273438,695.22998046875,695.47998046875,96195
2026-07-23 14:06:00+00:00,696.125,696.125,696.6900024414062,696.0800170898438,696.4199829101562,88336
2026-07-23 14:07:00+00:00,696.27001953125,696.27001953125,696.5098876953125,695.8300170898438,696.1400146484375,181410
2026-07-23 14:08:00+00:00,694.5700073242188,694.5700073242188,696.6450805664062,694.5,696.1799926757812,238284
2026-07-23 14:09:00+00:00,694.6599731445312,694.6599731445312,694.72998046875,693.760009765625,694.6599731445312,190906
2026-07-23 14:10:00+00:00,694.8699951171875,694.8699951171875,695.6099853515625,694.6599731445312,694.7100219726562,226580
2026-07-23 14:11:00+00:00,695.1900024414062,695.1900024414062,695.2299194335938,694.1799926757812,694.885009765625,117823
2026-07-23 14:12:00+00:00,695.5900268554688,695.5900268554688,695.77001953125,694.9520263671875,695.1649780273438,109125
2026-07-23 14:13:00+00:00,695.3200073242188,695.3200073242188,695.9500122070312,695.1799926757812,695.5800170898438,0
2026-07-23 14:14:00+00:00,694.4000244140625,694.4000244140625,695.6950073242188,694.1699829101562,695.3499755859375,90413
2026-07-23 14:15:00+00:00,694.1900024414062,694.1900024414062,694.9299926757812,693.989990234375,694.2999877929688,80100
2026-07-23 14:16:00+00:00,694.6699829101562,694.6699829101562,694.75,693.97998046875,694.1699829101562,59073
2026-07-23 14:17:00+00:00,694.9301147460938,694.9301147460938,695.0399780273438,694.239990234375,694.6500244140625,128783
2026-07-23 14:18:00+00:00,694.7249755859375,694.7249755859375,695.3200073242188,694.7000122070312,694.9255981445312,173066
2026-07-23 14:19:00+00:00,694.3800048828125,694.3800048828125,694.7999877929688,694.22998046875,694.6400146484375,51786
2026-07-23 14:20:00+00:00,694.4600219726562,694.4600219726562,694.989990234375,694.1599731445312,694.375,70897
2026-07-23 14:21:00+00:00,695.5599975585938,695.5599975585938,695.5700073242188,694.3699951171875,694.4500122070312,172216
2026-07-23 14:22:00+00:00,695.75,695.75,696.1500244140625,695.4099731445312,695.55078125,75939
2026-07-23 14:23:00+00:00,695.1099853515625,695.1099853515625,695.909912109375,695.0,695.72998046875,61792
2026-07-23 14:24:00+00:00,694.5250244140625,694.5250244140625,695.1950073242188,694.0399780273438,695.1300048828125,93145
2026-07-23 14:25:00+00:00,695.1199951171875,695.1199951171875,695.27001953125,694.1599731445312,694.47998046875,67556
2026-07-23 14:26:00+00:00,694.5595703125,694.5595703125,695.1099853515625,694.1199951171875,695.0800170898438,48176
2026-07-23 14:27:00+00:00,694.5701293945312,694.5701293945312,694.7100219726562,694.1900024414062,694.6599731445312,41295
2026-07-23 14:28:00+00:00,694.3300170898438,694.3300170898438,695.1799926757812,694.3250122070312,694.5900268554688,57711
2026-07-23 14:29:00+00:00,695.1400146484375,695.1400146484375,695.3084716796875,694.2999877929688,694.2999877929688,47051
2026-07-23 14:30:00+00:00,694.989990234375,694.989990234375,695.3900146484375,694.7000122070312,695.0150146484375,63577
2026-07-23 14:31:00+00:00,694.6500244140625,694.6500244140625,695.469970703125,694.5900268554688,694.9400024414062,54060
2026-07-23 14:32:00+00:00,693.8541259765625,693.8541259765625,694.719970703125,693.6599731445312,694.7100219726562,129159
2026-07-23 14:33:00+00:00,693.030029296875,693.030029296875,694.1099243164062,692.8900146484375,693.8599853515625,201722
2026-07-23 14:34:00+00:00,693.5399780273438,693.5399780273438,693.77001953125,692.8499755859375,692.989990234375,124866
2026-07-23 14:35:00+00:00,693.1500244140625,693.1500244140625,693.6799926757812,692.97998046875,693.5449829101562,142597
2026-07-23 14:36:00+00:00,693.4450073242188,693.4450073242188,693.6500244140625,693.0700073242188,693.1799926757812,70393
2026-07-23 14:37:00+00:00,695.6400146484375,695.6400146484375,695.6810302734375,693.4600219726562,693.4600219726562,185395
2026-07-23 14:38:00+00:00,695.094970703125,695.094970703125,695.72998046875,694.8350219726562,695.5800170898438,131226
2026-07-23 14:39:00+00:00,695.5900268554688,695.5900268554688,695.7899780273438,694.969970703125,695.0900268554688,100167
2026-07-23 14:40:00+00:00,694.9600219726562,694.9600219726562,695.989990234375,694.9600219726562,695.5800170898438,137927
2026-07-23 14:41:00+00:00,693.9450073242188,693.9450073242188,695.0999755859375,693.7999877929688,694.9400024414062,174244
2026-07-23 14:42:00+00:00,693.4299926757812,693.4299926757812,694.27001953125,693.1500854492188,693.9400024414062,203171
2026-07-23 14:43:00+00:00,692.9600219726562,692.9600219726562,693.5900268554688,692.47998046875,693.4400024414062,147881
2026-07-23 14:44:00+00:00,692.9199829101562,692.9199829101562,693.1500244140625,692.5250244140625,692.885009765625,95413
2026-07-23 14:45:00+00:00,692.635009765625,692.635009765625,693.239990234375,692.5999755859375,692.9000244140625,68152
2026-07-23 14:46:00+00:00,693.135009765625,693.135009765625,693.2971801757812,692.47998046875,692.6300048828125,79961
2026-07-23 14:47:00+00:00,693.1300048828125,693.1300048828125,693.5299072265625,693.0,693.1400146484375,70000
2026-07-23 14:48:00+00:00,692.6849975585938,692.6849975585938,693.0349731445312,692.4650268554688,693.0100708007812,89049
2026-07-23 14:49:00+00:00,692.530029296875,692.530029296875,692.9498901367188,692.3400268554688,692.6849975585938,142394
2026-07-23 14:50:00+00:00,692.239013671875,692.239013671875,692.9400024414062,692.0599975585938,692.5750122070312,92659
2026-07-23 14:51:00+00:00,691.6500244140625,691.6500244140625,692.2288818359375,691.5499877929688,692.1799926757812,151554
2026-07-23 14:52:00+00:00,692.1599731445312,692.1599731445312,692.3400268554688,691.530029296875,691.6699829101562,162409
2026-07-23 14:53:00+00:00,691.60107421875,691.60107421875,692.1300048828125,691.530029296875,692.1300048828125,45308
2026-07-23 14:54:00+00:00,691.4099731445312,691.4099731445312,691.7000122070312,691.3350219726562,691.5800170898438,223251
2026-07-23 14:55:00+00:00,691.3099975585938,691.3099975585938,691.7899780273438,691.2949829101562,691.4000244140625,99295
2026-07-23 14:56:00+00:00,692.010009765625,692.010009765625,692.010009765625,691.3001098632812,691.3099975585938,80401
2026-07-23 14:57:00+00:00,692.1699829101562,692.1699829101562,692.2990112304688,691.8413696289062,691.97998046875,90812
2026-07-23 14:58:00+00:00,691.739990234375,691.739990234375,692.197998046875,691.6799926757812,692.1649780273438,58468
2026-07-23 14:59:00+00:00,691.75,691.75,692.1799926757812,691.6099853515625,691.75,52911
2026-07-23 15:00:00+00:00,691.5499877929688,691.5499877929688,691.9398803710938,691.4500122070312,691.780029296875,95023
2026-07-23 15:01:00+00:00,691.280029296875,691.280029296875,691.5800170898438,691.030029296875,691.510009765625,107872
2026-07-23 15:02:00+00:00,691.1400756835938,691.1400756835938,691.5900268554688,691.1400756835938,691.2899780273438,180554
2026-07-23 15:03:00+00:00,691.2399291992188,691.2399291992188,691.5250244140625,691.0700073242188,691.1599731445312,58821
2026-07-23 15:04:00+00:00,691.0599975585938,691.0599975585938,691.1500244140625,690.8300170898438,691.1450805664062,127250
2026-07-23 15:05:00+00:00,690.72998046875,690.72998046875,691.1400146484375,690.72998046875,691.0499877929688,80402
2026-07-23 15:06:00+00:00,690.27001953125,690.27001953125,690.8200073242188,690.239990234375,690.6900024414062,154531
2026-07-23 15:07:00+00:00,690.4349975585938,690.4349975585938,690.6799926757812,690.1400146484375,690.27001953125,128222
2026-07-23 15:08:00+00:00,690.6199951171875,690.6199951171875,690.6699829101562,690.3499755859375,690.4453125,119776
2026-07-23 15:09:00+00:00,690.114013671875,690.114013671875,690.8400268554688,690.0499877929688,690.5900268554688,92959
2026-07-23 15:10:00+00:00,690.1199951171875,690.1199951171875,690.469970703125,689.95361328125,690.0999755859375,213504
2026-07-23 15:11:00+00:00,689.6699829101562,689.6699829101562,690.1199951171875,689.6699829101562,690.1199951171875,109122
2026-07-23 15:12:00+00:00,689.344970703125,689.344970703125,689.72998046875,689.0800170898438,689.6599731445312,201989
2026-07-23 15:13:00+00:00,689.469970703125,689.469970703125,689.6300048828125,689.22998046875,689.3099975585938,91234
2026-07-23 15:14:00+00:00,689.2650146484375,689.2650146484375,689.5599975585938,688.97998046875,689.469970703125,216839
2026-07-23 15:15:00+00:00,689.6400146484375,689.6400146484375,689.8599853515625,689.2100219726562,689.27001953125,201387
2026-07-23 15:16:00+00:00,689.6699829101562,689.6699829101562,689.8200073242188,689.4099731445312,689.6500244140625,79369
2026-07-23 15:17:00+00:00,689.9949951171875,689.9949951171875,690.2100219726562,689.6500244140625,689.7100219726562,106450
2026-07-23 15:18:00+00:00,689.969970703125,689.969970703125,690.219970703125,689.8599853515625,690.0499877929688,86300
2026-07-23 15:19:00+00:00,690.3295288085938,690.3295288085938,690.3499755859375,689.8900146484375,689.97998046875,90835
2026-07-23 15:20:00+00:00,690.760009765625,690.760009765625,691.0850219726562,690.3300170898438,690.3300170898438,271015
2026-07-23 15:21:00+00:00,689.9099731445312,689.9099731445312,690.8800048828125,689.9000244140625,690.780029296875,89354
2026-07-23 15:22:00+00:00,688.989990234375,688.989990234375,690.2449951171875,688.4600219726562,689.9149780273438,265141
2026-07-23 15:23:00+00:00,689.2150268554688,689.2150268554688,689.5800170898438,689.0,689.0,193015
2026-07-23 15:24:00+00:00,689.5800170898438,689.5800170898438,689.6500244140625,689.1500244140625,689.22998046875,111100
2026-07-23 15:25:00+00:00,689.0999755859375,689.0999755859375,689.5800170898438,688.9000244140625,689.4600219726562,47775
2026-07-23 15:26:00+00:00,688.7349853515625,688.7349853515625,689.1400146484375,688.6199951171875,689.1400146484375,94280
2026-07-23 15:27:00+00:00,688.4000244140625,688.4000244140625,688.8399047851562,688.4000244140625,688.8200073242188,61774
2026-07-23 15:28:00+00:00,688.219970703125,688.219970703125,688.8900146484375,688.1951904296875,688.3900146484375,120707
2026-07-23 15:29:00+00:00,688.6300048828125,688.6300048828125,688.75,688.155029296875,688.2000122070312,106574
2026-07-23 15:30:00+00:00,688.1699829101562,688.1699829101562,688.844970703125,688.1300048828125,688.6300048828125,78478
2026-07-23 15:31:00+00:00,688.5700073242188,688.5700073242188,688.7100219726562,687.7999877929688,688.1699829101562,200338
2026-07-23 15:32:00+00:00,688.9420166015625,688.9420166015625,689.0800170898438,688.5999755859375,688.5999755859375,122579
2026-07-23 15:33:00+00:00,688.9400024414062,688.9400024414062,689.1799926757812,688.6400146484375,688.969970703125,86762
2026-07-23 15:34:00+00:00,689.1300048828125,689.1300048828125,689.22998046875,688.739990234375,688.9400024414062,112310
2026-07-23 15:35:00+00:00,689.5889282226562,689.5889282226562,689.8400268554688,689.14501953125,689.14501953125,100774
2026-07-23 15:36:00+00:00,689.72998046875,689.72998046875,689.72998046875,689.260009765625,689.5700073242188,86275
2026-07-23 15:37:00+00:00,689.7600708007812,689.7600708007812,690.3200073242188,689.4199829101562,689.7999877929688,128165
2026-07-23 15:38:00+00:00,690.219970703125,690.219970703125,690.260009765625,689.7401123046875,689.8099975585938,72877
2026-07-23 15:39:00+00:00,690.119873046875,690.119873046875,690.25,689.75,690.2150268554688,129019
2026-07-23 15:40:00+00:00,690.25,690.25,690.6699829101562,690.0999755859375,690.1099853515625,108743
2026-07-23 15:41:00+00:00,690.3200073242188,690.3200073242188,690.3499755859375,689.8300170898438,690.1599731445312,62258
2026-07-23 15:42:00+00:00,689.7100219726562,689.7100219726562,690.5800170898438,689.5900268554688,690.3400268554688,70263
2026-07-23 15:43:00+00:00,689.6199951171875,689.6199951171875,689.9500122070312,689.5399780273438,689.7000122070312,52427
2026-07-23 15:44:00+00:00,689.2849731445312,689.2849731445312,689.851318359375,689.27001953125,689.6199951171875,56942
2026-07-23 15:45:00+00:00,689.5399780273438,689.5399780273438,689.77001953125,688.9199829101562,689.260009765625,76324
2026-07-23 15:46:00+00:00,689.4400024414062,689.4400024414062,689.72998046875,689.1699829101562,689.5900268554688,37741
2026-07-23 15:47:00+00:00,689.3599853515625,689.3599853515625,689.6500244140625,689.239990234375,689.3200073242188,50027
2026-07-23 15:48:00+00:00,689.4650268554688,689.4650268554688,689.719482421875,689.2899780273438,689.3900146484375,57393
2026-07-23 15:49:00+00:00,689.9719848632812,689.9719848632812,690.1099853515625,689.4000244140625,689.47998046875,71140
2026-07-23 15:50:00+00:00,690.1900024414062,690.1900024414062,690.27001953125,689.5399780273438,689.969970703125,81341
2026-07-23 15:51:00+00:00,689.8900146484375,689.8900146484375,690.2899780273438,689.739990234375,690.2000122070312,48488
2026-07-23 15:52:00+00:00,690.39990234375,690.39990234375,690.4799194335938,689.8800048828125,689.8800048828125,50377
2026-07-23 15:53:00+00:00,690.35498046875,690.35498046875,690.469970703125,690.1699829101562,690.2999877929688,43388
2026-07-23 15:54:00+00:00,690.780029296875,690.780029296875,690.8200073242188,690.4199829101562,690.4199829101562,173280
2026-07-23 15:55:00+00:00,690.989990234375,690.989990234375,691.0900268554688,690.6900024414062,690.8200073242188,48805
2026-07-23 15:56:00+00:00,691.1099853515625,691.1099853515625,691.4099731445312,690.8250122070312,690.969970703125,111277
2026-07-23 15:57:00+00:00,691.1599731445312,691.1599731445312,691.1950073242188,690.6599731445312,691.135009765625,40384
2026-07-23 15:58:00+00:00,691.4099731445312,691.4099731445312,691.510009765625,691.0482788085938,691.1212158203125,96125
2026-07-23 15:59:00+00:00,691.5599975585938,691.5599975585938,691.5999755859375,691.4000244140625,691.4199829101562,56246
2026-07-23 16:00:00+00:00,691.7899780273438,691.7899780273438,691.7899780273438,691.3201293945312,691.5900268554688,118791
2026-07-23 16:01:00+00:00,691.6400146484375,691.6400146484375,691.8099975585938,691.2000122070312,691.7999877929688,46165
2026-07-23 16:02:00+00:00,692.2899780273438,692.2899780273438,692.2999877929688,691.469970703125,691.6199951171875,73177
2026-07-23 16:03:00+00:00,692.2424926757812,692.2424926757812,692.5,692.0349731445312,692.239990234375,86280
2026-07-23 16:04:00+00:00,692.239990234375,692.239990234375,692.280029296875,691.9349975585938,692.2550048828125,155928
2026-07-23 16:05:00+00:00,691.4600219726562,691.4600219726562,692.3200073242188,691.342529296875,692.219970703125,112614
2026-07-23 16:06:00+00:00,691.3350219726562,691.3350219726562,691.75,691.280029296875,691.4199829101562,60338
2026-07-23 16:07:00+00:00,691.3900146484375,691.3900146484375,691.5800170898438,691.27001953125,691.2999877929688,124517
2026-07-23 16:08:00+00:00,692.2498779296875,692.2498779296875,692.3049926757812,691.4000244140625,691.4000244140625,77619
2026-07-23 16:09:00+00:00,692.3599853515625,692.3599853515625,692.3599853515625,692.0601196289062,692.239990234375,309997
2026-07-23 16:10:00+00:00,692.5700073242188,692.5700073242188,692.6094970703125,692.380126953125,692.39990234375,54219
2026-07-23 16:11:00+00:00,692.54052734375,692.54052734375,692.6699829101562,692.27001953125,692.5,73698
2026-07-23 16:12:00+00:00,692.3800048828125,692.3800048828125,692.8599853515625,692.3800048828125,692.5922241210938,117130
2026-07-23 16:13:00+00:00,692.4299926757812,692.4299926757812,692.739990234375,692.3699951171875,692.3699951171875,58857
2026-07-23 16:14:00+00:00,692.5599975585938,692.5599975585938,692.72998046875,692.3900146484375,692.3900146484375,148024
2026-07-23 16:15:00+00:00,692.8099975585938,692.8099975585938,692.8800048828125,692.4749755859375,692.5599975585938,77813
2026-07-23 16:16:00+00:00,692.4099731445312,692.4099731445312,692.8599853515625,692.4099731445312,692.7999877929688,64796
2026-07-23 16:17:00+00:00,692.72998046875,692.72998046875,692.7899780273438,692.4099731445312,692.4099731445312,138758
2026-07-23 16:18:00+00:00,692.719970703125,692.719970703125,692.780029296875,692.5017700195312,692.7249755859375,109508
2026-07-23 16:19:00+00:00,692.5800170898438,692.5800170898438,692.6799926757812,692.0700073242188,692.6799926757812,96212
2026-07-23 16:20:00+00:00,693.155029296875,693.155029296875,693.1900024414062,692.5599975585938,692.5999755859375,84538
2026-07-23 16:21:00+00:00,693.1400146484375,693.1400146484375,693.260009765625,693.0,693.1400146484375,50027
2026-07-23 16:22:00+00:00,693.510009765625,693.510009765625,693.5599975585938,692.9600219726562,693.1300048828125,54994
2026-07-23 16:23:00+00:00,693.989990234375,693.989990234375,694.1500244140625,693.469970703125,693.530029296875,155064
2026-07-23 16:24:00+00:00,693.9146728515625,693.9146728515625,694.10498046875,693.8699951171875,693.9901123046875,90810
2026-07-23 16:25:00+00:00,693.9600219726562,693.9600219726562,694.1400146484375,693.8099975585938,693.9595947265625,71048
2026-07-23 16:26:00+00:00,693.6491088867188,693.6491088867188,694.0599975585938,693.6300048828125,694.0599975585938,41141
2026-07-23 16:27:00+00:00,694.1199951171875,694.1199951171875,694.2100219726562,693.60009765625,693.6799926757812,57102
2026-07-23 16:28:00+00:00,694.2550048828125,694.2550048828125,694.3200073242188,694.0599975585938,694.14501953125,44790
2026-07-23 16:29:00+00:00,694.4199829101562,694.4199829101562,694.5900268554688,694.22998046875,694.260009765625,70807
2026-07-23 16:30:00+00:00,694.1599731445312,694.1599731445312,694.4400024414062,693.905029296875,694.3900146484375,81194
2026-07-23 16:31:00+00:00,694.1599731445312,694.1599731445312,694.280029296875,694.010009765625,694.1400146484375,45326
2026-07-23 16:32:00+00:00,694.1199951171875,694.1199951171875,694.2000122070312,693.9600219726562,694.0800170898438,35082
2026-07-23 16:33:00+00:00,694.155029296875,694.155029296875,694.4099731445312,694.010009765625,694.135009765625,53004
2026-07-23 16:34:00+00:00,693.97998046875,693.97998046875,694.3189697265625,693.9400024414062,694.1799926757812,52808
2026-07-23 16:35:00+00:00,694.4099731445312,694.4099731445312,694.5599975585938,693.810791015625,694.0499877929688,61619
2026-07-23 16:36:00+00:00,694.3250122070312,694.3250122070312,694.4600219726562,694.0999755859375,694.4450073242188,50996
2026-07-23 16:37:00+00:00,694.5150146484375,694.5150146484375,694.52001953125,694.1400146484375,694.3200073242188,115297
2026-07-23 16:38:00+00:00,695.010009765625,695.010009765625,695.0299072265625,694.260009765625,694.4450073242188,74204
2026-07-23 16:39:00+00:00,694.969970703125,694.969970703125,695.1500244140625,694.8201293945312,695.030029296875,77508
2026-07-23 16:40:00+00:00,694.4849853515625,694.4849853515625,695.030029296875,694.4199829101562,695.010009765625,52420
2026-07-23 16:41:00+00:00,694.2537841796875,694.2537841796875,694.530029296875,694.130126953125,694.530029296875,67385
2026-07-23 16:42:00+00:00,694.3150024414062,694.3150024414062,694.3150024414062,694.02001953125,694.2100219726562,35545
2026-07-23 16:43:00+00:00,694.4000244140625,694.4000244140625,694.4600219726562,694.2000122070312,694.27001953125,42975
2026-07-23 16:44:00+00:00,693.9500122070312,693.9500122070312,694.4000244140625,693.8900146484375,694.364990234375,50669
2026-07-23 16:45:00+00:00,692.97998046875,692.97998046875,693.905029296875,692.969970703125,693.905029296875,104123
2026-07-23 16:46:00+00:00,692.8967895507812,692.8967895507812,693.0650024414062,692.7606201171875,692.97998046875,95181
2026-07-23 16:47:00+00:00,693.0850219726562,693.0850219726562,693.135009765625,692.780029296875,692.8900146484375,45646
2026-07-23 16:48:00+00:00,692.780029296875,692.780029296875,693.1900024414062,692.6510009765625,693.1099853515625,68696
2026-07-23 16:49:00+00:00,692.7050170898438,692.7050170898438,693.0650024414062,692.6599731445312,692.780029296875,47598
2026-07-23 16:50:00+00:00,692.469970703125,692.469970703125,692.7999877929688,692.3699951171875,692.6599731445312,83604
2026-07-23 16:51:00+00:00,692.3300170898438,692.3300170898438,692.6599731445312,692.2136840820312,692.469970703125,66660
2026-07-23 16:52:00+00:00,692.469970703125,692.469970703125,692.9099731445312,692.3200073242188,692.3400268554688,45942
2026-07-23 16:53:00+00:00,692.1699829101562,692.1699829101562,692.469970703125,692.02001953125,692.4600219726562,89076
2026-07-23 16:54:00+00:00,692.0999755859375,692.0999755859375,692.2755737304688,692.0599975585938,692.125,24414
2026-07-23 16:55:00+00:00,692.3400268554688,692.3400268554688,692.6400146484375,692.0499877929688,692.0599975585938,79661
2026-07-23 16:56:00+00:00,692.3699951171875,692.3699951171875,692.4819946289062,692.1099853515625,692.323974609375,36745
2026-07-23 16:57:00+00:00,692.3900146484375,692.3900146484375,692.5700073242188,692.25,692.4299926757812,88457
2026-07-23 16:58:00+00:00,692.3499755859375,692.3499755859375,692.5700073242188,692.260009765625,692.3800048828125,40123
2026-07-23 16:59:00+00:00,692.8049926757812,692.8049926757812,692.8798828125,692.4000244140625,692.4000244140625,42329
2026-07-23 17:00:00+00:00,693.1500244140625,693.1500244140625,693.2899780273438,692.1605224609375,692.760009765625,94323
2026-07-23 17:01:00+00:00,693.0,693.0,693.2100219726562,692.8599853515625,693.1300048828125,43064
2026-07-23 17:02:00+00:00,692.9450073242188,692.9450073242188,692.9849853515625,692.4201049804688,692.97998046875,42501
2026-07-23 17:03:00+00:00,692.9547729492188,692.9547729492188,693.0399169921875,692.780029296875,692.95751953125,19942
2026-07-23 17:04:00+00:00,692.1699829101562,692.1699829101562,693.0299072265625,692.1300048828125,692.989990234375,36379
2026-07-23 17:05:00+00:00,691.822021484375,691.822021484375,692.1699829101562,691.4915771484375,692.1699829101562,209734
2026-07-23 17:06:00+00:00,691.6799926757812,691.6799926757812,692.1199951171875,691.5499877929688,691.8200073242188,31884
2026-07-23 17:07:00+00:00,691.9349975585938,691.9349975585938,692.1799926757812,691.6099853515625,691.610107421875,32720
2026-07-23 17:08:00+00:00,692.010009765625,692.010009765625,692.4600219726562,691.75,691.9199829101562,46980
2026-07-23 17:09:00+00:00,692.4099731445312,692.4099731445312,692.47998046875,691.72998046875,691.969970703125,47868
2026-07-23 17:10:00+00:00,692.5800170898438,692.5800170898438,692.9299926757812,692.3900146484375,692.3900146484375,87993
2026-07-23 17:11:00+00:00,692.7000732421875,692.7000732421875,692.7100219726562,692.4199829101562,692.594970703125,40292
2026-07-23 17:12:00+00:00,692.9949951171875,692.9949951171875,693.0999755859375,692.6799926757812,692.719970703125,15534
2026-07-23 17:13:00+00:00,692.7050170898438,692.7050170898438,693.2000122070312,692.6599731445312,693.0,23709
2026-07-23 17:14:00+00:00,692.840087890625,692.840087890625,692.8800048828125,692.469970703125,692.760009765625,32775
2026-07-23 17:15:00+00:00,692.8099975585938,692.8099975585938,693.0,692.6900024414062,692.780029296875,18649
2026-07-23 17:16:00+00:00,692.9099731445312,692.9099731445312,693.1500244140625,692.7200927734375,692.8499755859375,32730
2026-07-23 17:17:00+00:00,692.3200073242188,692.3200073242188,693.02001953125,692.3200073242188,692.8599853515625,25603
2026-07-23 17:18:00+00:00,692.6099853515625,692.6099853515625,692.7645263671875,692.1500244140625,692.3499755859375,34193
2026-07-23 17:19:00+00:00,692.7069702148438,692.7069702148438,692.77001953125,692.4415893554688,692.635009765625,34097
2026-07-23 17:20:00+00:00,693.280029296875,693.280029296875,693.530029296875,692.77001953125,692.77001953125,39030
2026-07-23 17:21:00+00:00,692.6749877929688,692.6749877929688,693.3699951171875,692.6599731445312,693.239990234375,21424
2026-07-23 17:22:00+00:00,692.60498046875,692.60498046875,692.9099731445312,692.489990234375,692.6799926757812,215942
2026-07-23 17:23:00+00:00,693.2399291992188,693.2399291992188,693.2399291992188,692.5900268554688,692.6400146484375,25069
2026-07-23 17:24:00+00:00,693.3300170898438,693.3300170898438,693.4099731445312,693.1099853515625,693.239990234375,22613
2026-07-23 17:25:00+00:00,693.4600219726562,693.4600219726562,693.530029296875,693.219970703125,693.3800048828125,42454
2026-07-23 17:26:00+00:00,693.4500122070312,693.4500122070312,693.6500244140625,693.25,693.469970703125,23997
2026-07-23 17:27:00+00:00,693.2550048828125,693.2550048828125,693.4199829101562,693.1400146484375,693.3900146484375,22520
2026-07-23 17:28:00+00:00,693.2899780273438,693.2899780273438,693.3400268554688,693.1500244140625,693.2849731445312,39617
2026-07-23 17:29:00+00:00,693.139892578125,693.139892578125,693.3499755859375,693.0800170898438,693.2999877929688,11030
2026-07-23 17:30:00+00:00,692.969970703125,692.969970703125,693.1300048828125,692.7000122070312,693.0,28375
2026-07-23 17:31:00+00:00,692.2999877929688,692.2999877929688,692.9500122070312,692.219970703125,692.9299926757812,26263
2026-07-23 17:32:00+00:00,692.030029296875,692.030029296875,692.2949829101562,691.9500122070312,692.2949829101562,40913
2026-07-23 17:33:00+00:00,692.27001953125,692.27001953125,692.5599975585938,691.9650268554688,692.1099853515625,26480
2026-07-23 17:34:00+00:00,692.27001953125,692.27001953125,692.5,692.1500244140625,692.1900024414062,16455
2026-07-23 17:35:00+00:00,691.7396240234375,691.7396240234375,692.3699951171875,691.6799926757812,692.2899780273438,51878
2026-07-23 17:36:00+00:00,691.625,691.625,691.9600219726562,691.5900268554688,691.72998046875,42921
2026-07-23 17:37:00+00:00,691.5650024414062,691.5650024414062,691.780029296875,691.5,691.6580200195312,66082
2026-07-23 17:38:00+00:00,691.530029296875,691.530029296875,691.8200073242188,691.4310302734375,691.6900024414062,30991
2026-07-23 17:39:00+00:00,691.47998046875,691.47998046875,691.8159790039062,691.47998046875,691.6199951171875,16461
2026-07-23 17:40:00+00:00,691.2000732421875,691.2000732421875,691.77001953125,691.1400146484375,691.5599975585938,35347
2026-07-23 17:41:00+00:00,691.4299926757812,691.4299926757812,691.4697875976562,691.0800170898438,691.1699829101562,25847
2026-07-23 17:42:00+00:00,691.52001953125,691.52001953125,691.5900268554688,691.3300170898438,691.4349975585938,26118
2026-07-23 17:43:00+00:00,691.7100219726562,691.7100219726562,691.7899780273438,691.4500122070312,691.5,149767
2026-07-23 17:44:00+00:00,691.6519775390625,691.6519775390625,691.8699951171875,691.5,691.7650146484375,22699
2026-07-23 17:45:00+00:00,692.2249755859375,692.2249755859375,692.3400268554688,691.3900146484375,691.635009765625,35122
2026-07-23 17:46:00+00:00,692.2000122070312,692.2000122070312,692.3679809570312,691.875,692.219970703125,33968
2026-07-23 17:47:00+00:00,692.27001953125,692.27001953125,692.47998046875,692.1599731445312,692.1599731445312,22542
2026-07-23 17:48:00+00:00,692.2708129882812,692.2708129882812,692.4299926757812,692.0399780273438,692.260009765625,167091
2026-07-23 17:49:00+00:00,692.2999877929688,692.2999877929688,692.4500122070312,692.2899780273438,692.3200073242188,15257
2026-07-23 17:50:00+00:00,692.3200073242188,692.3200073242188,692.343994140625,692.0499877929688,692.3099975585938,59586
2026-07-23 17:51:00+00:00,691.969970703125,691.969970703125,692.375,691.9000244140625,692.260009765625,52733
2026-07-23 17:52:00+00:00,692.2899780273438,692.2899780273438,692.4500122070312,691.9099731445312,692.0150146484375,14053
2026-07-23 17:53:00+00:00,692.0,692.0,692.3099975585938,691.8300170898438,692.260009765625,21383
2026-07-23 17:54:00+00:00,691.7100219726562,691.7100219726562,692.0599975585938,691.7100219726562,691.9500122070312,17107
2026-07-23 17:55:00+00:00,691.5349731445312,691.5349731445312,691.719970703125,691.3400268554688,691.719970703125,18629
2026-07-23 17:56:00+00:00,691.2609252929688,691.2609252929688,691.530029296875,691.0999755859375,691.5100708007812,35449
2026-07-23 17:57:00+00:00,691.1199951171875,691.1199951171875,691.3400268554688,691.02001953125,691.260009765625,36412
2026-07-23 17:58:00+00:00,691.1699829101562,691.1699829101562,691.260009765625,690.9450073242188,691.094970703125,36324
2026-07-23 17:59:00+00:00,691.02001953125,691.02001953125,691.239990234375,690.9500122070312,691.0800170898438,46833
2026-07-23 18:00:00+00:00,691.0800170898438,691.0800170898438,691.2597045898438,690.760009765625,691.010009765625,63589
2026-07-23 18:01:00+00:00,690.885009765625,690.885009765625,691.0900268554688,690.6199951171875,691.0399780273438,33345
2026-07-23 18:02:00+00:00,691.0800170898438,691.0800170898438,691.0800170898438,690.8599853515625,690.97998046875,25538
2026-07-23 18:03:00+00:00,691.2415161132812,691.2415161132812,691.3150024414062,691.0,691.1680297851562,17975
2026-07-23 18:04:00+00:00,690.8800048828125,690.8800048828125,691.3400268554688,690.7949829101562,691.260009765625,36132
2026-07-23 18:05:00+00:00,690.864990234375,690.864990234375,690.9000244140625,690.7000122070312,690.8499755859375,254508
2026-07-23 18:06:00+00:00,690.9450073242188,690.9450073242188,691.0599975585938,690.760009765625,690.8499755859375,30633
2026-07-23 18:07:00+00:00,690.4400024414062,690.4400024414062,690.9450073242188,690.4400024414062,690.9450073242188,96001
2026-07-23 18:08:00+00:00,690.6900024414062,690.6900024414062,690.77001953125,690.40380859375,690.4400024414062,29564
2026-07-23 18:09:00+00:00,690.4998779296875,690.4998779296875,690.6799926757812,690.4500122070312,690.6461791992188,38858
2026-07-23 18:10:00+00:00,690.7000122070312,690.7000122070312,690.719970703125,690.4099731445312,690.5,36618
2026-07-23 18:11:00+00:00,690.8300170898438,690.8300170898438,690.9000244140625,690.530029296875,690.72998046875,75300
2026-07-23 18:12:00+00:00,691.1900024414062,691.1900024414062,691.25,690.7899780273438,690.8300170898438,48603
2026-07-23 18:13:00+00:00,691.10498046875,691.10498046875,691.239990234375,691.030029296875,691.1699829101562,33824
2026-07-23 18:14:00+00:00,690.8289794921875,690.8289794921875,691.1599731445312,690.7999877929688,691.1099853515625,189209
2026-07-23 18:15:00+00:00,691.030029296875,691.030029296875,691.10498046875,690.719970703125,690.8300170898438,41514
2026-07-23 18:16:00+00:00,691.010009765625,691.010009765625,691.280029296875,690.9099731445312,691.0838012695312,48426
2026-07-23 18:17:00+00:00,690.5999755859375,690.5999755859375,691.1300048828125,690.52001953125,691.0399780273438,31856
2026-07-23 18:18:00+00:00,690.6400146484375,690.6400146484375,690.939208984375,690.541015625,690.5999755859375,76372
2026-07-23 18:19:00+00:00,690.7349853515625,690.7349853515625,690.7349853515625,690.4949951171875,690.6400146484375,19986
2026-07-23 18:20:00+00:00,690.739990234375,690.739990234375,690.8699951171875,690.719970703125,690.77001953125,17931
2026-07-23 18:21:00+00:00,691.0267944335938,691.0267944335938,691.0499877929688,690.5750122070312,690.7249755859375,35991
2026-07-23 18:22:00+00:00,690.989990234375,690.989990234375,691.094970703125,690.8499755859375,691.094970703125,34215
2026-07-23 18:23:00+00:00,691.0599975585938,691.0599975585938,691.0599975585938,690.7899780273438,690.8699951171875,15892
2026-07-23 18:24:00+00:00,691.3099975585938,691.3099975585938,691.3397827148438,691.0599975585938,691.0599975585938,24990
2026-07-23 18:25:00+00:00,691.0499877929688,691.0499877929688,691.4099731445312,690.8699951171875,691.3099975585938,28890
2026-07-23 18:26:00+00:00,690.8400268554688,690.8400268554688,691.1099853515625,690.8400268554688,691.1099853515625,292002
2026-07-23 18:27:00+00:00,690.8499755859375,690.8499755859375,691.0700073242188,690.7899780273438,690.8499755859375,14584
2026-07-23 18:28:00+00:00,690.9500122070312,690.9500122070312,691.1799926757812,690.719970703125,690.719970703125,15271
2026-07-23 18:29:00+00:00,691.1699829101562,691.1699829101562,691.25,690.989990234375,690.989990234375,24234
2026-07-23 18:30:00+00:00,691.2700805664062,691.2700805664062,691.4500122070312,690.97998046875,691.1400146484375,160682
2026-07-23 18:31:00+00:00,691.4099731445312,691.4099731445312,691.489990234375,691.3099975585938,691.3099975585938,55262
2026-07-23 18:32:00+00:00,691.3400268554688,691.3400268554688,691.5800170898438,691.239990234375,691.4290161132812,31596
2026-07-23 18:33:00+00:00,691.4000244140625,691.4000244140625,691.4000244140625,691.1799926757812,691.2899780273438,13499
2026-07-23 18:34:00+00:00,691.6599731445312,691.6599731445312,691.7100219726562,691.469970703125,691.47998046875,29460
2026-07-23 18:35:00+00:00,691.3300170898438,691.3300170898438,691.8499755859375,691.280029296875,691.7000122070312,47264
2026-07-23 18:36:00+00:00,691.030029296875,691.030029296875,691.4400024414062,690.97998046875,691.280029296875,27253
2026-07-23 18:37:00+00:00,691.0349731445312,691.0349731445312,691.0399780273438,690.75,690.9901123046875,34062
2026-07-23 18:38:00+00:00,690.760009765625,690.760009765625,691.0899047851562,690.6699829101562,691.030029296875,13849
2026-07-23 18:39:00+00:00,691.0,691.0,691.0,690.7100219726562,690.780029296875,33616
2026-07-23 18:40:00+00:00,691.1799926757812,691.1799926757812,691.1799926757812,690.8400268554688,690.989990234375,23587
2026-07-23 18:41:00+00:00,690.75,690.75,691.1768798828125,690.6900024414062,691.1505126953125,16743
2026-07-23 18:42:00+00:00,690.7098999023438,690.7098999023438,690.75,690.4500122070312,690.75,25998
2026-07-23 18:43:00+00:00,690.5599975585938,690.5599975585938,690.662109375,690.47998046875,690.6599731445312,174777
2026-07-23 18:44:00+00:00,690.5900268554688,690.5900268554688,690.7100219726562,690.4299926757812,690.5800170898438,18831
2026-07-23 18:45:00+00:00,690.8300170898438,690.8300170898438,690.9299926757812,690.5700073242188,690.5700073242188,139321
2026-07-23 18:46:00+00:00,690.89501953125,690.89501953125,691.02001953125,690.7949829101562,690.8599853515625,18072
2026-07-23 18:47:00+00:00,691.17626953125,691.17626953125,691.177978515625,690.8900146484375,690.8900146484375,17577
2026-07-23 18:48:00+00:00,691.1199951171875,691.1199951171875,691.22998046875,691.030029296875,691.2000122070312,23997
2026-07-23 18:49:00+00:00,690.8699951171875,690.8699951171875,691.1798095703125,690.780029296875,691.114990234375,36996
2026-07-23 18:50:00+00:00,690.7999877929688,690.7999877929688,691.0,690.6799926757812,690.9000244140625,78110
2026-07-23 18:51:00+00:00,690.7999877929688,690.7999877929688,691.010009765625,690.7301025390625,690.8599853515625,53840
2026-07-23 18:52:00+00:00,690.8800048828125,690.8800048828125,690.9299926757812,690.7000122070312,690.8400268554688,23531
2026-07-23 18:53:00+00:00,690.780029296875,690.780029296875,690.85498046875,690.5900268554688,690.7999877929688,14880
2026-07-23 18:54:00+00:00,690.10400390625,690.10400390625,690.7849731445312,690.0800170898438,690.7788696289062,35962
2026-07-23 18:55:00+00:00,690.2785034179688,690.2785034179688,690.2999877929688,689.969970703125,690.110107421875,72731
2026-07-23 18:56:00+00:00,690.260009765625,690.260009765625,690.3250122070312,690.030029296875,690.3250122070312,42436
2026-07-23 18:57:00+00:00,690.1900024414062,690.1900024414062,690.280029296875,690.1099853515625,690.239990234375,14284
2026-07-23 18:58:00+00:00,690.219970703125,690.219970703125,690.2899780273438,689.97998046875,690.155029296875,51540
2026-07-23 18:59:00+00:00,690.5599975585938,690.5599975585938,690.5999145507812,690.1751098632812,690.1751098632812,27773
2026-07-23 19:00:00+00:00,690.6751098632812,690.6751098632812,690.9400024414062,690.5499877929688,690.5499877929688,54224
2026-07-23 19:01:00+00:00,690.3798828125,690.3798828125,690.6500244140625,690.3400268554688,690.6300048828125,38158
2026-07-23 19:02:00+00:00,690.4349975585938,690.4349975585938,690.5,690.3099975585938,690.3099975585938,36280
2026-07-23 19:03:00+00:00,689.8599853515625,689.8599853515625,690.4000244140625,689.8200073242188,690.4000244140625,88599
2026-07-23 19:04:00+00:00,689.7100219726562,689.7100219726562,689.8800048828125,689.6900024414062,689.8300170898438,56508
2026-07-23 19:05:00+00:00,689.9650268554688,689.9650268554688,689.969970703125,689.6199951171875,689.7073974609375,35078
2026-07-23 19:06:00+00:00,689.969970703125,689.969970703125,690.02001953125,689.8099975585938,689.9400024414062,36325
2026-07-23 19:07:00+00:00,689.5969848632812,689.5969848632812,689.9949951171875,689.5800170898438,689.9749755859375,112873
2026-07-23 19:08:00+00:00,689.7100219726562,689.7100219726562,689.739990234375,689.5399780273438,689.5900268554688,41141
2026-07-23 19:09:00+00:00,689.5499877929688,689.5499877929688,689.72998046875,689.52001953125,689.7100219726562,39794
2026-07-23 19:10:00+00:00,689.4199829101562,689.4199829101562,689.5499877929688,689.3599853515625,689.5499877929688,31794
2026-07-23 19:11:00+00:00,689.5700073242188,689.5700073242188,689.6300048828125,689.3499755859375,689.405029296875,67982
2026-07-23 19:12:00+00:00,689.6900024414062,689.6900024414062,689.8900146484375,689.5800170898438,689.5850219726562,50707
2026-07-23 19:13:00+00:00,689.5308227539062,689.5308227539062,689.739990234375,689.4600219726562,689.6699829101562,36997
2026-07-23 19:14:00+00:00,689.4401245117188,689.4401245117188,689.5900268554688,689.4401245117188,689.5,16475
2026-07-23 19:15:00+00:00,689.6799926757812,689.6799926757812,689.8900146484375,689.4299926757812,689.4299926757812,46575
2026-07-23 19:16:00+00:00,689.9500122070312,689.9500122070312,690.0281982421875,689.6900024414062,689.719970703125,45827
2026-07-23 19:17:00+00:00,690.0599975585938,690.0599975585938,690.3200073242188,689.9149780273438,689.9400024414062,44753
2026-07-23 19:18:00+00:00,689.8200073242188,689.8200073242188,690.030029296875,689.664794921875,690.030029296875,32646
2026-07-23 19:19:00+00:00,689.9180297851562,689.9180297851562,689.9400024414062,689.8099975585938,689.8400268554688,19688
2026-07-23 19:20:00+00:00,690.280029296875,690.280029296875,690.3099975585938,689.8900146484375,689.9099731445312,34709
2026-07-23 19:21:00+00:00,690.5800170898438,690.5800170898438,690.739990234375,690.2625732421875,690.2625732421875,326237
2026-07-23 19:22:00+00:00,690.52001953125,690.52001953125,690.8062133789062,690.4199829101562,690.7000122070312,58830
2026-07-23 19:23:00+00:00,690.7999877929688,690.7999877929688,690.8599853515625,690.5,690.52001953125,34124
2026-07-23 19:24:00+00:00,691.0700073242188,691.0700073242188,691.0723266601562,690.7750244140625,690.8001098632812,47314
2026-07-23 19:25:00+00:00,691.4500122070312,691.4500122070312,691.5598754882812,691.0700073242188,691.0700073242188,73942
2026-07-23 19:26:00+00:00,691.2999877929688,691.2999877929688,691.5285034179688,691.218017578125,691.4400024414062,56080
2026-07-23 19:27:00+00:00,691.2800903320312,691.2800903320312,691.5698852539062,691.1500244140625,691.3099975585938,42248
2026-07-23 19:28:00+00:00,690.9199829101562,690.9199829101562,691.3900146484375,690.7899780273438,691.27001953125,38705
2026-07-23 19:29:00+00:00,691.280029296875,691.280029296875,691.3099975585938,690.8699951171875,690.9099731445312,58443
2026-07-23 19:30:00+00:00,691.4600219726562,691.4600219726562,691.6199951171875,691.2000122070312,691.3300170898438,58070
2026-07-23 19:31:00+00:00,690.6400146484375,690.6400146484375,691.47998046875,690.6400146484375,691.47998046875,56807
2026-07-23 19:32:00+00:00,690.5800170898438,690.5800170898438,690.77001953125,690.5700073242188,690.6500244140625,63586
2026-07-23 19:33:00+00:00,690.5449829101562,690.5449829101562,690.6699829101562,690.0900268554688,690.5900268554688,88365
2026-07-23 19:34:00+00:00,690.760009765625,690.760009765625,690.9849853515625,690.5700073242188,690.5700073242188,53543
2026-07-23 19:35:00+00:00,690.5800170898438,690.5800170898438,690.8900146484375,690.47998046875,690.77001953125,42424
2026-07-23 19:36:00+00:00,690.6162109375,690.6162109375,690.7050170898438,690.3099975585938,690.6099853515625,31885
2026-07-23 19:37:00+00:00,690.7100219726562,690.7100219726562,690.8400268554688,690.52001953125,690.655029296875,28507
2026-07-23 19:38:00+00:00,690.375,690.375,690.7999267578125,690.3300170898438,690.7100219726562,47107
2026-07-23 19:39:00+00:00,690.22998046875,690.22998046875,690.489990234375,690.22998046875,690.4000244140625,64541
2026-07-23 19:40:00+00:00,690.2349853515625,690.2349853515625,690.3889770507812,690.1699829101562,690.25,69762
2026-07-23 19:41:00+00:00,690.1224975585938,690.1224975585938,690.2299194335938,689.9600219726562,690.219970703125,87033
2026-07-23 19:42:00+00:00,689.5399780273438,689.5399780273438,690.0999755859375,689.52001953125,690.0999755859375,98217
2026-07-23 19:43:00+00:00,689.6099853515625,689.6099853515625,689.7098999023438,689.3900146484375,689.5499877929688,80747
2026-07-23 19:44:00+00:00,689.3300170898438,689.3300170898438,689.5999755859375,689.3300170898438,689.5800170898438,69242
2026-07-23 19:45:00+00:00,689.3599853515625,689.3599853515625,689.52001953125,689.3099975585938,689.3400268554688,111402
2026-07-23 19:46:00+00:00,689.1099853515625,689.1099853515625,689.4299926757812,689.030029296875,689.4094848632812,125785
2026-07-23 19:47:00+00:00,689.4600219726562,689.4600219726562,689.5399169921875,688.9500122070312,689.1099853515625,163675
2026-07-23 19:48:00+00:00,689.2999877929688,689.2999877929688,689.5399780273438,689.260009765625,689.469970703125,124276
2026-07-23 19:49:00+00:00,689.22998046875,689.22998046875,689.3200073242188,688.9299926757812,689.3099975585938,142321
2026-07-23 19:50:00+00:00,689.97998046875,689.97998046875,690.3798828125,689.27001953125,689.27001953125,323683
2026-07-23 19:51:00+00:00,690.1500244140625,690.1500244140625,690.1799926757812,689.6500244140625,689.97998046875,173793
2026-07-23 19:52:00+00:00,689.7999877929688,689.7999877929688,690.2449951171875,689.52001953125,690.1400146484375,169398
2026-07-23 19:53:00+00:00,689.6199951171875,689.6199951171875,689.8250122070312,689.4600219726562,689.8099975585938,145027
2026-07-23 19:54:00+00:00,690.0800170898438,690.0800170898438,690.1599731445312,689.3599853515625,689.6500244140625,234271
2026-07-23 19:55:00+00:00,691.1300048828125,691.1300048828125,691.1799926757812,690.1099853515625,690.1099853515625,408989
2026-07-23 19:56:00+00:00,691.260009765625,691.260009765625,691.3499755859375,690.97998046875,691.1099853515625,163427
2026-07-23 19:57:00+00:00,691.760009765625,691.760009765625,691.8099975585938,691.219970703125,691.239990234375,216347
2026-07-23 19:58:00+00:00,692.1599731445312,692.1599731445312,692.3599853515625,691.739990234375,691.760009765625,410734
2026-07-23 19:59:00+00:00,691.9199829101562,691.9199829101562,692.4299926757812,691.7899780273438,692.1799926757812,860949
2026-07-24 13:30:00+00:00,690.2100219726562,690.2100219726562,690.5,689.6099853515625,690.25,1548762
2026-07-24 13:31:00+00:00,690.155029296875,690.155029296875,690.5,689.52001953125,690.2100219726562,273695
2026-07-24 13:32:00+00:00,690.9099731445312,690.9099731445312,690.9400024414062,689.9100952148438,690.2899780273438,231917
2026-07-24 13:33:00+00:00,690.9600219726562,690.9600219726562,691.5698852539062,690.7205200195312,690.9390258789062,114426
2026-07-24 13:34:00+00:00,691.9949951171875,691.9949951171875,692.0499877929688,690.7849731445312,690.8300170898438,132731
2026-07-24 13:35:00+00:00,691.4149780273438,691.4149780273438,692.4500122070312,691.22998046875,692.0,220144
2026-07-24 13:36:00+00:00,690.1400146484375,690.1400146484375,691.4500122070312,690.100830078125,691.4500122070312,151565
2026-07-24 13:37:00+00:00,690.5850219726562,690.5850219726562,690.7799072265625,689.989990234375,690.2000122070312,114780
2026-07-24 13:38:00+00:00,689.9849853515625,689.9849853515625,691.0499877929688,689.9605102539062,690.5800170898438,126952
2026-07-24 13:39:00+00:00,690.1099853515625,690.1099853515625,690.2000122070312,689.6099853515625,689.9299926757812,156531
2026-07-24 13:40:00+00:00,689.3800048828125,689.3800048828125,690.2794799804688,689.2301025390625,690.1900024414062,172181
2026-07-24 13:41:00+00:00,689.0750122070312,689.0750122070312,689.619873046875,688.9000244140625,689.3200073242188,194748
2026-07-24 13:42:00+00:00,688.989990234375,688.989990234375,689.239990234375,688.5,689.0867919921875,190367
2026-07-24 13:43:00+00:00,689.0598754882812,689.0598754882812,689.1500244140625,688.77001953125,688.9600219726562,149114
2026-07-24 13:44:00+00:00,689.1785278320312,689.1785278320312,689.4500122070312,688.8300170898438,688.989990234375,113873
2026-07-24 13:45:00+00:00,688.77001953125,688.77001953125,689.4400024414062,688.64501953125,689.1799926757812,100413
2026-07-24 13:46:00+00:00,688.5599975585938,688.5599975585938,688.9199829101562,688.2100219726562,688.760009765625,126233
2026-07-24 13:47:00+00:00,688.7000122070312,688.7000122070312,688.969970703125,688.3900146484375,688.5601196289062,73331
2026-07-24 13:48:00+00:00,688.5050048828125,688.5050048828125,688.8900146484375,688.3200073242188,688.7100219726562,74479
2026-07-24 13:49:00+00:00,689.5399780273438,689.5399780273438,689.719970703125,688.5549926757812,688.56982421875,392746
2026-07-24 13:50:00+00:00,687.8800048828125,687.8800048828125,689.5399780273438,687.360107421875,689.47998046875,249620
2026-07-24 13:51:00+00:00,686.9500122070312,686.9500122070312,687.9337158203125,686.7000122070312,687.9099731445312,172914
2026-07-24 13:52:00+00:00,686.3300170898438,686.3300170898438,687.0399169921875,686.0,687.010009765625,246892
2026-07-24 13:53:00+00:00,685.905029296875,685.905029296875,686.3699951171875,685.7000122070312,686.3300170898438,286423
2026-07-24 13:54:00+00:00,685.6900024414062,685.6900024414062,686.010009765625,685.5499877929688,685.8800048828125,172698
2026-07-24 13:55:00+00:00,685.27001953125,685.27001953125,685.8200073242188,685.0250244140625,685.6799926757812,209416
2026-07-24 13:56:00+00:00,685.239990234375,685.239990234375,685.9299926757812,685.0599975585938,685.2899780273438,205728
2026-07-24 13:57:00+00:00,685.3599853515625,685.3599853515625,685.6300048828125,685.0999755859375,685.260009765625,113117
2026-07-24 13:58:00+00:00,685.7999877929688,685.7999877929688,686.280029296875,685.3499755859375,685.3499755859375,248628
2026-07-24 13:59:00+00:00,685.219970703125,685.219970703125,685.8699951171875,685.1799926757812,685.760009765625,113619
2026-07-24 14:00:00+00:00,686.4199829101562,686.4199829101562,686.489990234375,684.8599853515625,685.1699829101562,230165
2026-07-24 14:01:00+00:00,686.2750244140625,686.2750244140625,686.7100219726562,686.030029296875,686.4400024414062,164584
2026-07-24 14:02:00+00:00,686.2949829101562,686.2949829101562,686.9099731445312,686.27001953125,686.2750244140625,166153
2026-07-24 14:03:00+00:00,686.2000122070312,686.2000122070312,686.2899780273438,685.469970703125,686.280029296875,231490
2026-07-24 14:04:00+00:00,685.5419921875,685.5419921875,686.4995727539062,685.3599853515625,686.1799926757812,209238
2026-07-24 14:05:00+00:00,686.405029296875,686.405029296875,686.510009765625,685.530029296875,685.6199951171875,186583
2026-07-24 14:06:00+00:00,686.1649780273438,686.1649780273438,686.6500244140625,685.8900146484375,686.3599853515625,86652
2026-07-24 14:07:00+00:00,686.7274780273438,686.7274780273438,686.97998046875,685.780029296875,686.1599731445312,128926
2026-07-24 14:08:00+00:00,687.6300048828125,687.6300048828125,687.6799926757812,686.6400146484375,686.8200073242188,155915
2026-07-24 14:09:00+00:00,687.760009765625,687.760009765625,687.9998779296875,687.2100219726562,687.47998046875,186810
2026-07-24 14:10:00+00:00,687.6900024414062,687.6900024414062,687.9190063476562,687.25,687.7000122070312,105394
2026-07-24 14:11:00+00:00,687.5598754882812,687.5598754882812,687.9299926757812,687.280029296875,687.5650024414062,89466
2026-07-24 14:12:00+00:00,686.9600219726562,686.9600219726562,687.760009765625,686.9000244140625,687.4099731445312,125713
2026-07-24 14:13:00+00:00,687.510009765625,687.510009765625,687.6824951171875,686.739990234375,686.9600219726562,99765
2026-07-24 14:14:00+00:00,687.5999755859375,687.5999755859375,688.2899780273438,687.39990234375,687.530029296875,148712
2026-07-24 14:15:00+00:00,686.6300048828125,686.6300048828125,687.8499755859375,686.5900268554688,687.5999755859375,90306
2026-07-24 14:16:00+00:00,686.5020751953125,686.5020751953125,686.760009765625,686.0999755859375,686.6492919921875,95358
2026-07-24 14:17:00+00:00,685.7249755859375,685.7249755859375,686.4600219726562,685.3099975585938,686.4400024414062,86343
2026-07-24 14:18:00+00:00,685.0449829101562,685.0449829101562,686.1099853515625,685.0186767578125,685.780029296875,102523
2026-07-24 14:20:00+00:00,685.6199951171875,685.6199951171875,685.8499755859375,684.9299926757812,684.9600219726562,276619
2026-07-24 14:21:00+00:00,686.4400024414062,686.4400024414062,686.6199951171875,685.47998046875,685.6500244140625,104529
2026-07-24 14:22:00+00:00,686.739990234375,686.739990234375,687.0,686.3499755859375,686.530029296875,87186
2026-07-24 14:23:00+00:00,687.489990234375,687.489990234375,687.6400146484375,686.7000122070312,686.75,98948
2026-07-24 14:24:00+00:00,686.8800048828125,686.8800048828125,687.619873046875,686.6799926757812,687.5349731445312,75622
2026-07-24 14:25:00+00:00,686.6199951171875,686.6199951171875,687.0750122070312,686.2625122070312,686.9000244140625,85334
2026-07-24 14:26:00+00:00,686.8004760742188,686.8004760742188,687.030029296875,686.3900146484375,686.6199951171875,54675
2026-07-24 14:27:00+00:00,686.4208984375,686.4208984375,687.22998046875,686.2000122070312,686.75,149401
2026-07-24 14:28:00+00:00,686.8499755859375,686.8499755859375,687.0698852539062,686.2470703125,686.4600219726562,52919
2026-07-24 14:29:00+00:00,686.8800048828125,686.8800048828125,687.260009765625,686.8599853515625,687.048095703125,61309
2026-07-24 14:30:00+00:00,685.7999877929688,685.7999877929688,686.97998046875,685.5062866210938,686.9063720703125,96395
2026-07-24 14:31:00+00:00,686.1099853515625,686.1099853515625,686.3099975585938,685.719970703125,685.7899780273438,51406
2026-07-24 14:32:00+00:00,685.4000244140625,685.4000244140625,686.2000122070312,685.3735961914062,686.2000122070312,78887
2026-07-24 14:33:00+00:00,685.3200073242188,685.3200073242188,685.8400268554688,685.239990234375,685.4199829101562,137867
2026-07-24 14:34:00+00:00,684.760009765625,684.760009765625,685.5499877929688,684.760009765625,685.3400268554688,88674
2026-07-24 14:35:00+00:00,685.5499877929688,685.5499877929688,685.5999755859375,684.77001953125,684.8399047851562,106785
2026-07-24 14:36:00+00:00,685.2000122070312,685.2000122070312,685.7100219726562,685.1699829101562,685.6199951171875,83255
2026-07-24 14:37:00+00:00,684.9099731445312,684.9099731445312,685.489990234375,684.8800048828125,685.219970703125,77519
2026-07-24 14:38:00+00:00,684.8300170898438,684.8300170898438,685.1828002929688,684.8300170898438,684.9000244140625,54849
2026-07-24 14:39:00+00:00,684.2100219726562,684.2100219726562,685.1099853515625,684.0499877929688,684.8300170898438,124814
2026-07-24 14:40:00+00:00,684.2899780273438,684.2899780273438,684.4500122070312,683.8699951171875,684.239990234375,120928
2026-07-24 14:41:00+00:00,684.1799926757812,684.1799926757812,684.52001953125,683.8300170898438,684.25,109072
2026-07-24 14:42:00+00:00,684.030029296875,684.030029296875,684.5349731445312,683.739990234375,684.2899780273438,85821
2026-07-24 14:43:00+00:00,684.2999877929688,684.2999877929688,684.3800048828125,683.8800048828125,683.9201049804688,71644
2026-07-24 14:44:00+00:00,684.3599853515625,684.3599853515625,684.7979736328125,684.280029296875,684.3499755859375,108315
2026-07-24 14:45:00+00:00,683.739990234375,683.739990234375,684.39990234375,683.72998046875,684.39990234375,67371
2026-07-24 14:46:00+00:00,684.3499755859375,684.3499755859375,684.5499877929688,683.5460205078125,683.72998046875,87300
2026-07-24 14:47:00+00:00,683.97998046875,683.97998046875,684.8499755859375,683.75,684.4600219726562,73219
2026-07-24 14:48:00+00:00,684.1699829101562,684.1699829101562,684.3099975585938,684.0,684.010009765625,91629
2026-07-24 14:49:00+00:00,685.1500244140625,685.1500244140625,685.22998046875,684.1199951171875,684.1500244140625,119750
2026-07-24 14:50:00+00:00,686.0700073242188,686.0700073242188,686.1199951171875,685.1300048828125,685.14501953125,140262
2026-07-24 14:51:00+00:00,685.7999877929688,685.7999877929688,686.1699829101562,685.5650024414062,686.051025390625,93260
2026-07-24 14:52:00+00:00,685.0700073242188,685.0700073242188,686.1052856445312,685.0399780273438,685.719970703125,61205
2026-07-24 14:53:00+00:00,686.0499877929688,686.0499877929688,686.219970703125,684.9600219726562,685.1199951171875,81833
2026-07-24 14:54:00+00:00,685.8300170898438,685.8300170898438,686.22998046875,685.2899780273438,686.0499877929688,153396
2026-07-24 14:55:00+00:00,686.510009765625,686.510009765625,686.5850219726562,685.8400268554688,685.89990234375,81419
2026-07-24 14:56:00+00:00,686.6799926757812,686.6799926757812,686.7000122070312,686.2581176757812,686.4600219726562,48568
2026-07-24 14:57:00+00:00,687.4299926757812,687.4299926757812,687.6099853515625,686.7756958007812,686.7756958007812,136703
2026-07-24 14:58:00+00:00,688.0,688.0,688.010009765625,687.0900268554688,687.39990234375,69575
2026-07-24 14:59:00+00:00,688.27001953125,688.27001953125,688.5390014648438,688.0,688.0050048828125,106256
2026-07-24 15:00:00+00:00,688.6749877929688,688.6749877929688,688.6799926757812,687.8300170898438,688.2999877929688,157005
2026-07-24 15:01:00+00:00,687.8099975585938,687.8099975585938,688.9400024414062,687.7899780273438,688.6799926757812,188915
2026-07-24 15:02:00+00:00,687.82958984375,687.82958984375,687.9400024414062,687.4500122070312,687.780029296875,59010
2026-07-24 15:03:00+00:00,687.49951171875,687.49951171875,687.9550170898438,687.3499755859375,687.760009765625,48397
2026-07-24 15:04:00+00:00,687.1799926757812,687.1799926757812,687.6199951171875,687.1400146484375,687.5,56079
2026-07-24 15:05:00+00:00,687.27001953125,687.27001953125,687.510009765625,687.1099853515625,687.1699829101562,51014
2026-07-24 15:06:00+00:00,686.739990234375,686.739990234375,687.47998046875,686.72998046875,687.25,64186
2026-07-24 15:07:00+00:00,686.9500122070312,686.9500122070312,686.9901123046875,686.4099731445312,686.6699829101562,82519
2026-07-24 15:08:00+00:00,687.0399780273438,687.0399780273438,687.568115234375,686.9550170898438,686.9749755859375,87069
2026-07-24 15:09:00+00:00,686.1500244140625,686.1500244140625,687.3499755859375,686.1300048828125,687.0750122070312,41343
2026-07-24 15:10:00+00:00,687.6199951171875,687.6199951171875,687.9000244140625,685.9749755859375,686.1900024414062,114165
2026-07-24 15:11:00+00:00,687.8250122070312,687.8250122070312,689.1500244140625,687.4099731445312,687.4500122070312,308490
2026-07-24 15:12:00+00:00,687.760009765625,687.760009765625,688.4000244140625,687.6500244140625,687.8400268554688,121802
2026-07-24 15:13:00+00:00,687.8699951171875,687.8699951171875,688.1599731445312,687.6900024414062,687.760009765625,58999
2026-07-24 15:14:00+00:00,689.3350219726562,689.3350219726562,689.6799926757812,687.8400268554688,687.8400268554688,178434
2026-07-24 15:15:00+00:00,690.5700073242188,690.5700073242188,690.8499755859375,689.0700073242188,689.3099975585938,371690
2026-07-24 15:16:00+00:00,689.8699951171875,689.8699951171875,690.8499755859375,689.8499755859375,690.530029296875,132198
2026-07-24 15:17:00+00:00,689.25,689.25,690.1199951171875,689.1799926757812,689.8200073242188,101389
2026-07-24 15:18:00+00:00,689.1199951171875,689.1199951171875,689.7000122070312,688.8300170898438,689.239990234375,91555
2026-07-24 15:19:00+00:00,688.625,688.625,689.3499755859375,688.4299926757812,689.1099853515625,96621
2026-07-24 15:20:00+00:00,689.4739990234375,689.4739990234375,689.72998046875,688.469970703125,688.6799926757812,155131
2026-07-24 15:21:00+00:00,689.5399169921875,689.5399169921875,689.8469848632812,689.4299926757812,689.4550170898438,57978
2026-07-24 15:22:00+00:00,689.4400024414062,689.4400024414062,689.75,689.3599853515625,689.6199951171875,115502
2026-07-24 15:23:00+00:00,689.77001953125,689.77001953125,690.0499877929688,689.4000244140625,689.4000244140625,76640
2026-07-24 15:24:00+00:00,689.489990234375,689.489990234375,689.8400268554688,689.4000244140625,689.739990234375,73951
2026-07-24 15:25:00+00:00,690.2000122070312,690.2000122070312,690.2000122070312,689.47998046875,689.5,66412
2026-07-24 15:26:00+00:00,689.8099975585938,689.8099975585938,690.380126953125,689.7899780273438,690.25,140558
2026-07-24 15:27:00+00:00,690.25,690.25,690.3900146484375,689.75,689.760009765625,47649
2026-07-24 15:28:00+00:00,689.9299926757812,689.9299926757812,690.7000122070312,689.9299926757812,690.3150024414062,96226
2026-07-24 15:29:00+00:00,689.4974975585938,689.4974975585938,690.0399780273438,689.2999877929688,689.989990234375,97191
2026-07-24 15:30:00+00:00,689.6699829101562,689.6699829101562,689.739990234375,689.1199951171875,689.5,65540
2026-07-24 15:31:00+00:00,690.2999877929688,690.2999877929688,690.3800048828125,689.6599731445312,689.6599731445312,41364
2026-07-24 15:32:00+00:00,689.6699829101562,689.6699829101562,690.4600219726562,689.6500244140625,690.259521484375,49069
2026-07-24 15:33:00+00:00,689.5,689.5,689.8300170898438,689.3599853515625,689.5999755859375,32879
2026-07-24 15:34:00+00:00,689.1599731445312,689.1599731445312,689.7899780273438,689.1599731445312,689.5800170898438,477671
2026-07-24 15:35:00+00:00,689.9000244140625,689.9000244140625,689.9099731445312,689.1400146484375,689.1900024414062,54444
2026-07-24 15:36:00+00:00,690.010009765625,690.010009765625,690.0399780273438,689.5800170898438,689.89501953125,82198
2026-07-24 15:37:00+00:00,690.219970703125,690.219970703125,690.22998046875,689.4299926757812,690.010009765625,66802
2026-07-24 15:38:00+00:00,690.77001953125,690.77001953125,690.7899780273438,690.2100219726562,690.2899780273438,110823
2026-07-24 15:39:00+00:00,690.9299926757812,690.9299926757812,691.030029296875,690.7000122070312,690.77001953125,108456
2026-07-24 15:40:00+00:00,690.8300170898438,690.8300170898438,691.2999877929688,690.8200073242188,690.9500122070312,74275
2026-07-24 15:41:00+00:00,690.280029296875,690.280029296875,690.8599853515625,690.0800170898438,690.8189086914062,112755
2026-07-24 15:42:00+00:00,689.9199829101562,689.9199829101562,690.489990234375,689.8200073242188,690.2139892578125,47143
2026-07-24 15:43:00+00:00,689.4000244140625,689.4000244140625,690.02001953125,689.2000122070312,689.8699951171875,70501
2026-07-24 15:44:00+00:00,689.5999755859375,689.5999755859375,689.9299926757812,689.4450073242188,689.4450073242188,61063
2026-07-24 15:45:00+00:00,689.8800048828125,689.8800048828125,690.1900024414062,689.5499877929688,689.6400146484375,49268
2026-07-24 15:46:00+00:00,689.72998046875,689.72998046875,690.0499877929688,689.719970703125,689.8800048828125,48820
2026-07-24 15:47:00+00:00,689.5,689.5,689.9199829101562,689.385009765625,689.6900024414062,175770
2026-07-24 15:48:00+00:00,689.8599853515625,689.8599853515625,689.864990234375,689.260009765625,689.469970703125,42798
2026-07-24 15:49:00+00:00,689.5700073242188,689.5700073242188,689.77001953125,689.3599853515625,689.77001953125,35094
2026-07-24 15:50:00+00:00,690.4000244140625,690.4000244140625,690.469970703125,689.60498046875,689.60498046875,73345
2026-07-24 15:51:00+00:00,690.2534790039062,690.2534790039062,690.6300048828125,690.1199951171875,690.4500122070312,64167
2026-07-24 15:52:00+00:00,690.1599731445312,690.1599731445312,690.5499877929688,690.1099853515625,690.219970703125,66867
2026-07-24 15:53:00+00:00,690.5800170898438,690.5800170898438,690.5999755859375,689.8701171875,690.1649780273438,37543
2026-07-24 15:54:00+00:00,690.280029296875,690.280029296875,690.6699829101562,690.27001953125,690.5700073242188,38749
2026-07-24 15:55:00+00:00,690.72998046875,690.72998046875,690.9299926757812,690.2899780273438,690.3200073242188,43294
2026-07-24 15:56:00+00:00,691.1799926757812,691.1799926757812,691.3599853515625,690.75,690.760009765625,88026
2026-07-24 15:57:00+00:00,690.9849853515625,690.9849853515625,691.3499755859375,690.97998046875,691.1900024414062,37469
2026-07-24 15:58:00+00:00,691.2899780273438,691.2899780273438,691.3400268554688,690.8400268554688,691.0,30045
2026-07-24 15:59:00+00:00,691.2803955078125,691.2803955078125,691.489990234375,691.22998046875,691.260009765625,44063
2026-07-24 16:00:00+00:00,690.8699951171875,690.8699951171875,691.364990234375,690.8099975585938,691.2999877929688,59682
2026-07-24 16:01:00+00:00,690.969970703125,690.969970703125,690.989990234375,690.6500244140625,690.9199829101562,45425
2026-07-24 16:02:00+00:00,691.0156860351562,691.0156860351562,691.0999755859375,690.780029296875,690.9600219726562,33941
2026-07-24 16:03:00+00:00,691.4099731445312,691.4099731445312,691.4500122070312,690.9600219726562,691.0599975585938,30936
2026-07-24 16:04:00+00:00,691.6649780273438,691.6649780273438,691.780029296875,691.3599853515625,691.4199829101562,98242
2026-07-24 16:05:00+00:00,691.6699829101562,691.6699829101562,691.85009765625,691.5552978515625,691.6699829101562,40351
2026-07-24 16:06:00+00:00,691.4501953125,691.4501953125,691.8198852539062,691.4501953125,691.6500244140625,66674
2026-07-24 16:07:00+00:00,692.22998046875,692.22998046875,692.25,691.4099731445312,691.469970703125,59219
2026-07-24 16:08:00+00:00,691.97998046875,691.97998046875,692.2874755859375,691.8800048828125,692.219970703125,77781
2026-07-24 16:09:00+00:00,691.9600219726562,691.9600219726562,692.1799926757812,691.9299926757812,692.010009765625,35483
2026-07-24 16:10:00+00:00,692.5900268554688,692.5900268554688,692.6199951171875,691.9390258789062,691.989990234375,73352
2026-07-24 16:11:00+00:00,692.063720703125,692.063720703125,692.6300048828125,691.9801025390625,692.5806274414062,44219
2026-07-24 16:12:00+00:00,691.780029296875,691.780029296875,692.3400268554688,691.780029296875,692.0599975585938,47037
2026-07-24 16:13:00+00:00,691.3599853515625,691.3599853515625,691.8399047851562,691.3499755859375,691.760009765625,65226
2026-07-24 16:14:00+00:00,691.3499755859375,691.3499755859375,691.5499877929688,691.22998046875,691.3200073242188,34197
2026-07-24 16:15:00+00:00,691.0700073242188,691.0700073242188,691.2899780273438,690.969970703125,691.2899780273438,57031
2026-07-24 16:16:00+00:00,690.9299926757812,690.9299926757812,691.1599731445312,690.8510131835938,691.072021484375,52739
2026-07-24 16:17:00+00:00,690.8200073242188,690.8200073242188,691.030029296875,690.7000122070312,690.9600219726562,45913
2026-07-24 16:18:00+00:00,691.0399780273438,691.0399780273438,691.219970703125,690.77001953125,690.8599853515625,25852
2026-07-24 16:19:00+00:00,691.0449829101562,691.0449829101562,691.2999877929688,691.0,691.0399169921875,36908
2026-07-24 16:20:00+00:00,691.5399780273438,691.5399780273438,691.5499877929688,691.0601196289062,691.0750122070312,39460
2026-07-24 16:21:00+00:00,691.280029296875,691.280029296875,691.5900268554688,691.0155029296875,691.5800170898438,32814
2026-07-24 16:22:00+00:00,691.6699829101562,691.6699829101562,691.6882934570312,691.1699829101562,691.280029296875,20326
2026-07-24 16:23:00+00:00,691.5438232421875,691.5438232421875,691.72998046875,691.4400024414062,691.6500244140625,34040
2026-07-24 16:24:00+00:00,691.5,691.5,691.6279907226562,691.29248046875,691.47998046875,13914
2026-07-24 16:25:00+00:00,691.6099853515625,691.6099853515625,691.6099853515625,691.22998046875,691.5,26503
2026-07-24 16:26:00+00:00,691.5499877929688,691.5499877929688,691.7000122070312,691.4299926757812,691.6599731445312,18724
2026-07-24 16:27:00+00:00,691.2550048828125,691.2550048828125,691.5900268554688,691.2550048828125,691.5900268554688,19071
2026-07-24 16:28:00+00:00,691.3400268554688,691.3400268554688,691.4400024414062,691.1699829101562,691.280029296875,33868
2026-07-24 16:29:00+00:00,691.1129760742188,691.1129760742188,691.3900146484375,691.0900268554688,691.3607177734375,27257
2026-07-24 16:30:00+00:00,690.4249877929688,690.4249877929688,691.1099853515625,690.1500244140625,691.030029296875,255669
2026-07-24 16:31:00+00:00,690.4299926757812,690.4299926757812,690.5599975585938,690.0999755859375,690.5,64388
2026-07-24 16:32:00+00:00,690.4600219726562,690.4600219726562,690.6699829101562,690.1640014648438,690.4498901367188,47797
2026-07-24 16:33:00+00:00,690.3099975585938,690.3099975585938,690.5999755859375,690.27001953125,690.4199829101562,29141
2026-07-24 16:34:00+00:00,690.4600219726562,690.4600219726562,690.7150268554688,690.3099975585938,690.3499755859375,20423
2026-07-24 16:35:00+00:00,690.530029296875,690.530029296875,690.64697265625,690.3099975585938,690.4600830078125,68658
2026-07-24 16:36:00+00:00,690.510009765625,690.510009765625,690.8099975585938,690.3510131835938,690.5900268554688,29791
2026-07-24 16:37:00+00:00,690.4298706054688,690.4298706054688,690.4500122070312,690.2100219726562,690.4299926757812,30672
2026-07-24 16:38:00+00:00,689.8599853515625,689.8599853515625,690.5599975585938,689.8599853515625,690.4500122070312,73081
2026-07-24 16:39:00+00:00,690.0557861328125,690.0557861328125,690.1500244140625,689.8519287109375,689.8699951171875,92341
2026-07-24 16:40:00+00:00,689.7550048828125,689.7550048828125,689.989990234375,689.6699829101562,689.989990234375,38052
2026-07-24 16:41:00+00:00,689.760009765625,689.760009765625,689.8350219726562,689.5700073242188,689.7100219726562,41255
2026-07-24 16:42:00+00:00,689.72998046875,689.72998046875,689.8530883789062,689.510009765625,689.8400268554688,57614
2026-07-24 16:43:00+00:00,689.6400146484375,689.6400146484375,689.7899780273438,689.344970703125,689.7100219726562,71379
2026-07-24 16:44:00+00:00,689.4600219726562,689.4600219726562,689.64501953125,689.4199829101562,689.6088256835938,27606
2026-07-24 16:45:00+00:00,689.5700073242188,689.5700073242188,689.719970703125,689.27001953125,689.4515991210938,32710
2026-07-24 16:46:00+00:00,689.2650146484375,689.2650146484375,689.6500244140625,689.25,689.6300048828125,57795
2026-07-24 16:47:00+00:00,689.0,689.0,689.4099731445312,688.9400024414062,689.22998046875,87711
2026-07-24 16:48:00+00:00,688.9000244140625,688.9000244140625,689.0499877929688,688.719970703125,689.0499877929688,58144
2026-07-24 16:49:00+00:00,688.9901123046875,688.9901123046875,689.0599975585938,688.6400146484375,688.8599853515625,44927
2026-07-24 16:50:00+00:00,688.9500122070312,688.9500122070312,689.030029296875,688.760009765625,689.0,64826
2026-07-24 16:51:00+00:00,688.9249877929688,688.9249877929688,689.1500244140625,688.75,689.010009765625,70245
2026-07-24 16:52:00+00:00,688.75,688.75,688.969970703125,688.72998046875,688.9249877929688,40864
2026-07-24 16:53:00+00:00,688.7349853515625,688.7349853515625,688.9199829101562,688.5050048828125,688.780029296875,64630
2026-07-24 16:54:00+00:00,688.8101196289062,688.8101196289062,689.0900268554688,688.6599731445312,688.7000122070312,111929
2026-07-24 16:55:00+00:00,689.155029296875,689.155029296875,689.27001953125,688.5599975585938,688.8400268554688,66219
2026-07-24 16:56:00+00:00,689.1699829101562,689.1699829101562,689.2999877929688,689.0,689.1177978515625,50754
2026-07-24 16:57:00+00:00,689.5,689.5,689.510009765625,689.1799926757812,689.1799926757812,29898
2026-07-24 16:58:00+00:00,689.5,689.5,689.719970703125,689.4400024414062,689.530029296875,22857
2026-07-24 16:59:00+00:00,689.3400268554688,689.3400268554688,689.6699829101562,689.280029296875,689.5,26083
2026-07-24 17:00:00+00:00,689.2000122070312,689.2000122070312,689.4758911132812,689.06201171875,689.3800048828125,23228
2026-07-24 17:01:00+00:00,689.0399780273438,689.0399780273438,689.1400146484375,688.6699829101562,689.1400146484375,54205
2026-07-24 17:02:00+00:00,688.9099731445312,688.9099731445312,689.1099853515625,688.7908935546875,689.0900268554688,145087
2026-07-24 17:03:00+00:00,688.9000244140625,688.9000244140625,689.0800170898438,688.719970703125,688.9400024414062,21838
2026-07-24 17:04:00+00:00,688.9099731445312,688.9099731445312,689.0700073242188,688.8099975585938,688.9299926757812,33602
2026-07-24 17:05:00+00:00,689.0,689.0,689.1300048828125,688.8200073242188,688.9000244140625,28916
2026-07-24 17:06:00+00:00,688.60791015625,688.60791015625,689.0599975585938,688.0,689.0599975585938,170463
2026-07-24 17:07:00+00:00,688.2423706054688,688.2423706054688,688.6400146484375,688.1838989257812,688.5700073242188,87513
2026-07-24 17:08:00+00:00,688.1300048828125,688.1300048828125,688.2799072265625,687.923828125,688.25,53721
2026-07-24 17:09:00+00:00,687.9299926757812,687.9299926757812,688.3099975585938,687.8800048828125,688.1400146484375,46819
2026-07-24 17:10:00+00:00,687.97998046875,687.97998046875,688.1849975585938,687.7000122070312,687.9000244140625,36102
2026-07-24 17:11:00+00:00,688.260009765625,688.260009765625,688.424072265625,687.8900146484375,687.969970703125,57853
2026-07-24 17:12:00+00:00,688.4249877929688,688.4249877929688,688.6500244140625,688.3200073242188,688.3200073242188,54007
2026-07-24 17:13:00+00:00,688.4500122070312,688.4500122070312,688.5800170898438,688.3099975585938,688.4400024414062,30423
2026-07-24 17:14:00+00:00,688.4600830078125,688.4600830078125,688.739990234375,688.3917846679688,688.4600219726562,24824
2026-07-24 17:15:00+00:00,688.2427978515625,688.2427978515625,688.594970703125,688.239990234375,688.4400024414062,25791
2026-07-24 17:16:00+00:00,688.125,688.125,688.3300170898438,688.0200805664062,688.2899780273438,132815
2026-07-24 17:17:00+00:00,688.7698974609375,688.7698974609375,688.8300170898438,688.1267700195312,688.15380859375,44843
2026-07-24 17:18:00+00:00,688.9500122070312,688.9500122070312,689.1900024414062,688.5900268554688,688.8400268554688,45175
2026-07-24 17:19:00+00:00,689.1400756835938,689.1400756835938,689.239990234375,688.8800048828125,689.010009765625,22683
2026-07-24 17:20:00+00:00,689.0,689.0,689.3300170898438,688.97998046875,689.1500244140625,34326
2026-07-24 17:21:00+00:00,688.9500122070312,688.9500122070312,689.2000122070312,688.9299926757812,689.0449829101562,18647
2026-07-24 17:22:00+00:00,688.7000122070312,688.7000122070312,689.0399780273438,688.5499877929688,688.989990234375,33140
2026-07-24 17:23:00+00:00,688.6599731445312,688.6599731445312,688.8499755859375,688.5399780273438,688.6300048828125,32705
2026-07-24 17:24:00+00:00,689.2100219726562,689.2100219726562,689.2100219726562,688.5999755859375,688.6500244140625,45065
2026-07-24 17:25:00+00:00,689.2750244140625,689.2750244140625,689.2991943359375,688.780029296875,689.2000122070312,25388
2026-07-24 17:26:00+00:00,689.5700073242188,689.5700073242188,689.5999755859375,689.260009765625,689.3099975585938,14696
2026-07-24 17:27:00+00:00,689.77001953125,689.77001953125,689.9099731445312,689.5499877929688,689.5599975585938,47401
2026-07-24 17:28:00+00:00,689.8699951171875,689.8699951171875,689.989990234375,689.72998046875,689.780029296875,134776
2026-07-24 17:29:00+00:00,689.7899780273438,689.7899780273438,689.889892578125,689.6300048828125,689.8599853515625,70043
2026-07-24 17:30:00+00:00,689.7000122070312,689.7000122070312,690.030029296875,689.5900268554688,689.8099975585938,38223
2026-07-24 17:31:00+00:00,689.9000244140625,689.9000244140625,689.9400024414062,689.6300048828125,689.7000122070312,37175
2026-07-24 17:32:00+00:00,689.8300170898438,689.8300170898438,689.989990234375,689.6500244140625,689.8900146484375,29684
2026-07-24 17:33:00+00:00,690.280029296875,690.280029296875,690.3300170898438,689.7100219726562,689.8400268554688,40453
2026-07-24 17:34:00+00:00,690.4199829101562,690.4199829101562,690.5062866210938,690.1740112304688,690.2462158203125,30774
2026-07-24 17:35:00+00:00,690.3400268554688,690.3400268554688,690.5,690.239990234375,690.47998046875,27218
2026-07-24 17:36:00+00:00,690.0499877929688,690.0499877929688,690.4000244140625,689.97998046875,690.3499755859375,43072
2026-07-24 17:37:00+00:00,689.605224609375,689.605224609375,690.0,689.5599975585938,690.0,20652
2026-07-24 17:38:00+00:00,689.5499877929688,689.5499877929688,689.6900024414062,689.4299926757812,689.5850219726562,17317
2026-07-24 17:39:00+00:00,689.1500244140625,689.1500244140625,689.5800170898438,689.114990234375,689.5590209960938,37424
2026-07-24 17:40:00+00:00,689.0081787109375,689.0081787109375,689.1799926757812,688.8400268554688,689.1599731445312,67590
2026-07-24 17:41:00+00:00,688.7249755859375,688.7249755859375,689.0198974609375,688.6599731445312,688.989990234375,59485
2026-07-24 17:42:00+00:00,688.7100219726562,688.7100219726562,688.8004150390625,688.594970703125,688.7949829101562,37572
2026-07-24 17:43:00+00:00,688.7999877929688,688.7999877929688,688.8499755859375,688.7000122070312,688.7841796875,24365
2026-07-24 17:44:00+00:00,688.60498046875,688.60498046875,689.0125122070312,688.5999755859375,688.8499755859375,18213
2026-07-24 17:45:00+00:00,688.489990234375,688.489990234375,688.5800170898438,688.2899780273438,688.5800170898438,51376
2026-07-24 17:46:00+00:00,688.8699951171875,688.8699951171875,688.9299926757812,688.4600219726562,688.469970703125,26542
2026-07-24 17:47:00+00:00,688.6699829101562,688.6699829101562,689.0499877929688,688.5999755859375,688.8599853515625,18543
2026-07-24 17:48:00+00:00,688.6849975585938,688.6849975585938,688.7698974609375,688.469970703125,688.6799926757812,11417
2026-07-24 17:49:00+00:00,689.0516967773438,689.0516967773438,689.0599975585938,688.6300048828125,688.6500244140625,24915
2026-07-24 17:50:00+00:00,689.27001953125,689.27001953125,689.2999877929688,688.9099731445312,689.0900268554688,29828
2026-07-24 17:51:00+00:00,688.8300170898438,688.8300170898438,689.489990234375,688.760009765625,689.3099975585938,41229
2026-07-24 17:52:00+00:00,688.8480224609375,688.8480224609375,688.8900146484375,688.6599731445312,688.739990234375,28857
2026-07-24 17:53:00+00:00,688.9439697265625,688.9439697265625,689.030029296875,688.860107421875,688.8800048828125,184468
2026-07-24 17:54:00+00:00,689.0396118164062,689.0396118164062,689.0999755859375,688.7999877929688,688.8975219726562,16877
2026-07-24 17:55:00+00:00,688.9149780273438,688.9149780273438,689.219970703125,688.8950805664062,689.0900268554688,21434
2026-07-24 17:56:00+00:00,689.0878295898438,689.0878295898438,689.2100219726562,688.8499755859375,688.9600219726562,27024
2026-07-24 17:57:00+00:00,688.8300170898438,688.8300170898438,689.1099853515625,688.7899780273438,689.0700073242188,20238
2026-07-24 17:58:00+00:00,688.8099975585938,688.8099975585938,688.97998046875,688.6599731445312,688.75,16305
2026-07-24 17:59:00+00:00,688.6500244140625,688.6500244140625,688.8900146484375,688.6099853515625,688.8338012695312,17754
2026-07-24 18:00:00+00:00,688.8900146484375,688.8900146484375,688.9600219726562,688.5,688.6599731445312,43332
2026-07-24 18:01:00+00:00,688.4600219726562,688.4600219726562,689.1099853515625,688.4600219726562,688.9359741210938,38400
2026-07-24 18:02:00+00:00,688.6400146484375,688.6400146484375,688.70947265625,688.2899780273438,688.4550170898438,30183
2026-07-24 18:03:00+00:00,688.3900146484375,688.3900146484375,688.7050170898438,688.3300170898438,688.6513061523438,19256
2026-07-24 18:04:00+00:00,688.3599853515625,688.3599853515625,688.52001953125,688.280029296875,688.3302001953125,35940
2026-07-24 18:05:00+00:00,688.3499755859375,688.3499755859375,688.4199829101562,688.2100219726562,688.3599853515625,36818
2026-07-24 18:06:00+00:00,688.1500244140625,688.1500244140625,688.489990234375,688.0800170898438,688.3800048828125,30488
2026-07-24 18:07:00+00:00,688.5399780273438,688.5399780273438,688.5800170898438,688.1300048828125,688.1300048828125,28252
2026-07-24 18:08:00+00:00,688.405029296875,688.405029296875,688.6500244140625,688.3900146484375,688.5399780273438,25461
2026-07-24 18:09:00+00:00,688.22998046875,688.22998046875,688.5900268554688,688.2050170898438,688.4201049804688,38932
2026-07-24 18:10:00+00:00,688.0999755859375,688.0999755859375,688.3099975585938,688.0,688.280029296875,25801
2026-07-24 18:11:00+00:00,687.885009765625,687.885009765625,688.1099853515625,687.8400268554688,688.0399780273438,33697
2026-07-24 18:12:00+00:00,687.8699951171875,687.8699951171875,687.9000244140625,687.6199951171875,687.9000244140625,48994
2026-07-24 18:13:00+00:00,687.6699829101562,687.6699829101562,687.989990234375,687.6400146484375,687.8800048828125,52058
2026-07-24 18:14:00+00:00,687.7000122070312,687.7000122070312,687.8400268554688,687.5399780273438,687.655029296875,43543
2026-07-24 18:15:00+00:00,687.6400756835938,687.6400756835938,687.6950073242188,687.5,687.6500244140625,52293
2026-07-24 18:16:00+00:00,687.5551147460938,687.5551147460938,687.7399291992188,687.5,687.7125244140625,35645
2026-07-24 18:17:00+00:00,687.5,687.5,687.719970703125,687.4650268554688,687.5599975585938,58115
2026-07-24 18:18:00+00:00,687.3900146484375,687.3900146484375,687.5599975585938,687.1701049804688,687.510009765625,169360
2026-07-24 18:19:00+00:00,687.0150146484375,687.0150146484375,687.4600219726562,686.9600219726562,687.3800048828125,71144
2026-07-24 18:20:00+00:00,686.739990234375,686.739990234375,687.0,686.7100219726562,687.0,127239
2026-07-24 18:21:00+00:00,686.6699829101562,686.6699829101562,686.8300170898438,686.5999755859375,686.75,132937
2026-07-24 18:22:00+00:00,686.6300048828125,686.6300048828125,686.8099975585938,686.5499877929688,686.635009765625,40884
2026-07-24 18:23:00+00:00,686.7000122070312,686.7000122070312,686.760009765625,686.4299926757812,686.6400146484375,56623
2026-07-24 18:24:00+00:00,686.4779052734375,686.4779052734375,686.8099975585938,686.4199829101562,686.6900024414062,26782
2026-07-24 18:25:00+00:00,686.219970703125,686.219970703125,686.5399780273438,686.0,686.469970703125,89942
2026-07-24 18:26:00+00:00,685.9400024414062,685.9400024414062,686.260009765625,685.8900146484375,686.25,181791
2026-07-24 18:27:00+00:00,685.8150024414062,685.8150024414062,686.094970703125,685.75,685.9299926757812,56199
2026-07-24 18:28:00+00:00,685.6500244140625,685.6500244140625,685.8499755859375,685.5800170898438,685.7899780273438,65388
2026-07-24 18:29:00+00:00,685.4849853515625,685.4849853515625,685.9199829101562,685.4500122070312,685.6599731445312,194143
2026-07-24 18:30:00+00:00,685.4199829101562,685.4199829101562,685.719970703125,685.3637084960938,685.5175170898438,90872
2026-07-24 18:31:00+00:00,684.9998779296875,684.9998779296875,685.4199829101562,684.9000854492188,685.4199829101562,255636
2026-07-24 18:32:00+00:00,685.0399780273438,685.0399780273438,685.22998046875,684.9299926757812,684.989990234375,108034
2026-07-24 18:33:00+00:00,684.739990234375,684.739990234375,685.25,684.655029296875,685.0599975585938,116814
2026-07-24 18:34:00+00:00,684.5700073242188,684.5700073242188,684.8699951171875,684.4400024414062,684.72998046875,111724
2026-07-24 18:35:00+00:00,684.4400024414062,684.4400024414062,684.6300048828125,684.1199951171875,684.5650024414062,290125
2026-07-24 18:36:00+00:00,684.6466064453125,684.6466064453125,685.1400146484375,684.4600219726562,684.4600219726562,165118
2026-07-24 18:37:00+00:00,684.5399780273438,684.5399780273438,684.8499755859375,684.5,684.6300048828125,86156
2026-07-24 18:38:00+00:00,684.8300170898438,684.8300170898438,684.9500122070312,684.4000244140625,684.530029296875,125025
2026-07-24 18:39:00+00:00,684.5,684.5,684.8499755859375,684.173583984375,684.8375244140625,135612
2026-07-24 18:40:00+00:00,684.0250244140625,684.0250244140625,684.5,684.010009765625,684.489990234375,83147
2026-07-24 18:41:00+00:00,683.8699951171875,683.8699951171875,684.219970703125,683.8099975585938,684.00830078125,109042
2026-07-24 18:42:00+00:00,684.030029296875,684.030029296875,684.0700073242188,683.6300048828125,683.8599853515625,103455
2026-07-24 18:43:00+00:00,684.2100219726562,684.2100219726562,684.3800048828125,683.989990234375,684.030029296875,130964
2026-07-24 18:44:00+00:00,684.0399780273438,684.0399780273438,684.3400268554688,684.0,684.1900024414062,173161
2026-07-24 18:45:00+00:00,684.72998046875,684.72998046875,684.760009765625,683.9000244140625,684.02001953125,103298
2026-07-24 18:46:00+00:00,684.8405151367188,684.8405151367188,685.260009765625,684.75,684.75,106258
2026-07-24 18:47:00+00:00,685.1199951171875,685.1199951171875,685.1699829101562,684.8001098632812,684.8599853515625,55769
2026-07-24 18:48:00+00:00,684.6699829101562,684.6699829101562,685.1799926757812,684.6400146484375,685.1099853515625,66012
2026-07-24 18:49:00+00:00,684.7100219726562,684.7100219726562,684.8400268554688,684.6300048828125,684.6699829101562,71122
2026-07-24 18:50:00+00:00,684.5098876953125,684.5098876953125,684.9600219726562,684.3300170898438,684.719970703125,137583
2026-07-24 18:51:00+00:00,684.8200073242188,684.8200073242188,685.0800170898438,684.489990234375,684.489990234375,81485
2026-07-24 18:52:00+00:00,684.989990234375,684.989990234375,685.0300903320312,684.719970703125,684.8300170898438,199229
2026-07-24 18:53:00+00:00,684.8499755859375,684.8499755859375,685.0549926757812,684.7100219726562,684.9998779296875,54160
2026-07-24 18:54:00+00:00,684.5700073242188,684.5700073242188,684.7994995117188,684.38720703125,684.780029296875,152581
2026-07-24 18:55:00+00:00,684.7857055664062,684.7857055664062,684.7857055664062,684.447021484375,684.52001953125,41157
2026-07-24 18:56:00+00:00,685.1300048828125,685.1300048828125,685.25,684.6400146484375,684.8099975585938,70066
2026-07-24 18:57:00+00:00,684.9600219726562,684.9600219726562,685.27001953125,684.9600219726562,685.0599975585938,597706
2026-07-24 18:58:00+00:00,684.6599731445312,684.6599731445312,685.02001953125,684.6337280273438,684.9299926757812,32196
2026-07-24 18:59:00+00:00,684.6798706054688,684.6798706054688,684.8699951171875,684.614990234375,684.6699829101562,205003
2026-07-24 19:00:00+00:00,684.6699829101562,684.6699829101562,684.97998046875,684.3800048828125,684.6400146484375,75543
2026-07-24 19:01:00+00:00,684.75,684.75,685.2969970703125,684.6099853515625,684.7329711914062,64598
2026-07-24 19:02:00+00:00,684.3099975585938,684.3099975585938,684.8699951171875,684.280029296875,684.8200073242188,35822
2026-07-24 19:03:00+00:00,684.3099975585938,684.3099975585938,684.4000244140625,684.1799926757812,684.285400390625,56949
2026-07-24 19:04:00+00:00,684.239990234375,684.239990234375,684.4500122070312,684.1599731445312,684.3300170898438,38915
2026-07-24 19:05:00+00:00,684.6199951171875,684.6199951171875,684.7100219726562,684.0399780273438,684.1900024414062,49392
2026-07-24 19:06:00+00:00,684.030029296875,684.030029296875,684.8599853515625,683.989990234375,684.625,83447
2026-07-24 19:07:00+00:00,683.1699829101562,683.1699829101562,684.0499877929688,683.1099853515625,684.0300903320312,184300
2026-07-24 19:08:00+00:00,683.1799926757812,683.1799926757812,683.3800048828125,683.0499877929688,683.1799926757812,83504
2026-07-24 19:09:00+00:00,682.8900146484375,682.8900146484375,683.2100219726562,682.8099975585938,683.1599731445312,141550
2026-07-24 19:10:00+00:00,682.780029296875,682.780029296875,683.0599975585938,682.7100219726562,682.8900146484375,118263
2026-07-24 19:11:00+00:00,682.8800048828125,682.8800048828125,682.9199829101562,682.677978515625,682.77001953125,125517
2026-07-24 19:12:00+00:00,683.0700073242188,683.0700073242188,683.5800170898438,682.8798217773438,682.8800048828125,130037
2026-07-24 19:13:00+00:00,683.0150146484375,683.0150146484375,683.1300048828125,682.8900146484375,683.0900268554688,75467
2026-07-24 19:14:00+00:00,682.6699829101562,682.6699829101562,683.0,682.6300048828125,683.0,305628
2026-07-24 19:15:00+00:00,682.6898803710938,682.6898803710938,682.8198852539062,682.52001953125,682.6710205078125,64358
2026-07-24 19:16:00+00:00,682.77001953125,682.77001953125,682.7999877929688,682.47998046875,682.6300048828125,81439
2026-07-24 19:17:00+00:00,682.8599853515625,682.8599853515625,683.1599731445312,682.7600708007812,682.7999877929688,56930
2026-07-24 19:18:00+00:00,682.9000244140625,682.9000244140625,683.0499877929688,682.7769165039062,682.9249877929688,47465
2026-07-24 19:19:00+00:00,683.1900024414062,683.1900024414062,683.2100219726562,682.8400268554688,682.9099731445312,85048
2026-07-24 19:20:00+00:00,683.1500244140625,683.1500244140625,683.25,682.8499755859375,683.1699829101562,116052
2026-07-24 19:21:00+00:00,683.3560180664062,683.3560180664062,683.4600219726562,683.0366821289062,683.14990234375,118500
2026-07-24 19:22:00+00:00,683.4000244140625,683.4000244140625,683.5349731445312,683.280029296875,683.326171875,90564
2026-07-24 19:23:00+00:00,683.280029296875,683.280029296875,683.4199829101562,683.119873046875,683.3699951171875,49824
2026-07-24 19:24:00+00:00,682.8699951171875,682.8699951171875,683.2999267578125,682.6300048828125,683.2100219726562,82389
2026-07-24 19:25:00+00:00,682.7999877929688,682.7999877929688,682.9400024414062,682.6599731445312,682.8800048828125,144554
2026-07-24 19:26:00+00:00,682.9249877929688,682.9249877929688,682.969970703125,682.719970703125,682.760009765625,80142
2026-07-24 19:27:00+00:00,683.2650146484375,683.2650146484375,683.4400024414062,682.9400024414062,682.9400024414062,74001
2026-07-24 19:28:00+00:00,683.5001220703125,683.5001220703125,683.530029296875,683.1300048828125,683.25,49956
2026-07-24 19:29:00+00:00,683.469970703125,683.469970703125,683.780029296875,683.3499755859375,683.5399780273438,160389
2026-07-24 19:30:00+00:00,683.530029296875,683.530029296875,683.8599853515625,683.4500122070312,683.47998046875,63694
2026-07-24 19:31:00+00:00,683.8800048828125,683.8800048828125,684.0,683.4600219726562,683.5800170898438,86253
2026-07-24 19:32:00+00:00,684.1599731445312,684.1599731445312,684.22998046875,683.857177734375,683.8699951171875,55770
2026-07-24 19:33:00+00:00,684.280029296875,684.280029296875,684.4199829101562,684.0599975585938,684.1500244140625,89359
2026-07-24 19:34:00+00:00,684.1699829101562,684.1699829101562,684.5499877929688,684.1699829101562,684.219970703125,62949
2026-07-24 19:35:00+00:00,684.469970703125,684.469970703125,684.625,683.989990234375,684.1599731445312,93567
2026-07-24 19:36:00+00:00,684.0800170898438,684.0800170898438,684.6500244140625,684.072509765625,684.4199829101562,81488
2026-07-24 19:37:00+00:00,684.4849853515625,684.4849853515625,684.6500244140625,684.0700073242188,684.0700073242188,153484
2026-07-24 19:38:00+00:00,684.5385131835938,684.5385131835938,684.6099853515625,684.27001953125,684.5,103174
2026-07-24 19:39:00+00:00,683.9400024414062,683.9400024414062,684.6599731445312,683.8200073242188,684.6199951171875,186765
2026-07-24 19:40:00+00:00,683.8900146484375,683.8900146484375,684.1699829101562,683.760009765625,683.9500122070312,138442
2026-07-24 19:41:00+00:00,683.5499877929688,683.5499877929688,683.8900146484375,683.4199829101562,683.8900146484375,143562
2026-07-24 19:42:00+00:00,683.4500122070312,683.4500122070312,683.6699829101562,683.3150024414062,683.5599975585938,330324
2026-07-24 19:43:00+00:00,683.6099853515625,683.6099853515625,683.6400146484375,683.1199951171875,683.469970703125,90057
2026-07-24 19:44:00+00:00,684.0,684.0,684.0,683.530029296875,683.5850219726562,89516
2026-07-24 19:45:00+00:00,683.52001953125,683.52001953125,684.1799926757812,683.4600219726562,684.0,124360
2026-07-24 19:46:00+00:00,683.5150146484375,683.5150146484375,683.5599975585938,683.3699951171875,683.489990234375,162680
2026-07-24 19:47:00+00:00,683.5900268554688,683.5900268554688,683.8300170898438,683.4199829101562,683.5,234071
2026-07-24 19:48:00+00:00,683.4199829101562,683.4199829101562,683.72998046875,683.3820190429688,683.5899047851562,99309
2026-07-24 19:49:00+00:00,684.0399169921875,684.0399169921875,684.0549926757812,683.2100219726562,683.4299926757812,340697
2026-07-24 19:50:00+00:00,683.0650024414062,683.0650024414062,684.260009765625,683.0499877929688,684.0399780273438,160383
2026-07-24 19:51:00+00:00,683.0999755859375,683.0999755859375,683.2297973632812,682.8300170898438,683.0650024414062,182977
2026-07-24 19:52:00+00:00,682.97998046875,682.97998046875,683.1300048828125,682.8599853515625,683.1099853515625,250820
2026-07-24 19:53:00+00:00,683.14501953125,683.14501953125,683.1807861328125,682.760009765625,682.989990234375,271490
2026-07-24 19:54:00+00:00,683.8900146484375,683.8900146484375,684.0650024414062,683.0399780273438,683.1400146484375,305379
2026-07-24 19:55:00+00:00,683.3599853515625,683.3599853515625,684.0999755859375,683.3599853515625,683.9199829101562,248267
2026-07-24 19:56:00+00:00,683.6199951171875,683.6199951171875,683.6799926757812,683.3400268554688,683.3599853515625,275849
2026-07-24 19:57:00+00:00,683.9099731445312,683.9099731445312,683.9650268554688,683.5700073242188,683.5999755859375,237729
2026-07-24 19:58:00+00:00,683.8400268554688,683.8400268554688,683.97998046875,683.8099975585938,683.8699951171875,291182
2026-07-24 19:59:00+00:00,684.219970703125,684.219970703125,684.510009765625,683.4199829101562,683.8400268554688,743366
