Price,Adj Close,Close,High,Low,Open,Volume
Ticker,INFY.NS,INFY.NS,INFY.NS,INFY.NS,INFY.NS,INFY.NS
Datetime,,,,,,
2026-07-17 03:45:00+00:00,1113.800048828125,1113.800048828125,1114.0999755859375,1104.199951171875,1104.199951171875,0
2026-07-17 03:46:00+00:00,1113.0,1113.0,1116.0,1109.0,1113.5,356597
2026-07-17 03:47:00+00:00,1112.699951171875,1112.699951171875,1114.0999755859375,1112.0,1112.0,165892
2026-07-17 03:48:00+00:00,1111.5,1111.5,1112.800048828125,1111.5,1112.699951171875,141079
2026-07-17 03:49:00+00:00,1110.9000244140625,1110.9000244140625,1112.199951171875,1110.199951171875,1111.5999755859375,141831
2026-07-17 03:50:00+00:00,1110.9000244140625,1110.9000244140625,1112.0999755859375,1110.800048828125,1111.5,81991
2026-07-17 03:51:00+00:00,1109.199951171875,1109.199951171875,1110.9000244140625,1108.5,1110.9000244140625,207502
2026-07-17 03:52:00+00:00,1108.199951171875,1108.199951171875,1109.4000244140625,1107.5,1109.0,143650
2026-07-17 03:53:00+00:00,1108.5,1108.5,1109.4000244140625,1108.0,1108.5,63621
2026-07-17 03:54:00+00:00,1110.9000244140625,1110.9000244140625,1112.300048828125,1108.800048828125,1108.800048828125,110469
2026-07-17 03:55:00+00:00,1108.199951171875,1108.199951171875,1112.300048828125,1108.199951171875,1111.5,94502
2026-07-17 03:56:00+00:00,1105.5999755859375,1105.5999755859375,1108.5999755859375,1105.5,1108.5,193458
2026-07-17 03:57:00+00:00,1104.300048828125,1104.300048828125,1106.5999755859375,1104.300048828125,1106.300048828125,98636
2026-07-17 03:58:00+00:00,1106.5,1106.5,1106.9000244140625,1104.199951171875,1104.5,44632
2026-07-17 03:59:00+00:00,1105.0,1105.0,1106.800048828125,1104.699951171875,1106.5999755859375,44307
2026-07-17 04:00:00+00:00,1103.0,1103.0,1105.0999755859375,1102.800048828125,1105.0,110344
2026-07-17 04:01:00+00:00,1102.0999755859375,1102.0999755859375,1103.5,1102.0999755859375,1103.0,38125
2026-07-17 04:02:00+00:00,1101.800048828125,1101.800048828125,1103.0,1101.5,1102.300048828125,37430
2026-07-17 04:03:00+00:00,1102.300048828125,1102.300048828125,1102.5999755859375,1100.5999755859375,1101.800048828125,44766
2026-07-17 04:04:00+00:00,1101.9000244140625,1101.9000244140625,1103.0,1101.5,1102.5999755859375,37026
2026-07-17 04:05:00+00:00,1103.800048828125,1103.800048828125,1104.5,1101.4000244140625,1102.0,88992
2026-07-17 04:06:00+00:00,1106.4000244140625,1106.4000244140625,1106.699951171875,1104.4000244140625,1104.4000244140625,70305
2026-07-17 04:07:00+00:00,1108.5999755859375,1108.5999755859375,1109.300048828125,1106.4000244140625,1106.5999755859375,67486
2026-07-17 04:08:00+00:00,1107.5,1107.5,1108.300048828125,1106.699951171875,1108.300048828125,47336
2026-07-17 04:09:00+00:00,1104.300048828125,1104.300048828125,1107.5,1104.0,1107.5,49122
2026-07-17 04:10:00+00:00,1105.0,1105.0,1105.5,1104.199951171875,1104.300048828125,27521
2026-07-17 04:11:00+00:00,1105.300048828125,1105.300048828125,1105.9000244140625,1104.800048828125,1105.0,39168
2026-07-17 04:12:00+00:00,1104.5,1104.5,1105.800048828125,1104.4000244140625,1105.199951171875,29689
2026-07-17 04:13:00+00:00,1105.0,1105.0,1105.4000244140625,1104.5,1104.5,104346
2026-07-17 04:14:00+00:00,1103.9000244140625,1103.9000244140625,1105.0999755859375,1103.699951171875,1105.0,47290
2026-07-17 04:15:00+00:00,1103.0,1103.0,1104.5,1102.699951171875,1104.5,26166
2026-07-17 04:16:00+00:00,1101.300048828125,1101.300048828125,1103.0,1101.199951171875,1102.699951171875,34638
2026-07-17 04:17:00+00:00,1099.5,1099.5,1101.699951171875,1099.5,1101.699951171875,192091
2026-07-17 04:18:00+00:00,1099.0,1099.0,1099.800048828125,1098.5,1099.199951171875,45049
2026-07-17 04:19:00+00:00,1098.0999755859375,1098.0999755859375,1100.199951171875,1097.5,1098.800048828125,111248
2026-07-17 04:20:00+00:00,1099.300048828125,1099.300048828125,1099.800048828125,1098.0,1098.0,27928
2026-07-17 04:21:00+00:00,1099.4000244140625,1099.4000244140625,1099.9000244140625,1098.800048828125,1099.4000244140625,41378
2026-07-17 04:22:00+00:00,1099.9000244140625,1099.9000244140625,1100.300048828125,1099.4000244140625,1099.699951171875,14995
2026-07-17 04:23:00+00:00,1099.800048828125,1099.800048828125,1100.699951171875,1099.5999755859375,1100.0,25923
2026-07-17 04:24:00+00:00,1101.9000244140625,1101.9000244140625,1102.0,1099.5,1099.800048828125,47733
2026-07-17 04:25:00+00:00,1102.699951171875,1102.699951171875,1103.4000244140625,1101.5,1101.800048828125,394944
2026-07-17 04:26:00+00:00,1102.5,1102.5,1104.300048828125,1102.5,1102.800048828125,45758
2026-07-17 04:27:00+00:00,1101.300048828125,1101.300048828125,1103.0999755859375,1101.199951171875,1102.699951171875,31834
2026-07-17 04:28:00+00:00,1098.699951171875,1098.699951171875,1101.0999755859375,1098.699951171875,1101.0,46447
2026-07-17 04:29:00+00:00,1099.9000244140625,1099.9000244140625,1100.0,1098.800048828125,1098.800048828125,25885
2026-07-17 04:30:00+00:00,1099.0,1099.0,1100.0,1099.0,1099.4000244140625,17578
2026-07-17 04:31:00+00:00,1099.199951171875,1099.199951171875,1099.800048828125,1098.800048828125,1099.300048828125,16383
2026-07-17 04:32:00+00:00,1099.199951171875,1099.199951171875,1099.5999755859375,1099.0,1099.199951171875,7967
2026-07-17 04:33:00+00:00,1098.9000244140625,1098.9000244140625,1099.699951171875,1098.800048828125,1099.4000244140625,10140
2026-07-17 04:34:00+00:00,1098.5,1098.5,1099.4000244140625,1098.199951171875,1099.0,13201
2026-07-17 04:35:00+00:00,1099.4000244140625,1099.4000244140625,1099.4000244140625,1098.5,1099.0,8893
2026-07-17 04:36:00+00:00,1099.5,1099.5,1099.699951171875,1099.0999755859375,1099.4000244140625,8795
2026-07-17 04:37:00+00:00,1098.300048828125,1098.300048828125,1099.300048828125,1098.0999755859375,1099.300048828125,28751
2026-07-17 04:38:00+00:00,1098.5,1098.5,1099.0,1098.0,1098.4000244140625,18624
2026-07-17 04:39:00+00:00,1100.9000244140625,1100.9000244140625,1101.4000244140625,1098.5,1098.5,44785
2026-07-17 04:40:00+00:00,1101.5999755859375,1101.5999755859375,1102.0,1100.9000244140625,1101.199951171875,196691
2026-07-17 04:41:00+00:00,1101.800048828125,1101.800048828125,1102.0,1101.300048828125,1101.5999755859375,24255
2026-07-17 04:42:00+00:00,1102.0,1102.0,1102.0,1101.5999755859375,1101.800048828125,35820
2026-07-17 04:43:00+00:00,1101.300048828125,1101.300048828125,1102.0,1101.199951171875,1102.0,16056
2026-07-17 04:44:00+00:00,1101.300048828125,1101.300048828125,1101.5999755859375,1100.5999755859375,1101.300048828125,17067
2026-07-17 04:45:00+00:00,1101.0,1101.0,1101.5,1100.5999755859375,1101.199951171875,12194
2026-07-17 04:46:00+00:00,1099.9000244140625,1099.9000244140625,1101.0,1099.4000244140625,1101.0,25339
2026-07-17 04:47:00+00:00,1100.4000244140625,1100.4000244140625,1100.699951171875,1099.4000244140625,1099.9000244140625,9808
2026-07-17 04:48:00+00:00,1101.5,1101.5,1101.5,1099.9000244140625,1100.4000244140625,12934
2026-07-17 04:49:00+00:00,1101.0,1101.0,1101.4000244140625,1100.699951171875,1101.0999755859375,13904
2026-07-17 04:50:00+00:00,1101.0,1101.0,1101.5,1100.699951171875,1100.800048828125,17123
2026-07-17 04:51:00+00:00,1101.4000244140625,1101.4000244140625,1101.9000244140625,1100.9000244140625,1101.199951171875,9977
2026-07-17 04:52:00+00:00,1101.5,1101.5,1101.9000244140625,1101.199951171875,1101.5,11687
2026-07-17 04:53:00+00:00,1100.9000244140625,1100.9000244140625,1101.4000244140625,1100.699951171875,1101.300048828125,11856
2026-07-17 04:54:00+00:00,1100.199951171875,1100.199951171875,1100.800048828125,1100.0,1100.800048828125,14263
2026-07-17 04:55:00+00:00,1100.4000244140625,1100.4000244140625,1101.0,1100.0999755859375,1100.0999755859375,17611
2026-07-17 04:56:00+00:00,1099.800048828125,1099.800048828125,1100.9000244140625,1099.0,1100.5,20345
2026-07-17 04:57:00+00:00,1098.699951171875,1098.699951171875,1100.0,1098.699951171875,1099.4000244140625,13776
2026-07-17 04:58:00+00:00,1098.300048828125,1098.300048828125,1099.0999755859375,1097.5999755859375,1099.0,37022
2026-07-17 04:59:00+00:00,1098.300048828125,1098.300048828125,1098.5,1096.5,1098.300048828125,73737
2026-07-17 05:00:00+00:00,1099.5999755859375,1099.5999755859375,1100.4000244140625,1098.300048828125,1098.5,62353
2026-07-17 05:01:00+00:00,1098.699951171875,1098.699951171875,1099.9000244140625,1098.4000244140625,1099.5,21745
2026-07-17 05:02:00+00:00,1099.4000244140625,1099.4000244140625,1099.5,1098.9000244140625,1099.0,8983
2026-07-17 05:03:00+00:00,1099.300048828125,1099.300048828125,1099.5999755859375,1099.199951171875,1099.4000244140625,11973
2026-07-17 05:04:00+00:00,1099.0999755859375,1099.0999755859375,1099.5,1099.0,1099.300048828125,6053
2026-07-17 05:05:00+00:00,1099.5999755859375,1099.5999755859375,1099.9000244140625,1099.300048828125,1099.300048828125,10859
2026-07-17 05:06:00+00:00,1100.4000244140625,1100.4000244140625,1100.4000244140625,1099.300048828125,1099.5999755859375,7244
2026-07-17 05:07:00+00:00,1100.699951171875,1100.699951171875,1100.9000244140625,1100.0,1100.4000244140625,4920
2026-07-17 05:08:00+00:00,1100.5999755859375,1100.5999755859375,1100.800048828125,1099.800048828125,1100.800048828125,20723
2026-07-17 05:09:00+00:00,1100.199951171875,1100.199951171875,1100.5999755859375,1099.699951171875,1100.0999755859375,7368
2026-07-17 05:10:00+00:00,1098.800048828125,1098.800048828125,1100.0999755859375,1098.0999755859375,1099.5999755859375,18419
2026-07-17 05:11:00+00:00,1099.300048828125,1099.300048828125,1099.699951171875,1098.5,1098.800048828125,8767
2026-07-17 05:12:00+00:00,1099.0999755859375,1099.0999755859375,1099.5999755859375,1098.9000244140625,1099.5,3295
2026-07-17 05:13:00+00:00,1098.800048828125,1098.800048828125,1099.199951171875,1098.800048828125,1099.0999755859375,6496
2026-07-17 05:14:00+00:00,1098.5999755859375,1098.5999755859375,1098.5999755859375,1097.699951171875,1098.199951171875,16736
2026-07-17 05:15:00+00:00,1098.199951171875,1098.199951171875,1098.199951171875,1097.5999755859375,1098.0999755859375,10852
2026-07-17 05:16:00+00:00,1097.300048828125,1097.300048828125,1098.4000244140625,1097.199951171875,1098.4000244140625,20892
2026-07-17 05:17:00+00:00,1098.5,1098.5,1098.800048828125,1097.4000244140625,1097.4000244140625,10126
2026-07-17 05:18:00+00:00,1098.9000244140625,1098.9000244140625,1099.199951171875,1098.300048828125,1098.699951171875,18973
2026-07-17 05:19:00+00:00,1099.0,1099.0,1099.5999755859375,1098.9000244140625,1098.9000244140625,7871
2026-07-17 05:20:00+00:00,1098.699951171875,1098.699951171875,1099.5,1098.699951171875,1098.699951171875,7170
2026-07-17 05:21:00+00:00,1098.9000244140625,1098.9000244140625,1099.0999755859375,1098.5,1098.9000244140625,6871
2026-07-17 05:22:00+00:00,1098.9000244140625,1098.9000244140625,1099.199951171875,1098.699951171875,1098.9000244140625,6331
2026-07-17 05:23:00+00:00,1098.0999755859375,1098.0999755859375,1099.0,1098.0999755859375,1099.0,6586
2026-07-17 05:24:00+00:00,1098.199951171875,1098.199951171875,1098.699951171875,1097.9000244140625,1098.199951171875,19596
2026-07-17 05:25:00+00:00,1098.0,1098.0,1098.5999755859375,1097.5,1098.0,14237
2026-07-17 05:26:00+00:00,1096.9000244140625,1096.9000244140625,1098.0,1096.800048828125,1098.0,26822
2026-07-17 05:27:00+00:00,1098.0,1098.0,1098.0999755859375,1096.0999755859375,1096.9000244140625,70695
2026-07-17 05:28:00+00:00,1099.0,1099.0,1099.0,1098.0999755859375,1098.0999755859375,47251
2026-07-17 05:29:00+00:00,1098.800048828125,1098.800048828125,1099.4000244140625,1098.300048828125,1099.0,20197
2026-07-17 05:30:00+00:00,1099.0,1099.0,1099.0999755859375,1098.300048828125,1098.699951171875,7522
2026-07-17 05:31:00+00:00,1098.699951171875,1098.699951171875,1099.199951171875,1098.4000244140625,1098.9000244140625,3665
2026-07-17 05:32:00+00:00,1098.0999755859375,1098.0999755859375,1098.699951171875,1098.0999755859375,1098.699951171875,9814
2026-07-17 05:33:00+00:00,1099.699951171875,1099.699951171875,1099.9000244140625,1098.0999755859375,1098.0999755859375,8913
2026-07-17 05:34:00+00:00,1099.9000244140625,1099.9000244140625,1100.0,1099.5,1099.800048828125,8729
2026-07-17 05:35:00+00:00,1099.5,1099.5,1099.9000244140625,1099.5,1099.9000244140625,2932
2026-07-17 05:36:00+00:00,1098.5999755859375,1098.5999755859375,1099.699951171875,1098.5999755859375,1099.5,8918
2026-07-17 05:37:00+00:00,1098.4000244140625,1098.4000244140625,1098.800048828125,1098.300048828125,1098.800048828125,11284
2026-07-17 05:38:00+00:00,1098.0,1098.0,1099.0,1097.800048828125,1098.4000244140625,21317
2026-07-17 05:39:00+00:00,1096.800048828125,1096.800048828125,1098.0,1096.5,1098.0,20821
2026-07-17 05:40:00+00:00,1096.800048828125,1096.800048828125,1097.699951171875,1096.699951171875,1096.9000244140625,26695
2026-07-17 05:41:00+00:00,1096.5,1096.5,1097.0999755859375,1096.5,1096.9000244140625,14661
2026-07-17 05:42:00+00:00,1096.5999755859375,1096.5999755859375,1096.5999755859375,1096.300048828125,1096.4000244140625,16069
2026-07-17 05:43:00+00:00,1095.300048828125,1095.300048828125,1096.699951171875,1095.300048828125,1096.699951171875,48699
2026-07-17 05:44:00+00:00,1096.5,1096.5,1096.800048828125,1095.199951171875,1095.199951171875,27915
2026-07-17 05:45:00+00:00,1096.5999755859375,1096.5999755859375,1097.199951171875,1096.199951171875,1096.5999755859375,10978
2026-07-17 05:46:00+00:00,1096.4000244140625,1096.4000244140625,1097.0,1096.199951171875,1096.5999755859375,6924
2026-07-17 05:47:00+00:00,1097.5999755859375,1097.5999755859375,1097.699951171875,1096.199951171875,1096.199951171875,17406
2026-07-17 05:48:00+00:00,1097.800048828125,1097.800048828125,1098.4000244140625,1097.5999755859375,1098.0,4293
2026-07-17 05:49:00+00:00,1098.5999755859375,1098.5999755859375,1098.5999755859375,1097.4000244140625,1098.0,12428
2026-07-17 05:50:00+00:00,1099.300048828125,1099.300048828125,1099.4000244140625,1098.300048828125,1098.800048828125,8301
2026-07-17 05:51:00+00:00,1098.300048828125,1098.300048828125,1099.300048828125,1098.0999755859375,1099.0,84002
2026-07-17 05:52:00+00:00,1098.300048828125,1098.300048828125,1098.800048828125,1097.800048828125,1098.4000244140625,6809
2026-07-17 05:53:00+00:00,1098.0,1098.0,1098.699951171875,1097.4000244140625,1098.699951171875,6423
2026-07-17 05:54:00+00:00,1097.5,1097.5,1098.0,1097.199951171875,1097.5,4926
2026-07-17 05:55:00+00:00,1096.9000244140625,1096.9000244140625,1097.5,1096.699951171875,1097.199951171875,15724
2026-07-17 05:56:00+00:00,1096.800048828125,1096.800048828125,1097.5,1096.5999755859375,1097.5,9097
2026-07-17 05:57:00+00:00,1096.300048828125,1096.300048828125,1097.0,1096.300048828125,1096.800048828125,9351
2026-07-17 05:58:00+00:00,1096.0999755859375,1096.0999755859375,1096.800048828125,1095.5,1096.5999755859375,14567
2026-07-17 05:59:00+00:00,1096.0999755859375,1096.0999755859375,1096.5,1095.5,1096.300048828125,5759
2026-07-17 06:00:00+00:00,1096.4000244140625,1096.4000244140625,1096.5,1095.699951171875,1095.699951171875,9483
2026-07-17 06:01:00+00:00,1097.0,1097.0,1097.199951171875,1096.300048828125,1096.5,5677
2026-07-17 06:02:00+00:00,1097.9000244140625,1097.9000244140625,1098.0,1097.0,1097.0,7786
2026-07-17 06:03:00+00:00,1097.9000244140625,1097.9000244140625,1098.300048828125,1097.800048828125,1097.9000244140625,12736
2026-07-17 06:04:00+00:00,1098.0999755859375,1098.0999755859375,1098.199951171875,1097.9000244140625,1098.0,5136
2026-07-17 06:05:00+00:00,1098.4000244140625,1098.4000244140625,1098.4000244140625,1098.0,1098.0999755859375,6961
2026-07-17 06:06:00+00:00,1098.800048828125,1098.800048828125,1099.5,1098.4000244140625,1098.5999755859375,20160
2026-07-17 06:07:00+00:00,1099.300048828125,1099.300048828125,1099.9000244140625,1098.9000244140625,1098.9000244140625,11945
2026-07-17 06:08:00+00:00,1098.9000244140625,1098.9000244140625,1099.5,1098.4000244140625,1099.300048828125,11413
2026-07-17 06:09:00+00:00,1098.9000244140625,1098.9000244140625,1098.9000244140625,1098.4000244140625,1098.9000244140625,4874
2026-07-17 06:10:00+00:00,1099.4000244140625,1099.4000244140625,1099.4000244140625,1099.0,1099.0,4012
2026-07-17 06:11:00+00:00,1099.0999755859375,1099.0999755859375,1099.699951171875,1098.699951171875,1099.5,8107
2026-07-17 06:12:00+00:00,1098.9000244140625,1098.9000244140625,1099.699951171875,1098.800048828125,1099.5,8580
2026-07-17 06:13:00+00:00,1099.0,1099.0,1099.0999755859375,1098.5999755859375,1098.800048828125,5067
2026-07-17 06:14:00+00:00,1098.5,1098.5,1099.4000244140625,1098.4000244140625,1099.0999755859375,10526
2026-07-17 06:15:00+00:00,1098.4000244140625,1098.4000244140625,1098.800048828125,1098.300048828125,1098.699951171875,6781
2026-07-17 06:16:00+00:00,1098.0,1098.0,1098.5,1097.5999755859375,1098.300048828125,4582
2026-07-17 06:17:00+00:00,1098.0,1098.0,1098.4000244140625,1097.800048828125,1098.0,6827
2026-07-17 06:18:00+00:00,1098.4000244140625,1098.4000244140625,1098.4000244140625,1097.199951171875,1098.0,12150
2026-07-17 06:19:00+00:00,1098.800048828125,1098.800048828125,1099.0,1098.4000244140625,1098.4000244140625,9740
2026-07-17 06:20:00+00:00,1098.699951171875,1098.699951171875,1099.199951171875,1098.5,1098.9000244140625,5191
2026-07-17 06:21:00+00:00,1098.9000244140625,1098.9000244140625,1099.300048828125,1098.699951171875,1099.199951171875,5176
2026-07-17 06:22:00+00:00,1098.9000244140625,1098.9000244140625,1099.300048828125,1098.800048828125,1098.9000244140625,5842
2026-07-17 06:23:00+00:00,1099.0,1099.0,1099.4000244140625,1098.9000244140625,1099.0,5914
2026-07-17 06:24:00+00:00,1099.0999755859375,1099.0999755859375,1099.199951171875,1098.9000244140625,1099.0,11721
2026-07-17 06:25:00+00:00,1098.199951171875,1098.199951171875,1099.0999755859375,1098.199951171875,1099.0999755859375,4870
2026-07-17 06:26:00+00:00,1098.800048828125,1098.800048828125,1099.0,1098.0,1098.5,8117
2026-07-17 06:27:00+00:00,1097.9000244140625,1097.9000244140625,1099.0,1097.9000244140625,1098.800048828125,10334
2026-07-17 06:28:00+00:00,1097.199951171875,1097.199951171875,1098.0,1097.0999755859375,1097.9000244140625,18801
2026-07-17 06:29:00+00:00,1098.4000244140625,1098.4000244140625,1098.4000244140625,1097.0999755859375,1097.4000244140625,10594
2026-07-17 06:30:00+00:00,1097.5,1097.5,1098.5,1097.0999755859375,1098.199951171875,13800
2026-07-17 06:31:00+00:00,1097.5,1097.5,1098.0,1096.9000244140625,1097.300048828125,7872
2026-07-17 06:32:00+00:00,1097.800048828125,1097.800048828125,1097.800048828125,1096.699951171875,1097.4000244140625,14958
2026-07-17 06:33:00+00:00,1098.199951171875,1098.199951171875,1098.5,1097.5,1097.5999755859375,4342
2026-07-17 06:34:00+00:00,1098.0,1098.0,1098.5999755859375,1097.9000244140625,1098.5,7439
2026-07-17 06:35:00+00:00,1099.0999755859375,1099.0999755859375,1099.300048828125,1097.9000244140625,1098.0999755859375,10885
2026-07-17 06:36:00+00:00,1099.199951171875,1099.199951171875,1099.5999755859375,1099.0,1099.199951171875,9620
2026-07-17 06:37:00+00:00,1100.5,1100.5,1100.5,1099.300048828125,1099.300048828125,135339
2026-07-17 06:38:00+00:00,1101.9000244140625,1101.9000244140625,1101.9000244140625,1100.300048828125,1100.300048828125,32608
2026-07-17 06:39:00+00:00,1101.5,1101.5,1101.9000244140625,1101.199951171875,1101.9000244140625,25256
2026-07-17 06:40:00+00:00,1100.4000244140625,1100.4000244140625,1101.800048828125,1100.0999755859375,1101.5999755859375,27249
2026-07-17 06:41:00+00:00,1100.300048828125,1100.300048828125,1100.5999755859375,1099.699951171875,1100.5,15177
2026-07-17 06:42:00+00:00,1099.5999755859375,1099.5999755859375,1100.0999755859375,1099.300048828125,1100.0,25289
2026-07-17 06:43:00+00:00,1099.0999755859375,1099.0999755859375,1099.5999755859375,1098.5,1099.5999755859375,10450
2026-07-17 06:44:00+00:00,1099.300048828125,1099.300048828125,1099.699951171875,1098.800048828125,1099.199951171875,11369
2026-07-17 06:45:00+00:00,1099.5,1099.5,1099.5,1099.0,1099.4000244140625,6312
2026-07-17 06:46:00+00:00,1099.0999755859375,1099.0999755859375,1099.5,1099.0999755859375,1099.300048828125,8064
2026-07-17 06:47:00+00:00,1099.0,1099.0,1099.199951171875,1099.0,1099.199951171875,6478
2026-07-17 06:48:00+00:00,1099.5999755859375,1099.5999755859375,1099.800048828125,1099.0,1099.199951171875,13425
2026-07-17 06:49:00+00:00,1099.5,1099.5,1100.0,1099.4000244140625,1099.5999755859375,19127
2026-07-17 06:50:00+00:00,1099.699951171875,1099.699951171875,1099.9000244140625,1099.300048828125,1099.5,12820
2026-07-17 06:51:00+00:00,1101.0,1101.0,1101.0,1099.4000244140625,1099.5999755859375,42158
2026-07-17 06:52:00+00:00,1100.699951171875,1100.699951171875,1101.0,1100.5999755859375,1100.9000244140625,19677
2026-07-17 06:53:00+00:00,1100.800048828125,1100.800048828125,1101.0,1100.5,1100.9000244140625,13466
2026-07-17 06:54:00+00:00,1101.800048828125,1101.800048828125,1101.800048828125,1100.300048828125,1100.699951171875,12619
2026-07-17 06:55:00+00:00,1101.9000244140625,1101.9000244140625,1102.0,1101.5,1101.5,64544
2026-07-17 06:56:00+00:00,1100.699951171875,1100.699951171875,1102.0,1100.699951171875,1102.0,29660
2026-07-17 06:57:00+00:00,1101.4000244140625,1101.4000244140625,1101.4000244140625,1100.5,1100.9000244140625,31917
2026-07-17 06:58:00+00:00,1101.199951171875,1101.199951171875,1101.9000244140625,1101.199951171875,1101.5,11210
2026-07-17 06:59:00+00:00,1101.300048828125,1101.300048828125,1101.699951171875,1101.300048828125,1101.5,5561
2026-07-17 07:00:00+00:00,1101.300048828125,1101.300048828125,1101.5,1101.300048828125,1101.300048828125,9992
2026-07-17 07:01:00+00:00,1102.0999755859375,1102.0999755859375,1102.4000244140625,1101.300048828125,1101.300048828125,32869
2026-07-17 07:02:00+00:00,1102.5999755859375,1102.5999755859375,1102.800048828125,1101.9000244140625,1102.0,14766
2026-07-17 07:03:00+00:00,1102.4000244140625,1102.4000244140625,1102.800048828125,1102.0,1102.5,24781
2026-07-17 07:04:00+00:00,1102.300048828125,1102.300048828125,1102.699951171875,1102.0999755859375,1102.4000244140625,17542
2026-07-17 07:05:00+00:00,1102.699951171875,1102.699951171875,1102.800048828125,1102.0999755859375,1102.199951171875,14677
2026-07-17 07:06:00+00:00,1102.699951171875,1102.699951171875,1102.9000244140625,1102.5999755859375,1102.800048828125,9946
2026-07-17 07:07:00+00:00,1102.699951171875,1102.699951171875,1102.9000244140625,1102.699951171875,1102.699951171875,6094
2026-07-17 07:08:00+00:00,1102.0,1102.0,1102.800048828125,1102.0,1102.699951171875,25050
2026-07-17 07:09:00+00:00,1101.4000244140625,1101.4000244140625,1102.0,1101.199951171875,1102.0,20573
2026-07-17 07:10:00+00:00,1101.4000244140625,1101.4000244140625,1101.5999755859375,1100.699951171875,1101.300048828125,20936
2026-07-17 07:11:00+00:00,1101.0,1101.0,1101.4000244140625,1100.5999755859375,1101.4000244140625,19096
2026-07-17 07:12:00+00:00,1102.0,1102.0,1102.0,1101.0999755859375,1101.199951171875,15130
2026-07-17 07:13:00+00:00,1102.0999755859375,1102.0999755859375,1102.4000244140625,1101.4000244140625,1102.0,100184
2026-07-17 07:14:00+00:00,1102.0999755859375,1102.0999755859375,1102.5999755859375,1102.0,1102.5,13945
2026-07-17 07:15:00+00:00,1102.0,1102.0,1102.4000244140625,1101.9000244140625,1102.199951171875,8874
2026-07-17 07:16:00+00:00,1102.0999755859375,1102.0999755859375,1102.5,1101.9000244140625,1102.300048828125,5589
2026-07-17 07:17:00+00:00,1102.5999755859375,1102.5999755859375,1102.9000244140625,1102.199951171875,1102.199951171875,16220
2026-07-17 07:18:00+00:00,1102.5,1102.5,1102.699951171875,1101.9000244140625,1102.5999755859375,16609
2026-07-17 07:19:00+00:00,1102.0,1102.0,1103.0,1101.9000244140625,1102.5,20560
2026-07-17 07:20:00+00:00,1101.9000244140625,1101.9000244140625,1102.300048828125,1101.9000244140625,1102.300048828125,6472
2026-07-17 07:21:00+00:00,1101.9000244140625,1101.9000244140625,1102.199951171875,1101.699951171875,1102.0999755859375,23075
2026-07-17 07:22:00+00:00,1101.699951171875,1101.699951171875,1102.5,1101.0999755859375,1102.0,26377
2026-07-17 07:23:00+00:00,1100.0,1100.0,1102.0999755859375,1099.699951171875,1101.300048828125,31224
2026-07-17 07:24:00+00:00,1101.0,1101.0,1101.0999755859375,1099.699951171875,1099.9000244140625,15512
2026-07-17 07:25:00+00:00,1100.4000244140625,1100.4000244140625,1101.0,1100.0,1101.0,23508
2026-07-17 07:26:00+00:00,1101.0,1101.0,1101.199951171875,1100.4000244140625,1100.4000244140625,12787
2026-07-17 07:27:00+00:00,1101.699951171875,1101.699951171875,1101.9000244140625,1101.0,1101.0,25605
2026-07-17 07:28:00+00:00,1102.4000244140625,1102.4000244140625,1102.4000244140625,1101.5999755859375,1101.800048828125,12206
2026-07-17 07:29:00+00:00,1102.699951171875,1102.699951171875,1102.699951171875,1102.0999755859375,1102.0999755859375,13894
2026-07-17 07:30:00+00:00,1102.4000244140625,1102.4000244140625,1102.699951171875,1102.300048828125,1102.699951171875,10424
2026-07-17 07:31:00+00:00,1102.4000244140625,1102.4000244140625,1102.699951171875,1102.300048828125,1102.5,13990
2026-07-17 07:32:00+00:00,1102.0999755859375,1102.0999755859375,1102.699951171875,1102.0999755859375,1102.4000244140625,13826
2026-07-17 07:33:00+00:00,1102.0,1102.0,1102.4000244140625,1102.0,1102.199951171875,11055
2026-07-17 07:34:00+00:00,1102.699951171875,1102.699951171875,1102.9000244140625,1102.0,1102.0,12977
2026-07-17 07:35:00+00:00,1102.5999755859375,1102.5999755859375,1102.800048828125,1102.300048828125,1102.800048828125,13185
2026-07-17 07:36:00+00:00,1102.699951171875,1102.699951171875,1102.800048828125,1102.5999755859375,1102.699951171875,5956
2026-07-17 07:37:00+00:00,1102.0999755859375,1102.0999755859375,1102.9000244140625,1102.0999755859375,1102.699951171875,22781
2026-07-17 07:38:00+00:00,1101.699951171875,1101.699951171875,1102.5,1101.4000244140625,1102.0999755859375,14325
2026-07-17 07:39:00+00:00,1101.699951171875,1101.699951171875,1102.199951171875,1101.5,1102.0,14412
2026-07-17 07:40:00+00:00,1101.5,1101.5,1101.800048828125,1101.4000244140625,1101.800048828125,9716
2026-07-17 07:41:00+00:00,1101.9000244140625,1101.9000244140625,1102.0,1101.5999755859375,1101.5999755859375,6495
2026-07-17 07:42:00+00:00,1102.0,1102.0,1102.5,1101.9000244140625,1101.9000244140625,16986
2026-07-17 07:43:00+00:00,1102.0,1102.0,1102.199951171875,1101.699951171875,1102.0,10473
2026-07-17 07:44:00+00:00,1101.9000244140625,1101.9000244140625,1102.4000244140625,1101.9000244140625,1101.9000244140625,12677
2026-07-17 07:45:00+00:00,1101.4000244140625,1101.4000244140625,1102.0,1101.4000244140625,1101.9000244140625,16968
2026-07-17 07:46:00+00:00,1101.199951171875,1101.199951171875,1101.699951171875,1100.9000244140625,1101.699951171875,25897
2026-07-17 07:47:00+00:00,1101.699951171875,1101.699951171875,1101.9000244140625,1101.199951171875,1101.300048828125,7289
2026-07-17 07:48:00+00:00,1101.5999755859375,1101.5999755859375,1101.9000244140625,1101.4000244140625,1101.9000244140625,9968
2026-07-17 07:49:00+00:00,1101.800048828125,1101.800048828125,1102.0,1101.5999755859375,1101.699951171875,15287
2026-07-17 07:50:00+00:00,1102.0,1102.0,1102.4000244140625,1101.800048828125,1102.0,19694
2026-07-17 07:51:00+00:00,1102.0999755859375,1102.0999755859375,1102.5,1101.800048828125,1101.9000244140625,18542
2026-07-17 07:52:00+00:00,1102.0,1102.0,1102.199951171875,1101.0999755859375,1102.0999755859375,73030
2026-07-17 07:53:00+00:00,1101.199951171875,1101.199951171875,1102.5,1100.0999755859375,1102.0,23308
2026-07-17 07:54:00+00:00,1102.0,1102.0,1102.199951171875,1101.199951171875,1101.5,17891
2026-07-17 07:55:00+00:00,1102.4000244140625,1102.4000244140625,1102.4000244140625,1101.699951171875,1101.9000244140625,17425
2026-07-17 07:56:00+00:00,1102.5999755859375,1102.5999755859375,1102.9000244140625,1102.4000244140625,1102.4000244140625,40807
2026-07-17 07:57:00+00:00,1102.0,1102.0,1102.5999755859375,1101.9000244140625,1102.5,34647
2026-07-17 07:58:00+00:00,1101.0999755859375,1101.0999755859375,1102.0999755859375,1100.699951171875,1102.0,28601
2026-07-17 07:59:00+00:00,1101.5,1101.5,1102.0,1101.0,1101.0,17524
2026-07-17 08:00:00+00:00,1102.0,1102.0,1102.0,1101.300048828125,1101.5,9091
2026-07-17 08:01:00+00:00,1101.300048828125,1101.300048828125,1102.0999755859375,1101.300048828125,1102.0,14859
2026-07-17 08:02:00+00:00,1100.9000244140625,1100.9000244140625,1101.4000244140625,1100.5,1101.4000244140625,22700
2026-07-17 08:03:00+00:00,1101.0999755859375,1101.0999755859375,1101.199951171875,1100.0999755859375,1100.9000244140625,31297
2026-07-17 08:04:00+00:00,1101.4000244140625,1101.4000244140625,1101.4000244140625,1100.800048828125,1101.300048828125,29942
2026-07-17 08:05:00+00:00,1100.300048828125,1100.300048828125,1102.0,1100.300048828125,1101.5,49192
2026-07-17 08:06:00+00:00,1100.0,1100.0,1100.9000244140625,1100.0,1100.5999755859375,17083
2026-07-17 08:07:00+00:00,1100.0999755859375,1100.0999755859375,1100.0999755859375,1099.0999755859375,1100.0999755859375,54863
2026-07-17 08:08:00+00:00,1098.4000244140625,1098.4000244140625,1100.199951171875,1098.4000244140625,1100.199951171875,59426
2026-07-17 08:09:00+00:00,1098.9000244140625,1098.9000244140625,1099.199951171875,1098.5,1098.5,28585
2026-07-17 08:10:00+00:00,1098.5,1098.5,1099.5,1098.5,1098.9000244140625,33635
2026-07-17 08:11:00+00:00,1097.5,1097.5,1099.0999755859375,1097.0,1098.5,42519
2026-07-17 08:12:00+00:00,1098.199951171875,1098.199951171875,1098.800048828125,1097.199951171875,1097.199951171875,33548
2026-07-17 08:13:00+00:00,1098.4000244140625,1098.4000244140625,1098.699951171875,1098.199951171875,1098.300048828125,21950
2026-07-17 08:14:00+00:00,1098.9000244140625,1098.9000244140625,1098.9000244140625,1098.300048828125,1098.300048828125,23845
2026-07-17 08:15:00+00:00,1098.5,1098.5,1098.9000244140625,1098.4000244140625,1098.699951171875,10156
2026-07-17 08:16:00+00:00,1097.9000244140625,1097.9000244140625,1098.699951171875,1097.9000244140625,1098.699951171875,22784
2026-07-17 08:17:00+00:00,1098.4000244140625,1098.4000244140625,1098.4000244140625,1097.199951171875,1097.699951171875,13129
2026-07-17 08:18:00+00:00,1098.5999755859375,1098.5999755859375,1098.800048828125,1097.9000244140625,1098.300048828125,11539
2026-07-17 08:19:00+00:00,1098.699951171875,1098.699951171875,1098.9000244140625,1098.0999755859375,1098.800048828125,17888
2026-07-17 08:20:00+00:00,1098.199951171875,1098.199951171875,1098.9000244140625,1097.9000244140625,1098.9000244140625,18174
2026-07-17 08:21:00+00:00,1097.9000244140625,1097.9000244140625,1098.300048828125,1097.300048828125,1098.199951171875,19634
2026-07-17 08:22:00+00:00,1098.4000244140625,1098.4000244140625,1098.5,1097.699951171875,1097.9000244140625,7421
2026-07-17 08:23:00+00:00,1099.199951171875,1099.199951171875,1099.5,1098.5,1098.5,11062
2026-07-17 08:24:00+00:00,1098.800048828125,1098.800048828125,1099.199951171875,1098.5999755859375,1099.199951171875,12443
2026-07-17 08:25:00+00:00,1098.699951171875,1098.699951171875,1099.0,1098.699951171875,1098.800048828125,13635
2026-07-17 08:26:00+00:00,1098.5,1098.5,1099.0,1098.4000244140625,1099.0,13748
2026-07-17 08:27:00+00:00,1098.9000244140625,1098.9000244140625,1099.0,1098.4000244140625,1098.5999755859375,8398
2026-07-17 08:28:00+00:00,1098.5999755859375,1098.5999755859375,1099.199951171875,1098.5999755859375,1098.9000244140625,8217
2026-07-17 08:29:00+00:00,1099.199951171875,1099.199951171875,1099.199951171875,1098.5999755859375,1098.5999755859375,12363
2026-07-17 08:30:00+00:00,1100.699951171875,1100.699951171875,1100.699951171875,1099.199951171875,1099.4000244140625,17550
2026-07-17 08:31:00+00:00,1100.9000244140625,1100.9000244140625,1101.300048828125,1100.5,1100.5999755859375,15839
2026-07-17 08:32:00+00:00,1100.4000244140625,1100.4000244140625,1101.0999755859375,1100.4000244140625,1101.0999755859375,16225
2026-07-17 08:33:00+00:00,1100.0,1100.0,1100.9000244140625,1099.9000244140625,1100.9000244140625,9652
2026-07-17 08:34:00+00:00,1099.699951171875,1099.699951171875,1100.199951171875,1099.5,1100.0,8468
2026-07-17 08:35:00+00:00,1100.300048828125,1100.300048828125,1100.5,1099.800048828125,1099.800048828125,9209
2026-07-17 08:36:00+00:00,1100.800048828125,1100.800048828125,1101.0,1100.199951171875,1100.199951171875,20376
2026-07-17 08:37:00+00:00,1101.0999755859375,1101.0999755859375,1101.300048828125,1100.5,1100.800048828125,12609
2026-07-17 08:38:00+00:00,1099.9000244140625,1099.9000244140625,1101.5,1099.9000244140625,1101.5,12261
2026-07-17 08:39:00+00:00,1100.0,1100.0,1100.4000244140625,1099.800048828125,1100.0999755859375,5402
2026-07-17 08:40:00+00:00,1100.4000244140625,1100.4000244140625,1100.699951171875,1100.0999755859375,1100.0999755859375,6616
2026-07-17 08:41:00+00:00,1100.300048828125,1100.300048828125,1100.5,1100.300048828125,1100.5,14998
2026-07-17 08:42:00+00:00,1100.5,1100.5,1100.5999755859375,1100.0999755859375,1100.4000244140625,9721
2026-07-17 08:43:00+00:00,1100.5,1100.5,1100.800048828125,1100.5,1100.699951171875,7691
2026-07-17 08:44:00+00:00,1100.5,1100.5,1100.800048828125,1100.4000244140625,1100.699951171875,7113
2026-07-17 08:45:00+00:00,1101.9000244140625,1101.9000244140625,1101.9000244140625,1100.5,1100.5,84616
2026-07-17 08:46:00+00:00,1102.0,1102.0,1102.0,1101.0999755859375,1102.0,101162
2026-07-17 08:47:00+00:00,1101.0,1101.0,1102.0,1100.5,1102.0,28809
2026-07-17 08:48:00+00:00,1100.4000244140625,1100.4000244140625,1100.9000244140625,1100.199951171875,1100.9000244140625,18859
2026-07-17 08:49:00+00:00,1099.199951171875,1099.199951171875,1100.4000244140625,1099.199951171875,1100.4000244140625,16375
2026-07-17 08:50:00+00:00,1098.0,1098.0,1099.4000244140625,1098.0,1099.199951171875,16215
2026-07-17 08:51:00+00:00,1098.0,1098.0,1098.300048828125,1097.5,1098.199951171875,17852
2026-07-17 08:52:00+00:00,1098.0,1098.0,1098.0,1097.699951171875,1098.0,8062
2026-07-17 08:53:00+00:00,1097.800048828125,1097.800048828125,1098.199951171875,1097.5,1098.199951171875,17041
2026-07-17 08:54:00+00:00,1097.699951171875,1097.699951171875,1097.9000244140625,1097.5,1097.9000244140625,9886
2026-07-17 08:55:00+00:00,1097.300048828125,1097.300048828125,1097.5999755859375,1097.0,1097.0999755859375,22207
2026-07-17 08:56:00+00:00,1097.300048828125,1097.300048828125,1097.699951171875,1097.0,1097.4000244140625,12287
2026-07-17 08:57:00+00:00,1096.4000244140625,1096.4000244140625,1097.4000244140625,1096.0999755859375,1097.4000244140625,12030
2026-07-17 08:58:00+00:00,1094.9000244140625,1094.9000244140625,1096.800048828125,1094.5999755859375,1096.800048828125,53313
2026-07-17 08:59:00+00:00,1095.0,1095.0,1095.699951171875,1094.0999755859375,1095.0,47308
2026-07-17 09:00:00+00:00,1098.199951171875,1098.199951171875,1098.199951171875,1095.0,1095.4000244140625,43949
2026-07-17 09:01:00+00:00,1098.0,1098.0,1098.0999755859375,1097.4000244140625,1098.0,16670
2026-07-17 09:02:00+00:00,1098.199951171875,1098.199951171875,1098.4000244140625,1098.0,1098.0,17032
2026-07-17 09:03:00+00:00,1098.5999755859375,1098.5999755859375,1098.5999755859375,1097.5999755859375,1098.199951171875,22467
2026-07-17 09:04:00+00:00,1098.9000244140625,1098.9000244140625,1099.0,1098.300048828125,1098.5999755859375,15667
2026-07-17 09:05:00+00:00,1099.0,1099.0,1099.0999755859375,1098.5999755859375,1098.699951171875,14719
2026-07-17 09:06:00+00:00,1098.800048828125,1098.800048828125,1099.0999755859375,1098.199951171875,1099.0999755859375,13254
2026-07-17 09:07:00+00:00,1098.5,1098.5,1098.9000244140625,1098.300048828125,1098.699951171875,15745
2026-07-17 09:08:00+00:00,1098.800048828125,1098.800048828125,1099.0,1098.300048828125,1098.699951171875,7487
2026-07-17 09:09:00+00:00,1097.800048828125,1097.800048828125,1099.0,1097.699951171875,1099.0,16017
2026-07-17 09:10:00+00:00,1098.199951171875,1098.199951171875,1098.300048828125,1097.5,1097.800048828125,10272
2026-07-17 09:11:00+00:00,1098.300048828125,1098.300048828125,1098.300048828125,1097.699951171875,1098.199951171875,7230
2026-07-17 09:12:00+00:00,1098.0,1098.0,1098.300048828125,1097.9000244140625,1098.300048828125,13758
2026-07-17 09:13:00+00:00,1098.4000244140625,1098.4000244140625,1098.4000244140625,1098.0,1098.0,13004
2026-07-17 09:14:00+00:00,1097.5,1097.5,1098.4000244140625,1097.300048828125,1098.4000244140625,60737
2026-07-17 09:15:00+00:00,1102.0,1102.0,1102.0,1100.800048828125,1100.9000244140625,436492
2026-07-17 09:16:00+00:00,1101.9000244140625,1101.9000244140625,1102.0,1101.699951171875,1101.9000244140625,25951
2026-07-17 09:17:00+00:00,1100.9000244140625,1100.9000244140625,1102.0,1100.9000244140625,1101.699951171875,109187
2026-07-17 09:18:00+00:00,1101.5,1101.5,1101.5999755859375,1100.4000244140625,1100.800048828125,12857
2026-07-17 09:19:00+00:00,1100.699951171875,1100.699951171875,1101.300048828125,1100.5,1101.199951171875,25250
2026-07-17 09:20:00+00:00,1100.699951171875,1100.699951171875,1101.0,1100.5,1100.800048828125,12475
2026-07-17 09:21:00+00:00,1101.300048828125,1101.300048828125,1101.5999755859375,1100.699951171875,1100.800048828125,17408
2026-07-17 09:22:00+00:00,1101.199951171875,1101.199951171875,1101.4000244140625,1101.0,1101.199951171875,9693
2026-07-17 09:23:00+00:00,1100.9000244140625,1100.9000244140625,1101.5,1100.9000244140625,1101.199951171875,13388
2026-07-17 09:24:00+00:00,1101.5,1101.5,1101.5,1100.699951171875,1101.0,12459
2026-07-17 09:25:00+00:00,1101.5999755859375,1101.5999755859375,1101.5999755859375,1100.9000244140625,1101.5,17774
2026-07-17 09:26:00+00:00,1101.0999755859375,1101.0999755859375,1101.800048828125,1100.800048828125,1101.5,33831
2026-07-17 09:27:00+00:00,1101.4000244140625,1101.4000244140625,1101.5999755859375,1101.0999755859375,1101.0999755859375,9072
2026-07-17 09:28:00+00:00,1101.5,1101.5,1101.5999755859375,1101.199951171875,1101.300048828125,13792
2026-07-17 09:29:00+00:00,1101.300048828125,1101.300048828125,1101.5,1100.699951171875,1101.5,14290
2026-07-17 09:30:00+00:00,1101.5,1101.5,1101.5,1101.0999755859375,1101.199951171875,30763
2026-07-17 09:31:00+00:00,1101.300048828125,1101.300048828125,1101.699951171875,1101.300048828125,1101.5,43416
2026-07-17 09:32:00+00:00,1101.0999755859375,1101.0999755859375,1101.4000244140625,1101.0999755859375,1101.300048828125,28120
2026-07-17 09:33:00+00:00,1100.9000244140625,1100.9000244140625,1101.300048828125,1100.9000244140625,1101.0999755859375,42470
2026-07-17 09:34:00+00:00,1100.800048828125,1100.800048828125,1100.9000244140625,1100.199951171875,1100.9000244140625,79056
2026-07-17 09:35:00+00:00,1101.199951171875,1101.199951171875,1101.199951171875,1100.699951171875,1100.9000244140625,43001
2026-07-17 09:36:00+00:00,1100.699951171875,1100.699951171875,1101.199951171875,1100.5999755859375,1101.199951171875,34425
2026-07-17 09:37:00+00:00,1099.9000244140625,1099.9000244140625,1100.5999755859375,1099.699951171875,1100.5999755859375,78511
2026-07-17 09:38:00+00:00,1100.0,1100.0,1100.0999755859375,1099.800048828125,1100.0999755859375,35931
2026-07-17 09:39:00+00:00,1098.0,1098.0,1100.0,1097.9000244140625,1100.0,53776
2026-07-17 09:40:00+00:00,1098.0,1098.0,1098.0999755859375,1097.9000244140625,1098.0,43552
2026-07-17 09:41:00+00:00,1097.199951171875,1097.199951171875,1098.0999755859375,1097.0999755859375,1098.0999755859375,79292
2026-07-17 09:42:00+00:00,1095.9000244140625,1095.9000244140625,1097.699951171875,1095.699951171875,1097.300048828125,65818
2026-07-17 09:43:00+00:00,1095.800048828125,1095.800048828125,1096.199951171875,1095.199951171875,1095.800048828125,46287
2026-07-17 09:44:00+00:00,1095.300048828125,1095.300048828125,1095.800048828125,1095.0999755859375,1095.699951171875,45288
2026-07-17 09:45:00+00:00,1094.4000244140625,1094.4000244140625,1095.4000244140625,1094.4000244140625,1095.4000244140625,63999
2026-07-17 09:46:00+00:00,1094.800048828125,1094.800048828125,1094.9000244140625,1094.0,1094.4000244140625,95783
2026-07-17 09:47:00+00:00,1095.300048828125,1095.300048828125,1096.4000244140625,1094.300048828125,1094.699951171875,58124
2026-07-17 09:48:00+00:00,1096.800048828125,1096.800048828125,1096.9000244140625,1094.9000244140625,1095.5,63673
2026-07-17 09:49:00+00:00,1096.699951171875,1096.699951171875,1096.9000244140625,1096.300048828125,1096.9000244140625,41763
2026-07-17 09:50:00+00:00,1096.5,1096.5,1096.800048828125,1096.199951171875,1096.5,49863
2026-07-17 09:51:00+00:00,1095.9000244140625,1095.9000244140625,1096.800048828125,1095.5,1096.4000244140625,59849
2026-07-17 09:52:00+00:00,1096.0,1096.0,1096.0,1095.5999755859375,1095.800048828125,39550
2026-07-17 09:53:00+00:00,1095.0999755859375,1095.0999755859375,1096.0999755859375,1094.800048828125,1096.0999755859375,66741
2026-07-17 09:54:00+00:00,1093.9000244140625,1093.9000244140625,1094.9000244140625,1093.5,1094.699951171875,75301
2026-07-17 09:55:00+00:00,1093.699951171875,1093.699951171875,1093.9000244140625,1092.9000244140625,1093.800048828125,84313
2026-07-17 09:56:00+00:00,1092.4000244140625,1092.4000244140625,1094.0,1092.0999755859375,1093.5,70245
2026-07-17 09:57:00+00:00,1092.4000244140625,1092.4000244140625,1094.0,1092.0,1092.5,81281
2026-07-17 09:58:00+00:00,1093.0,1093.0,1093.699951171875,1092.300048828125,1092.4000244140625,78357
2026-07-17 09:59:00+00:00,1093.0,1093.0,1093.9000244140625,1092.0,1093.0,61484
2026-07-20 03:45:00+00:00,1100.199951171875,1100.199951171875,1103.0999755859375,1095.5999755859375,1101.0,0
2026-07-20 03:46:00+00:00,1093.5999755859375,1093.5999755859375,1099.5,1091.0,1099.5,64817
2026-07-20 03:47:00+00:00,1093.5,1093.5,1095.300048828125,1092.300048828125,1093.5999755859375,54131
2026-07-20 03:48:00+00:00,1098.5999755859375,1098.5999755859375,1098.5999755859375,1093.5,1093.5999755859375,29513
2026-07-20 03:49:00+00:00,1097.5999755859375,1097.5999755859375,1099.4000244140625,1096.300048828125,1098.5999755859375,51940
2026-07-20 03:50:00+00:00,1099.5,1099.5,1099.5,1097.4000244140625,1097.5999755859375,65548
2026-07-20 03:51:00+00:00,1102.5,1102.5,1102.800048828125,1099.4000244140625,1099.4000244140625,50195
2026-07-20 03:52:00+00:00,1102.0,1102.0,1102.5,1100.300048828125,1102.5,42516
2026-07-20 03:53:00+00:00,1099.199951171875,1099.199951171875,1102.0,1099.0,1101.5,30840
2026-07-20 03:54:00+00:00,1100.300048828125,1100.300048828125,1101.0,1099.199951171875,1099.199951171875,23562
2026-07-20 03:55:00+00:00,1096.199951171875,1096.199951171875,1100.800048828125,1096.0,1100.699951171875,26033
2026-07-20 03:56:00+00:00,1094.199951171875,1094.199951171875,1096.5,1093.199951171875,1096.199951171875,30649
2026-07-20 03:57:00+00:00,1097.300048828125,1097.300048828125,1097.4000244140625,1094.0,1094.300048828125,22357
2026-07-20 03:58:00+00:00,1098.0999755859375,1098.0999755859375,1099.0,1096.9000244140625,1097.0999755859375,20876
2026-07-20 03:59:00+00:00,1096.800048828125,1096.800048828125,1099.0,1096.0,1098.0999755859375,28765
2026-07-20 04:00:00+00:00,1098.0999755859375,1098.0999755859375,1098.5,1096.5,1096.5,19731
2026-07-20 04:01:00+00:00,1097.9000244140625,1097.9000244140625,1098.800048828125,1096.4000244140625,1098.0999755859375,19671
2026-07-20 04:02:00+00:00,1094.9000244140625,1094.9000244140625,1097.9000244140625,1094.5,1097.9000244140625,36099
2026-07-20 04:03:00+00:00,1094.199951171875,1094.199951171875,1094.9000244140625,1093.5999755859375,1094.800048828125,22091
2026-07-20 04:04:00+00:00,1094.0999755859375,1094.0999755859375,1094.5999755859375,1093.699951171875,1093.699951171875,19901
2026-07-20 04:05:00+00:00,1094.5999755859375,1094.5999755859375,1095.300048828125,1094.300048828125,1094.5,16624
2026-07-20 04:06:00+00:00,1094.199951171875,1094.199951171875,1095.9000244140625,1094.0,1094.5999755859375,37759
2026-07-20 04:07:00+00:00,1096.4000244140625,1096.4000244140625,1096.800048828125,1093.699951171875,1094.199951171875,22401
2026-07-20 04:08:00+00:00,1095.0,1095.0,1097.0999755859375,1094.4000244140625,1096.5999755859375,22931
2026-07-20 04:09:00+00:00,1094.199951171875,1094.199951171875,1095.4000244140625,1094.199951171875,1095.199951171875,9583
2026-07-20 04:10:00+00:00,1096.5,1096.5,1096.800048828125,1093.699951171875,1094.300048828125,37065
2026-07-20 04:11:00+00:00,1097.5,1097.5,1098.699951171875,1096.800048828125,1097.0,23019
2026-07-20 04:12:00+00:00,1095.800048828125,1095.800048828125,1098.0,1095.699951171875,1097.9000244140625,11703
2026-07-20 04:13:00+00:00,1096.5999755859375,1096.5999755859375,1096.800048828125,1095.4000244140625,1095.800048828125,14068
2026-07-20 04:14:00+00:00,1096.9000244140625,1096.9000244140625,1097.300048828125,1095.699951171875,1096.300048828125,32888
2026-07-20 04:15:00+00:00,1096.300048828125,1096.300048828125,1097.800048828125,1096.0,1096.9000244140625,32504
2026-07-20 04:16:00+00:00,1094.9000244140625,1094.9000244140625,1096.699951171875,1094.800048828125,1096.300048828125,51554
2026-07-20 04:17:00+00:00,1093.0,1093.0,1095.300048828125,1092.5,1094.9000244140625,57126
2026-07-20 04:18:00+00:00,1092.5999755859375,1092.5999755859375,1093.0,1092.5,1093.0,42377
2026-07-20 04:19:00+00:00,1092.0,1092.0,1092.800048828125,1091.0,1092.5999755859375,24970
2026-07-20 04:20:00+00:00,1092.9000244140625,1092.9000244140625,1093.0,1091.9000244140625,1092.0,13574
2026-07-20 04:21:00+00:00,1093.800048828125,1093.800048828125,1094.0,1092.800048828125,1093.0,63054
2026-07-20 04:22:00+00:00,1095.800048828125,1095.800048828125,1095.800048828125,1093.199951171875,1093.699951171875,26834
2026-07-20 04:23:00+00:00,1095.300048828125,1095.300048828125,1096.0,1095.0,1095.800048828125,19107
2026-07-20 04:24:00+00:00,1094.300048828125,1094.300048828125,1095.199951171875,1094.0999755859375,1095.199951171875,19130
2026-07-20 04:25:00+00:00,1094.9000244140625,1094.9000244140625,1095.5,1093.9000244140625,1094.0,27506
2026-07-20 04:26:00+00:00,1093.5999755859375,1093.5999755859375,1095.300048828125,1093.4000244140625,1094.9000244140625,22977
2026-07-20 04:27:00+00:00,1093.4000244140625,1093.4000244140625,1093.800048828125,1093.0,1093.199951171875,13448
2026-07-20 04:28:00+00:00,1092.300048828125,1092.300048828125,1093.9000244140625,1092.300048828125,1093.300048828125,13293
2026-07-20 04:29:00+00:00,1092.699951171875,1092.699951171875,1092.699951171875,1091.5,1092.199951171875,13015
2026-07-20 04:30:00+00:00,1093.199951171875,1093.199951171875,1093.4000244140625,1092.300048828125,1092.699951171875,12366
2026-07-20 04:31:00+00:00,1093.0,1093.0,1093.5,1092.699951171875,1093.199951171875,9245
2026-07-20 04:32:00+00:00,1093.300048828125,1093.300048828125,1093.9000244140625,1092.800048828125,1093.5,19776
2026-07-20 04:33:00+00:00,1092.5,1092.5,1093.5,1092.5,1093.300048828125,10495
2026-07-20 04:34:00+00:00,1093.4000244140625,1093.4000244140625,1093.4000244140625,1092.5,1092.5,12615
2026-07-20 04:35:00+00:00,1093.5,1093.5,1094.0,1092.9000244140625,1092.9000244140625,12806
2026-07-20 04:36:00+00:00,1094.4000244140625,1094.4000244140625,1094.5999755859375,1093.5999755859375,1093.800048828125,18191
2026-07-20 04:37:00+00:00,1092.9000244140625,1092.9000244140625,1094.5,1092.9000244140625,1094.300048828125,19205
2026-07-20 04:38:00+00:00,1092.300048828125,1092.300048828125,1093.199951171875,1091.199951171875,1092.9000244140625,18318
2026-07-20 04:39:00+00:00,1092.0999755859375,1092.0999755859375,1092.4000244140625,1091.699951171875,1092.4000244140625,14086
2026-07-20 04:40:00+00:00,1092.0999755859375,1092.0999755859375,1092.199951171875,1091.699951171875,1091.9000244140625,17571
2026-07-20 04:41:00+00:00,1091.800048828125,1091.800048828125,1092.300048828125,1091.300048828125,1092.300048828125,20471
2026-07-20 04:42:00+00:00,1093.0,1093.0,1093.0,1091.800048828125,1092.199951171875,18245
2026-07-20 04:43:00+00:00,1092.0,1092.0,1093.0,1091.800048828125,1093.0,11331
2026-07-20 04:44:00+00:00,1090.4000244140625,1090.4000244140625,1092.0999755859375,1090.199951171875,1092.0,40652
2026-07-20 04:45:00+00:00,1090.300048828125,1090.300048828125,1090.5999755859375,1089.5,1090.5,49413
2026-07-20 04:46:00+00:00,1091.9000244140625,1091.9000244140625,1091.9000244140625,1089.9000244140625,1089.9000244140625,13629
2026-07-20 04:47:00+00:00,1091.0,1091.0,1092.0,1090.5,1092.0,17086
2026-07-20 04:48:00+00:00,1090.4000244140625,1090.4000244140625,1091.4000244140625,1090.199951171875,1091.300048828125,12720
2026-07-20 04:49:00+00:00,1090.800048828125,1090.800048828125,1091.0,1090.0999755859375,1090.800048828125,19159
2026-07-20 04:50:00+00:00,1091.699951171875,1091.699951171875,1091.800048828125,1090.800048828125,1090.800048828125,11687
2026-07-20 04:51:00+00:00,1092.0,1092.0,1092.0,1091.5999755859375,1091.5999755859375,10790
2026-07-20 04:52:00+00:00,1092.5999755859375,1092.5999755859375,1092.800048828125,1091.9000244140625,1092.199951171875,13531
2026-07-20 04:53:00+00:00,1093.4000244140625,1093.4000244140625,1093.4000244140625,1092.4000244140625,1092.5999755859375,25556
2026-07-20 04:54:00+00:00,1093.699951171875,1093.699951171875,1093.800048828125,1092.800048828125,1093.4000244140625,26428
2026-07-20 04:55:00+00:00,1093.5999755859375,1093.5999755859375,1093.699951171875,1092.800048828125,1093.300048828125,29621
2026-07-20 04:56:00+00:00,1093.699951171875,1093.699951171875,1094.0,1093.300048828125,1093.5999755859375,17682
2026-07-20 04:57:00+00:00,1093.300048828125,1093.300048828125,1094.699951171875,1093.300048828125,1094.699951171875,41498
2026-07-20 04:58:00+00:00,1093.5,1093.5,1093.5,1092.800048828125,1093.300048828125,17940
2026-07-20 04:59:00+00:00,1093.5999755859375,1093.5999755859375,1093.5999755859375,1093.199951171875,1093.5999755859375,14618
2026-07-20 05:00:00+00:00,1093.800048828125,1093.800048828125,1093.800048828125,1093.199951171875,1093.5,14803
2026-07-20 05:01:00+00:00,1093.5,1093.5,1094.300048828125,1093.5,1093.699951171875,18927
2026-07-20 05:02:00+00:00,1093.9000244140625,1093.9000244140625,1094.0,1093.199951171875,1093.5999755859375,19087
2026-07-20 05:03:00+00:00,1094.0999755859375,1094.0999755859375,1095.0999755859375,1093.5999755859375,1093.5999755859375,28224
2026-07-20 05:04:00+00:00,1094.4000244140625,1094.4000244140625,1094.4000244140625,1093.699951171875,1094.0,15654
2026-07-20 05:05:00+00:00,1093.9000244140625,1093.9000244140625,1094.5999755859375,1093.0,1094.4000244140625,79596
2026-07-20 05:06:00+00:00,1094.5,1094.5,1095.4000244140625,1093.9000244140625,1094.300048828125,78695
2026-07-20 05:07:00+00:00,1092.5999755859375,1092.5999755859375,1094.5999755859375,1092.5,1094.300048828125,32665
2026-07-20 05:08:00+00:00,1092.9000244140625,1092.9000244140625,1093.5,1092.199951171875,1092.4000244140625,25125
2026-07-20 05:09:00+00:00,1093.4000244140625,1093.4000244140625,1093.5999755859375,1092.5999755859375,1092.5999755859375,19736
2026-07-20 05:10:00+00:00,1093.5999755859375,1093.5999755859375,1094.300048828125,1093.300048828125,1093.4000244140625,26009
2026-07-20 05:11:00+00:00,1092.5,1092.5,1093.5,1092.5,1093.199951171875,24495
2026-07-20 05:12:00+00:00,1092.5,1092.5,1093.0,1092.0,1092.9000244140625,17600
2026-07-20 05:13:00+00:00,1092.800048828125,1092.800048828125,1093.0999755859375,1092.300048828125,1092.5999755859375,8589
2026-07-20 05:14:00+00:00,1092.699951171875,1092.699951171875,1092.9000244140625,1092.199951171875,1092.5,12948
2026-07-20 05:15:00+00:00,1092.9000244140625,1092.9000244140625,1093.0,1092.4000244140625,1092.699951171875,9659
2026-07-20 05:16:00+00:00,1093.4000244140625,1093.4000244140625,1093.4000244140625,1092.5,1092.800048828125,9312
2026-07-20 05:17:00+00:00,1093.300048828125,1093.300048828125,1093.800048828125,1093.0,1093.4000244140625,28731
2026-07-20 05:18:00+00:00,1092.800048828125,1092.800048828125,1093.300048828125,1092.5999755859375,1093.0,14216
2026-07-20 05:19:00+00:00,1093.0999755859375,1093.0999755859375,1093.0999755859375,1092.5999755859375,1092.699951171875,17203
2026-07-20 05:20:00+00:00,1093.5,1093.5,1093.800048828125,1092.800048828125,1092.800048828125,10018
2026-07-20 05:21:00+00:00,1093.800048828125,1093.800048828125,1094.5,1093.300048828125,1093.300048828125,19505
2026-07-20 05:22:00+00:00,1093.699951171875,1093.699951171875,1094.300048828125,1093.5,1094.0999755859375,16545
2026-07-20 05:23:00+00:00,1092.800048828125,1092.800048828125,1093.9000244140625,1092.699951171875,1093.5999755859375,15693
2026-07-20 05:24:00+00:00,1093.0,1093.0,1093.5,1092.5,1092.800048828125,7188
2026-07-20 05:25:00+00:00,1093.300048828125,1093.300048828125,1093.5,1092.800048828125,1093.5,10362
2026-07-20 05:26:00+00:00,1093.800048828125,1093.800048828125,1094.300048828125,1093.300048828125,1093.5,12572
2026-07-20 05:27:00+00:00,1094.0,1094.0,1094.300048828125,1093.4000244140625,1094.0999755859375,11071
2026-07-20 05:28:00+00:00,1094.0999755859375,1094.0999755859375,1094.5,1093.5,1093.5,12348
2026-07-20 05:29:00+00:00,1094.5,1094.5,1094.800048828125,1094.0,1094.0999755859375,11353
2026-07-20 05:30:00+00:00,1094.0,1094.0,1094.5999755859375,1093.800048828125,1094.5999755859375,8332
2026-07-20 05:31:00+00:00,1094.5,1094.5,1094.5999755859375,1093.800048828125,1094.199951171875,11752
2026-07-20 05:32:00+00:00,1094.300048828125,1094.300048828125,1094.5999755859375,1094.0,1094.5,9332
2026-07-20 05:33:00+00:00,1094.699951171875,1094.699951171875,1095.5,1094.0,1094.300048828125,19624
2026-07-20 05:34:00+00:00,1094.4000244140625,1094.4000244140625,1094.699951171875,1094.199951171875,1094.5999755859375,7705
2026-07-20 05:35:00+00:00,1093.699951171875,1093.699951171875,1094.5999755859375,1093.5999755859375,1094.199951171875,11487
2026-07-20 05:36:00+00:00,1093.199951171875,1093.199951171875,1094.0999755859375,1093.0,1094.0999755859375,15115
2026-07-20 05:37:00+00:00,1094.800048828125,1094.800048828125,1094.800048828125,1093.4000244140625,1093.5,14441
2026-07-20 05:38:00+00:00,1095.0,1095.0,1095.4000244140625,1094.4000244140625,1094.800048828125,10754
2026-07-20 05:39:00+00:00,1094.199951171875,1094.199951171875,1095.199951171875,1094.0,1095.0,13507
2026-07-20 05:40:00+00:00,1093.4000244140625,1093.4000244140625,1094.4000244140625,1093.4000244140625,1094.199951171875,9440
2026-07-20 05:41:00+00:00,1093.9000244140625,1093.9000244140625,1094.300048828125,1093.300048828125,1093.800048828125,9439
2026-07-20 05:42:00+00:00,1094.0999755859375,1094.0999755859375,1094.5,1093.699951171875,1093.699951171875,10563
2026-07-20 05:43:00+00:00,1094.0999755859375,1094.0999755859375,1094.5,1093.800048828125,1094.0,8718
2026-07-20 05:44:00+00:00,1093.9000244140625,1093.9000244140625,1094.4000244140625,1093.699951171875,1094.0,10153
2026-07-20 05:45:00+00:00,1093.699951171875,1093.699951171875,1094.4000244140625,1093.5,1093.699951171875,13825
2026-07-20 05:46:00+00:00,1093.800048828125,1093.800048828125,1094.0999755859375,1093.300048828125,1093.5999755859375,12757
2026-07-20 05:47:00+00:00,1094.800048828125,1094.800048828125,1094.800048828125,1093.699951171875,1093.9000244140625,14241
2026-07-20 05:48:00+00:00,1094.699951171875,1094.699951171875,1095.0,1094.199951171875,1094.199951171875,11039
2026-07-20 05:49:00+00:00,1095.699951171875,1095.699951171875,1095.800048828125,1094.5,1094.9000244140625,21191
2026-07-20 05:50:00+00:00,1096.0,1096.0,1096.699951171875,1095.199951171875,1095.9000244140625,22686
2026-07-20 05:51:00+00:00,1096.4000244140625,1096.4000244140625,1096.4000244140625,1095.699951171875,1095.9000244140625,14008
2026-07-20 05:52:00+00:00,1096.300048828125,1096.300048828125,1096.699951171875,1095.800048828125,1096.5,8791
2026-07-20 05:53:00+00:00,1093.0,1093.0,1096.4000244140625,1093.0,1095.9000244140625,26628
2026-07-20 05:54:00+00:00,1093.300048828125,1093.300048828125,1093.9000244140625,1093.0,1093.0,13498
2026-07-20 05:55:00+00:00,1093.5,1093.5,1093.800048828125,1093.0,1093.300048828125,8336
2026-07-20 05:56:00+00:00,1093.199951171875,1093.199951171875,1093.699951171875,1093.199951171875,1093.5,9207
2026-07-20 05:57:00+00:00,1093.0999755859375,1093.0999755859375,1093.5999755859375,1093.0999755859375,1093.199951171875,13228
2026-07-20 05:58:00+00:00,1093.0,1093.0,1093.5999755859375,1093.0,1093.199951171875,17065
2026-07-20 05:59:00+00:00,1092.4000244140625,1092.4000244140625,1093.199951171875,1092.4000244140625,1093.0,11153
2026-07-20 06:00:00+00:00,1092.699951171875,1092.699951171875,1093.0999755859375,1092.199951171875,1092.4000244140625,14056
2026-07-20 06:01:00+00:00,1091.800048828125,1091.800048828125,1092.800048828125,1091.5,1092.800048828125,27588
2026-07-20 06:02:00+00:00,1092.699951171875,1092.699951171875,1093.0,1091.699951171875,1091.699951171875,21083
2026-07-20 06:03:00+00:00,1093.0999755859375,1093.0999755859375,1093.199951171875,1092.800048828125,1093.0,12064
2026-07-20 06:04:00+00:00,1092.699951171875,1092.699951171875,1093.300048828125,1092.199951171875,1093.300048828125,11013
2026-07-20 06:05:00+00:00,1091.9000244140625,1091.9000244140625,1093.0,1091.5,1092.699951171875,8187
2026-07-20 06:06:00+00:00,1091.800048828125,1091.800048828125,1092.300048828125,1091.5999755859375,1091.5999755859375,15021
2026-07-20 06:07:00+00:00,1091.5,1091.5,1092.0,1091.300048828125,1092.0,7148
2026-07-20 06:08:00+00:00,1091.9000244140625,1091.9000244140625,1092.0999755859375,1091.300048828125,1091.300048828125,7117
2026-07-20 06:09:00+00:00,1092.0,1092.0,1092.300048828125,1091.699951171875,1091.9000244140625,8067
2026-07-20 06:10:00+00:00,1090.9000244140625,1090.9000244140625,1091.9000244140625,1090.5999755859375,1091.9000244140625,20293
2026-07-20 06:11:00+00:00,1091.5,1091.5,1091.5999755859375,1090.699951171875,1091.0,24077
2026-07-20 06:12:00+00:00,1091.0,1091.0,1091.300048828125,1090.699951171875,1091.0999755859375,5226
2026-07-20 06:13:00+00:00,1090.699951171875,1090.699951171875,1090.9000244140625,1090.5,1090.699951171875,7073
2026-07-20 06:14:00+00:00,1090.9000244140625,1090.9000244140625,1090.9000244140625,1090.5,1090.5999755859375,5265
2026-07-20 06:15:00+00:00,1090.699951171875,1090.699951171875,1091.0,1090.5999755859375,1090.9000244140625,10109
2026-07-20 06:16:00+00:00,1091.4000244140625,1091.4000244140625,1091.699951171875,1090.9000244140625,1091.0,10913
2026-07-20 06:17:00+00:00,1090.800048828125,1090.800048828125,1091.5,1090.800048828125,1091.5,8375
2026-07-20 06:18:00+00:00,1090.800048828125,1090.800048828125,1091.0999755859375,1090.5,1090.699951171875,5636
2026-07-20 06:19:00+00:00,1090.699951171875,1090.699951171875,1090.9000244140625,1090.5,1090.699951171875,5983
2026-07-20 06:20:00+00:00,1090.300048828125,1090.300048828125,1090.800048828125,1090.0,1090.5,15062
2026-07-20 06:21:00+00:00,1090.199951171875,1090.199951171875,1090.699951171875,1090.0,1090.0,9712
2026-07-20 06:22:00+00:00,1090.4000244140625,1090.4000244140625,1090.4000244140625,1089.5999755859375,1090.199951171875,22949
2026-07-20 06:23:00+00:00,1089.699951171875,1089.699951171875,1090.300048828125,1089.4000244140625,1090.300048828125,24670
2026-07-20 06:24:00+00:00,1088.5999755859375,1088.5999755859375,1089.9000244140625,1088.5999755859375,1089.699951171875,22244
2026-07-20 06:25:00+00:00,1088.800048828125,1088.800048828125,1089.0,1088.5999755859375,1089.0,8040
2026-07-20 06:26:00+00:00,1088.699951171875,1088.699951171875,1089.0,1088.5,1088.699951171875,12557
2026-07-20 06:27:00+00:00,1088.800048828125,1088.800048828125,1089.0,1088.5,1088.699951171875,6376
2026-07-20 06:28:00+00:00,1089.199951171875,1089.199951171875,1089.199951171875,1088.5999755859375,1088.5999755859375,14805
2026-07-20 06:29:00+00:00,1088.699951171875,1088.699951171875,1089.199951171875,1088.5,1089.199951171875,9659
2026-07-20 06:30:00+00:00,1089.4000244140625,1089.4000244140625,1089.5,1088.699951171875,1088.9000244140625,9682
2026-07-20 06:31:00+00:00,1089.9000244140625,1089.9000244140625,1089.9000244140625,1089.199951171875,1089.4000244140625,6533
2026-07-20 06:32:00+00:00,1089.5,1089.5,1089.800048828125,1089.199951171875,1089.5,6688
2026-07-20 06:33:00+00:00,1088.5999755859375,1088.5999755859375,1089.699951171875,1088.5,1089.5,9774
2026-07-20 06:34:00+00:00,1088.800048828125,1088.800048828125,1089.0,1088.5,1088.5,9781
2026-07-20 06:35:00+00:00,1089.5,1089.5,1089.800048828125,1088.5999755859375,1088.5999755859375,8922
2026-07-20 06:36:00+00:00,1089.0999755859375,1089.0999755859375,1090.0,1088.800048828125,1089.5,15894
2026-07-20 06:37:00+00:00,1088.5999755859375,1088.5999755859375,1089.199951171875,1087.5999755859375,1088.800048828125,34163
2026-07-20 06:38:00+00:00,1088.300048828125,1088.300048828125,1088.800048828125,1088.0,1088.5999755859375,12775
2026-07-20 06:39:00+00:00,1088.9000244140625,1088.9000244140625,1088.9000244140625,1088.0,1088.0,9171
2026-07-20 06:40:00+00:00,1088.699951171875,1088.699951171875,1089.199951171875,1088.5,1088.800048828125,14046
2026-07-20 06:41:00+00:00,1088.199951171875,1088.199951171875,1089.300048828125,1088.199951171875,1088.5,11202
2026-07-20 06:42:00+00:00,1086.9000244140625,1086.9000244140625,1088.5999755859375,1086.5999755859375,1088.199951171875,29922
2026-07-20 06:43:00+00:00,1086.699951171875,1086.699951171875,1087.0,1086.5,1086.699951171875,9374
2026-07-20 06:44:00+00:00,1085.699951171875,1085.699951171875,1086.5999755859375,1085.4000244140625,1086.5,19580
2026-07-20 06:45:00+00:00,1086.5999755859375,1086.5999755859375,1087.0,1085.5999755859375,1085.699951171875,9122
2026-07-20 06:46:00+00:00,1086.199951171875,1086.199951171875,1086.5999755859375,1085.9000244140625,1086.5,15297
2026-07-20 06:47:00+00:00,1086.0999755859375,1086.0999755859375,1086.5999755859375,1085.800048828125,1086.0999755859375,5878
2026-07-20 06:48:00+00:00,1086.0,1086.0,1086.0999755859375,1085.5999755859375,1086.0999755859375,6634
2026-07-20 06:49:00+00:00,1085.699951171875,1085.699951171875,1086.4000244140625,1085.699951171875,1085.699951171875,10909
2026-07-20 06:50:00+00:00,1085.699951171875,1085.699951171875,1086.0,1085.5999755859375,1085.800048828125,4980
2026-07-20 06:51:00+00:00,1085.4000244140625,1085.4000244140625,1085.9000244140625,1085.0999755859375,1085.5999755859375,16659
2026-07-20 06:52:00+00:00,1085.4000244140625,1085.4000244140625,1085.800048828125,1085.199951171875,1085.5999755859375,7862
2026-07-20 06:53:00+00:00,1085.199951171875,1085.199951171875,1085.5999755859375,1085.0999755859375,1085.4000244140625,5198
2026-07-20 06:54:00+00:00,1085.5,1085.5,1085.800048828125,1083.5,1085.0999755859375,42938
2026-07-20 06:55:00+00:00,1086.800048828125,1086.800048828125,1087.300048828125,1085.0999755859375,1085.0999755859375,18134
2026-07-20 06:56:00+00:00,1086.5,1086.5,1087.0999755859375,1086.5,1086.9000244140625,8086
2026-07-20 06:57:00+00:00,1086.800048828125,1086.800048828125,1087.0999755859375,1086.300048828125,1086.5,10924
2026-07-20 06:58:00+00:00,1087.0999755859375,1087.0999755859375,1087.300048828125,1086.5,1086.5,6148
2026-07-20 06:59:00+00:00,1087.0,1087.0,1087.199951171875,1086.5999755859375,1087.0999755859375,7853
2026-07-20 07:00:00+00:00,1086.9000244140625,1086.9000244140625,1087.300048828125,1086.4000244140625,1087.300048828125,11657
2026-07-20 07:01:00+00:00,1086.4000244140625,1086.4000244140625,1087.199951171875,1086.0999755859375,1087.199951171875,8128
2026-07-20 07:02:00+00:00,1085.5999755859375,1085.5999755859375,1086.5,1085.0999755859375,1086.5,10883
2026-07-20 07:03:00+00:00,1085.0,1085.0,1085.5999755859375,1085.0,1085.5999755859375,9840
2026-07-20 07:04:00+00:00,1085.4000244140625,1085.4000244140625,1085.4000244140625,1084.699951171875,1085.0,5740
2026-07-20 07:05:00+00:00,1087.0,1087.0,1087.0,1085.4000244140625,1085.4000244140625,9480
2026-07-20 07:06:00+00:00,1087.0999755859375,1087.0999755859375,1087.0999755859375,1086.4000244140625,1086.9000244140625,6702
2026-07-20 07:07:00+00:00,1087.300048828125,1087.300048828125,1087.4000244140625,1086.800048828125,1086.9000244140625,10443
2026-07-20 07:08:00+00:00,1086.800048828125,1086.800048828125,1087.5,1086.199951171875,1087.4000244140625,7604
2026-07-20 07:09:00+00:00,1087.0,1087.0,1087.0,1086.300048828125,1086.800048828125,5555
2026-07-20 07:10:00+00:00,1086.800048828125,1086.800048828125,1087.199951171875,1086.4000244140625,1086.699951171875,8833
2026-07-20 07:11:00+00:00,1087.800048828125,1087.800048828125,1087.800048828125,1086.699951171875,1086.699951171875,7479
2026-07-20 07:12:00+00:00,1087.5,1087.5,1087.9000244140625,1087.5,1087.800048828125,8388
2026-07-20 07:13:00+00:00,1087.699951171875,1087.699951171875,1087.9000244140625,1087.5,1087.699951171875,7230
2026-07-20 07:14:00+00:00,1088.199951171875,1088.199951171875,1088.300048828125,1087.5999755859375,1087.699951171875,12034
2026-07-20 07:15:00+00:00,1088.300048828125,1088.300048828125,1088.5,1088.0,1088.199951171875,7817
2026-07-20 07:16:00+00:00,1088.0,1088.0,1088.699951171875,1087.699951171875,1088.199951171875,8564
2026-07-20 07:17:00+00:00,1087.300048828125,1087.300048828125,1088.4000244140625,1087.199951171875,1087.699951171875,11544
2026-07-20 07:18:00+00:00,1088.0,1088.0,1088.0,1087.0999755859375,1087.300048828125,14829
2026-07-20 07:19:00+00:00,1087.9000244140625,1087.9000244140625,1088.199951171875,1087.0,1088.0,11970
2026-07-20 07:20:00+00:00,1088.0,1088.0,1088.0,1087.800048828125,1087.9000244140625,25499
2026-07-20 07:21:00+00:00,1087.300048828125,1087.300048828125,1088.5999755859375,1087.300048828125,1088.0,71476
2026-07-20 07:22:00+00:00,1088.5,1088.5,1088.5,1087.0999755859375,1087.300048828125,18716
2026-07-20 07:23:00+00:00,1088.300048828125,1088.300048828125,1088.5,1087.800048828125,1088.5,8724
2026-07-20 07:24:00+00:00,1088.0,1088.0,1088.300048828125,1087.800048828125,1088.300048828125,9626
2026-07-20 07:25:00+00:00,1088.9000244140625,1088.9000244140625,1088.9000244140625,1087.800048828125,1088.199951171875,11903
2026-07-20 07:26:00+00:00,1089.699951171875,1089.699951171875,1089.699951171875,1088.5,1088.9000244140625,7898
2026-07-20 07:27:00+00:00,1088.699951171875,1088.699951171875,1089.699951171875,1088.199951171875,1089.699951171875,18971
2026-07-20 07:28:00+00:00,1089.4000244140625,1089.4000244140625,1089.4000244140625,1088.199951171875,1088.199951171875,17321
2026-07-20 07:29:00+00:00,1089.5,1089.5,1089.5999755859375,1088.9000244140625,1089.300048828125,9497
2026-07-20 07:30:00+00:00,1089.5,1089.5,1089.800048828125,1089.0,1089.0,11848
2026-07-20 07:31:00+00:00,1089.5999755859375,1089.5999755859375,1089.699951171875,1089.199951171875,1089.199951171875,10213
2026-07-20 07:32:00+00:00,1088.5999755859375,1088.5999755859375,1089.5999755859375,1088.5,1089.5,8073
2026-07-20 07:33:00+00:00,1088.0,1088.0,1088.5999755859375,1087.4000244140625,1088.5999755859375,9055
2026-07-20 07:34:00+00:00,1088.0,1088.0,1088.5,1087.9000244140625,1087.9000244140625,9137
2026-07-20 07:35:00+00:00,1088.5,1088.5,1088.699951171875,1087.5,1087.800048828125,9591
2026-07-20 07:36:00+00:00,1088.5,1088.5,1089.0999755859375,1088.199951171875,1088.5,15255
2026-07-20 07:37:00+00:00,1088.5,1088.5,1088.9000244140625,1088.4000244140625,1088.699951171875,7705
2026-07-20 07:38:00+00:00,1087.699951171875,1087.699951171875,1088.800048828125,1087.5999755859375,1088.5,16762
2026-07-20 07:39:00+00:00,1087.699951171875,1087.699951171875,1088.0999755859375,1087.5,1088.0,7222
2026-07-20 07:40:00+00:00,1088.0,1088.0,1088.300048828125,1087.5,1087.5,7504
2026-07-20 07:41:00+00:00,1088.0,1088.0,1088.4000244140625,1087.9000244140625,1087.9000244140625,5919
2026-07-20 07:42:00+00:00,1087.9000244140625,1087.9000244140625,1088.0999755859375,1087.800048828125,1088.0,5824
2026-07-20 07:43:00+00:00,1088.4000244140625,1088.4000244140625,1088.9000244140625,1087.800048828125,1087.9000244140625,8857
2026-07-20 07:44:00+00:00,1090.9000244140625,1090.9000244140625,1091.0,1088.5,1088.5999755859375,29065
2026-07-20 07:45:00+00:00,1089.800048828125,1089.800048828125,1091.300048828125,1089.5999755859375,1090.9000244140625,23476
2026-07-20 07:46:00+00:00,1089.800048828125,1089.800048828125,1090.0999755859375,1089.300048828125,1089.5,13695
2026-07-20 07:47:00+00:00,1090.0,1090.0,1090.0,1089.199951171875,1089.800048828125,7738
2026-07-20 07:48:00+00:00,1088.9000244140625,1088.9000244140625,1089.9000244140625,1088.9000244140625,1089.9000244140625,11760
2026-07-20 07:49:00+00:00,1088.5999755859375,1088.5999755859375,1089.5,1088.5,1089.199951171875,7397
2026-07-20 07:50:00+00:00,1088.699951171875,1088.699951171875,1089.0,1088.5,1088.5999755859375,6721
2026-07-20 07:51:00+00:00,1088.699951171875,1088.699951171875,1088.800048828125,1088.5999755859375,1088.699951171875,5683
2026-07-20 07:52:00+00:00,1089.199951171875,1089.199951171875,1089.4000244140625,1088.5999755859375,1088.699951171875,6845
2026-07-20 07:53:00+00:00,1089.0999755859375,1089.0999755859375,1089.9000244140625,1089.0,1089.199951171875,7718
2026-07-20 07:54:00+00:00,1089.5999755859375,1089.5999755859375,1089.9000244140625,1089.0,1089.0999755859375,6323
2026-07-20 07:55:00+00:00,1089.4000244140625,1089.4000244140625,1089.5999755859375,1089.0,1089.199951171875,8849
2026-07-20 07:56:00+00:00,1090.0,1090.0,1090.0999755859375,1089.199951171875,1089.4000244140625,12909
2026-07-20 07:57:00+00:00,1090.199951171875,1090.199951171875,1090.5,1089.800048828125,1090.0,10035
2026-07-20 07:58:00+00:00,1090.0999755859375,1090.0999755859375,1090.699951171875,1090.0999755859375,1090.0999755859375,8971
2026-07-20 07:59:00+00:00,1089.5,1089.5,1090.0999755859375,1089.4000244140625,1090.0999755859375,10566
2026-07-20 08:00:00+00:00,1089.0,1089.0,1090.199951171875,1089.0,1089.5,14845
2026-07-20 08:01:00+00:00,1090.300048828125,1090.300048828125,1090.9000244140625,1089.4000244140625,1089.4000244140625,20840
2026-07-20 08:02:00+00:00,1090.300048828125,1090.300048828125,1090.5999755859375,1090.0999755859375,1090.5999755859375,6071
2026-07-20 08:03:00+00:00,1090.199951171875,1090.199951171875,1090.5,1089.9000244140625,1090.0999755859375,9205
2026-07-20 08:04:00+00:00,1089.4000244140625,1089.4000244140625,1090.800048828125,1089.4000244140625,1090.4000244140625,13780
2026-07-20 08:05:00+00:00,1089.699951171875,1089.699951171875,1090.0,1089.300048828125,1089.4000244140625,12761
2026-07-20 08:06:00+00:00,1090.5,1090.5,1090.800048828125,1089.5999755859375,1089.5999755859375,16215
2026-07-20 08:07:00+00:00,1090.0999755859375,1090.0999755859375,1090.5999755859375,1089.9000244140625,1090.4000244140625,7829
2026-07-20 08:08:00+00:00,1090.0,1090.0,1090.5,1090.0,1090.0,4574
2026-07-20 08:09:00+00:00,1090.5999755859375,1090.5999755859375,1090.9000244140625,1090.0,1090.0,15092
2026-07-20 08:10:00+00:00,1090.699951171875,1090.699951171875,1090.800048828125,1090.199951171875,1090.4000244140625,6034
2026-07-20 08:11:00+00:00,1090.0999755859375,1090.0999755859375,1090.800048828125,1090.0999755859375,1090.699951171875,6516
2026-07-20 08:12:00+00:00,1089.9000244140625,1089.9000244140625,1090.4000244140625,1089.800048828125,1090.199951171875,9464
2026-07-20 08:13:00+00:00,1089.800048828125,1089.800048828125,1090.4000244140625,1089.5999755859375,1089.800048828125,6840
2026-07-20 08:14:00+00:00,1089.5,1089.5,1090.0,1089.300048828125,1089.4000244140625,12700
2026-07-20 08:15:00+00:00,1089.699951171875,1089.699951171875,1090.5,1089.5,1089.5,12912
2026-07-20 08:16:00+00:00,1090.5999755859375,1090.5999755859375,1091.0,1089.5999755859375,1089.5999755859375,14088
2026-07-20 08:17:00+00:00,1091.5,1091.5,1091.5999755859375,1090.4000244140625,1090.9000244140625,10532
2026-07-20 08:18:00+00:00,1091.4000244140625,1091.4000244140625,1091.9000244140625,1091.4000244140625,1091.4000244140625,8880
2026-07-20 08:19:00+00:00,1091.300048828125,1091.300048828125,1091.9000244140625,1091.199951171875,1091.199951171875,8490
2026-07-20 08:20:00+00:00,1091.5999755859375,1091.5999755859375,1091.699951171875,1091.199951171875,1091.5999755859375,9355
2026-07-20 08:21:00+00:00,1090.699951171875,1090.699951171875,1091.4000244140625,1090.699951171875,1091.4000244140625,6659
2026-07-20 08:22:00+00:00,1090.0,1090.0,1090.9000244140625,1090.0,1090.5999755859375,6450
2026-07-20 08:23:00+00:00,1090.0,1090.0,1090.4000244140625,1090.0,1090.199951171875,6598
2026-07-20 08:24:00+00:00,1090.5999755859375,1090.5999755859375,1090.9000244140625,1090.0,1090.0,10353
2026-07-20 08:25:00+00:00,1090.5999755859375,1090.5999755859375,1091.0999755859375,1090.4000244140625,1090.4000244140625,19385
2026-07-20 08:26:00+00:00,1090.0,1090.0,1090.5999755859375,1090.0,1090.199951171875,5146
2026-07-20 08:27:00+00:00,1090.300048828125,1090.300048828125,1090.5999755859375,1089.800048828125,1090.0,6632
2026-07-20 08:28:00+00:00,1090.199951171875,1090.199951171875,1090.699951171875,1090.199951171875,1090.199951171875,5555
2026-07-20 08:29:00+00:00,1089.800048828125,1089.800048828125,1090.300048828125,1089.699951171875,1090.199951171875,6626
2026-07-20 08:30:00+00:00,1089.9000244140625,1089.9000244140625,1089.9000244140625,1089.0,1089.5999755859375,14910
2026-07-20 08:31:00+00:00,1090.199951171875,1090.199951171875,1090.800048828125,1089.800048828125,1089.9000244140625,13266
2026-07-20 08:32:00+00:00,1089.5,1089.5,1090.4000244140625,1089.5,1090.0,8780
2026-07-20 08:33:00+00:00,1090.0,1090.0,1090.199951171875,1089.5,1089.5,6133
2026-07-20 08:34:00+00:00,1090.199951171875,1090.199951171875,1090.300048828125,1089.5999755859375,1090.199951171875,6275
2026-07-20 08:35:00+00:00,1090.199951171875,1090.199951171875,1090.5,1089.9000244140625,1089.9000244140625,6231
2026-07-20 08:36:00+00:00,1090.199951171875,1090.199951171875,1090.5,1089.9000244140625,1090.199951171875,7197
2026-07-20 08:37:00+00:00,1090.0999755859375,1090.0999755859375,1090.5,1089.699951171875,1090.199951171875,7818
2026-07-20 08:38:00+00:00,1090.0,1090.0,1090.5,1090.0,1090.0,6324
2026-07-20 08:39:00+00:00,1089.5,1089.5,1090.4000244140625,1089.4000244140625,1090.0,10596
2026-07-20 08:40:00+00:00,1090.0,1090.0,1090.0,1089.0999755859375,1089.4000244140625,7148
2026-07-20 08:41:00+00:00,1089.800048828125,1089.800048828125,1090.5999755859375,1089.5,1090.0,10403
2026-07-20 08:42:00+00:00,1089.9000244140625,1089.9000244140625,1090.300048828125,1089.699951171875,1090.0999755859375,6928
2026-07-20 08:43:00+00:00,1089.5,1089.5,1090.199951171875,1089.4000244140625,1089.9000244140625,5286
2026-07-20 08:44:00+00:00,1089.699951171875,1089.699951171875,1089.9000244140625,1089.300048828125,1089.5,6075
2026-07-20 08:45:00+00:00,1090.0,1090.0,1090.0999755859375,1089.300048828125,1089.9000244140625,10281
2026-07-20 08:46:00+00:00,1089.9000244140625,1089.9000244140625,1090.300048828125,1089.699951171875,1090.300048828125,5748
2026-07-20 08:47:00+00:00,1090.0999755859375,1090.0999755859375,1090.199951171875,1089.699951171875,1089.699951171875,6202
2026-07-20 08:48:00+00:00,1090.0,1090.0,1090.199951171875,1089.5,1089.9000244140625,6791
2026-07-20 08:49:00+00:00,1090.0999755859375,1090.0999755859375,1090.0999755859375,1089.300048828125,1089.699951171875,9976
2026-07-20 08:50:00+00:00,1089.800048828125,1089.800048828125,1090.0,1089.5,1089.9000244140625,6851
2026-07-20 08:51:00+00:00,1089.5,1089.5,1089.800048828125,1089.5,1089.5999755859375,6399
2026-07-20 08:52:00+00:00,1089.5999755859375,1089.5999755859375,1089.800048828125,1089.5,1089.5,5429
2026-07-20 08:53:00+00:00,1089.699951171875,1089.699951171875,1089.9000244140625,1089.5,1089.5,6782
2026-07-20 08:54:00+00:00,1089.0999755859375,1089.0999755859375,1089.9000244140625,1089.0999755859375,1089.800048828125,9804
2026-07-20 08:55:00+00:00,1089.0999755859375,1089.0999755859375,1089.5,1089.0999755859375,1089.0999755859375,6722
2026-07-20 08:56:00+00:00,1089.300048828125,1089.300048828125,1089.4000244140625,1088.699951171875,1089.0999755859375,5920
2026-07-20 08:57:00+00:00,1089.5,1089.5,1089.5,1088.5999755859375,1089.0,10167
2026-07-20 08:58:00+00:00,1089.4000244140625,1089.4000244140625,1089.5,1089.199951171875,1089.5,5559
2026-07-20 08:59:00+00:00,1089.699951171875,1089.699951171875,1089.800048828125,1089.0,1089.0,8739
2026-07-20 09:00:00+00:00,1089.199951171875,1089.199951171875,1089.800048828125,1089.199951171875,1089.800048828125,6829
2026-07-20 09:01:00+00:00,1089.800048828125,1089.800048828125,1089.9000244140625,1089.0,1089.199951171875,7444
2026-07-20 09:02:00+00:00,1090.0999755859375,1090.0999755859375,1090.300048828125,1089.4000244140625,1089.5999755859375,11129
2026-07-20 09:03:00+00:00,1090.300048828125,1090.300048828125,1090.300048828125,1089.5999755859375,1090.0,10395
2026-07-20 09:04:00+00:00,1090.5,1090.5,1090.5,1089.5999755859375,1090.199951171875,9140
2026-07-20 09:05:00+00:00,1090.0,1090.0,1090.5,1089.699951171875,1090.5,9696
2026-07-20 09:06:00+00:00,1089.199951171875,1089.199951171875,1090.0999755859375,1089.199951171875,1090.0,9164
2026-07-20 09:07:00+00:00,1089.300048828125,1089.300048828125,1089.5999755859375,1088.9000244140625,1089.199951171875,12144
2026-07-20 09:08:00+00:00,1089.5999755859375,1089.5999755859375,1089.5999755859375,1088.5999755859375,1089.199951171875,16443
2026-07-20 09:09:00+00:00,1089.699951171875,1089.699951171875,1089.9000244140625,1089.300048828125,1089.300048828125,13908
2026-07-20 09:10:00+00:00,1089.800048828125,1089.800048828125,1090.0,1089.199951171875,1089.5999755859375,10888
2026-07-20 09:11:00+00:00,1090.800048828125,1090.800048828125,1090.800048828125,1089.699951171875,1089.699951171875,18596
2026-07-20 09:12:00+00:00,1090.5999755859375,1090.5999755859375,1090.9000244140625,1090.300048828125,1090.5,10823
2026-07-20 09:13:00+00:00,1090.4000244140625,1090.4000244140625,1090.800048828125,1090.300048828125,1090.5,12199
2026-07-20 09:14:00+00:00,1090.4000244140625,1090.4000244140625,1090.5,1090.0999755859375,1090.4000244140625,8738
2026-07-20 09:15:00+00:00,1090.5,1090.5,1090.5999755859375,1090.0999755859375,1090.199951171875,8995
2026-07-20 09:16:00+00:00,1090.300048828125,1090.300048828125,1090.5,1090.0999755859375,1090.199951171875,8656
2026-07-20 09:17:00+00:00,1090.0999755859375,1090.0999755859375,1090.5,1090.0,1090.300048828125,8144
2026-07-20 09:18:00+00:00,1090.0,1090.0,1090.4000244140625,1090.0,1090.300048828125,12296
2026-07-20 09:19:00+00:00,1089.9000244140625,1089.9000244140625,1090.199951171875,1089.5,1090.0,8825
2026-07-20 09:20:00+00:00,1090.0,1090.0,1090.300048828125,1089.699951171875,1090.0,8563
2026-07-20 09:21:00+00:00,1090.4000244140625,1090.4000244140625,1090.5,1089.9000244140625,1089.9000244140625,8177
2026-07-20 09:22:00+00:00,1090.5,1090.5,1090.5,1090.0999755859375,1090.4000244140625,7618
2026-07-20 09:23:00+00:00,1090.0,1090.0,1090.5,1090.0,1090.300048828125,6135
2026-07-20 09:24:00+00:00,1089.800048828125,1089.800048828125,1090.5,1089.800048828125,1090.0,6276
2026-07-20 09:25:00+00:00,1090.199951171875,1090.199951171875,1090.5999755859375,1089.699951171875,1089.699951171875,9810
2026-07-20 09:26:00+00:00,1090.199951171875,1090.199951171875,1090.5999755859375,1089.9000244140625,1090.199951171875,8649
2026-07-20 09:27:00+00:00,1090.4000244140625,1090.4000244140625,1090.800048828125,1089.800048828125,1090.199951171875,18850
2026-07-20 09:28:00+00:00,1089.300048828125,1089.300048828125,1090.699951171875,1089.199951171875,1090.300048828125,7574
2026-07-20 09:29:00+00:00,1088.9000244140625,1088.9000244140625,1089.4000244140625,1088.9000244140625,1089.199951171875,6042
2026-07-20 09:30:00+00:00,1086.800048828125,1086.800048828125,1089.199951171875,1086.300048828125,1089.199951171875,49338
2026-07-20 09:31:00+00:00,1087.300048828125,1087.300048828125,1087.5999755859375,1086.800048828125,1086.800048828125,17909
2026-07-20 09:32:00+00:00,1087.300048828125,1087.300048828125,1087.5,1087.0,1087.0,19404
2026-07-20 09:33:00+00:00,1087.300048828125,1087.300048828125,1087.4000244140625,1087.0,1087.300048828125,25404
2026-07-20 09:34:00+00:00,1087.4000244140625,1087.4000244140625,1087.5,1087.199951171875,1087.300048828125,25031
2026-07-20 09:35:00+00:00,1086.800048828125,1086.800048828125,1087.5999755859375,1086.699951171875,1087.5,32979
2026-07-20 09:36:00+00:00,1086.199951171875,1086.199951171875,1087.0999755859375,1085.5,1086.800048828125,39171
2026-07-20 09:37:00+00:00,1086.5,1086.5,1086.800048828125,1086.0,1086.0999755859375,23707
2026-07-20 09:38:00+00:00,1086.800048828125,1086.800048828125,1087.0,1086.4000244140625,1086.5,19060
2026-07-20 09:39:00+00:00,1087.5,1087.5,1087.5,1086.699951171875,1086.800048828125,23668
2026-07-20 09:40:00+00:00,1087.300048828125,1087.300048828125,1087.5,1087.0,1087.4000244140625,30341
2026-07-20 09:41:00+00:00,1085.699951171875,1085.699951171875,1087.300048828125,1085.5,1087.300048828125,38174
2026-07-20 09:42:00+00:00,1086.5,1086.5,1086.5999755859375,1085.699951171875,1085.699951171875,20870
2026-07-20 09:43:00+00:00,1086.5999755859375,1086.5999755859375,1087.0,1086.199951171875,1086.4000244140625,24694
2026-07-20 09:44:00+00:00,1086.699951171875,1086.699951171875,1086.699951171875,1086.199951171875,1086.5999755859375,29787
2026-07-20 09:45:00+00:00,1086.4000244140625,1086.4000244140625,1086.800048828125,1086.300048828125,1086.300048828125,33245
2026-07-20 09:46:00+00:00,1086.699951171875,1086.699951171875,1086.9000244140625,1086.4000244140625,1086.800048828125,22016
2026-07-20 09:47:00+00:00,1087.0999755859375,1087.0999755859375,1087.0999755859375,1086.5999755859375,1086.5999755859375,26528
2026-07-20 09:48:00+00:00,1086.800048828125,1086.800048828125,1087.0999755859375,1086.699951171875,1086.699951171875,35006
2026-07-20 09:49:00+00:00,1087.300048828125,1087.300048828125,1087.800048828125,1086.699951171875,1087.0,40775
2026-07-20 09:50:00+00:00,1087.5,1087.5,1087.5,1087.0999755859375,1087.199951171875,33125
2026-07-20 09:51:00+00:00,1087.4000244140625,1087.4000244140625,1087.5999755859375,1087.0999755859375,1087.199951171875,33168
2026-07-20 09:52:00+00:00,1087.4000244140625,1087.4000244140625,1087.5999755859375,1087.199951171875,1087.5,23843
2026-07-20 09:53:00+00:00,1087.800048828125,1087.800048828125,1088.199951171875,1087.300048828125,1087.4000244140625,37186
2026-07-20 09:54:00+00:00,1088.199951171875,1088.199951171875,1088.300048828125,1087.4000244140625,1087.5,48450
2026-07-20 09:55:00+00:00,1087.699951171875,1087.699951171875,1088.9000244140625,1087.5,1088.199951171875,39372
2026-07-20 09:56:00+00:00,1087.4000244140625,1087.4000244140625,1087.699951171875,1087.199951171875,1087.699951171875,23924
2026-07-20 09:57:00+00:00,1087.199951171875,1087.199951171875,1087.5,1087.0999755859375,1087.0999755859375,36359
2026-07-20 09:58:00+00:00,1087.5,1087.5,1087.5,1086.5,1087.199951171875,32763
2026-07-20 09:59:00+00:00,1087.9000244140625,1087.9000244140625,1087.9000244140625,1086.300048828125,1086.800048828125,34000
2026-07-21 03:45:00+00:00,1087.300048828125,1087.300048828125,1090.5,1083.199951171875,1083.199951171875,0
2026-07-21 03:46:00+00:00,1083.0999755859375,1083.0999755859375,1088.9000244140625,1083.0999755859375,1087.4000244140625,53748
2026-07-21 03:47:00+00:00,1079.9000244140625,1079.9000244140625,1083.4000244140625,1079.9000244140625,1083.199951171875,84695
2026-07-21 03:48:00+00:00,1084.5,1084.5,1084.5,1078.300048828125,1079.0,105982
2026-07-21 03:49:00+00:00,1083.300048828125,1083.300048828125,1084.300048828125,1082.699951171875,1083.9000244140625,41252
2026-07-21 03:50:00+00:00,1084.9000244140625,1084.9000244140625,1085.5999755859375,1083.5,1083.5,36912
2026-07-21 03:51:00+00:00,1086.699951171875,1086.699951171875,1086.699951171875,1084.5999755859375,1084.699951171875,14598
2026-07-21 03:52:00+00:00,1088.199951171875,1088.199951171875,1088.199951171875,1086.5999755859375,1086.699951171875,29830
2026-07-21 03:53:00+00:00,1090.699951171875,1090.699951171875,1091.0,1088.199951171875,1088.5,48419
2026-07-21 03:54:00+00:00,1092.0999755859375,1092.0999755859375,1092.300048828125,1090.0,1091.0,40224
2026-07-21 03:55:00+00:00,1091.9000244140625,1091.9000244140625,1092.699951171875,1090.0999755859375,1091.800048828125,48817
2026-07-21 03:56:00+00:00,1092.300048828125,1092.300048828125,1093.4000244140625,1091.5,1091.800048828125,45321
2026-07-21 03:57:00+00:00,1092.5999755859375,1092.5999755859375,1092.800048828125,1092.0999755859375,1092.300048828125,18355
2026-07-21 03:58:00+00:00,1092.5999755859375,1092.5999755859375,1093.0,1091.699951171875,1091.699951171875,36124
2026-07-21 03:59:00+00:00,1093.800048828125,1093.800048828125,1094.4000244140625,1092.699951171875,1093.0,28160
2026-07-21 04:00:00+00:00,1092.5,1092.5,1094.5,1092.0,1093.9000244140625,31778
2026-07-21 04:01:00+00:00,1091.199951171875,1091.199951171875,1092.300048828125,1090.800048828125,1091.800048828125,36538
2026-07-21 04:02:00+00:00,1090.4000244140625,1090.4000244140625,1091.300048828125,1090.0999755859375,1090.699951171875,19166
2026-07-21 04:03:00+00:00,1088.300048828125,1088.300048828125,1090.4000244140625,1088.300048828125,1090.4000244140625,34072
2026-07-21 04:04:00+00:00,1090.5999755859375,1090.5999755859375,1091.0,1088.5,1088.5999755859375,25665
2026-07-21 04:05:00+00:00,1089.4000244140625,1089.4000244140625,1090.5999755859375,1089.4000244140625,1090.5999755859375,32171
2026-07-21 04:06:00+00:00,1089.4000244140625,1089.4000244140625,1089.4000244140625,1088.699951171875,1089.4000244140625,12008
2026-07-21 04:07:00+00:00,1088.5999755859375,1088.5999755859375,1089.4000244140625,1088.300048828125,1089.4000244140625,10722
2026-07-21 04:08:00+00:00,1087.9000244140625,1087.9000244140625,1088.5,1087.5,1088.5,11988
2026-07-21 04:09:00+00:00,1087.5999755859375,1087.5999755859375,1088.4000244140625,1087.5,1088.4000244140625,10947
2026-07-21 04:10:00+00:00,1085.5999755859375,1085.5999755859375,1087.5999755859375,1085.4000244140625,1087.5999755859375,25407
2026-07-21 04:11:00+00:00,1086.4000244140625,1086.4000244140625,1086.5,1085.199951171875,1086.199951171875,9380
2026-07-21 04:12:00+00:00,1086.699951171875,1086.699951171875,1086.699951171875,1085.0999755859375,1086.300048828125,13747
2026-07-21 04:13:00+00:00,1084.0999755859375,1084.0999755859375,1086.699951171875,1083.199951171875,1086.699951171875,41703
2026-07-21 04:14:00+00:00,1084.5,1084.5,1085.0,1084.0,1084.0999755859375,19654
2026-07-21 04:15:00+00:00,1084.0,1084.0,1084.699951171875,1084.0,1084.5999755859375,10744
2026-07-21 04:16:00+00:00,1082.5999755859375,1082.5999755859375,1084.9000244140625,1082.5999755859375,1084.0999755859375,38980
2026-07-21 04:17:00+00:00,1078.699951171875,1078.699951171875,1083.5999755859375,1078.199951171875,1083.0999755859375,82527
2026-07-21 04:18:00+00:00,1076.800048828125,1076.800048828125,1079.300048828125,1076.4000244140625,1078.699951171875,55331
2026-07-21 04:19:00+00:00,1076.9000244140625,1076.9000244140625,1077.699951171875,1076.300048828125,1076.300048828125,34422
2026-07-21 04:20:00+00:00,1077.9000244140625,1077.9000244140625,1078.5999755859375,1077.0999755859375,1077.0999755859375,31819
2026-07-21 04:21:00+00:00,1079.800048828125,1079.800048828125,1079.800048828125,1078.0,1078.0,22305
2026-07-21 04:22:00+00:00,1080.699951171875,1080.699951171875,1080.9000244140625,1079.4000244140625,1079.800048828125,32930
2026-07-21 04:23:00+00:00,1082.800048828125,1082.800048828125,1082.800048828125,1080.699951171875,1080.800048828125,19534
2026-07-21 04:24:00+00:00,1080.9000244140625,1080.9000244140625,1082.5,1080.5999755859375,1082.199951171875,16897
2026-07-21 04:25:00+00:00,1080.9000244140625,1080.9000244140625,1081.5,1080.199951171875,1080.9000244140625,6667
2026-07-21 04:26:00+00:00,1080.699951171875,1080.699951171875,1081.0999755859375,1079.9000244140625,1080.9000244140625,10512
2026-07-21 04:27:00+00:00,1079.9000244140625,1079.9000244140625,1080.9000244140625,1079.4000244140625,1079.800048828125,18768
2026-07-21 04:28:00+00:00,1079.0,1079.0,1080.0999755859375,1079.0,1080.0,7812
2026-07-21 04:29:00+00:00,1078.0,1078.0,1079.0999755859375,1078.0,1079.0,18235
2026-07-21 04:30:00+00:00,1079.0999755859375,1079.0999755859375,1079.4000244140625,1077.5,1078.5,17221
2026-07-21 04:31:00+00:00,1078.5,1078.5,1079.300048828125,1078.5,1079.0999755859375,3583
2026-07-21 04:32:00+00:00,1078.300048828125,1078.300048828125,1078.9000244140625,1078.0,1078.9000244140625,12242
2026-07-21 04:33:00+00:00,1079.0,1079.0,1079.0,1078.0999755859375,1078.300048828125,9269
2026-07-21 04:34:00+00:00,1079.5999755859375,1079.5999755859375,1079.699951171875,1079.0999755859375,1079.0999755859375,4577
2026-07-21 04:35:00+00:00,1080.300048828125,1080.300048828125,1080.5,1079.300048828125,1079.9000244140625,5816
2026-07-21 04:36:00+00:00,1079.800048828125,1079.800048828125,1080.4000244140625,1079.5999755859375,1080.300048828125,4926
2026-07-21 04:37:00+00:00,1079.9000244140625,1079.9000244140625,1081.4000244140625,1079.9000244140625,1080.4000244140625,10209
2026-07-21 04:38:00+00:00,1079.800048828125,1079.800048828125,1079.9000244140625,1079.300048828125,1079.800048828125,6940
2026-07-21 04:39:00+00:00,1079.4000244140625,1079.4000244140625,1079.9000244140625,1079.199951171875,1079.800048828125,5287
2026-07-21 04:40:00+00:00,1079.800048828125,1079.800048828125,1080.0,1079.5999755859375,1080.0,4157
2026-07-21 04:41:00+00:00,1079.199951171875,1079.199951171875,1079.699951171875,1079.199951171875,1079.5999755859375,2565
2026-07-21 04:42:00+00:00,1080.0,1080.0,1080.0,1079.5999755859375,1079.699951171875,12753
2026-07-21 04:43:00+00:00,1079.699951171875,1079.699951171875,1080.0,1079.300048828125,1080.0,4664
2026-07-21 04:44:00+00:00,1080.0,1080.0,1080.0,1079.5999755859375,1079.9000244140625,3297
2026-07-21 04:45:00+00:00,1079.9000244140625,1079.9000244140625,1080.0,1079.699951171875,1080.0,5852
2026-07-21 04:46:00+00:00,1080.0,1080.0,1080.0,1079.699951171875,1079.9000244140625,7510
2026-07-21 04:47:00+00:00,1079.699951171875,1079.699951171875,1080.199951171875,1079.699951171875,1080.0,5774
2026-07-21 04:48:00+00:00,1080.0,1080.0,1080.0999755859375,1079.800048828125,1080.0,7566
2026-07-21 04:49:00+00:00,1079.5999755859375,1079.5999755859375,1080.0999755859375,1079.5999755859375,1079.699951171875,3608
2026-07-21 04:50:00+00:00,1080.0,1080.0,1080.0999755859375,1079.5999755859375,1079.5999755859375,2831
2026-07-21 04:51:00+00:00,1079.0,1079.0,1080.0,1079.0,1079.9000244140625,24791
2026-07-21 04:52:00+00:00,1078.800048828125,1078.800048828125,1079.0,1078.800048828125,1079.0,4149
2026-07-21 04:53:00+00:00,1074.5,1074.5,1078.0,1074.5,1078.0,111250
2026-07-21 04:54:00+00:00,1072.9000244140625,1072.9000244140625,1075.300048828125,1072.199951171875,1074.300048828125,41151
2026-07-21 04:55:00+00:00,1074.5999755859375,1074.5999755859375,1074.800048828125,1073.0999755859375,1073.300048828125,23750
2026-07-21 04:56:00+00:00,1073.800048828125,1073.800048828125,1075.0,1073.800048828125,1074.800048828125,26072
2026-07-21 04:57:00+00:00,1073.5,1073.5,1073.800048828125,1073.0999755859375,1073.0999755859375,18545
2026-07-21 04:58:00+00:00,1074.199951171875,1074.199951171875,1074.5,1073.0999755859375,1073.5,35610
2026-07-21 04:59:00+00:00,1074.4000244140625,1074.4000244140625,1074.9000244140625,1074.199951171875,1074.199951171875,16380
2026-07-21 05:00:00+00:00,1074.699951171875,1074.699951171875,1074.699951171875,1074.300048828125,1074.699951171875,7479
2026-07-21 05:01:00+00:00,1074.5999755859375,1074.5999755859375,1075.800048828125,1074.5,1074.699951171875,143074
2026-07-21 05:02:00+00:00,1074.300048828125,1074.300048828125,1075.0,1074.300048828125,1074.699951171875,12112
2026-07-21 05:03:00+00:00,1074.300048828125,1074.300048828125,1074.699951171875,1074.0,1074.199951171875,15765
2026-07-21 05:04:00+00:00,1074.5999755859375,1074.5999755859375,1074.699951171875,1074.300048828125,1074.300048828125,5579
2026-07-21 05:05:00+00:00,1074.699951171875,1074.699951171875,1074.699951171875,1074.5,1074.5999755859375,6131
2026-07-21 05:06:00+00:00,1074.5,1074.5,1074.699951171875,1074.300048828125,1074.699951171875,4583
2026-07-21 05:07:00+00:00,1074.4000244140625,1074.4000244140625,1074.5,1074.199951171875,1074.5,10637
2026-07-21 05:08:00+00:00,1074.300048828125,1074.300048828125,1074.5,1074.199951171875,1074.5,12381
2026-07-21 05:09:00+00:00,1073.0999755859375,1073.0999755859375,1074.300048828125,1073.0999755859375,1074.0,17062
2026-07-21 05:10:00+00:00,1074.199951171875,1074.199951171875,1074.199951171875,1073.0,1073.300048828125,10760
2026-07-21 05:11:00+00:00,1072.5999755859375,1072.5999755859375,1074.199951171875,1072.5999755859375,1074.199951171875,8049
2026-07-21 05:12:00+00:00,1072.5999755859375,1072.5999755859375,1073.9000244140625,1072.4000244140625,1073.0,31916
2026-07-21 05:13:00+00:00,1072.800048828125,1072.800048828125,1072.800048828125,1071.699951171875,1072.699951171875,52066
2026-07-21 05:14:00+00:00,1072.699951171875,1072.699951171875,1073.9000244140625,1072.199951171875,1072.9000244140625,15823
2026-07-21 05:15:00+00:00,1072.0,1072.0,1072.699951171875,1071.699951171875,1072.699951171875,19002
2026-07-21 05:16:00+00:00,1072.0,1072.0,1072.5,1071.4000244140625,1072.0,18459
2026-07-21 05:17:00+00:00,1070.0,1070.0,1072.0,1070.0,1071.800048828125,206008
2026-07-21 05:18:00+00:00,1071.5,1071.5,1071.5,1069.800048828125,1070.0,93609
2026-07-21 05:19:00+00:00,1070.5,1070.5,1071.5,1070.300048828125,1071.5,13452
2026-07-21 05:20:00+00:00,1069.0999755859375,1069.0999755859375,1070.9000244140625,1069.0,1070.800048828125,32080
2026-07-21 05:21:00+00:00,1068.0,1068.0,1069.4000244140625,1067.5,1069.0999755859375,42366
2026-07-21 05:22:00+00:00,1067.9000244140625,1067.9000244140625,1068.0,1067.199951171875,1068.0,18080
2026-07-21 05:23:00+00:00,1068.0,1068.0,1068.0,1067.5999755859375,1067.800048828125,15908
2026-07-21 05:24:00+00:00,1067.800048828125,1067.800048828125,1068.4000244140625,1067.5,1068.4000244140625,12694
2026-07-21 05:25:00+00:00,1068.0,1068.0,1068.199951171875,1067.5,1067.800048828125,9876
2026-07-21 05:26:00+00:00,1069.0,1069.0,1069.5,1067.5999755859375,1068.0,23022
2026-07-21 05:27:00+00:00,1068.0,1068.0,1069.0,1068.0,1069.0,21456
2026-07-21 05:28:00+00:00,1068.0,1068.0,1068.0,1067.699951171875,1068.0,8888
2026-07-21 05:29:00+00:00,1068.0,1068.0,1068.0,1067.699951171875,1067.699951171875,28848
2026-07-21 05:30:00+00:00,1069.699951171875,1069.699951171875,1069.9000244140625,1067.5999755859375,1067.9000244140625,12876
2026-07-21 05:31:00+00:00,1070.9000244140625,1070.9000244140625,1070.9000244140625,1069.5,1069.699951171875,8814
2026-07-21 05:32:00+00:00,1072.300048828125,1072.300048828125,1072.300048828125,1070.699951171875,1070.800048828125,35043
2026-07-21 05:33:00+00:00,1072.699951171875,1072.699951171875,1073.0,1072.0,1072.300048828125,27820
2026-07-21 05:34:00+00:00,1073.5999755859375,1073.5999755859375,1073.5999755859375,1072.300048828125,1072.699951171875,13059
2026-07-21 05:35:00+00:00,1073.800048828125,1073.800048828125,1074.0,1073.0,1073.699951171875,14421
2026-07-21 05:36:00+00:00,1074.699951171875,1074.699951171875,1074.800048828125,1073.699951171875,1074.0,21941
2026-07-21 05:37:00+00:00,1075.4000244140625,1075.4000244140625,1075.5,1074.699951171875,1074.9000244140625,27444
2026-07-21 05:38:00+00:00,1075.300048828125,1075.300048828125,1075.4000244140625,1075.0999755859375,1075.4000244140625,13944
2026-07-21 05:39:00+00:00,1075.300048828125,1075.300048828125,1075.300048828125,1075.0999755859375,1075.300048828125,27410
2026-07-21 05:40:00+00:00,1076.199951171875,1076.199951171875,1076.199951171875,1075.199951171875,1075.300048828125,17451
2026-07-21 05:41:00+00:00,1076.300048828125,1076.300048828125,1077.0,1076.0,1076.199951171875,48821
2026-07-21 05:42:00+00:00,1076.5,1076.5,1076.5,1075.199951171875,1076.300048828125,18434
2026-07-21 05:43:00+00:00,1076.699951171875,1076.699951171875,1076.699951171875,1076.199951171875,1076.4000244140625,11056
2026-07-21 05:44:00+00:00,1075.699951171875,1075.699951171875,1076.800048828125,1075.699951171875,1076.699951171875,17771
2026-07-21 05:45:00+00:00,1076.800048828125,1076.800048828125,1076.9000244140625,1076.0,1076.0,22380
2026-07-21 05:46:00+00:00,1077.5,1077.5,1078.0,1076.699951171875,1076.800048828125,41117
2026-07-21 05:47:00+00:00,1076.9000244140625,1076.9000244140625,1077.5999755859375,1076.699951171875,1077.5,14989
2026-07-21 05:48:00+00:00,1076.699951171875,1076.699951171875,1076.9000244140625,1076.199951171875,1076.9000244140625,11330
2026-07-21 05:49:00+00:00,1076.699951171875,1076.699951171875,1076.800048828125,1076.5,1076.5999755859375,7915
2026-07-21 05:50:00+00:00,1076.4000244140625,1076.4000244140625,1077.0,1076.4000244140625,1076.699951171875,13362
2026-07-21 05:51:00+00:00,1076.5999755859375,1076.5999755859375,1076.5999755859375,1076.4000244140625,1076.4000244140625,9160
2026-07-21 05:52:00+00:00,1076.0999755859375,1076.0999755859375,1076.199951171875,1076.0999755859375,1076.199951171875,6749
2026-07-21 05:53:00+00:00,1075.9000244140625,1075.9000244140625,1076.0999755859375,1075.199951171875,1076.0,17216
2026-07-21 05:54:00+00:00,1076.4000244140625,1076.4000244140625,1076.4000244140625,1075.9000244140625,1076.0999755859375,13022
2026-07-21 05:55:00+00:00,1077.0,1077.0,1077.0999755859375,1076.4000244140625,1076.5,18509
2026-07-21 05:56:00+00:00,1077.300048828125,1077.300048828125,1077.5999755859375,1076.4000244140625,1076.5999755859375,14158
2026-07-21 05:57:00+00:00,1075.5999755859375,1075.5999755859375,1077.4000244140625,1075.5,1077.300048828125,21104
2026-07-21 05:58:00+00:00,1076.0,1076.0,1076.199951171875,1075.199951171875,1075.5,12784
2026-07-21 05:59:00+00:00,1075.5,1075.5,1076.300048828125,1075.5,1076.0,5832
2026-07-21 06:00:00+00:00,1075.800048828125,1075.800048828125,1076.199951171875,1075.4000244140625,1075.800048828125,13864
2026-07-21 06:01:00+00:00,1075.199951171875,1075.199951171875,1076.0,1075.199951171875,1075.5,10297
2026-07-21 06:02:00+00:00,1075.4000244140625,1075.4000244140625,1075.5999755859375,1075.0999755859375,1075.5999755859375,10529
2026-07-21 06:03:00+00:00,1075.5999755859375,1075.5999755859375,1076.0999755859375,1075.4000244140625,1075.5,20311
2026-07-21 06:04:00+00:00,1076.4000244140625,1076.4000244140625,1076.5,1075.4000244140625,1075.9000244140625,11236
2026-07-21 06:05:00+00:00,1076.5,1076.5,1076.9000244140625,1076.0999755859375,1076.300048828125,14223
2026-07-21 06:06:00+00:00,1076.300048828125,1076.300048828125,1076.9000244140625,1076.0999755859375,1076.0999755859375,7618
2026-07-21 06:07:00+00:00,1074.699951171875,1074.699951171875,1076.300048828125,1074.5,1076.300048828125,31951
2026-07-21 06:08:00+00:00,1075.300048828125,1075.300048828125,1075.4000244140625,1074.699951171875,1074.699951171875,10332
2026-07-21 06:09:00+00:00,1075.4000244140625,1075.4000244140625,1075.5999755859375,1075.0,1075.4000244140625,5015
2026-07-21 06:10:00+00:00,1074.699951171875,1074.699951171875,1075.5,1074.5999755859375,1075.5,11580
2026-07-21 06:11:00+00:00,1075.699951171875,1075.699951171875,1075.9000244140625,1074.4000244140625,1074.5999755859375,18933
2026-07-21 06:12:00+00:00,1075.699951171875,1075.699951171875,1075.9000244140625,1075.300048828125,1075.699951171875,6855
2026-07-21 06:13:00+00:00,1075.4000244140625,1075.4000244140625,1075.699951171875,1075.199951171875,1075.699951171875,6889
2026-07-21 06:14:00+00:00,1075.300048828125,1075.300048828125,1075.699951171875,1075.199951171875,1075.4000244140625,7249
2026-07-21 06:15:00+00:00,1075.5999755859375,1075.5999755859375,1075.9000244140625,1075.300048828125,1075.300048828125,12416
2026-07-21 06:16:00+00:00,1075.4000244140625,1075.4000244140625,1075.5999755859375,1075.0,1075.5999755859375,7073
2026-07-21 06:17:00+00:00,1075.300048828125,1075.300048828125,1075.9000244140625,1075.300048828125,1075.5,9484
2026-07-21 06:18:00+00:00,1075.5,1075.5,1075.5999755859375,1075.0999755859375,1075.5999755859375,12698
2026-07-21 06:19:00+00:00,1075.699951171875,1075.699951171875,1076.0,1075.4000244140625,1075.5,8201
2026-07-21 06:20:00+00:00,1075.5,1075.5,1075.800048828125,1075.4000244140625,1075.699951171875,9855
2026-07-21 06:21:00+00:00,1076.0,1076.0,1076.0999755859375,1075.5999755859375,1075.699951171875,9819
2026-07-21 06:22:00+00:00,1076.5,1076.5,1076.5,1076.0,1076.0999755859375,14626
2026-07-21 06:23:00+00:00,1076.800048828125,1076.800048828125,1076.9000244140625,1076.300048828125,1076.300048828125,9740
2026-07-21 06:24:00+00:00,1076.5999755859375,1076.5999755859375,1077.0,1076.5999755859375,1076.9000244140625,15010
2026-07-21 06:25:00+00:00,1077.5,1077.5,1077.699951171875,1076.9000244140625,1076.9000244140625,58184
2026-07-21 06:26:00+00:00,1078.300048828125,1078.300048828125,1078.5,1077.4000244140625,1077.699951171875,16144
2026-07-21 06:27:00+00:00,1078.4000244140625,1078.4000244140625,1078.5,1078.199951171875,1078.5,13742
2026-07-21 06:28:00+00:00,1077.4000244140625,1077.4000244140625,1078.5,1077.0999755859375,1078.5,13677
2026-07-21 06:29:00+00:00,1077.4000244140625,1077.4000244140625,1077.699951171875,1077.0,1077.0,10225
2026-07-21 06:30:00+00:00,1077.699951171875,1077.699951171875,1077.9000244140625,1077.0999755859375,1077.4000244140625,11995
2026-07-21 06:31:00+00:00,1077.9000244140625,1077.9000244140625,1077.9000244140625,1077.4000244140625,1077.5999755859375,14100
2026-07-21 06:32:00+00:00,1077.9000244140625,1077.9000244140625,1078.0,1077.4000244140625,1077.9000244140625,9889
2026-07-21 06:33:00+00:00,1077.4000244140625,1077.4000244140625,1078.4000244140625,1077.4000244140625,1077.9000244140625,14578
2026-07-21 06:34:00+00:00,1077.699951171875,1077.699951171875,1078.0,1077.0999755859375,1077.5999755859375,12572
2026-07-21 06:35:00+00:00,1077.800048828125,1077.800048828125,1078.0999755859375,1077.5,1077.699951171875,10105
2026-07-21 06:36:00+00:00,1077.300048828125,1077.300048828125,1077.5999755859375,1077.0,1077.5999755859375,10208
2026-07-21 06:37:00+00:00,1077.300048828125,1077.300048828125,1077.5,1076.699951171875,1077.0999755859375,12120
2026-07-21 06:38:00+00:00,1077.199951171875,1077.199951171875,1077.4000244140625,1076.9000244140625,1077.300048828125,6307
2026-07-21 06:39:00+00:00,1077.0999755859375,1077.0999755859375,1077.4000244140625,1076.9000244140625,1077.0,8148
2026-07-21 06:40:00+00:00,1076.699951171875,1076.699951171875,1077.300048828125,1076.5999755859375,1077.0999755859375,6472
2026-07-21 06:41:00+00:00,1077.0,1077.0,1077.0999755859375,1076.5,1076.9000244140625,9524
2026-07-21 06:42:00+00:00,1076.9000244140625,1076.9000244140625,1077.0,1076.5,1076.699951171875,12356
2026-07-21 06:43:00+00:00,1077.0,1077.0,1077.0,1076.699951171875,1076.699951171875,7191
2026-07-21 06:44:00+00:00,1076.699951171875,1076.699951171875,1076.9000244140625,1076.4000244140625,1076.9000244140625,9279
2026-07-21 06:45:00+00:00,1076.300048828125,1076.300048828125,1076.800048828125,1076.0,1076.5,13809
2026-07-21 06:46:00+00:00,1074.0999755859375,1074.0999755859375,1076.9000244140625,1074.0,1076.699951171875,37554
2026-07-21 06:47:00+00:00,1073.4000244140625,1073.4000244140625,1075.0,1073.199951171875,1074.4000244140625,12338
2026-07-21 06:48:00+00:00,1072.800048828125,1072.800048828125,1074.0,1072.699951171875,1073.300048828125,24840
2026-07-21 06:49:00+00:00,1074.300048828125,1074.300048828125,1074.4000244140625,1072.5999755859375,1073.0,9425
2026-07-21 06:50:00+00:00,1074.300048828125,1074.300048828125,1075.0999755859375,1074.300048828125,1074.300048828125,7511
2026-07-21 06:51:00+00:00,1074.4000244140625,1074.4000244140625,1074.5999755859375,1074.0999755859375,1074.5,6036
2026-07-21 06:52:00+00:00,1075.0,1075.0,1075.0999755859375,1074.5,1074.699951171875,12839
2026-07-21 06:53:00+00:00,1074.4000244140625,1074.4000244140625,1075.0999755859375,1074.300048828125,1075.0999755859375,12325
2026-07-21 06:54:00+00:00,1073.800048828125,1073.800048828125,1074.5,1073.5,1074.4000244140625,42469
2026-07-21 06:55:00+00:00,1073.300048828125,1073.300048828125,1074.4000244140625,1073.0999755859375,1074.0999755859375,27740
2026-07-21 06:56:00+00:00,1073.9000244140625,1073.9000244140625,1074.0,1073.0999755859375,1073.300048828125,7867
2026-07-21 06:57:00+00:00,1072.0999755859375,1072.0999755859375,1074.0,1071.9000244140625,1073.9000244140625,31169
2026-07-21 06:58:00+00:00,1072.9000244140625,1072.9000244140625,1073.300048828125,1071.699951171875,1071.699951171875,16435
2026-07-21 06:59:00+00:00,1072.0999755859375,1072.0999755859375,1073.0,1072.0999755859375,1072.800048828125,10505
2026-07-21 07:00:00+00:00,1071.9000244140625,1071.9000244140625,1072.4000244140625,1071.699951171875,1072.199951171875,18932
2026-07-21 07:01:00+00:00,1071.800048828125,1071.800048828125,1072.4000244140625,1071.699951171875,1071.800048828125,13920
2026-07-21 07:02:00+00:00,1071.0999755859375,1071.0999755859375,1072.0999755859375,1071.0,1071.699951171875,25584
2026-07-21 07:03:00+00:00,1071.199951171875,1071.199951171875,1071.199951171875,1070.4000244140625,1071.199951171875,53763
2026-07-21 07:04:00+00:00,1071.0,1071.0,1071.300048828125,1070.5,1071.0,35687
2026-07-21 07:05:00+00:00,1070.800048828125,1070.800048828125,1071.0,1070.199951171875,1071.0,24625
2026-07-21 07:06:00+00:00,1070.300048828125,1070.300048828125,1070.800048828125,1070.0999755859375,1070.4000244140625,17775
2026-07-21 07:07:00+00:00,1070.699951171875,1070.699951171875,1071.0999755859375,1070.0999755859375,1070.0999755859375,27574
2026-07-21 07:08:00+00:00,1071.9000244140625,1071.9000244140625,1072.0999755859375,1070.4000244140625,1070.4000244140625,19964
2026-07-21 07:09:00+00:00,1070.5999755859375,1070.5999755859375,1071.800048828125,1070.5,1071.800048828125,24246
2026-07-21 07:10:00+00:00,1070.5999755859375,1070.5999755859375,1071.0,1070.199951171875,1070.5,16251
2026-07-21 07:11:00+00:00,1070.199951171875,1070.199951171875,1070.699951171875,1070.0999755859375,1070.5999755859375,14290
2026-07-21 07:12:00+00:00,1069.9000244140625,1069.9000244140625,1070.300048828125,1069.5999755859375,1070.199951171875,32756
2026-07-21 07:13:00+00:00,1069.5999755859375,1069.5999755859375,1070.300048828125,1069.5999755859375,1070.0,16429
2026-07-21 07:14:00+00:00,1069.5999755859375,1069.5999755859375,1069.9000244140625,1069.0,1069.699951171875,27667
2026-07-21 07:15:00+00:00,1069.5999755859375,1069.5999755859375,1070.0,1069.0999755859375,1069.0999755859375,19807
2026-07-21 07:16:00+00:00,1069.5999755859375,1069.5999755859375,1070.0,1069.300048828125,1069.699951171875,23327
2026-07-21 07:17:00+00:00,1070.0999755859375,1070.0999755859375,1070.0999755859375,1069.5999755859375,1070.0,18083
2026-07-21 07:18:00+00:00,1070.300048828125,1070.300048828125,1070.699951171875,1070.0,1070.4000244140625,15361
2026-07-21 07:19:00+00:00,1071.0,1071.0,1071.0,1070.199951171875,1070.199951171875,20532
2026-07-21 07:20:00+00:00,1070.199951171875,1070.199951171875,1070.800048828125,1070.0999755859375,1070.800048828125,15321
2026-07-21 07:21:00+00:00,1070.5,1070.5,1070.9000244140625,1070.199951171875,1070.300048828125,13107
2026-07-21 07:22:00+00:00,1070.699951171875,1070.699951171875,1071.300048828125,1070.300048828125,1070.5999755859375,16426
2026-07-21 07:23:00+00:00,1071.4000244140625,1071.4000244140625,1071.4000244140625,1070.800048828125,1070.9000244140625,11557
2026-07-21 07:24:00+00:00,1072.0,1072.0,1072.4000244140625,1071.199951171875,1071.199951171875,17384
2026-07-21 07:25:00+00:00,1071.800048828125,1071.800048828125,1072.699951171875,1071.800048828125,1072.5,19886
2026-07-21 07:26:00+00:00,1072.300048828125,1072.300048828125,1072.300048828125,1071.5999755859375,1071.800048828125,11338
2026-07-21 07:27:00+00:00,1072.199951171875,1072.199951171875,1072.5999755859375,1071.800048828125,1072.199951171875,12544
2026-07-21 07:28:00+00:00,1072.0999755859375,1072.0999755859375,1072.5999755859375,1071.800048828125,1072.199951171875,13657
2026-07-21 07:29:00+00:00,1071.5,1071.5,1072.300048828125,1071.300048828125,1072.0999755859375,16335
2026-07-21 07:30:00+00:00,1071.0,1071.0,1072.0999755859375,1071.0,1071.5999755859375,13651
2026-07-21 07:31:00+00:00,1071.9000244140625,1071.9000244140625,1072.0,1070.699951171875,1071.199951171875,21858
2026-07-21 07:32:00+00:00,1071.5999755859375,1071.5999755859375,1072.0,1071.5,1071.9000244140625,13559
2026-07-21 07:33:00+00:00,1071.0999755859375,1071.0999755859375,1071.699951171875,1070.9000244140625,1071.5999755859375,24181
2026-07-21 07:34:00+00:00,1071.5,1071.5,1071.9000244140625,1071.0999755859375,1071.0999755859375,19060
2026-07-21 07:35:00+00:00,1071.800048828125,1071.800048828125,1072.5,1071.5,1071.5,15353
2026-07-21 07:36:00+00:00,1072.199951171875,1072.199951171875,1072.5,1071.699951171875,1071.9000244140625,15234
2026-07-21 07:37:00+00:00,1072.4000244140625,1072.4000244140625,1073.0999755859375,1072.0999755859375,1072.0999755859375,20023
2026-07-21 07:38:00+00:00,1072.5,1072.5,1072.699951171875,1072.0,1072.300048828125,13186
2026-07-21 07:39:00+00:00,1071.9000244140625,1071.9000244140625,1072.800048828125,1071.5,1072.4000244140625,21995
2026-07-21 07:40:00+00:00,1071.9000244140625,1071.9000244140625,1072.5,1071.5,1071.9000244140625,12844
2026-07-21 07:41:00+00:00,1072.0,1072.0,1072.300048828125,1071.5999755859375,1072.0,18274
2026-07-21 07:42:00+00:00,1071.699951171875,1071.699951171875,1072.199951171875,1071.300048828125,1071.9000244140625,14419
2026-07-21 07:43:00+00:00,1071.300048828125,1071.300048828125,1072.0999755859375,1071.0,1071.4000244140625,15840
2026-07-21 07:44:00+00:00,1070.699951171875,1070.699951171875,1071.5,1070.4000244140625,1071.199951171875,17123
2026-07-21 07:45:00+00:00,1070.800048828125,1070.800048828125,1071.199951171875,1070.5,1070.5999755859375,16212
2026-07-21 07:46:00+00:00,1071.300048828125,1071.300048828125,1071.5999755859375,1070.699951171875,1070.9000244140625,12521
2026-07-21 07:47:00+00:00,1071.0,1071.0,1071.4000244140625,1070.699951171875,1071.0,13469
2026-07-21 07:48:00+00:00,1070.5,1070.5,1071.0999755859375,1070.300048828125,1071.0,14419
2026-07-21 07:49:00+00:00,1070.0,1070.0,1070.800048828125,1070.0,1070.5,11284
2026-07-21 07:50:00+00:00,1070.0,1070.0,1070.199951171875,1069.5999755859375,1070.0,13700
2026-07-21 07:51:00+00:00,1069.9000244140625,1069.9000244140625,1070.199951171875,1069.5999755859375,1070.0,12038
2026-07-21 07:52:00+00:00,1069.699951171875,1069.699951171875,1070.0,1069.699951171875,1070.0,10772
2026-07-21 07:53:00+00:00,1069.699951171875,1069.699951171875,1070.0,1069.300048828125,1069.800048828125,11038
2026-07-21 07:54:00+00:00,1069.9000244140625,1069.9000244140625,1070.0,1069.199951171875,1070.0,14588
2026-07-21 07:55:00+00:00,1069.699951171875,1069.699951171875,1070.0,1069.5999755859375,1069.9000244140625,10567
2026-07-21 07:56:00+00:00,1070.0999755859375,1070.0999755859375,1070.4000244140625,1069.5999755859375,1069.699951171875,17108
2026-07-21 07:57:00+00:00,1070.0,1070.0,1070.5,1069.5999755859375,1070.4000244140625,15118
2026-07-21 07:58:00+00:00,1069.9000244140625,1069.9000244140625,1070.5999755859375,1069.9000244140625,1070.0,12311
2026-07-21 07:59:00+00:00,1070.0,1070.0,1070.0,1069.0999755859375,1070.0,22036
2026-07-21 08:00:00+00:00,1069.699951171875,1069.699951171875,1070.0,1069.5,1070.0,13711
2026-07-21 08:01:00+00:00,1070.5999755859375,1070.5999755859375,1070.800048828125,1069.9000244140625,1070.0,18033
2026-07-21 08:02:00+00:00,1071.300048828125,1071.300048828125,1071.5,1070.4000244140625,1070.5999755859375,17614
2026-07-21 08:03:00+00:00,1071.0,1071.0,1071.5,1070.699951171875,1071.4000244140625,11803
2026-07-21 08:04:00+00:00,1071.199951171875,1071.199951171875,1071.5,1070.9000244140625,1071.199951171875,14439
2026-07-21 08:05:00+00:00,1071.300048828125,1071.300048828125,1071.5,1070.9000244140625,1071.300048828125,14648
2026-07-21 08:06:00+00:00,1072.199951171875,1072.199951171875,1072.300048828125,1071.0999755859375,1071.0999755859375,24928
2026-07-21 08:07:00+00:00,1072.0,1072.0,1072.800048828125,1071.800048828125,1072.4000244140625,25373
2026-07-21 08:08:00+00:00,1072.199951171875,1072.199951171875,1072.800048828125,1072.0999755859375,1072.300048828125,20253
2026-07-21 08:09:00+00:00,1071.699951171875,1071.699951171875,1072.800048828125,1071.5999755859375,1072.5,19324
2026-07-21 08:10:00+00:00,1071.9000244140625,1071.9000244140625,1072.699951171875,1071.800048828125,1072.0,17146
2026-07-21 08:11:00+00:00,1071.0999755859375,1071.0999755859375,1072.0,1070.5,1072.0,52494
2026-07-21 08:12:00+00:00,1071.0999755859375,1071.0999755859375,1071.199951171875,1070.9000244140625,1071.0,14177
2026-07-21 08:13:00+00:00,1071.0,1071.0,1071.199951171875,1070.699951171875,1071.0999755859375,15299
2026-07-21 08:14:00+00:00,1070.800048828125,1070.800048828125,1071.300048828125,1070.699951171875,1071.0,12685
2026-07-21 08:15:00+00:00,1071.4000244140625,1071.4000244140625,1071.800048828125,1070.699951171875,1070.800048828125,17277
2026-07-21 08:16:00+00:00,1071.300048828125,1071.300048828125,1071.5999755859375,1071.0,1071.300048828125,12864
2026-07-21 08:17:00+00:00,1071.4000244140625,1071.4000244140625,1071.699951171875,1071.0,1071.0999755859375,13532
2026-07-21 08:18:00+00:00,1071.9000244140625,1071.9000244140625,1072.0999755859375,1071.300048828125,1071.5,28019
2026-07-21 08:19:00+00:00,1071.199951171875,1071.199951171875,1071.9000244140625,1070.800048828125,1071.9000244140625,32962
2026-07-21 08:20:00+00:00,1071.4000244140625,1071.4000244140625,1072.4000244140625,1071.300048828125,1071.5999755859375,37542
2026-07-21 08:21:00+00:00,1071.0,1071.0,1071.4000244140625,1070.5,1071.4000244140625,23256
2026-07-21 08:22:00+00:00,1071.0999755859375,1071.0999755859375,1071.4000244140625,1070.699951171875,1071.0,12518
2026-07-21 08:23:00+00:00,1071.199951171875,1071.199951171875,1071.800048828125,1071.0,1071.0999755859375,24754
2026-07-21 08:24:00+00:00,1071.5,1071.5,1072.0999755859375,1071.199951171875,1071.300048828125,15295
2026-07-21 08:25:00+00:00,1071.199951171875,1071.199951171875,1071.5,1071.0,1071.4000244140625,25476
2026-07-21 08:26:00+00:00,1071.5,1071.5,1071.699951171875,1071.0999755859375,1071.199951171875,29962
2026-07-21 08:27:00+00:00,1071.4000244140625,1071.4000244140625,1071.800048828125,1071.199951171875,1071.199951171875,23620
2026-07-21 08:28:00+00:00,1071.4000244140625,1071.4000244140625,1071.9000244140625,1071.4000244140625,1071.5,23454
2026-07-21 08:29:00+00:00,1070.9000244140625,1070.9000244140625,1071.5999755859375,1070.9000244140625,1071.5,23926
2026-07-21 08:30:00+00:00,1071.5999755859375,1071.5999755859375,1071.699951171875,1071.0,1071.0,15426
2026-07-21 08:31:00+00:00,1071.800048828125,1071.800048828125,1072.0,1071.4000244140625,1071.4000244140625,18977
2026-07-21 08:32:00+00:00,1072.0999755859375,1072.0999755859375,1072.300048828125,1071.699951171875,1072.0,17796
2026-07-21 08:33:00+00:00,1072.0,1072.0,1072.4000244140625,1071.9000244140625,1072.0,14435
2026-07-21 08:34:00+00:00,1072.0,1072.0,1072.0999755859375,1072.0,1072.0999755859375,17310
2026-07-21 08:35:00+00:00,1071.800048828125,1071.800048828125,1072.4000244140625,1071.699951171875,1071.9000244140625,20747
2026-07-21 08:36:00+00:00,1071.4000244140625,1071.4000244140625,1072.0999755859375,1071.300048828125,1071.9000244140625,16353
2026-07-21 08:37:00+00:00,1071.0999755859375,1071.0999755859375,1071.699951171875,1071.0,1071.4000244140625,23339
2026-07-21 08:38:00+00:00,1070.5,1070.5,1071.199951171875,1070.5,1071.0999755859375,23929
2026-07-21 08:39:00+00:00,1070.300048828125,1070.300048828125,1070.5999755859375,1070.0999755859375,1070.5,21717
2026-07-21 08:40:00+00:00,1070.5,1070.5,1070.800048828125,1070.300048828125,1070.800048828125,17087
2026-07-21 08:41:00+00:00,1070.5999755859375,1070.5999755859375,1071.300048828125,1070.4000244140625,1070.5,16546
2026-07-21 08:42:00+00:00,1070.699951171875,1070.699951171875,1070.800048828125,1070.4000244140625,1070.699951171875,18938
2026-07-21 08:43:00+00:00,1070.9000244140625,1070.9000244140625,1071.199951171875,1070.5,1070.699951171875,18183
2026-07-21 08:44:00+00:00,1071.300048828125,1071.300048828125,1071.4000244140625,1071.0,1071.0,15219
2026-07-21 08:45:00+00:00,1071.5999755859375,1071.5999755859375,1071.9000244140625,1071.199951171875,1071.199951171875,15013
2026-07-21 08:46:00+00:00,1071.4000244140625,1071.4000244140625,1071.699951171875,1071.4000244140625,1071.5999755859375,17863
2026-07-21 08:47:00+00:00,1072.0999755859375,1072.0999755859375,1072.5,1071.5999755859375,1071.9000244140625,26066
2026-07-21 08:48:00+00:00,1071.699951171875,1071.699951171875,1072.4000244140625,1071.300048828125,1072.300048828125,28576
2026-07-21 08:49:00+00:00,1071.4000244140625,1071.4000244140625,1071.5999755859375,1071.0,1071.4000244140625,40542
2026-07-21 08:50:00+00:00,1072.300048828125,1072.300048828125,1072.5,1071.300048828125,1071.300048828125,40605
2026-07-21 08:51:00+00:00,1072.5999755859375,1072.5999755859375,1072.800048828125,1072.199951171875,1072.5,41286
2026-07-21 08:52:00+00:00,1072.800048828125,1072.800048828125,1074.0,1072.5,1072.5,44937
2026-07-21 08:53:00+00:00,1072.699951171875,1072.699951171875,1073.199951171875,1072.699951171875,1072.800048828125,26547
2026-07-21 08:54:00+00:00,1072.800048828125,1072.800048828125,1073.199951171875,1072.5999755859375,1072.9000244140625,16983
2026-07-21 08:55:00+00:00,1072.0,1072.0,1073.0,1071.9000244140625,1072.9000244140625,23266
2026-07-21 08:56:00+00:00,1071.9000244140625,1071.9000244140625,1072.5,1071.9000244140625,1072.0,17617
2026-07-21 08:57:00+00:00,1072.300048828125,1072.300048828125,1072.699951171875,1071.9000244140625,1072.0,33834
2026-07-21 08:58:00+00:00,1072.300048828125,1072.300048828125,1072.5999755859375,1071.800048828125,1072.5,26153
2026-07-21 08:59:00+00:00,1071.699951171875,1071.699951171875,1072.5999755859375,1071.5999755859375,1072.300048828125,24399
2026-07-21 09:00:00+00:00,1071.5,1071.5,1071.699951171875,1071.300048828125,1071.300048828125,21723
2026-07-21 09:01:00+00:00,1071.9000244140625,1071.9000244140625,1072.300048828125,1071.4000244140625,1071.699951171875,26977
2026-07-21 09:02:00+00:00,1071.5999755859375,1071.5999755859375,1072.0999755859375,1071.5,1071.800048828125,45575
2026-07-21 09:03:00+00:00,1071.5,1071.5,1072.0999755859375,1071.5,1071.5999755859375,35640
2026-07-21 09:04:00+00:00,1071.4000244140625,1071.4000244140625,1071.5999755859375,1071.199951171875,1071.5999755859375,36908
2026-07-21 09:05:00+00:00,1070.9000244140625,1070.9000244140625,1071.4000244140625,1070.0999755859375,1071.4000244140625,75448
2026-07-21 09:06:00+00:00,1070.0999755859375,1070.0999755859375,1071.5,1070.0,1071.0,46727
2026-07-21 09:07:00+00:00,1069.199951171875,1069.199951171875,1070.0999755859375,1069.199951171875,1070.0999755859375,58146
2026-07-21 09:08:00+00:00,1069.9000244140625,1069.9000244140625,1070.0,1069.199951171875,1069.5,35129
2026-07-21 09:09:00+00:00,1070.199951171875,1070.199951171875,1070.300048828125,1069.800048828125,1070.0,21707
2026-07-21 09:10:00+00:00,1069.699951171875,1069.699951171875,1070.5999755859375,1069.5,1070.0,33857
2026-07-21 09:11:00+00:00,1070.300048828125,1070.300048828125,1070.5,1069.800048828125,1069.9000244140625,30004
2026-07-21 09:12:00+00:00,1070.4000244140625,1070.4000244140625,1070.5999755859375,1070.0,1070.4000244140625,20951
2026-07-21 09:13:00+00:00,1070.0999755859375,1070.0999755859375,1070.5,1070.0999755859375,1070.300048828125,22134
2026-07-21 09:14:00+00:00,1070.4000244140625,1070.4000244140625,1070.9000244140625,1070.300048828125,1070.5999755859375,25914
2026-07-21 09:15:00+00:00,1070.699951171875,1070.699951171875,1070.9000244140625,1070.4000244140625,1070.5999755859375,24870
2026-07-21 09:16:00+00:00,1070.199951171875,1070.199951171875,1071.0,1070.199951171875,1070.9000244140625,37863
2026-07-21 09:17:00+00:00,1069.5999755859375,1069.5999755859375,1070.4000244140625,1069.5999755859375,1070.199951171875,53546
2026-07-21 09:18:00+00:00,1071.0,1071.0,1071.0,1069.5999755859375,1069.5999755859375,49944
2026-07-21 09:19:00+00:00,1071.4000244140625,1071.4000244140625,1071.4000244140625,1070.300048828125,1071.0,36475
2026-07-21 09:20:00+00:00,1071.0,1071.0,1071.4000244140625,1070.5999755859375,1071.4000244140625,47078
2026-07-21 09:21:00+00:00,1071.5,1071.5,1071.800048828125,1071.0,1071.0999755859375,49369
2026-07-21 09:22:00+00:00,1071.0,1071.0,1071.5,1071.0,1071.5,50767
2026-07-21 09:23:00+00:00,1071.9000244140625,1071.9000244140625,1071.9000244140625,1071.0,1071.0,40125
2026-07-21 09:24:00+00:00,1073.0,1073.0,1073.0999755859375,1071.800048828125,1072.0,43839
2026-07-21 09:25:00+00:00,1073.199951171875,1073.199951171875,1073.199951171875,1072.699951171875,1073.0,45240
2026-07-21 09:26:00+00:00,1073.699951171875,1073.699951171875,1073.9000244140625,1073.0999755859375,1073.199951171875,43875
2026-07-21 09:27:00+00:00,1074.0,1074.0,1074.0,1073.199951171875,1073.699951171875,40111
2026-07-21 09:28:00+00:00,1074.0999755859375,1074.0999755859375,1074.5,1073.5,1073.9000244140625,39884
2026-07-21 09:29:00+00:00,1074.9000244140625,1074.9000244140625,1075.0,1074.0999755859375,1074.300048828125,51547
2026-07-21 09:30:00+00:00,1075.0,1075.0,1075.0999755859375,1073.5,1074.0999755859375,67848
2026-07-21 09:31:00+00:00,1073.199951171875,1073.199951171875,1075.0,1072.699951171875,1075.0,86383
2026-07-21 09:32:00+00:00,1074.5,1074.5,1074.800048828125,1073.0,1073.0,48493
2026-07-21 09:33:00+00:00,1074.9000244140625,1074.9000244140625,1074.9000244140625,1074.4000244140625,1074.5,35627
2026-07-21 09:34:00+00:00,1073.699951171875,1073.699951171875,1075.0,1073.5999755859375,1074.800048828125,78042
2026-07-21 09:35:00+00:00,1075.0999755859375,1075.0999755859375,1075.0999755859375,1073.699951171875,1073.699951171875,60344
2026-07-21 09:36:00+00:00,1074.199951171875,1074.199951171875,1075.199951171875,1074.0999755859375,1075.0999755859375,69606
2026-07-21 09:37:00+00:00,1074.800048828125,1074.800048828125,1074.9000244140625,1074.0,1074.300048828125,102740
2026-07-21 09:38:00+00:00,1073.9000244140625,1073.9000244140625,1074.9000244140625,1073.800048828125,1074.800048828125,74212
2026-07-21 09:39:00+00:00,1073.800048828125,1073.800048828125,1074.0999755859375,1073.699951171875,1073.9000244140625,40942
2026-07-21 09:40:00+00:00,1072.800048828125,1072.800048828125,1073.800048828125,1072.699951171875,1073.800048828125,70454
2026-07-21 09:41:00+00:00,1072.800048828125,1072.800048828125,1072.9000244140625,1072.0999755859375,1072.699951171875,48098
2026-07-21 09:42:00+00:00,1073.0999755859375,1073.0999755859375,1073.0999755859375,1072.699951171875,1072.800048828125,36034
2026-07-21 09:43:00+00:00,1073.800048828125,1073.800048828125,1074.0,1073.0,1073.0999755859375,38200
2026-07-21 09:44:00+00:00,1073.4000244140625,1073.4000244140625,1074.0,1073.300048828125,1073.9000244140625,58318
2026-07-21 09:45:00+00:00,1073.199951171875,1073.199951171875,1073.9000244140625,1073.0999755859375,1073.4000244140625,54223
2026-07-21 09:46:00+00:00,1073.4000244140625,1073.4000244140625,1073.699951171875,1072.5999755859375,1073.199951171875,50379
2026-07-21 09:47:00+00:00,1074.0,1074.0,1074.0,1073.4000244140625,1073.4000244140625,36684
2026-07-21 09:48:00+00:00,1074.0999755859375,1074.0999755859375,1074.300048828125,1073.800048828125,1073.9000244140625,52974
2026-07-21 09:49:00+00:00,1073.5999755859375,1073.5999755859375,1074.4000244140625,1073.5,1074.0,65493
2026-07-21 09:50:00+00:00,1073.800048828125,1073.800048828125,1073.800048828125,1073.0,1073.800048828125,51358
2026-07-21 09:51:00+00:00,1073.800048828125,1073.800048828125,1073.9000244140625,1073.5,1073.800048828125,50345
2026-07-21 09:52:00+00:00,1073.800048828125,1073.800048828125,1074.0,1073.5999755859375,1073.9000244140625,44648
2026-07-21 09:53:00+00:00,1074.0,1074.0,1074.0,1073.5999755859375,1074.0,39902
2026-07-21 09:54:00+00:00,1073.199951171875,1073.199951171875,1074.0,1073.199951171875,1074.0,54923
2026-07-21 09:55:00+00:00,1071.5999755859375,1071.5999755859375,1073.300048828125,1071.300048828125,1073.199951171875,73478
2026-07-21 09:56:00+00:00,1070.300048828125,1070.300048828125,1072.199951171875,1070.0,1071.5,51667
2026-07-21 09:57:00+00:00,1070.9000244140625,1070.9000244140625,1071.300048828125,1070.0999755859375,1070.300048828125,54810
2026-07-21 09:58:00+00:00,1070.199951171875,1070.199951171875,1070.800048828125,1070.0,1070.5999755859375,40214
2026-07-21 09:59:00+00:00,1070.5999755859375,1070.5999755859375,1071.4000244140625,1070.0,1070.0999755859375,30282
2026-07-22 03:45:00+00:00,1063.300048828125,1063.300048828125,1066.0,1062.0,1065.199951171875,0
2026-07-22 03:46:00+00:00,1061.300048828125,1061.300048828125,1063.300048828125,1060.800048828125,1063.300048828125,69695
2026-07-22 03:47:00+00:00,1059.0,1059.0,1061.5,1058.5,1061.199951171875,96651
2026-07-22 03:48:00+00:00,1061.800048828125,1061.800048828125,1061.800048828125,1058.5999755859375,1059.0999755859375,40827
2026-07-22 03:49:00+00:00,1064.300048828125,1064.300048828125,1064.300048828125,1061.4000244140625,1062.0,32900
2026-07-22 03:50:00+00:00,1065.0,1065.0,1065.9000244140625,1063.199951171875,1064.300048828125,55112
2026-07-22 03:51:00+00:00,1064.300048828125,1064.300048828125,1065.4000244140625,1064.0999755859375,1065.4000244140625,21011
2026-07-22 03:52:00+00:00,1064.800048828125,1064.800048828125,1064.9000244140625,1063.199951171875,1063.5,30315
2026-07-22 03:53:00+00:00,1065.0,1065.0,1065.4000244140625,1064.699951171875,1064.800048828125,21932
2026-07-22 03:54:00+00:00,1066.0,1066.0,1066.199951171875,1065.0,1065.0,26507
2026-07-22 03:55:00+00:00,1065.9000244140625,1065.9000244140625,1066.0,1065.699951171875,1065.699951171875,14071
2026-07-22 03:56:00+00:00,1065.5999755859375,1065.5999755859375,1065.800048828125,1065.0,1065.800048828125,19767
2026-07-22 03:57:00+00:00,1066.9000244140625,1066.9000244140625,1066.9000244140625,1065.5999755859375,1065.9000244140625,20057
2026-07-22 03:58:00+00:00,1067.0,1067.0,1067.0,1066.199951171875,1066.5,16995
2026-07-22 03:59:00+00:00,1066.5,1066.5,1067.199951171875,1066.5,1067.199951171875,12240
2026-07-22 04:00:00+00:00,1067.0,1067.0,1067.0999755859375,1066.5,1066.5,24750
2026-07-22 04:01:00+00:00,1066.699951171875,1066.699951171875,1067.199951171875,1066.699951171875,1067.0,15466
2026-07-22 04:02:00+00:00,1066.5,1066.5,1066.5,1065.699951171875,1066.300048828125,21414
2026-07-22 04:03:00+00:00,1066.0999755859375,1066.0999755859375,1066.4000244140625,1066.0999755859375,1066.300048828125,7835
2026-07-22 04:04:00+00:00,1065.0,1065.0,1066.0999755859375,1065.0,1066.0999755859375,12877
2026-07-22 04:05:00+00:00,1065.5,1065.5,1065.800048828125,1065.0999755859375,1065.0999755859375,17310
2026-07-22 04:06:00+00:00,1064.5999755859375,1064.5999755859375,1064.5999755859375,1063.5999755859375,1064.199951171875,52004
2026-07-22 04:07:00+00:00,1064.0,1064.0,1064.9000244140625,1064.0,1064.800048828125,11763
2026-07-22 04:08:00+00:00,1065.4000244140625,1065.4000244140625,1065.4000244140625,1064.5,1064.5999755859375,9367
2026-07-22 04:09:00+00:00,1064.9000244140625,1064.9000244140625,1065.5,1064.9000244140625,1065.0,9180
2026-07-22 04:10:00+00:00,1066.0999755859375,1066.0999755859375,1066.0999755859375,1064.699951171875,1064.9000244140625,11099
2026-07-22 04:11:00+00:00,1066.199951171875,1066.199951171875,1066.5,1066.0999755859375,1066.5,9213
2026-07-22 04:12:00+00:00,1066.0,1066.0,1066.5,1066.0,1066.300048828125,7168
2026-07-22 04:13:00+00:00,1065.9000244140625,1065.9000244140625,1065.9000244140625,1065.300048828125,1065.5999755859375,6463
2026-07-22 04:14:00+00:00,1066.199951171875,1066.199951171875,1066.699951171875,1066.199951171875,1066.5,18308
2026-07-22 04:15:00+00:00,1066.0,1066.0,1066.4000244140625,1065.699951171875,1065.9000244140625,10374
2026-07-22 04:16:00+00:00,1066.0,1066.0,1066.0,1065.5999755859375,1065.9000244140625,9606
2026-07-22 04:17:00+00:00,1064.0999755859375,1064.0999755859375,1065.5999755859375,1063.5,1065.5999755859375,23068
2026-07-22 04:18:00+00:00,1064.0,1064.0,1064.5999755859375,1063.800048828125,1063.800048828125,13712
2026-07-22 04:19:00+00:00,1064.5,1064.5,1064.5,1064.0,1064.199951171875,7747
2026-07-22 04:20:00+00:00,1064.9000244140625,1064.9000244140625,1064.9000244140625,1064.0,1064.199951171875,9095
2026-07-22 04:21:00+00:00,1065.199951171875,1065.199951171875,1065.5,1064.9000244140625,1065.0,8850
2026-07-22 04:22:00+00:00,1065.9000244140625,1065.9000244140625,1066.4000244140625,1065.5,1065.5999755859375,9559
2026-07-22 04:23:00+00:00,1064.699951171875,1064.699951171875,1066.300048828125,1064.699951171875,1066.0,6412
2026-07-22 04:24:00+00:00,1063.699951171875,1063.699951171875,1065.0,1063.5,1064.5999755859375,8045
2026-07-22 04:25:00+00:00,1064.199951171875,1064.199951171875,1064.5,1063.699951171875,1063.699951171875,6566
2026-07-22 04:26:00+00:00,1063.5999755859375,1063.5999755859375,1064.300048828125,1063.5,1064.199951171875,10528
2026-07-22 04:27:00+00:00,1063.5,1063.5,1063.5,1062.300048828125,1062.300048828125,32656
2026-07-22 04:28:00+00:00,1064.5,1064.5,1064.699951171875,1063.5,1063.5,6954
2026-07-22 04:29:00+00:00,1064.699951171875,1064.699951171875,1065.4000244140625,1064.199951171875,1064.199951171875,6492
2026-07-22 04:30:00+00:00,1064.0,1064.0,1065.4000244140625,1063.800048828125,1065.4000244140625,8725
2026-07-22 04:31:00+00:00,1064.0,1064.0,1064.199951171875,1063.4000244140625,1064.0,6774
2026-07-22 04:32:00+00:00,1063.800048828125,1063.800048828125,1064.0999755859375,1063.4000244140625,1064.0999755859375,3414
2026-07-22 04:33:00+00:00,1063.4000244140625,1063.4000244140625,1063.800048828125,1063.300048828125,1063.800048828125,3481
2026-07-22 04:34:00+00:00,1063.5,1063.5,1063.800048828125,1063.4000244140625,1063.4000244140625,8240
2026-07-22 04:35:00+00:00,1065.699951171875,1065.699951171875,1065.699951171875,1063.800048828125,1063.800048828125,12448
2026-07-22 04:36:00+00:00,1066.699951171875,1066.699951171875,1066.699951171875,1065.800048828125,1065.800048828125,10021
2026-07-22 04:37:00+00:00,1068.0999755859375,1068.0999755859375,1068.4000244140625,1066.5999755859375,1066.5999755859375,29240
2026-07-22 04:38:00+00:00,1068.0999755859375,1068.0999755859375,1069.0,1067.4000244140625,1067.5,24689
2026-07-22 04:39:00+00:00,1067.199951171875,1067.199951171875,1068.0999755859375,1066.5,1067.699951171875,8268
2026-07-22 04:40:00+00:00,1066.0999755859375,1066.0999755859375,1067.300048828125,1066.0999755859375,1067.199951171875,5766
2026-07-22 04:41:00+00:00,1066.0,1066.0,1066.300048828125,1066.0,1066.0,4755
2026-07-22 04:42:00+00:00,1065.4000244140625,1065.4000244140625,1066.300048828125,1065.4000244140625,1066.0999755859375,8508
2026-07-22 04:43:00+00:00,1065.199951171875,1065.199951171875,1065.5999755859375,1065.0,1065.4000244140625,10173
2026-07-22 04:44:00+00:00,1064.0999755859375,1064.0999755859375,1065.199951171875,1063.9000244140625,1065.199951171875,9699
2026-07-22 04:45:00+00:00,1063.699951171875,1063.699951171875,1064.0999755859375,1063.5999755859375,1064.0999755859375,7928
2026-07-22 04:46:00+00:00,1062.9000244140625,1062.9000244140625,1063.5999755859375,1062.5,1063.5999755859375,21301
2026-07-22 04:47:00+00:00,1062.0,1062.0,1063.199951171875,1062.0,1063.0999755859375,21300
2026-07-22 04:48:00+00:00,1062.300048828125,1062.300048828125,1062.5999755859375,1061.5999755859375,1062.199951171875,22053
2026-07-22 04:49:00+00:00,1062.0,1062.0,1062.800048828125,1061.699951171875,1062.699951171875,14761
2026-07-22 04:50:00+00:00,1062.0,1062.0,1062.300048828125,1061.5999755859375,1061.9000244140625,8752
2026-07-22 04:51:00+00:00,1061.800048828125,1061.800048828125,1061.800048828125,1061.300048828125,1061.800048828125,10115
2026-07-22 04:52:00+00:00,1061.699951171875,1061.699951171875,1062.199951171875,1061.5999755859375,1061.9000244140625,6241
2026-07-22 04:53:00+00:00,1060.5,1060.5,1061.9000244140625,1060.300048828125,1061.5999755859375,11561
2026-07-22 04:54:00+00:00,1058.0999755859375,1058.0999755859375,1060.5999755859375,1058.0999755859375,1060.300048828125,46081
2026-07-22 04:55:00+00:00,1058.4000244140625,1058.4000244140625,1058.699951171875,1058.0999755859375,1058.5999755859375,15130
2026-07-22 04:56:00+00:00,1057.5,1057.5,1058.4000244140625,1056.699951171875,1058.4000244140625,58826
2026-07-22 04:57:00+00:00,1058.4000244140625,1058.4000244140625,1058.4000244140625,1056.5999755859375,1057.4000244140625,19186
2026-07-22 04:58:00+00:00,1059.800048828125,1059.800048828125,1060.0,1057.9000244140625,1058.5,39425
2026-07-22 04:59:00+00:00,1059.300048828125,1059.300048828125,1060.0,1059.199951171875,1059.5999755859375,16271
2026-07-22 05:00:00+00:00,1059.0999755859375,1059.0999755859375,1059.800048828125,1058.300048828125,1059.0,13022
2026-07-22 05:01:00+00:00,1059.0,1059.0,1059.9000244140625,1058.699951171875,1059.0999755859375,9206
2026-07-22 05:02:00+00:00,1058.5999755859375,1058.5999755859375,1058.9000244140625,1058.5999755859375,1058.699951171875,9045
2026-07-22 05:03:00+00:00,1057.4000244140625,1057.4000244140625,1058.5,1057.0999755859375,1058.5,27349
2026-07-22 05:04:00+00:00,1056.0,1056.0,1057.5,1056.0,1057.0999755859375,26196
2026-07-22 05:05:00+00:00,1056.800048828125,1056.800048828125,1056.800048828125,1056.0,1056.300048828125,7487
2026-07-22 05:06:00+00:00,1056.5999755859375,1056.5999755859375,1057.699951171875,1056.300048828125,1056.800048828125,15720
2026-07-22 05:07:00+00:00,1056.800048828125,1056.800048828125,1057.0,1056.199951171875,1056.4000244140625,8943
2026-07-22 05:08:00+00:00,1056.5,1056.5,1057.0999755859375,1056.5,1056.9000244140625,11430
2026-07-22 05:09:00+00:00,1057.0999755859375,1057.0999755859375,1057.199951171875,1056.5999755859375,1056.800048828125,11333
2026-07-22 05:10:00+00:00,1057.300048828125,1057.300048828125,1057.5999755859375,1056.800048828125,1056.800048828125,5931
2026-07-22 05:11:00+00:00,1057.4000244140625,1057.4000244140625,1057.800048828125,1057.0,1057.300048828125,7511
2026-07-22 05:12:00+00:00,1057.199951171875,1057.199951171875,1057.5,1056.800048828125,1057.300048828125,10870
2026-07-22 05:13:00+00:00,1057.0,1057.0,1057.4000244140625,1056.9000244140625,1057.300048828125,3429
2026-07-22 05:14:00+00:00,1056.800048828125,1056.800048828125,1057.300048828125,1056.800048828125,1057.0,5575
2026-07-22 05:15:00+00:00,1057.699951171875,1057.699951171875,1057.699951171875,1056.5999755859375,1056.9000244140625,11221
2026-07-22 05:16:00+00:00,1058.9000244140625,1058.9000244140625,1059.0,1057.9000244140625,1057.9000244140625,18036
2026-07-22 05:17:00+00:00,1058.0,1058.0,1058.800048828125,1057.5999755859375,1058.800048828125,7818
2026-07-22 05:18:00+00:00,1058.0999755859375,1058.0999755859375,1058.699951171875,1057.5,1057.5999755859375,5409
2026-07-22 05:19:00+00:00,1058.5,1058.5,1059.0999755859375,1058.0999755859375,1058.5999755859375,32850
2026-07-22 05:20:00+00:00,1059.199951171875,1059.199951171875,1059.5,1058.699951171875,1058.699951171875,15347
2026-07-22 05:21:00+00:00,1059.0,1059.0,1059.0999755859375,1058.4000244140625,1059.0999755859375,2410
2026-07-22 05:22:00+00:00,1059.5,1059.5,1059.5,1058.9000244140625,1058.9000244140625,5154
2026-07-22 05:23:00+00:00,1058.699951171875,1058.699951171875,1059.5,1058.699951171875,1059.5,12530
2026-07-22 05:24:00+00:00,1059.4000244140625,1059.4000244140625,1059.4000244140625,1058.0,1058.5,6210
2026-07-22 05:25:00+00:00,1060.4000244140625,1060.4000244140625,1060.699951171875,1059.5,1059.5,25070
2026-07-22 05:26:00+00:00,1060.800048828125,1060.800048828125,1060.9000244140625,1060.4000244140625,1060.699951171875,5709
2026-07-22 05:27:00+00:00,1060.0,1060.0,1060.800048828125,1060.0,1060.699951171875,6888
2026-07-22 05:28:00+00:00,1060.699951171875,1060.699951171875,1060.699951171875,1060.199951171875,1060.4000244140625,5276
2026-07-22 05:29:00+00:00,1060.9000244140625,1060.9000244140625,1060.9000244140625,1060.5,1060.5999755859375,7026
2026-07-22 05:30:00+00:00,1059.800048828125,1059.800048828125,1060.800048828125,1059.699951171875,1060.800048828125,20305
2026-07-22 05:31:00+00:00,1059.0999755859375,1059.0999755859375,1059.9000244140625,1058.9000244140625,1059.9000244140625,20803
2026-07-22 05:32:00+00:00,1058.5999755859375,1058.5999755859375,1059.300048828125,1058.199951171875,1059.199951171875,18889
2026-07-22 05:33:00+00:00,1058.199951171875,1058.199951171875,1058.9000244140625,1058.0,1058.300048828125,4342
2026-07-22 05:34:00+00:00,1058.5,1058.5,1058.5999755859375,1057.9000244140625,1058.199951171875,10702
2026-07-22 05:35:00+00:00,1058.199951171875,1058.199951171875,1059.0999755859375,1058.0999755859375,1058.5999755859375,9121
2026-07-22 05:36:00+00:00,1058.800048828125,1058.800048828125,1058.800048828125,1058.4000244140625,1058.5,4010
2026-07-22 05:37:00+00:00,1057.800048828125,1057.800048828125,1058.0999755859375,1057.5,1058.0999755859375,7464
2026-07-22 05:38:00+00:00,1057.9000244140625,1057.9000244140625,1057.9000244140625,1057.800048828125,1057.800048828125,2221
2026-07-22 05:39:00+00:00,1058.199951171875,1058.199951171875,1058.199951171875,1057.800048828125,1057.9000244140625,7581
2026-07-22 05:40:00+00:00,1057.9000244140625,1057.9000244140625,1058.300048828125,1057.9000244140625,1058.300048828125,6679
2026-07-22 05:41:00+00:00,1057.9000244140625,1057.9000244140625,1057.9000244140625,1057.5999755859375,1057.5999755859375,7794
2026-07-22 05:42:00+00:00,1057.5,1057.5,1057.800048828125,1057.4000244140625,1057.800048828125,5429
2026-07-22 05:43:00+00:00,1057.199951171875,1057.199951171875,1057.5,1056.800048828125,1057.5,15180
2026-07-22 05:44:00+00:00,1056.800048828125,1056.800048828125,1057.300048828125,1056.800048828125,1057.0999755859375,4219
2026-07-22 05:45:00+00:00,1057.0999755859375,1057.0999755859375,1057.0999755859375,1056.800048828125,1056.800048828125,4106
2026-07-22 05:46:00+00:00,1055.5,1055.5,1057.300048828125,1055.5,1057.0999755859375,31369
2026-07-22 05:47:00+00:00,1055.199951171875,1055.199951171875,1056.0,1055.0,1055.5999755859375,30510
2026-07-22 05:48:00+00:00,1055.5999755859375,1055.5999755859375,1056.0,1055.0999755859375,1055.199951171875,9062
2026-07-22 05:49:00+00:00,1056.0999755859375,1056.0999755859375,1056.4000244140625,1055.699951171875,1055.9000244140625,7444
2026-07-22 05:50:00+00:00,1056.4000244140625,1056.4000244140625,1056.5,1056.0,1056.199951171875,7248
2026-07-22 05:51:00+00:00,1057.0,1057.0,1057.0999755859375,1056.4000244140625,1056.4000244140625,5610
2026-07-22 05:52:00+00:00,1058.300048828125,1058.300048828125,1058.5999755859375,1057.0,1057.0,8410
2026-07-22 05:53:00+00:00,1059.800048828125,1059.800048828125,1059.9000244140625,1058.199951171875,1058.5,10542
2026-07-22 05:54:00+00:00,1060.5,1060.5,1060.5,1059.5,1059.5,16396
2026-07-22 05:55:00+00:00,1060.4000244140625,1060.4000244140625,1060.800048828125,1060.199951171875,1060.4000244140625,10192
2026-07-22 05:56:00+00:00,1060.9000244140625,1060.9000244140625,1061.300048828125,1060.800048828125,1061.0,27269
2026-07-22 05:57:00+00:00,1061.199951171875,1061.199951171875,1061.4000244140625,1060.699951171875,1060.9000244140625,7248
2026-07-22 05:58:00+00:00,1061.9000244140625,1061.9000244140625,1061.9000244140625,1060.9000244140625,1061.199951171875,9061
2026-07-22 05:59:00+00:00,1061.0999755859375,1061.0999755859375,1062.199951171875,1060.800048828125,1061.800048828125,28958
2026-07-22 06:00:00+00:00,1061.4000244140625,1061.4000244140625,1061.699951171875,1060.699951171875,1060.699951171875,9209
2026-07-22 06:01:00+00:00,1060.4000244140625,1060.4000244140625,1061.5,1060.300048828125,1061.0999755859375,8139
2026-07-22 06:02:00+00:00,1060.4000244140625,1060.4000244140625,1060.800048828125,1060.300048828125,1060.300048828125,6095
2026-07-22 06:03:00+00:00,1060.5999755859375,1060.5999755859375,1060.800048828125,1060.199951171875,1060.800048828125,5742
2026-07-22 06:04:00+00:00,1061.0999755859375,1061.0999755859375,1061.199951171875,1060.199951171875,1060.9000244140625,23028
2026-07-22 06:05:00+00:00,1061.300048828125,1061.300048828125,1061.4000244140625,1060.5999755859375,1060.5999755859375,10014
2026-07-22 06:06:00+00:00,1060.699951171875,1060.699951171875,1061.4000244140625,1060.300048828125,1061.4000244140625,9325
2026-07-22 06:07:00+00:00,1060.199951171875,1060.199951171875,1061.0,1060.0999755859375,1060.9000244140625,5565
2026-07-22 06:08:00+00:00,1059.5999755859375,1059.5999755859375,1060.4000244140625,1059.199951171875,1060.0999755859375,12698
2026-07-22 06:09:00+00:00,1060.199951171875,1060.199951171875,1060.300048828125,1059.300048828125,1059.699951171875,6063
2026-07-22 06:10:00+00:00,1059.5999755859375,1059.5999755859375,1060.300048828125,1059.199951171875,1060.0999755859375,3926
2026-07-22 06:11:00+00:00,1059.300048828125,1059.300048828125,1059.5999755859375,1058.699951171875,1059.5,4988
2026-07-22 06:12:00+00:00,1059.0999755859375,1059.0999755859375,1059.300048828125,1059.0,1059.0,5066
2026-07-22 06:13:00+00:00,1059.300048828125,1059.300048828125,1060.199951171875,1059.300048828125,1059.800048828125,8979
2026-07-22 06:14:00+00:00,1059.4000244140625,1059.4000244140625,1059.800048828125,1059.0,1059.4000244140625,4275
2026-07-22 06:15:00+00:00,1059.0999755859375,1059.0999755859375,1059.4000244140625,1058.9000244140625,1059.4000244140625,7032
2026-07-22 06:16:00+00:00,1059.199951171875,1059.199951171875,1059.300048828125,1058.699951171875,1059.0999755859375,3780
2026-07-22 06:17:00+00:00,1059.0,1059.0,1059.4000244140625,1059.0,1059.199951171875,3935
2026-07-22 06:18:00+00:00,1058.9000244140625,1058.9000244140625,1059.4000244140625,1058.9000244140625,1059.0,4965
2026-07-22 06:19:00+00:00,1060.0,1060.0,1060.300048828125,1058.800048828125,1058.800048828125,12938
2026-07-22 06:20:00+00:00,1059.0999755859375,1059.0999755859375,1060.199951171875,1058.699951171875,1060.0,5320
2026-07-22 06:21:00+00:00,1058.699951171875,1058.699951171875,1059.5,1058.199951171875,1058.9000244140625,69146
2026-07-22 06:22:00+00:00,1058.5,1058.5,1059.5,1057.9000244140625,1058.800048828125,15068
2026-07-22 06:23:00+00:00,1058.699951171875,1058.699951171875,1059.300048828125,1058.199951171875,1058.5,5809
2026-07-22 06:24:00+00:00,1058.5999755859375,1058.5999755859375,1059.0999755859375,1058.300048828125,1058.5,3404
2026-07-22 06:25:00+00:00,1058.5999755859375,1058.5999755859375,1059.0,1058.5,1058.800048828125,3453
2026-07-22 06:26:00+00:00,1058.800048828125,1058.800048828125,1059.0,1058.5,1058.5999755859375,2875
2026-07-22 06:27:00+00:00,1058.0,1058.0,1058.9000244140625,1058.0,1058.800048828125,9806
2026-07-22 06:28:00+00:00,1057.800048828125,1057.800048828125,1058.0,1057.199951171875,1058.0,5951
2026-07-22 06:29:00+00:00,1057.4000244140625,1057.4000244140625,1057.800048828125,1057.300048828125,1057.300048828125,2436
2026-07-22 06:30:00+00:00,1057.5,1057.5,1057.800048828125,1057.300048828125,1057.4000244140625,3593
2026-07-22 06:31:00+00:00,1056.800048828125,1056.800048828125,1057.5,1056.4000244140625,1057.4000244140625,17952
2026-07-22 06:32:00+00:00,1056.9000244140625,1056.9000244140625,1056.9000244140625,1056.300048828125,1056.800048828125,8543
2026-07-22 06:33:00+00:00,1056.5,1056.5,1057.0999755859375,1056.4000244140625,1056.699951171875,6393
2026-07-22 06:34:00+00:00,1056.0999755859375,1056.0999755859375,1057.0999755859375,1056.0999755859375,1056.699951171875,9976
2026-07-22 06:35:00+00:00,1056.4000244140625,1056.4000244140625,1056.5999755859375,1056.0,1056.199951171875,4122
2026-07-22 06:36:00+00:00,1056.4000244140625,1056.4000244140625,1056.699951171875,1056.0,1056.300048828125,11020
2026-07-22 06:37:00+00:00,1056.5,1056.5,1056.5,1056.0999755859375,1056.199951171875,5836
2026-07-22 06:38:00+00:00,1056.800048828125,1056.800048828125,1056.9000244140625,1056.4000244140625,1056.5,7678
2026-07-22 06:39:00+00:00,1056.0,1056.0,1056.800048828125,1056.0,1056.800048828125,5804
2026-07-22 06:40:00+00:00,1056.699951171875,1056.699951171875,1056.699951171875,1056.0,1056.0,2947
2026-07-22 06:41:00+00:00,1057.199951171875,1057.199951171875,1057.4000244140625,1056.5999755859375,1056.9000244140625,7909
2026-07-22 06:42:00+00:00,1056.9000244140625,1056.9000244140625,1057.199951171875,1056.5999755859375,1056.800048828125,5619
2026-07-22 06:43:00+00:00,1056.9000244140625,1056.9000244140625,1056.9000244140625,1056.4000244140625,1056.699951171875,3598
2026-07-22 06:44:00+00:00,1056.800048828125,1056.800048828125,1057.0,1056.5999755859375,1056.9000244140625,2614
2026-07-22 06:45:00+00:00,1057.300048828125,1057.300048828125,1057.300048828125,1056.5999755859375,1056.5999755859375,4071
2026-07-22 06:46:00+00:00,1057.5,1057.5,1057.699951171875,1057.0999755859375,1057.300048828125,5149
2026-07-22 06:47:00+00:00,1057.5,1057.5,1057.800048828125,1057.0999755859375,1057.300048828125,9721
2026-07-22 06:48:00+00:00,1057.0,1057.0,1057.699951171875,1057.0,1057.5,11290
2026-07-22 06:49:00+00:00,1056.300048828125,1056.300048828125,1057.4000244140625,1056.199951171875,1057.0,9704
2026-07-22 06:50:00+00:00,1055.5,1055.5,1056.300048828125,1055.0999755859375,1056.0999755859375,16293
2026-07-22 06:51:00+00:00,1055.199951171875,1055.199951171875,1055.800048828125,1055.0,1055.5999755859375,9951
2026-07-22 06:52:00+00:00,1054.199951171875,1054.199951171875,1055.5,1054.199951171875,1055.0999755859375,43474
2026-07-22 06:53:00+00:00,1054.9000244140625,1054.9000244140625,1054.9000244140625,1054.0,1054.4000244140625,12232
2026-07-22 06:54:00+00:00,1054.300048828125,1054.300048828125,1055.0,1053.699951171875,1054.800048828125,31070
2026-07-22 06:55:00+00:00,1053.9000244140625,1053.9000244140625,1054.699951171875,1053.699951171875,1054.4000244140625,24946
2026-07-22 06:56:00+00:00,1053.9000244140625,1053.9000244140625,1054.199951171875,1053.5,1053.9000244140625,13655
2026-07-22 06:57:00+00:00,1054.0999755859375,1054.0999755859375,1054.199951171875,1053.9000244140625,1054.0999755859375,5483
2026-07-22 06:58:00+00:00,1053.5,1053.5,1054.199951171875,1053.5,1054.199951171875,10040
2026-07-22 06:59:00+00:00,1053.800048828125,1053.800048828125,1054.0,1053.4000244140625,1054.0,10130
2026-07-22 07:00:00+00:00,1053.4000244140625,1053.4000244140625,1054.0999755859375,1053.0999755859375,1053.5,17757
2026-07-22 07:01:00+00:00,1053.4000244140625,1053.4000244140625,1053.800048828125,1053.0999755859375,1053.4000244140625,4015
2026-07-22 07:02:00+00:00,1053.199951171875,1053.199951171875,1053.5,1053.0,1053.5,6527
2026-07-22 07:03:00+00:00,1052.5999755859375,1052.5999755859375,1053.199951171875,1052.0,1053.199951171875,25850
2026-07-22 07:04:00+00:00,1052.5,1052.5,1052.5999755859375,1052.0,1052.5999755859375,16873
2026-07-22 07:05:00+00:00,1052.0999755859375,1052.0999755859375,1052.5999755859375,1052.0,1052.5,8294
2026-07-22 07:06:00+00:00,1051.4000244140625,1051.4000244140625,1052.300048828125,1051.0999755859375,1052.199951171875,30753
2026-07-22 07:07:00+00:00,1051.199951171875,1051.199951171875,1051.5,1051.0,1051.300048828125,38012
2026-07-22 07:08:00+00:00,1048.300048828125,1048.300048828125,1051.300048828125,1048.300048828125,1051.199951171875,138764
2026-07-22 07:09:00+00:00,1049.699951171875,1049.699951171875,1050.0999755859375,1048.300048828125,1048.4000244140625,82914
2026-07-22 07:10:00+00:00,1049.699951171875,1049.699951171875,1050.0,1049.300048828125,1049.9000244140625,23596
2026-07-22 07:11:00+00:00,1049.5,1049.5,1050.0,1049.300048828125,1049.5,17228
2026-07-22 07:12:00+00:00,1049.5999755859375,1049.5999755859375,1050.5,1049.300048828125,1049.5999755859375,19270
2026-07-22 07:13:00+00:00,1049.0,1049.0,1050.0,1048.699951171875,1049.5999755859375,26879
2026-07-22 07:14:00+00:00,1049.300048828125,1049.300048828125,1049.9000244140625,1048.9000244140625,1049.0999755859375,15612
2026-07-22 07:15:00+00:00,1049.0,1049.0,1049.5999755859375,1049.0,1049.300048828125,6743
2026-07-22 07:16:00+00:00,1049.199951171875,1049.199951171875,1049.9000244140625,1049.0,1049.0,32692
2026-07-22 07:17:00+00:00,1049.199951171875,1049.199951171875,1049.300048828125,1049.0999755859375,1049.199951171875,8907
2026-07-22 07:18:00+00:00,1049.9000244140625,1049.9000244140625,1050.0999755859375,1049.300048828125,1049.4000244140625,28865
2026-07-22 07:19:00+00:00,1049.5,1049.5,1050.0,1049.5,1049.800048828125,12217
2026-07-22 07:20:00+00:00,1049.5999755859375,1049.5999755859375,1049.699951171875,1049.5,1049.699951171875,8175
2026-07-22 07:21:00+00:00,1050.0,1050.0,1050.0,1049.5,1049.699951171875,10856
2026-07-22 07:22:00+00:00,1049.9000244140625,1049.9000244140625,1050.0999755859375,1049.800048828125,1050.0,14274
2026-07-22 07:23:00+00:00,1049.699951171875,1049.699951171875,1050.0999755859375,1049.5,1050.0,13919
2026-07-22 07:24:00+00:00,1049.699951171875,1049.699951171875,1049.9000244140625,1049.5,1049.5999755859375,12310
2026-07-22 07:25:00+00:00,1049.5999755859375,1049.5999755859375,1050.0999755859375,1049.5,1049.699951171875,24817
2026-07-22 07:26:00+00:00,1049.5,1049.5,1050.0,1049.5,1050.0,14471
2026-07-22 07:27:00+00:00,1050.0,1050.0,1050.0,1049.0999755859375,1049.9000244140625,57032
2026-07-22 07:28:00+00:00,1049.300048828125,1049.300048828125,1050.4000244140625,1049.199951171875,1050.0,61973
2026-07-22 07:29:00+00:00,1049.0999755859375,1049.0999755859375,1049.699951171875,1049.0999755859375,1049.199951171875,11684
2026-07-22 07:30:00+00:00,1048.5999755859375,1048.5999755859375,1049.300048828125,1048.5999755859375,1049.0999755859375,19067
2026-07-22 07:31:00+00:00,1048.800048828125,1048.800048828125,1049.0,1048.5,1049.0,14641
2026-07-22 07:32:00+00:00,1049.4000244140625,1049.4000244140625,1049.4000244140625,1048.800048828125,1049.0,7952
2026-07-22 07:33:00+00:00,1049.300048828125,1049.300048828125,1049.5999755859375,1049.300048828125,1049.4000244140625,6289
2026-07-22 07:34:00+00:00,1049.4000244140625,1049.4000244140625,1049.5999755859375,1049.0,1049.199951171875,7935
2026-07-22 07:35:00+00:00,1048.4000244140625,1048.4000244140625,1049.4000244140625,1048.0999755859375,1049.0999755859375,15555
2026-07-22 07:36:00+00:00,1049.0,1049.0,1049.300048828125,1048.4000244140625,1048.4000244140625,11051
2026-07-22 07:37:00+00:00,1049.0,1049.0,1049.0999755859375,1048.4000244140625,1049.0999755859375,7083
2026-07-22 07:38:00+00:00,1048.800048828125,1048.800048828125,1049.0,1048.5999755859375,1048.699951171875,5389
2026-07-22 07:39:00+00:00,1047.699951171875,1047.699951171875,1048.800048828125,1047.5999755859375,1048.5999755859375,44103
2026-07-22 07:40:00+00:00,1047.5999755859375,1047.5999755859375,1048.0999755859375,1047.5999755859375,1047.800048828125,14662
2026-07-22 07:41:00+00:00,1047.0,1047.0,1047.699951171875,1046.699951171875,1047.5999755859375,31675
2026-07-22 07:42:00+00:00,1047.300048828125,1047.300048828125,1047.5,1046.699951171875,1046.800048828125,15245
2026-07-22 07:43:00+00:00,1047.0,1047.0,1047.5,1046.300048828125,1047.300048828125,18419
2026-07-22 07:44:00+00:00,1048.0,1048.0,1048.300048828125,1046.800048828125,1046.9000244140625,7640
2026-07-22 07:45:00+00:00,1048.0,1048.0,1048.199951171875,1047.800048828125,1048.0,8735
2026-07-22 07:46:00+00:00,1048.0999755859375,1048.0999755859375,1048.300048828125,1047.800048828125,1048.0999755859375,4647
2026-07-22 07:47:00+00:00,1048.4000244140625,1048.4000244140625,1048.5,1048.0999755859375,1048.0999755859375,7902
2026-07-22 07:48:00+00:00,1048.5999755859375,1048.5999755859375,1048.800048828125,1048.0999755859375,1048.300048828125,6855
2026-07-22 07:49:00+00:00,1048.0999755859375,1048.0999755859375,1048.9000244140625,1048.0999755859375,1048.800048828125,17106
2026-07-22 07:50:00+00:00,1048.4000244140625,1048.4000244140625,1048.5,1048.0999755859375,1048.0999755859375,4402
2026-07-22 07:51:00+00:00,1048.4000244140625,1048.4000244140625,1049.0,1048.0999755859375,1048.4000244140625,20855
2026-07-22 07:52:00+00:00,1048.5,1048.5,1048.9000244140625,1048.199951171875,1048.199951171875,8214
2026-07-22 07:53:00+00:00,1048.0999755859375,1048.0999755859375,1048.5,1048.0,1048.5,13075
2026-07-22 07:54:00+00:00,1046.5999755859375,1046.5999755859375,1048.199951171875,1046.5,1048.0,33343
2026-07-22 07:55:00+00:00,1046.699951171875,1046.699951171875,1047.300048828125,1046.699951171875,1046.9000244140625,17870
2026-07-22 07:56:00+00:00,1046.9000244140625,1046.9000244140625,1047.0,1046.699951171875,1046.800048828125,11694
2026-07-22 07:57:00+00:00,1046.699951171875,1046.699951171875,1046.800048828125,1046.5,1046.699951171875,18794
2026-07-22 07:58:00+00:00,1046.9000244140625,1046.9000244140625,1046.9000244140625,1046.699951171875,1046.699951171875,6361
2026-07-22 07:59:00+00:00,1046.5,1046.5,1047.0,1046.4000244140625,1046.9000244140625,20375
2026-07-22 08:00:00+00:00,1046.5999755859375,1046.5999755859375,1046.9000244140625,1046.5,1046.9000244140625,13806
2026-07-22 08:01:00+00:00,1046.5999755859375,1046.5999755859375,1046.9000244140625,1046.4000244140625,1046.5999755859375,24058
2026-07-22 08:02:00+00:00,1046.9000244140625,1046.9000244140625,1047.0,1046.5,1046.800048828125,14237
2026-07-22 08:03:00+00:00,1046.5,1046.5,1047.0,1046.5,1047.0,13050
2026-07-22 08:04:00+00:00,1046.699951171875,1046.699951171875,1046.699951171875,1046.4000244140625,1046.5,26602
2026-07-22 08:05:00+00:00,1049.0999755859375,1049.0999755859375,1049.300048828125,1046.699951171875,1046.800048828125,37849
2026-07-22 08:06:00+00:00,1049.199951171875,1049.199951171875,1049.5999755859375,1048.4000244140625,1049.0,35241
2026-07-22 08:07:00+00:00,1049.199951171875,1049.199951171875,1049.800048828125,1049.0999755859375,1049.4000244140625,22238
2026-07-22 08:08:00+00:00,1047.4000244140625,1047.4000244140625,1049.300048828125,1047.300048828125,1049.300048828125,19891
2026-07-22 08:09:00+00:00,1047.199951171875,1047.199951171875,1047.699951171875,1047.0999755859375,1047.300048828125,10593
2026-07-22 08:10:00+00:00,1047.5999755859375,1047.5999755859375,1047.5999755859375,1047.199951171875,1047.300048828125,11585
2026-07-22 08:11:00+00:00,1047.4000244140625,1047.4000244140625,1047.9000244140625,1047.199951171875,1047.300048828125,19051
2026-07-22 08:12:00+00:00,1047.300048828125,1047.300048828125,1047.4000244140625,1046.699951171875,1047.4000244140625,14520
2026-07-22 08:13:00+00:00,1047.800048828125,1047.800048828125,1048.0999755859375,1047.0,1047.0,16791
2026-07-22 08:14:00+00:00,1047.699951171875,1047.699951171875,1047.9000244140625,1047.5,1047.800048828125,17287
2026-07-22 08:15:00+00:00,1047.699951171875,1047.699951171875,1047.800048828125,1047.0999755859375,1047.5,14322
2026-07-22 08:16:00+00:00,1047.5,1047.5,1047.699951171875,1047.300048828125,1047.699951171875,10687
2026-07-22 08:17:00+00:00,1047.699951171875,1047.699951171875,1047.800048828125,1047.5,1047.5999755859375,12501
2026-07-22 08:18:00+00:00,1048.5,1048.5,1048.5999755859375,1047.800048828125,1047.9000244140625,27467
2026-07-22 08:19:00+00:00,1048.199951171875,1048.199951171875,1048.9000244140625,1048.199951171875,1048.699951171875,14685
2026-07-22 08:20:00+00:00,1049.0,1049.0,1049.5,1048.199951171875,1048.199951171875,40208
2026-07-22 08:21:00+00:00,1049.0,1049.0,1049.4000244140625,1048.9000244140625,1049.199951171875,21861
2026-07-22 08:22:00+00:00,1048.5999755859375,1048.5999755859375,1049.199951171875,1048.5,1049.199951171875,11097
2026-07-22 08:23:00+00:00,1048.5,1048.5,1049.0,1048.5,1048.5999755859375,8752
2026-07-22 08:24:00+00:00,1048.5,1048.5,1048.5999755859375,1048.4000244140625,1048.5,13358
2026-07-22 08:25:00+00:00,1048.300048828125,1048.300048828125,1048.5,1048.199951171875,1048.199951171875,18494
2026-07-22 08:26:00+00:00,1048.4000244140625,1048.4000244140625,1048.5,1048.300048828125,1048.300048828125,12706
2026-07-22 08:27:00+00:00,1047.800048828125,1047.800048828125,1048.5,1047.800048828125,1048.5,18916
2026-07-22 08:28:00+00:00,1048.4000244140625,1048.4000244140625,1048.4000244140625,1047.5999755859375,1047.699951171875,21843
2026-07-22 08:29:00+00:00,1047.9000244140625,1047.9000244140625,1048.4000244140625,1047.699951171875,1048.4000244140625,10285
2026-07-22 08:30:00+00:00,1047.5,1047.5,1047.9000244140625,1047.0999755859375,1047.9000244140625,19309
2026-07-22 08:31:00+00:00,1047.699951171875,1047.699951171875,1047.9000244140625,1047.5,1047.9000244140625,10213
2026-07-22 08:32:00+00:00,1047.800048828125,1047.800048828125,1047.9000244140625,1047.699951171875,1047.9000244140625,10838
2026-07-22 08:33:00+00:00,1048.699951171875,1048.699951171875,1048.699951171875,1048.0999755859375,1048.0999755859375,24767
2026-07-22 08:34:00+00:00,1048.4000244140625,1048.4000244140625,1048.9000244140625,1048.0999755859375,1048.5,13187
2026-07-22 08:35:00+00:00,1048.0,1048.0,1048.5999755859375,1048.0,1048.300048828125,14703
2026-07-22 08:36:00+00:00,1047.800048828125,1047.800048828125,1048.300048828125,1047.699951171875,1048.300048828125,8122
2026-07-22 08:37:00+00:00,1047.5,1047.5,1047.699951171875,1047.5,1047.5999755859375,12979
2026-07-22 08:38:00+00:00,1048.5999755859375,1048.5999755859375,1048.5999755859375,1047.5999755859375,1047.5999755859375,40158
2026-07-22 08:39:00+00:00,1048.300048828125,1048.300048828125,1048.5999755859375,1048.0999755859375,1048.5,17210
2026-07-22 08:40:00+00:00,1048.0999755859375,1048.0999755859375,1048.300048828125,1048.0,1048.300048828125,9626
2026-07-22 08:41:00+00:00,1048.199951171875,1048.199951171875,1048.199951171875,1048.0,1048.199951171875,8264
2026-07-22 08:42:00+00:00,1047.9000244140625,1047.9000244140625,1048.199951171875,1047.5,1048.199951171875,19861
2026-07-22 08:43:00+00:00,1048.0999755859375,1048.0999755859375,1048.5,1047.699951171875,1048.0,12568
2026-07-22 08:44:00+00:00,1047.4000244140625,1047.4000244140625,1048.300048828125,1047.300048828125,1048.199951171875,9417
2026-07-22 08:45:00+00:00,1047.5999755859375,1047.5999755859375,1047.5999755859375,1047.4000244140625,1047.5,12868
2026-07-22 08:46:00+00:00,1047.5999755859375,1047.5999755859375,1048.0,1047.5999755859375,1047.5999755859375,16676
2026-07-22 08:47:00+00:00,1047.9000244140625,1047.9000244140625,1048.0,1047.800048828125,1047.800048828125,16497
2026-07-22 08:48:00+00:00,1047.800048828125,1047.800048828125,1048.0,1047.800048828125,1047.9000244140625,17163
2026-07-22 08:49:00+00:00,1048.0999755859375,1048.0999755859375,1048.0999755859375,1047.800048828125,1048.0,12369
2026-07-22 08:50:00+00:00,1048.300048828125,1048.300048828125,1048.5,1047.9000244140625,1047.9000244140625,13284
2026-07-22 08:51:00+00:00,1048.199951171875,1048.199951171875,1048.5,1048.0,1048.4000244140625,8971
2026-07-22 08:52:00+00:00,1049.5,1049.5,1049.5999755859375,1048.199951171875,1048.199951171875,24080
2026-07-22 08:53:00+00:00,1048.0999755859375,1048.0999755859375,1049.5,1048.0999755859375,1049.4000244140625,17375
2026-07-22 08:54:00+00:00,1048.199951171875,1048.199951171875,1048.300048828125,1048.0,1048.300048828125,10458
2026-07-22 08:55:00+00:00,1048.5999755859375,1048.5999755859375,1048.5999755859375,1048.199951171875,1048.300048828125,6256
2026-07-22 08:56:00+00:00,1048.300048828125,1048.300048828125,1048.5999755859375,1048.199951171875,1048.5999755859375,7407
2026-07-22 08:57:00+00:00,1048.699951171875,1048.699951171875,1048.800048828125,1048.199951171875,1048.4000244140625,11857
2026-07-22 08:58:00+00:00,1048.5999755859375,1048.5999755859375,1049.0,1048.5999755859375,1048.9000244140625,10595
2026-07-22 08:59:00+00:00,1048.4000244140625,1048.4000244140625,1048.699951171875,1048.4000244140625,1048.5999755859375,9016
2026-07-22 09:00:00+00:00,1048.0,1048.0,1048.5,1048.0,1048.5,8557
2026-07-22 09:01:00+00:00,1048.0999755859375,1048.0999755859375,1048.300048828125,1048.0,1048.0999755859375,11088
2026-07-22 09:02:00+00:00,1048.800048828125,1048.800048828125,1048.800048828125,1048.0,1048.199951171875,15905
2026-07-22 09:03:00+00:00,1049.0,1049.0,1049.0,1048.5999755859375,1048.699951171875,14776
2026-07-22 09:04:00+00:00,1048.699951171875,1048.699951171875,1049.0,1048.699951171875,1049.0,9119
2026-07-22 09:05:00+00:00,1048.199951171875,1048.199951171875,1049.199951171875,1048.0999755859375,1048.800048828125,23813
2026-07-22 09:06:00+00:00,1048.4000244140625,1048.4000244140625,1048.5,1047.800048828125,1048.0,26199
2026-07-22 09:07:00+00:00,1048.699951171875,1048.699951171875,1048.699951171875,1047.5,1048.0,38743
2026-07-22 09:08:00+00:00,1049.199951171875,1049.199951171875,1049.699951171875,1048.5999755859375,1049.0,34079
2026-07-22 09:09:00+00:00,1049.0,1049.0,1049.699951171875,1049.0,1049.5999755859375,25047
2026-07-22 09:10:00+00:00,1049.199951171875,1049.199951171875,1049.5999755859375,1048.9000244140625,1049.0,15491
2026-07-22 09:11:00+00:00,1048.699951171875,1048.699951171875,1049.4000244140625,1048.699951171875,1049.0999755859375,36037
2026-07-22 09:12:00+00:00,1049.699951171875,1049.699951171875,1049.800048828125,1048.699951171875,1049.199951171875,21295
2026-07-22 09:13:00+00:00,1049.199951171875,1049.199951171875,1049.9000244140625,1049.199951171875,1049.5999755859375,35652
2026-07-22 09:14:00+00:00,1049.300048828125,1049.300048828125,1049.4000244140625,1048.699951171875,1049.4000244140625,26477
2026-07-22 09:15:00+00:00,1049.300048828125,1049.300048828125,1049.699951171875,1048.800048828125,1049.0999755859375,24769
2026-07-22 09:16:00+00:00,1049.4000244140625,1049.4000244140625,1049.800048828125,1049.199951171875,1049.199951171875,21369
2026-07-22 09:17:00+00:00,1049.800048828125,1049.800048828125,1050.0,1049.300048828125,1049.300048828125,28694
2026-07-22 09:18:00+00:00,1049.9000244140625,1049.9000244140625,1050.0,1049.5999755859375,1049.800048828125,34362
2026-07-22 09:19:00+00:00,1049.699951171875,1049.699951171875,1050.0,1049.300048828125,1049.5999755859375,81387
2026-07-22 09:20:00+00:00,1050.0,1050.0,1050.0,1049.4000244140625,1049.9000244140625,45306
2026-07-22 09:21:00+00:00,1050.5999755859375,1050.5999755859375,1050.5999755859375,1049.800048828125,1050.0,44822
2026-07-22 09:22:00+00:00,1050.300048828125,1050.300048828125,1050.800048828125,1049.800048828125,1050.199951171875,35493
2026-07-22 09:23:00+00:00,1050.5999755859375,1050.5999755859375,1050.699951171875,1049.9000244140625,1050.300048828125,35414
2026-07-22 09:24:00+00:00,1050.5,1050.5,1051.0,1050.199951171875,1050.300048828125,30732
2026-07-22 09:25:00+00:00,1050.5999755859375,1050.5999755859375,1051.0999755859375,1050.5,1051.0,33199
2026-07-22 09:26:00+00:00,1049.9000244140625,1049.9000244140625,1051.0999755859375,1049.9000244140625,1051.0999755859375,43503
2026-07-22 09:27:00+00:00,1050.0999755859375,1050.0999755859375,1050.5,1049.800048828125,1049.9000244140625,28672
2026-07-22 09:28:00+00:00,1050.4000244140625,1050.4000244140625,1050.5,1049.800048828125,1050.199951171875,27336
2026-07-22 09:29:00+00:00,1050.199951171875,1050.199951171875,1050.5,1049.699951171875,1050.0999755859375,30584
2026-07-22 09:30:00+00:00,1051.5999755859375,1051.5999755859375,1051.699951171875,1050.5,1050.5,66017
2026-07-22 09:31:00+00:00,1051.699951171875,1051.699951171875,1051.800048828125,1051.199951171875,1051.699951171875,52031
2026-07-22 09:32:00+00:00,1052.0999755859375,1052.0999755859375,1052.4000244140625,1051.300048828125,1051.699951171875,54775
2026-07-22 09:33:00+00:00,1051.699951171875,1051.699951171875,1052.0999755859375,1051.4000244140625,1051.699951171875,54299
2026-07-22 09:34:00+00:00,1052.0,1052.0,1052.0999755859375,1051.5,1051.5999755859375,40226
2026-07-22 09:35:00+00:00,1052.199951171875,1052.199951171875,1052.300048828125,1051.5999755859375,1051.800048828125,45027
2026-07-22 09:36:00+00:00,1052.0,1052.0,1052.4000244140625,1052.0,1052.199951171875,39565
2026-07-22 09:37:00+00:00,1052.0999755859375,1052.0999755859375,1052.300048828125,1051.800048828125,1052.0999755859375,46262
2026-07-22 09:38:00+00:00,1052.0,1052.0,1052.5999755859375,1051.9000244140625,1052.199951171875,64329
2026-07-22 09:39:00+00:00,1052.300048828125,1052.300048828125,1053.199951171875,1051.800048828125,1052.5,118274
2026-07-22 09:40:00+00:00,1051.9000244140625,1051.9000244140625,1052.300048828125,1051.300048828125,1052.300048828125,58555
2026-07-22 09:41:00+00:00,1051.4000244140625,1051.4000244140625,1052.0999755859375,1051.199951171875,1052.0999755859375,51421
2026-07-22 09:42:00+00:00,1051.5,1051.5,1051.800048828125,1051.300048828125,1051.5999755859375,54585
2026-07-22 09:43:00+00:00,1052.5999755859375,1052.5999755859375,1052.5999755859375,1051.4000244140625,1051.5,44842
2026-07-22 09:44:00+00:00,1053.800048828125,1053.800048828125,1053.800048828125,1052.4000244140625,1052.699951171875,60272
2026-07-22 09:45:00+00:00,1053.699951171875,1053.699951171875,1053.699951171875,1053.0,1053.300048828125,54090
2026-07-22 09:46:00+00:00,1053.5999755859375,1053.5999755859375,1054.0,1053.4000244140625,1053.5999755859375,48470
2026-07-22 09:47:00+00:00,1053.5,1053.5,1053.9000244140625,1053.4000244140625,1053.5999755859375,32242
2026-07-22 09:48:00+00:00,1053.800048828125,1053.800048828125,1054.0,1053.300048828125,1054.0,49383
2026-07-22 09:49:00+00:00,1053.4000244140625,1053.4000244140625,1053.9000244140625,1053.300048828125,1053.4000244140625,41572
2026-07-22 09:50:00+00:00,1053.0999755859375,1053.0999755859375,1053.5999755859375,1052.800048828125,1053.199951171875,63876
2026-07-22 09:51:00+00:00,1052.0999755859375,1052.0999755859375,1053.4000244140625,1052.0,1053.199951171875,81219
2026-07-22 09:52:00+00:00,1052.0999755859375,1052.0999755859375,1052.5999755859375,1052.0,1052.4000244140625,23919
2026-07-22 09:53:00+00:00,1052.0,1052.0,1052.199951171875,1052.0,1052.0,45380
2026-07-22 09:54:00+00:00,1052.800048828125,1052.800048828125,1052.800048828125,1051.5,1052.0,58582
2026-07-22 09:55:00+00:00,1050.300048828125,1050.300048828125,1052.699951171875,1050.199951171875,1052.699951171875,86896
2026-07-22 09:56:00+00:00,1049.699951171875,1049.699951171875,1050.5,1049.0999755859375,1050.5,72894
2026-07-22 09:57:00+00:00,1050.800048828125,1050.800048828125,1051.199951171875,1049.699951171875,1049.699951171875,61351
2026-07-22 09:58:00+00:00,1050.9000244140625,1050.9000244140625,1050.9000244140625,1050.0,1050.699951171875,27845
2026-07-22 09:59:00+00:00,1052.0,1052.0,1052.5,1050.5999755859375,1050.5999755859375,45392
2026-07-23 03:45:00+00:00,1041.5,1041.5,1046.0,1041.0,1045.9000244140625,0
2026-07-23 03:46:00+00:00,1041.300048828125,1041.300048828125,1043.4000244140625,1040.699951171875,1041.5999755859375,132821
2026-07-23 03:47:00+00:00,1041.699951171875,1041.699951171875,1044.9000244140625,1040.800048828125,1041.4000244140625,75409
2026-07-23 03:48:00+00:00,1041.4000244140625,1041.4000244140625,1041.4000244140625,1039.0999755859375,1041.0999755859375,129642
2026-07-23 03:49:00+00:00,1041.5999755859375,1041.5999755859375,1043.300048828125,1040.5999755859375,1041.300048828125,65537
2026-07-23 03:50:00+00:00,1039.5,1039.5,1041.5999755859375,1038.9000244140625,1041.199951171875,53396
2026-07-23 03:51:00+00:00,1039.9000244140625,1039.9000244140625,1041.300048828125,1039.300048828125,1039.300048828125,33904
2026-07-23 03:52:00+00:00,1041.300048828125,1041.300048828125,1041.5999755859375,1038.699951171875,1041.0999755859375,68073
2026-07-23 03:53:00+00:00,1041.300048828125,1041.300048828125,1041.699951171875,1040.699951171875,1041.699951171875,14551
2026-07-23 03:54:00+00:00,1040.699951171875,1040.699951171875,1042.0,1039.9000244140625,1042.0,65490
2026-07-23 03:55:00+00:00,1038.4000244140625,1038.4000244140625,1040.300048828125,1037.300048828125,1040.199951171875,73449
2026-07-23 03:56:00+00:00,1038.4000244140625,1038.4000244140625,1039.800048828125,1037.9000244140625,1039.0,48710
2026-07-23 03:57:00+00:00,1037.199951171875,1037.199951171875,1038.5999755859375,1036.4000244140625,1038.0,105717
2026-07-23 03:58:00+00:00,1033.4000244140625,1033.4000244140625,1037.199951171875,1032.5,1037.199951171875,219997
2026-07-23 03:59:00+00:00,1034.0,1034.0,1035.199951171875,1033.0,1033.300048828125,51455
2026-07-23 04:00:00+00:00,1037.0,1037.0,1037.300048828125,1033.5999755859375,1034.0,67182
2026-07-23 04:01:00+00:00,1037.0,1037.0,1038.4000244140625,1037.0,1037.0999755859375,34307
2026-07-23 04:02:00+00:00,1035.0999755859375,1035.0999755859375,1037.4000244140625,1034.0,1037.4000244140625,55207
2026-07-23 04:03:00+00:00,1036.4000244140625,1036.4000244140625,1036.4000244140625,1034.9000244140625,1035.0999755859375,24078
2026-07-23 04:04:00+00:00,1038.9000244140625,1038.9000244140625,1039.4000244140625,1036.4000244140625,1036.4000244140625,53179
2026-07-23 04:05:00+00:00,1037.800048828125,1037.800048828125,1039.5999755859375,1037.699951171875,1038.300048828125,34406
2026-07-23 04:06:00+00:00,1039.0999755859375,1039.0999755859375,1039.300048828125,1037.5,1037.800048828125,30286
2026-07-23 04:07:00+00:00,1041.9000244140625,1041.9000244140625,1041.9000244140625,1039.0999755859375,1039.0999755859375,55185
2026-07-23 04:08:00+00:00,1043.800048828125,1043.800048828125,1043.800048828125,1041.300048828125,1041.699951171875,82181
2026-07-23 04:09:00+00:00,1043.0,1043.0,1044.199951171875,1041.800048828125,1044.0,59769
2026-07-23 04:10:00+00:00,1043.5999755859375,1043.5999755859375,1044.0,1042.5,1043.5,33811
2026-07-23 04:11:00+00:00,1044.199951171875,1044.199951171875,1044.300048828125,1042.699951171875,1043.800048828125,40677
2026-07-23 04:12:00+00:00,1042.5,1042.5,1044.800048828125,1042.0999755859375,1044.5,34205
2026-07-23 04:13:00+00:00,1041.300048828125,1041.300048828125,1042.9000244140625,1040.9000244140625,1042.5,27475
2026-07-23 04:14:00+00:00,1042.0,1042.0,1042.800048828125,1041.300048828125,1041.5999755859375,15230
2026-07-23 04:15:00+00:00,1043.9000244140625,1043.9000244140625,1043.9000244140625,1042.0,1042.0,17973
2026-07-23 04:16:00+00:00,1043.800048828125,1043.800048828125,1044.699951171875,1043.5,1043.9000244140625,38354
2026-07-23 04:17:00+00:00,1044.199951171875,1044.199951171875,1044.5999755859375,1043.5,1044.199951171875,14877
2026-07-23 04:18:00+00:00,1043.5999755859375,1043.5999755859375,1044.5999755859375,1043.300048828125,1044.199951171875,19022
2026-07-23 04:19:00+00:00,1045.5,1045.5,1045.9000244140625,1043.5999755859375,1043.800048828125,43637
2026-07-23 04:20:00+00:00,1045.9000244140625,1045.9000244140625,1046.5,1045.4000244140625,1045.5,30923
2026-07-23 04:21:00+00:00,1043.5,1043.5,1045.699951171875,1043.4000244140625,1045.699951171875,17480
2026-07-23 04:22:00+00:00,1044.5,1044.5,1044.800048828125,1043.4000244140625,1043.5,8982
2026-07-23 04:23:00+00:00,1045.4000244140625,1045.4000244140625,1045.4000244140625,1044.300048828125,1044.5999755859375,13583
2026-07-23 04:24:00+00:00,1041.9000244140625,1041.9000244140625,1045.5,1041.5,1045.199951171875,38962
2026-07-23 04:25:00+00:00,1043.199951171875,1043.199951171875,1043.5999755859375,1041.5,1041.5,18502
2026-07-23 04:26:00+00:00,1042.699951171875,1042.699951171875,1043.0999755859375,1041.5999755859375,1042.699951171875,15672
2026-07-23 04:27:00+00:00,1042.5999755859375,1042.5999755859375,1043.4000244140625,1042.5,1042.699951171875,8078
2026-07-23 04:28:00+00:00,1042.4000244140625,1042.4000244140625,1043.5,1042.199951171875,1042.800048828125,9288
2026-07-23 04:29:00+00:00,1042.5,1042.5,1042.9000244140625,1042.199951171875,1042.800048828125,10802
2026-07-23 04:30:00+00:00,1043.4000244140625,1043.4000244140625,1043.699951171875,1042.0999755859375,1042.5,38517
2026-07-23 04:31:00+00:00,1043.5,1043.5,1044.5,1043.4000244140625,1043.4000244140625,9152
2026-07-23 04:32:00+00:00,1043.699951171875,1043.699951171875,1044.300048828125,1043.4000244140625,1043.9000244140625,13730
2026-07-23 04:33:00+00:00,1042.300048828125,1042.300048828125,1043.699951171875,1042.300048828125,1043.300048828125,21654
2026-07-23 04:34:00+00:00,1043.0999755859375,1043.0999755859375,1043.4000244140625,1042.300048828125,1042.5,12252
2026-07-23 04:35:00+00:00,1044.0,1044.0,1044.300048828125,1042.9000244140625,1043.0999755859375,8554
2026-07-23 04:36:00+00:00,1044.0,1044.0,1044.199951171875,1043.199951171875,1044.199951171875,9827
2026-07-23 04:37:00+00:00,1041.5,1041.5,1043.9000244140625,1041.0,1043.9000244140625,28072
2026-07-23 04:38:00+00:00,1042.5999755859375,1042.5999755859375,1043.0,1041.4000244140625,1041.4000244140625,14219
2026-07-23 04:39:00+00:00,1042.9000244140625,1042.9000244140625,1043.0999755859375,1042.199951171875,1042.699951171875,9921
2026-07-23 04:40:00+00:00,1043.0999755859375,1043.0999755859375,1043.4000244140625,1042.5,1043.0,16702
2026-07-23 04:41:00+00:00,1044.0,1044.0,1044.0999755859375,1042.800048828125,1043.0,8435
2026-07-23 04:42:00+00:00,1045.0999755859375,1045.0999755859375,1045.0999755859375,1044.0,1044.0,12993
2026-07-23 04:43:00+00:00,1043.800048828125,1043.800048828125,1045.0999755859375,1043.5999755859375,1045.0999755859375,10491
2026-07-23 04:44:00+00:00,1042.5,1042.5,1043.800048828125,1042.5,1043.699951171875,9131
2026-07-23 04:45:00+00:00,1043.199951171875,1043.199951171875,1043.199951171875,1042.300048828125,1042.9000244140625,13451
2026-07-23 04:46:00+00:00,1043.699951171875,1043.699951171875,1043.800048828125,1043.0,1043.0,7540
2026-07-23 04:47:00+00:00,1044.199951171875,1044.199951171875,1044.300048828125,1043.0999755859375,1043.5999755859375,7789
2026-07-23 04:48:00+00:00,1042.800048828125,1042.800048828125,1044.4000244140625,1042.5,1044.4000244140625,15923
2026-07-23 04:49:00+00:00,1042.5999755859375,1042.5999755859375,1043.5,1042.0999755859375,1042.800048828125,19685
2026-07-23 04:50:00+00:00,1042.199951171875,1042.199951171875,1043.4000244140625,1041.699951171875,1042.800048828125,11878
2026-07-23 04:51:00+00:00,1042.0999755859375,1042.0999755859375,1043.300048828125,1041.9000244140625,1042.0999755859375,15966
2026-07-23 04:52:00+00:00,1042.0,1042.0,1042.199951171875,1041.5,1042.199951171875,11119
2026-07-23 04:53:00+00:00,1043.199951171875,1043.199951171875,1043.4000244140625,1041.5999755859375,1042.0,17811
2026-07-23 04:54:00+00:00,1044.0,1044.0,1044.5,1042.9000244140625,1043.4000244140625,18520
2026-07-23 04:55:00+00:00,1043.5,1043.5,1044.199951171875,1043.4000244140625,1044.199951171875,13885
2026-07-23 04:56:00+00:00,1043.300048828125,1043.300048828125,1043.9000244140625,1043.199951171875,1043.699951171875,10113
2026-07-23 04:57:00+00:00,1043.5999755859375,1043.5999755859375,1044.300048828125,1043.300048828125,1043.4000244140625,10520
2026-07-23 04:58:00+00:00,1043.5,1043.5,1043.9000244140625,1043.199951171875,1043.9000244140625,12705
2026-07-23 04:59:00+00:00,1043.800048828125,1043.800048828125,1043.9000244140625,1043.0,1043.5,10774
2026-07-23 05:00:00+00:00,1042.800048828125,1042.800048828125,1044.0,1042.4000244140625,1044.0,19652
2026-07-23 05:01:00+00:00,1042.5999755859375,1042.5999755859375,1042.9000244140625,1042.199951171875,1042.800048828125,9164
2026-07-23 05:02:00+00:00,1043.4000244140625,1043.4000244140625,1043.5999755859375,1042.5,1042.9000244140625,11140
2026-07-23 05:03:00+00:00,1043.0,1043.0,1043.5999755859375,1042.9000244140625,1043.199951171875,12265
2026-07-23 05:04:00+00:00,1042.5999755859375,1042.5999755859375,1043.300048828125,1042.199951171875,1043.0,14050
2026-07-23 05:05:00+00:00,1043.4000244140625,1043.4000244140625,1043.5,1042.800048828125,1043.0999755859375,9966
2026-07-23 05:06:00+00:00,1044.0999755859375,1044.0999755859375,1044.0999755859375,1042.800048828125,1043.4000244140625,16337
2026-07-23 05:07:00+00:00,1043.699951171875,1043.699951171875,1044.4000244140625,1043.5999755859375,1044.0,11097
2026-07-23 05:08:00+00:00,1043.5,1043.5,1043.9000244140625,1042.9000244140625,1043.9000244140625,12498
2026-07-23 05:09:00+00:00,1043.0,1043.0,1043.5999755859375,1042.699951171875,1043.5999755859375,10163
2026-07-23 05:10:00+00:00,1042.699951171875,1042.699951171875,1043.5,1042.699951171875,1043.0,15145
2026-07-23 05:11:00+00:00,1043.199951171875,1043.199951171875,1043.4000244140625,1042.699951171875,1043.199951171875,9576
2026-07-23 05:12:00+00:00,1043.4000244140625,1043.4000244140625,1043.5,1043.0,1043.0,12483
2026-07-23 05:13:00+00:00,1044.0,1044.0,1044.300048828125,1043.699951171875,1043.699951171875,15308
2026-07-23 05:14:00+00:00,1044.9000244140625,1044.9000244140625,1044.9000244140625,1043.5999755859375,1044.4000244140625,14455
2026-07-23 05:15:00+00:00,1047.0,1047.0,1047.0,1044.800048828125,1044.800048828125,67258
2026-07-23 05:16:00+00:00,1047.5,1047.5,1048.199951171875,1046.9000244140625,1046.9000244140625,64991
2026-07-23 05:17:00+00:00,1046.0999755859375,1046.0999755859375,1047.699951171875,1045.5999755859375,1047.699951171875,45747
2026-07-23 05:18:00+00:00,1046.300048828125,1046.300048828125,1046.5999755859375,1045.4000244140625,1046.300048828125,45492
2026-07-23 05:19:00+00:00,1046.5999755859375,1046.5999755859375,1046.699951171875,1045.4000244140625,1046.0999755859375,32030
2026-07-23 05:20:00+00:00,1046.199951171875,1046.199951171875,1047.0,1046.199951171875,1046.5999755859375,12372
2026-07-23 05:21:00+00:00,1046.5999755859375,1046.5999755859375,1046.9000244140625,1045.9000244140625,1045.9000244140625,11975
2026-07-23 05:22:00+00:00,1046.300048828125,1046.300048828125,1047.0,1046.0999755859375,1046.5,17952
2026-07-23 05:23:00+00:00,1045.300048828125,1045.300048828125,1046.5,1045.0,1045.9000244140625,14760
2026-07-23 05:24:00+00:00,1045.4000244140625,1045.4000244140625,1045.800048828125,1044.800048828125,1045.0,13533
2026-07-23 05:25:00+00:00,1045.300048828125,1045.300048828125,1045.800048828125,1045.0,1045.5,9838
2026-07-23 05:26:00+00:00,1045.9000244140625,1045.9000244140625,1045.9000244140625,1045.0999755859375,1045.300048828125,12897
2026-07-23 05:27:00+00:00,1045.0999755859375,1045.0999755859375,1046.0,1045.0,1046.0,9730
2026-07-23 05:28:00+00:00,1046.0,1046.0,1046.4000244140625,1045.199951171875,1045.300048828125,13607
2026-07-23 05:29:00+00:00,1046.300048828125,1046.300048828125,1046.4000244140625,1045.300048828125,1045.800048828125,12824
2026-07-23 05:30:00+00:00,1046.5,1046.5,1046.5,1046.0999755859375,1046.300048828125,9182
2026-07-23 05:31:00+00:00,1045.5,1045.5,1046.699951171875,1045.199951171875,1046.5999755859375,18167
2026-07-23 05:32:00+00:00,1045.699951171875,1045.699951171875,1045.9000244140625,1045.0,1045.699951171875,11076
2026-07-23 05:33:00+00:00,1045.699951171875,1045.699951171875,1046.0,1045.199951171875,1045.199951171875,7448
2026-07-23 05:34:00+00:00,1045.199951171875,1045.199951171875,1046.0,1045.0,1045.5,9973
2026-07-23 05:35:00+00:00,1045.699951171875,1045.699951171875,1045.800048828125,1045.199951171875,1045.800048828125,14165
2026-07-23 05:36:00+00:00,1046.0999755859375,1046.0999755859375,1046.300048828125,1045.199951171875,1045.800048828125,18087
2026-07-23 05:37:00+00:00,1046.5,1046.5,1046.699951171875,1045.5999755859375,1046.0999755859375,11617
2026-07-23 05:38:00+00:00,1046.5999755859375,1046.5999755859375,1046.9000244140625,1046.199951171875,1046.699951171875,17976
2026-07-23 05:39:00+00:00,1046.199951171875,1046.199951171875,1046.800048828125,1046.0999755859375,1046.0999755859375,15119
2026-07-23 05:40:00+00:00,1046.300048828125,1046.300048828125,1046.699951171875,1046.0999755859375,1046.300048828125,9283
2026-07-23 05:41:00+00:00,1044.300048828125,1044.300048828125,1046.5,1044.0,1046.5,35242
2026-07-23 05:42:00+00:00,1048.300048828125,1048.300048828125,1049.0,1044.0999755859375,1044.300048828125,180526
2026-07-23 05:43:00+00:00,1048.4000244140625,1048.4000244140625,1049.5999755859375,1048.300048828125,1048.5999755859375,43604
2026-07-23 05:44:00+00:00,1048.199951171875,1048.199951171875,1048.800048828125,1047.800048828125,1048.699951171875,15736
2026-07-23 05:45:00+00:00,1048.5999755859375,1048.5999755859375,1048.800048828125,1048.199951171875,1048.5999755859375,11940
2026-07-23 05:46:00+00:00,1049.5999755859375,1049.5999755859375,1050.0,1048.199951171875,1048.199951171875,33406
2026-07-23 05:47:00+00:00,1049.199951171875,1049.199951171875,1050.300048828125,1048.5,1049.5999755859375,37565
2026-07-23 05:48:00+00:00,1048.9000244140625,1048.9000244140625,1049.4000244140625,1048.4000244140625,1049.199951171875,16382
2026-07-23 05:49:00+00:00,1048.0,1048.0,1049.0,1047.4000244140625,1048.9000244140625,22802
2026-07-23 05:50:00+00:00,1048.199951171875,1048.199951171875,1048.5,1047.5999755859375,1048.199951171875,10696
2026-07-23 05:51:00+00:00,1048.0999755859375,1048.0999755859375,1048.5,1048.0,1048.300048828125,13122
2026-07-23 05:52:00+00:00,1048.199951171875,1048.199951171875,1048.4000244140625,1047.9000244140625,1048.0999755859375,10983
2026-07-23 05:53:00+00:00,1048.0,1048.0,1048.4000244140625,1047.5999755859375,1048.4000244140625,17545
2026-07-23 05:54:00+00:00,1047.5999755859375,1047.5999755859375,1048.300048828125,1047.4000244140625,1047.699951171875,33265
2026-07-23 05:55:00+00:00,1047.5999755859375,1047.5999755859375,1047.699951171875,1047.0,1047.5,60445
2026-07-23 05:56:00+00:00,1047.5,1047.5,1048.199951171875,1047.4000244140625,1047.699951171875,19088
2026-07-23 05:57:00+00:00,1047.300048828125,1047.300048828125,1047.699951171875,1047.0,1047.5999755859375,143220
2026-07-23 05:58:00+00:00,1047.0,1047.0,1047.699951171875,1047.0,1047.699951171875,487411
2026-07-23 05:59:00+00:00,1043.4000244140625,1043.4000244140625,1047.0,1043.0,1047.0,410498
2026-07-23 06:00:00+00:00,1043.0,1043.0,1043.699951171875,1041.699951171875,1043.0,55768
2026-07-23 06:01:00+00:00,1042.5999755859375,1042.5999755859375,1043.0999755859375,1041.9000244140625,1043.0,33706
2026-07-23 06:02:00+00:00,1043.0999755859375,1043.0999755859375,1044.199951171875,1042.0,1042.5999755859375,27033
2026-07-23 06:03:00+00:00,1042.4000244140625,1042.4000244140625,1043.4000244140625,1042.0,1043.199951171875,13925
2026-07-23 06:04:00+00:00,1041.5999755859375,1041.5999755859375,1042.699951171875,1041.300048828125,1042.5999755859375,21987
2026-07-23 06:05:00+00:00,1042.5999755859375,1042.5999755859375,1042.800048828125,1041.199951171875,1041.800048828125,17299
2026-07-23 06:06:00+00:00,1042.4000244140625,1042.4000244140625,1043.0,1042.199951171875,1042.5999755859375,15682
2026-07-23 06:07:00+00:00,1043.300048828125,1043.300048828125,1043.5,1042.4000244140625,1042.4000244140625,17339
2026-07-23 06:08:00+00:00,1045.0,1045.0,1045.199951171875,1043.0,1043.199951171875,30979
2026-07-23 06:09:00+00:00,1045.0999755859375,1045.0999755859375,1045.699951171875,1044.4000244140625,1045.5999755859375,20063
2026-07-23 06:10:00+00:00,1044.9000244140625,1044.9000244140625,1045.0999755859375,1044.300048828125,1044.800048828125,9859
2026-07-23 06:11:00+00:00,1044.300048828125,1044.300048828125,1045.4000244140625,1044.300048828125,1044.800048828125,12717
2026-07-23 06:12:00+00:00,1045.699951171875,1045.699951171875,1045.800048828125,1044.300048828125,1044.300048828125,11860
2026-07-23 06:13:00+00:00,1046.0999755859375,1046.0999755859375,1046.0999755859375,1045.4000244140625,1045.800048828125,19278
2026-07-23 06:14:00+00:00,1046.199951171875,1046.199951171875,1046.800048828125,1046.0,1046.199951171875,17902
2026-07-23 06:15:00+00:00,1048.4000244140625,1048.4000244140625,1048.4000244140625,1046.0999755859375,1046.4000244140625,20275
2026-07-23 06:16:00+00:00,1048.699951171875,1048.699951171875,1048.699951171875,1047.800048828125,1048.0,23378
2026-07-23 06:17:00+00:00,1047.5999755859375,1047.5999755859375,1048.9000244140625,1047.4000244140625,1048.699951171875,16949
2026-07-23 06:18:00+00:00,1047.699951171875,1047.699951171875,1048.0,1047.300048828125,1047.5999755859375,11713
2026-07-23 06:19:00+00:00,1048.0999755859375,1048.0999755859375,1048.5,1047.300048828125,1047.5,28844
2026-07-23 06:20:00+00:00,1048.699951171875,1048.699951171875,1048.699951171875,1048.0999755859375,1048.0999755859375,17108
2026-07-23 06:21:00+00:00,1048.300048828125,1048.300048828125,1048.5,1047.300048828125,1048.300048828125,21158
2026-07-23 06:22:00+00:00,1048.0,1048.0,1048.5,1047.699951171875,1048.5,9578
2026-07-23 06:23:00+00:00,1048.4000244140625,1048.4000244140625,1048.5999755859375,1047.5,1047.5,17410
2026-07-23 06:24:00+00:00,1050.800048828125,1050.800048828125,1051.4000244140625,1048.199951171875,1048.4000244140625,71193
2026-07-23 06:25:00+00:00,1052.199951171875,1052.199951171875,1052.199951171875,1050.0,1051.0999755859375,38598
2026-07-23 06:26:00+00:00,1051.800048828125,1051.800048828125,1052.300048828125,1050.699951171875,1052.0999755859375,31838
2026-07-23 06:27:00+00:00,1050.699951171875,1050.699951171875,1051.9000244140625,1050.0999755859375,1051.4000244140625,33224
2026-07-23 06:28:00+00:00,1051.0,1051.0,1051.199951171875,1050.300048828125,1051.0,17246
2026-07-23 06:29:00+00:00,1052.0999755859375,1052.0999755859375,1052.199951171875,1050.300048828125,1051.0,40531
2026-07-23 06:30:00+00:00,1053.4000244140625,1053.4000244140625,1053.5999755859375,1051.9000244140625,1052.300048828125,49355
2026-07-23 06:31:00+00:00,1053.5,1053.5,1053.9000244140625,1052.300048828125,1053.199951171875,46455
2026-07-23 06:32:00+00:00,1053.0,1053.0,1054.0,1052.5999755859375,1053.699951171875,39021
2026-07-23 06:33:00+00:00,1053.9000244140625,1053.9000244140625,1054.0,1052.800048828125,1053.0,15962
2026-07-23 06:34:00+00:00,1053.4000244140625,1053.4000244140625,1054.0,1053.0,1053.5,60334
2026-07-23 06:35:00+00:00,1054.0,1054.0,1054.4000244140625,1053.4000244140625,1053.4000244140625,22232
2026-07-23 06:36:00+00:00,1054.199951171875,1054.199951171875,1054.800048828125,1053.9000244140625,1054.199951171875,22718
2026-07-23 06:37:00+00:00,1057.0999755859375,1057.0999755859375,1057.0999755859375,1054.199951171875,1054.300048828125,73977
2026-07-23 06:38:00+00:00,1055.300048828125,1055.300048828125,1057.199951171875,1055.0,1057.199951171875,32824
2026-07-23 06:39:00+00:00,1056.5999755859375,1056.5999755859375,1056.5999755859375,1055.0,1055.5,36390
2026-07-23 06:40:00+00:00,1056.4000244140625,1056.4000244140625,1057.0,1056.0999755859375,1056.699951171875,23508
2026-07-23 06:41:00+00:00,1054.0,1054.0,1056.5999755859375,1053.699951171875,1056.5,39623
2026-07-23 06:42:00+00:00,1052.9000244140625,1052.9000244140625,1054.0,1052.0999755859375,1053.699951171875,37985
2026-07-23 06:43:00+00:00,1053.4000244140625,1053.4000244140625,1054.0,1052.9000244140625,1052.9000244140625,14294
2026-07-23 06:44:00+00:00,1053.199951171875,1053.199951171875,1053.699951171875,1052.800048828125,1053.300048828125,15482
2026-07-23 06:45:00+00:00,1053.300048828125,1053.300048828125,1053.300048828125,1052.699951171875,1053.0999755859375,13159
2026-07-23 06:46:00+00:00,1052.0,1052.0,1053.300048828125,1052.0,1053.0,24725
2026-07-23 06:47:00+00:00,1053.0,1053.0,1053.5,1051.699951171875,1051.699951171875,17371
2026-07-23 06:48:00+00:00,1052.800048828125,1052.800048828125,1053.4000244140625,1052.5,1053.0,15423
2026-07-23 06:49:00+00:00,1051.0,1051.0,1052.800048828125,1050.5,1052.800048828125,13685
2026-07-23 06:50:00+00:00,1049.800048828125,1049.800048828125,1050.9000244140625,1049.300048828125,1050.9000244140625,38042
2026-07-23 06:51:00+00:00,1049.0,1049.0,1049.5999755859375,1048.4000244140625,1049.300048828125,57170
2026-07-23 06:52:00+00:00,1050.0,1050.0,1050.300048828125,1049.0,1049.5,22999
2026-07-23 06:53:00+00:00,1049.0999755859375,1049.0999755859375,1050.5,1049.0999755859375,1050.0,19769
2026-07-23 06:54:00+00:00,1050.5999755859375,1050.5999755859375,1051.0,1048.5,1049.199951171875,20798
2026-07-23 06:55:00+00:00,1050.0999755859375,1050.0999755859375,1051.4000244140625,1050.0,1050.800048828125,27084
2026-07-23 06:56:00+00:00,1049.5999755859375,1049.5999755859375,1050.4000244140625,1049.0999755859375,1050.0,19108
2026-07-23 06:57:00+00:00,1049.0,1049.0,1050.199951171875,1049.0,1049.5999755859375,14430
2026-07-23 06:58:00+00:00,1047.9000244140625,1047.9000244140625,1049.5,1047.699951171875,1049.0,39330
2026-07-23 06:59:00+00:00,1048.199951171875,1048.199951171875,1048.4000244140625,1047.699951171875,1048.199951171875,15190
2026-07-23 07:00:00+00:00,1047.0999755859375,1047.0999755859375,1048.5,1047.0999755859375,1048.199951171875,16730
2026-07-23 07:01:00+00:00,1046.9000244140625,1046.9000244140625,1047.4000244140625,1046.199951171875,1047.0999755859375,43059
2026-07-23 07:02:00+00:00,1047.0999755859375,1047.0999755859375,1047.5,1046.699951171875,1046.9000244140625,17414
2026-07-23 07:03:00+00:00,1047.4000244140625,1047.4000244140625,1048.300048828125,1047.0,1047.0999755859375,24136
2026-07-23 07:04:00+00:00,1047.699951171875,1047.699951171875,1048.0,1047.0,1047.699951171875,21251
2026-07-23 07:05:00+00:00,1047.5999755859375,1047.5999755859375,1048.0999755859375,1047.0999755859375,1048.0999755859375,12824
2026-07-23 07:06:00+00:00,1047.5,1047.5,1047.5999755859375,1046.9000244140625,1047.5,13197
2026-07-23 07:07:00+00:00,1047.199951171875,1047.199951171875,1047.800048828125,1047.0999755859375,1047.199951171875,13825
2026-07-23 07:08:00+00:00,1049.0999755859375,1049.0999755859375,1049.0999755859375,1047.199951171875,1047.199951171875,21700
2026-07-23 07:09:00+00:00,1046.9000244140625,1046.9000244140625,1049.0,1046.5999755859375,1048.5999755859375,22203
2026-07-23 07:10:00+00:00,1046.0,1046.0,1047.4000244140625,1045.5999755859375,1046.9000244140625,28507
2026-07-23 07:11:00+00:00,1045.699951171875,1045.699951171875,1046.800048828125,1045.5,1045.800048828125,18317
2026-07-23 07:12:00+00:00,1044.0999755859375,1044.0999755859375,1046.4000244140625,1044.0999755859375,1045.800048828125,35701
2026-07-23 07:13:00+00:00,1044.0999755859375,1044.0999755859375,1044.5,1043.0,1044.300048828125,43855
2026-07-23 07:14:00+00:00,1043.9000244140625,1043.9000244140625,1044.699951171875,1043.5999755859375,1044.0999755859375,16949
2026-07-23 07:15:00+00:00,1043.9000244140625,1043.9000244140625,1044.300048828125,1043.300048828125,1043.800048828125,15584
2026-07-23 07:16:00+00:00,1043.5999755859375,1043.5999755859375,1044.300048828125,1043.199951171875,1044.0999755859375,18990
2026-07-23 07:17:00+00:00,1044.0,1044.0,1044.4000244140625,1043.199951171875,1044.0,64823
2026-07-23 07:18:00+00:00,1043.800048828125,1043.800048828125,1044.300048828125,1043.5,1044.0,26238
2026-07-23 07:19:00+00:00,1043.800048828125,1043.800048828125,1044.300048828125,1043.300048828125,1044.0,45563
2026-07-23 07:20:00+00:00,1044.0999755859375,1044.0999755859375,1044.5999755859375,1043.5,1044.0,14514
2026-07-23 07:21:00+00:00,1044.0999755859375,1044.0999755859375,1044.699951171875,1043.9000244140625,1044.300048828125,14523
2026-07-23 07:22:00+00:00,1044.0999755859375,1044.0999755859375,1044.699951171875,1044.0,1044.5,15088
2026-07-23 07:23:00+00:00,1044.0,1044.0,1044.199951171875,1043.699951171875,1044.0999755859375,16760
2026-07-23 07:24:00+00:00,1044.199951171875,1044.199951171875,1044.300048828125,1043.699951171875,1044.0999755859375,11402
2026-07-23 07:25:00+00:00,1044.0,1044.0,1044.5,1043.800048828125,1043.800048828125,11098
2026-07-23 07:26:00+00:00,1044.0999755859375,1044.0999755859375,1044.4000244140625,1043.800048828125,1044.0999755859375,23351
2026-07-23 07:27:00+00:00,1043.800048828125,1043.800048828125,1044.699951171875,1043.800048828125,1044.0999755859375,26139
2026-07-23 07:28:00+00:00,1043.800048828125,1043.800048828125,1044.300048828125,1043.0999755859375,1044.0,11261
2026-07-23 07:29:00+00:00,1043.5,1043.5,1044.199951171875,1043.4000244140625,1044.199951171875,12854
2026-07-23 07:30:00+00:00,1043.5,1043.5,1044.5999755859375,1043.199951171875,1043.5999755859375,20683
2026-07-23 07:31:00+00:00,1042.199951171875,1042.199951171875,1044.0999755859375,1042.199951171875,1043.5,30717
2026-07-23 07:32:00+00:00,1042.0999755859375,1042.0999755859375,1042.5999755859375,1042.0,1042.300048828125,27319
2026-07-23 07:33:00+00:00,1041.699951171875,1041.699951171875,1042.800048828125,1041.5999755859375,1042.4000244140625,43041
2026-07-23 07:34:00+00:00,1041.199951171875,1041.199951171875,1042.4000244140625,1041.199951171875,1042.300048828125,31061
2026-07-23 07:35:00+00:00,1040.5,1040.5,1041.5999755859375,1040.5,1041.199951171875,41895
2026-07-23 07:36:00+00:00,1041.199951171875,1041.199951171875,1041.5999755859375,1040.5,1040.800048828125,23562
2026-07-23 07:37:00+00:00,1041.300048828125,1041.300048828125,1041.699951171875,1041.0,1041.199951171875,25116
2026-07-23 07:38:00+00:00,1041.9000244140625,1041.9000244140625,1042.199951171875,1041.0999755859375,1041.5,22026
2026-07-23 07:39:00+00:00,1042.0,1042.0,1042.4000244140625,1041.800048828125,1042.0999755859375,24491
2026-07-23 07:40:00+00:00,1042.699951171875,1042.699951171875,1043.0,1042.0,1042.199951171875,27127
2026-07-23 07:41:00+00:00,1043.0999755859375,1043.0999755859375,1043.199951171875,1042.5,1042.9000244140625,24490
2026-07-23 07:42:00+00:00,1043.5,1043.5,1044.199951171875,1042.699951171875,1043.0,30638
2026-07-23 07:43:00+00:00,1045.0,1045.0,1045.0,1043.5,1043.5,51220
2026-07-23 07:44:00+00:00,1044.0999755859375,1044.0999755859375,1045.0,1044.0,1045.0,39430
2026-07-23 07:45:00+00:00,1043.5,1043.5,1044.0999755859375,1043.300048828125,1044.0999755859375,27427
2026-07-23 07:46:00+00:00,1043.5999755859375,1043.5999755859375,1043.5999755859375,1043.0,1043.5,27288
2026-07-23 07:47:00+00:00,1044.5,1044.5,1044.699951171875,1043.0999755859375,1043.5999755859375,32184
2026-07-23 07:48:00+00:00,1045.0,1045.0,1045.199951171875,1044.0,1044.5999755859375,38422
2026-07-23 07:49:00+00:00,1044.5,1044.5,1045.5,1044.199951171875,1045.5,29368
2026-07-23 07:50:00+00:00,1044.0,1044.0,1044.800048828125,1044.0,1044.5999755859375,24953
2026-07-23 07:51:00+00:00,1043.9000244140625,1043.9000244140625,1044.300048828125,1043.4000244140625,1044.0,29887
2026-07-23 07:52:00+00:00,1043.800048828125,1043.800048828125,1044.0,1043.5,1043.800048828125,32921
2026-07-23 07:53:00+00:00,1042.9000244140625,1042.9000244140625,1044.199951171875,1042.5,1043.5999755859375,33658
2026-07-23 07:54:00+00:00,1042.699951171875,1042.699951171875,1043.0,1042.300048828125,1042.9000244140625,48045
2026-07-23 07:55:00+00:00,1043.300048828125,1043.300048828125,1043.5999755859375,1042.300048828125,1042.9000244140625,35966
2026-07-23 07:56:00+00:00,1043.0999755859375,1043.0999755859375,1043.5999755859375,1042.800048828125,1043.0999755859375,24842
2026-07-23 07:57:00+00:00,1043.0999755859375,1043.0999755859375,1043.4000244140625,1042.699951171875,1043.0999755859375,24165
2026-07-23 07:58:00+00:00,1042.199951171875,1042.199951171875,1043.0999755859375,1041.5999755859375,1043.0,28668
2026-07-23 07:59:00+00:00,1042.800048828125,1042.800048828125,1043.0,1041.9000244140625,1042.199951171875,22365
2026-07-23 08:00:00+00:00,1043.5,1043.5,1043.5,1042.5999755859375,1042.800048828125,23984
2026-07-23 08:01:00+00:00,1042.4000244140625,1042.4000244140625,1043.5,1042.0999755859375,1043.5,24196
2026-07-23 08:02:00+00:00,1042.0,1042.0,1042.5,1041.4000244140625,1042.5,21222
2026-07-23 08:03:00+00:00,1042.4000244140625,1042.4000244140625,1042.800048828125,1041.699951171875,1041.800048828125,21890
2026-07-23 08:04:00+00:00,1042.199951171875,1042.199951171875,1042.4000244140625,1041.800048828125,1042.4000244140625,28372
2026-07-23 08:05:00+00:00,1041.5,1041.5,1042.4000244140625,1041.5,1042.300048828125,22804
2026-07-23 08:06:00+00:00,1042.0999755859375,1042.0999755859375,1042.300048828125,1041.5,1041.5,22337
2026-07-23 08:07:00+00:00,1042.5,1042.5,1042.5,1041.800048828125,1042.199951171875,26183
2026-07-23 08:08:00+00:00,1043.0999755859375,1043.0999755859375,1043.4000244140625,1042.5,1042.5,26550
2026-07-23 08:09:00+00:00,1043.0999755859375,1043.0999755859375,1043.5,1042.699951171875,1043.199951171875,40662
2026-07-23 08:10:00+00:00,1043.199951171875,1043.199951171875,1043.5,1043.0,1043.0999755859375,28864
2026-07-23 08:11:00+00:00,1044.300048828125,1044.300048828125,1044.300048828125,1042.699951171875,1043.0,37502
2026-07-23 08:12:00+00:00,1043.800048828125,1043.800048828125,1044.199951171875,1043.5,1044.0999755859375,49481
2026-07-23 08:13:00+00:00,1043.0,1043.0,1043.9000244140625,1042.5,1043.699951171875,48512
2026-07-23 08:14:00+00:00,1044.0999755859375,1044.0999755859375,1044.4000244140625,1042.9000244140625,1043.0,41392
2026-07-23 08:15:00+00:00,1044.300048828125,1044.300048828125,1044.4000244140625,1043.5,1044.300048828125,40047
2026-07-23 08:16:00+00:00,1043.5999755859375,1043.5999755859375,1044.4000244140625,1043.300048828125,1044.300048828125,43541
2026-07-23 08:17:00+00:00,1044.300048828125,1044.300048828125,1044.300048828125,1042.800048828125,1043.699951171875,33766
2026-07-23 08:18:00+00:00,1044.300048828125,1044.300048828125,1044.5999755859375,1043.9000244140625,1044.199951171875,25001
2026-07-23 08:19:00+00:00,1044.300048828125,1044.300048828125,1044.5999755859375,1044.0,1044.5,22389
2026-07-23 08:20:00+00:00,1044.0,1044.0,1044.9000244140625,1043.699951171875,1044.4000244140625,23877
2026-07-23 08:21:00+00:00,1044.199951171875,1044.199951171875,1044.300048828125,1043.4000244140625,1044.300048828125,25230
2026-07-23 08:22:00+00:00,1044.0999755859375,1044.0999755859375,1044.699951171875,1043.800048828125,1044.0,17451
2026-07-23 08:23:00+00:00,1043.5,1043.5,1044.300048828125,1043.300048828125,1044.300048828125,23066
2026-07-23 08:24:00+00:00,1042.5999755859375,1042.5999755859375,1043.5,1042.300048828125,1043.5,25978
2026-07-23 08:25:00+00:00,1044.0,1044.0,1044.5,1042.5999755859375,1042.5999755859375,36080
2026-07-23 08:26:00+00:00,1044.699951171875,1044.699951171875,1044.699951171875,1043.9000244140625,1044.199951171875,24550
2026-07-23 08:27:00+00:00,1044.5,1044.5,1044.9000244140625,1044.5,1044.699951171875,24935
2026-07-23 08:28:00+00:00,1044.9000244140625,1044.9000244140625,1045.5,1044.699951171875,1044.9000244140625,35428
2026-07-23 08:29:00+00:00,1045.9000244140625,1045.9000244140625,1046.0,1044.800048828125,1044.9000244140625,38248
2026-07-23 08:30:00+00:00,1045.5,1045.5,1046.0,1045.4000244140625,1045.699951171875,35175
2026-07-23 08:31:00+00:00,1046.0999755859375,1046.0999755859375,1046.4000244140625,1045.5,1046.0,26705
2026-07-23 08:32:00+00:00,1046.0,1046.0,1046.0,1044.9000244140625,1045.800048828125,37979
2026-07-23 08:33:00+00:00,1046.199951171875,1046.199951171875,1046.199951171875,1045.5,1045.9000244140625,32721
2026-07-23 08:34:00+00:00,1046.0,1046.0,1046.4000244140625,1045.9000244140625,1046.0999755859375,21636
2026-07-23 08:35:00+00:00,1046.4000244140625,1046.4000244140625,1046.5,1045.800048828125,1046.199951171875,25693
2026-07-23 08:36:00+00:00,1046.0999755859375,1046.0999755859375,1046.4000244140625,1045.300048828125,1046.4000244140625,28287
2026-07-23 08:37:00+00:00,1046.199951171875,1046.199951171875,1046.4000244140625,1045.5999755859375,1046.0999755859375,25934
2026-07-23 08:38:00+00:00,1047.0999755859375,1047.0999755859375,1047.0999755859375,1046.0,1046.4000244140625,39914
2026-07-23 08:39:00+00:00,1046.0999755859375,1046.0999755859375,1047.0,1046.0999755859375,1047.0,23784
2026-07-23 08:40:00+00:00,1046.5,1046.5,1046.9000244140625,1046.0,1046.5999755859375,21344
2026-07-23 08:41:00+00:00,1046.4000244140625,1046.4000244140625,1046.9000244140625,1046.0999755859375,1046.5,24134
2026-07-23 08:42:00+00:00,1046.800048828125,1046.800048828125,1046.800048828125,1046.0999755859375,1046.4000244140625,24709
2026-07-23 08:43:00+00:00,1045.699951171875,1045.699951171875,1046.9000244140625,1045.699951171875,1046.9000244140625,25730
2026-07-23 08:44:00+00:00,1045.0999755859375,1045.0999755859375,1045.5999755859375,1044.5999755859375,1045.5999755859375,25212
2026-07-23 08:45:00+00:00,1047.800048828125,1047.800048828125,1047.800048828125,1045.0,1045.0999755859375,39613
2026-07-23 08:46:00+00:00,1048.699951171875,1048.699951171875,1049.0,1047.4000244140625,1047.699951171875,35496
2026-07-23 08:47:00+00:00,1047.800048828125,1047.800048828125,1048.699951171875,1047.5,1048.699951171875,19460
2026-07-23 08:48:00+00:00,1047.199951171875,1047.199951171875,1048.0,1047.199951171875,1047.5999755859375,21523
2026-07-23 08:49:00+00:00,1047.300048828125,1047.300048828125,1047.699951171875,1047.0999755859375,1047.699951171875,19398
2026-07-23 08:50:00+00:00,1047.0999755859375,1047.0999755859375,1047.4000244140625,1046.300048828125,1047.300048828125,23692
2026-07-23 08:51:00+00:00,1048.0,1048.0,1048.0,1046.800048828125,1047.0999755859375,22170
2026-07-23 08:52:00+00:00,1047.9000244140625,1047.9000244140625,1048.0,1047.300048828125,1048.0,22930
2026-07-23 08:53:00+00:00,1048.0,1048.0,1048.5,1047.5999755859375,1048.0999755859375,22029
2026-07-23 08:54:00+00:00,1047.0,1047.0,1048.0999755859375,1047.0,1048.0999755859375,22672
2026-07-23 08:55:00+00:00,1048.300048828125,1048.300048828125,1048.300048828125,1046.5,1047.0999755859375,23287
2026-07-23 08:56:00+00:00,1048.9000244140625,1048.9000244140625,1048.9000244140625,1047.699951171875,1048.0,27801
2026-07-23 08:57:00+00:00,1048.800048828125,1048.800048828125,1049.0,1048.199951171875,1048.199951171875,22477
2026-07-23 08:58:00+00:00,1048.4000244140625,1048.4000244140625,1048.9000244140625,1048.300048828125,1048.9000244140625,27565
2026-07-23 08:59:00+00:00,1049.0999755859375,1049.0999755859375,1049.300048828125,1048.0999755859375,1048.0999755859375,27177
2026-07-23 09:00:00+00:00,1049.300048828125,1049.300048828125,1049.4000244140625,1048.5999755859375,1049.199951171875,19022
2026-07-23 09:01:00+00:00,1049.5,1049.5,1049.5,1048.800048828125,1049.5,29835
2026-07-23 09:02:00+00:00,1050.0,1050.0,1050.0,1049.0,1049.5,23078
2026-07-23 09:03:00+00:00,1052.300048828125,1052.300048828125,1052.4000244140625,1049.699951171875,1050.0,39440
2026-07-23 09:04:00+00:00,1054.800048828125,1054.800048828125,1055.0,1052.199951171875,1052.5,54589
2026-07-23 09:05:00+00:00,1053.300048828125,1053.300048828125,1055.699951171875,1052.5999755859375,1054.9000244140625,68430
2026-07-23 09:06:00+00:00,1052.0,1052.0,1053.5,1051.699951171875,1053.199951171875,37476
2026-07-23 09:07:00+00:00,1051.800048828125,1051.800048828125,1052.300048828125,1051.199951171875,1052.0999755859375,29376
2026-07-23 09:08:00+00:00,1050.199951171875,1050.199951171875,1051.9000244140625,1050.0,1051.699951171875,61043
2026-07-23 09:09:00+00:00,1048.199951171875,1048.199951171875,1049.800048828125,1048.199951171875,1049.800048828125,46818
2026-07-23 09:10:00+00:00,1048.199951171875,1048.199951171875,1048.199951171875,1047.199951171875,1048.199951171875,32219
2026-07-23 09:11:00+00:00,1047.0,1047.0,1048.5,1046.699951171875,1048.4000244140625,325980
2026-07-23 09:12:00+00:00,1046.4000244140625,1046.4000244140625,1047.0,1046.0999755859375,1046.9000244140625,23030
2026-07-23 09:13:00+00:00,1045.800048828125,1045.800048828125,1046.5999755859375,1045.5,1046.300048828125,42628
2026-07-23 09:14:00+00:00,1045.300048828125,1045.300048828125,1045.800048828125,1044.800048828125,1045.800048828125,117567
2026-07-23 09:15:00+00:00,1045.800048828125,1045.800048828125,1046.0999755859375,1045.199951171875,1045.5999755859375,18106
2026-07-23 09:16:00+00:00,1044.300048828125,1044.300048828125,1045.4000244140625,1044.0999755859375,1045.4000244140625,38839
2026-07-23 09:17:00+00:00,1044.0999755859375,1044.0999755859375,1044.800048828125,1044.0,1044.300048828125,40789
2026-07-23 09:18:00+00:00,1044.800048828125,1044.800048828125,1044.800048828125,1044.0,1044.300048828125,42028
2026-07-23 09:19:00+00:00,1044.5999755859375,1044.5999755859375,1044.800048828125,1044.300048828125,1044.800048828125,51523
2026-07-23 09:20:00+00:00,1043.300048828125,1043.300048828125,1044.5,1043.199951171875,1044.5,55057
2026-07-23 09:21:00+00:00,1043.4000244140625,1043.4000244140625,1043.800048828125,1043.0,1043.199951171875,41075
2026-07-23 09:22:00+00:00,1044.0999755859375,1044.0999755859375,1044.199951171875,1043.199951171875,1043.4000244140625,38647
2026-07-23 09:23:00+00:00,1043.699951171875,1043.699951171875,1044.199951171875,1043.199951171875,1044.0999755859375,64754
2026-07-23 09:24:00+00:00,1046.5999755859375,1046.5999755859375,1046.5999755859375,1043.5999755859375,1043.699951171875,68378
2026-07-23 09:25:00+00:00,1047.699951171875,1047.699951171875,1047.9000244140625,1046.4000244140625,1046.4000244140625,44883
2026-07-23 09:26:00+00:00,1046.5999755859375,1046.5999755859375,1048.5,1046.0999755859375,1047.5,74376
2026-07-23 09:27:00+00:00,1046.0999755859375,1046.0999755859375,1046.9000244140625,1046.0,1046.5,44451
2026-07-23 09:28:00+00:00,1045.5,1045.5,1046.5999755859375,1045.5,1046.199951171875,34384
2026-07-23 09:29:00+00:00,1045.4000244140625,1045.4000244140625,1045.9000244140625,1044.4000244140625,1045.800048828125,34801
2026-07-23 09:30:00+00:00,1045.5,1045.5,1046.5,1044.9000244140625,1045.300048828125,54424
2026-07-23 09:31:00+00:00,1044.199951171875,1044.199951171875,1045.300048828125,1043.699951171875,1045.199951171875,55909
2026-07-23 09:32:00+00:00,1044.5,1044.5,1045.300048828125,1044.0999755859375,1044.0999755859375,58435
2026-07-23 09:33:00+00:00,1044.300048828125,1044.300048828125,1045.5999755859375,1044.199951171875,1044.800048828125,55102
2026-07-23 09:34:00+00:00,1044.699951171875,1044.699951171875,1045.9000244140625,1044.4000244140625,1044.4000244140625,78913
2026-07-23 09:35:00+00:00,1045.0,1045.0,1045.5,1044.0999755859375,1044.800048828125,69299
2026-07-23 09:36:00+00:00,1045.199951171875,1045.199951171875,1046.0,1044.9000244140625,1045.300048828125,61717
2026-07-23 09:37:00+00:00,1046.300048828125,1046.300048828125,1046.800048828125,1045.199951171875,1045.199951171875,44179
2026-07-23 09:38:00+00:00,1048.0,1048.0,1048.300048828125,1046.4000244140625,1046.4000244140625,59346
2026-07-23 09:39:00+00:00,1047.199951171875,1047.199951171875,1048.0999755859375,1047.0999755859375,1048.0,53557
2026-07-23 09:40:00+00:00,1045.5999755859375,1045.5999755859375,1047.0999755859375,1045.0999755859375,1047.0999755859375,65796
2026-07-23 09:41:00+00:00,1045.300048828125,1045.300048828125,1046.300048828125,1045.0,1045.699951171875,59354
2026-07-23 09:42:00+00:00,1043.800048828125,1043.800048828125,1045.4000244140625,1043.800048828125,1045.300048828125,59001
2026-07-23 09:43:00+00:00,1043.4000244140625,1043.4000244140625,1044.0999755859375,1043.199951171875,1043.800048828125,73988
2026-07-23 09:44:00+00:00,1045.4000244140625,1045.4000244140625,1045.5999755859375,1042.9000244140625,1043.300048828125,65060
2026-07-23 09:45:00+00:00,1045.0,1045.0,1046.300048828125,1045.0,1045.800048828125,60267
2026-07-23 09:46:00+00:00,1044.699951171875,1044.699951171875,1045.0999755859375,1044.199951171875,1045.0999755859375,67966
2026-07-23 09:47:00+00:00,1044.5999755859375,1044.5999755859375,1045.0999755859375,1044.0,1044.699951171875,55338
2026-07-23 09:48:00+00:00,1046.5999755859375,1046.5999755859375,1046.9000244140625,1044.0,1044.5999755859375,121080
2026-07-23 09:49:00+00:00,1046.699951171875,1046.699951171875,1047.199951171875,1046.199951171875,1046.5999755859375,65955
2026-07-23 09:50:00+00:00,1047.4000244140625,1047.4000244140625,1047.4000244140625,1046.300048828125,1046.800048828125,55727
2026-07-23 09:51:00+00:00,1048.0,1048.0,1048.300048828125,1046.699951171875,1047.4000244140625,46210
2026-07-23 09:52:00+00:00,1047.199951171875,1047.199951171875,1048.0,1046.800048828125,1047.9000244140625,75534
2026-07-23 09:53:00+00:00,1050.0,1050.0,1050.0,1047.4000244140625,1047.4000244140625,68491
2026-07-23 09:54:00+00:00,1050.699951171875,1050.699951171875,1051.4000244140625,1050.199951171875,1050.5999755859375,97116
2026-07-23 09:55:00+00:00,1050.4000244140625,1050.4000244140625,1051.0,1049.800048828125,1050.699951171875,76214
2026-07-23 09:56:00+00:00,1051.699951171875,1051.699951171875,1052.0,1049.9000244140625,1050.0,68631
2026-07-23 09:57:00+00:00,1055.5999755859375,1055.5999755859375,1056.0999755859375,1051.9000244140625,1051.9000244140625,133502
2026-07-23 09:58:00+00:00,1052.9000244140625,1052.9000244140625,1056.4000244140625,1051.199951171875,1055.9000244140625,103628
2026-07-23 09:59:00+00:00,1052.9000244140625,1052.9000244140625,1053.0,1049.0,1052.5999755859375,46566
2026-07-24 03:45:00+00:00,1026.0,1026.0,1039.9000244140625,1024.300048828125,1029.9000244140625,0
2026-07-24 03:46:00+00:00,1028.0,1028.0,1031.4000244140625,1026.4000244140625,1026.5999755859375,444429
2026-07-24 03:47:00+00:00,1029.9000244140625,1029.9000244140625,1031.0,1025.300048828125,1028.300048828125,312835
2026-07-24 03:48:00+00:00,1036.5,1036.5,1036.5,1028.300048828125,1029.5999755859375,324753
2026-07-24 03:49:00+00:00,1041.9000244140625,1041.9000244140625,1041.9000244140625,1036.0999755859375,1036.0999755859375,287065
2026-07-24 03:50:00+00:00,1038.199951171875,1038.199951171875,1042.5999755859375,1038.199951171875,1041.9000244140625,247009
2026-07-24 03:51:00+00:00,1037.0999755859375,1037.0999755859375,1040.9000244140625,1035.9000244140625,1038.4000244140625,297459
2026-07-24 03:52:00+00:00,1039.0999755859375,1039.0999755859375,1039.0999755859375,1037.0,1037.199951171875,160260
2026-07-24 03:53:00+00:00,1040.0,1040.0,1040.4000244140625,1037.9000244140625,1039.0999755859375,296740
2026-07-24 03:54:00+00:00,1041.0,1041.0,1041.5999755859375,1038.5,1039.5,416568
2026-07-24 03:55:00+00:00,1037.0999755859375,1037.0999755859375,1041.0,1037.0999755859375,1040.5,344232
2026-07-24 03:56:00+00:00,1034.300048828125,1034.300048828125,1037.0999755859375,1032.9000244140625,1036.800048828125,411124
2026-07-24 03:57:00+00:00,1036.199951171875,1036.199951171875,1038.5,1033.9000244140625,1033.9000244140625,201494
2026-07-24 03:58:00+00:00,1036.5,1036.5,1037.300048828125,1034.800048828125,1036.300048828125,102461
2026-07-24 03:59:00+00:00,1037.5999755859375,1037.5999755859375,1039.0,1036.199951171875,1036.4000244140625,90415
2026-07-24 04:00:00+00:00,1040.5,1040.5,1040.699951171875,1036.5999755859375,1037.199951171875,117603
2026-07-24 04:01:00+00:00,1040.5999755859375,1040.5999755859375,1041.199951171875,1040.0,1041.0,138002
2026-07-24 04:02:00+00:00,1040.5999755859375,1040.5999755859375,1041.5999755859375,1040.0999755859375,1041.0999755859375,109319
2026-07-24 04:03:00+00:00,1038.0999755859375,1038.0999755859375,1040.800048828125,1038.0999755859375,1040.4000244140625,79249
2026-07-24 04:04:00+00:00,1036.0,1036.0,1039.199951171875,1036.0,1038.0999755859375,163317
2026-07-24 04:05:00+00:00,1033.800048828125,1033.800048828125,1037.0999755859375,1033.800048828125,1036.300048828125,118643
2026-07-24 04:06:00+00:00,1031.5,1031.5,1033.9000244140625,1031.199951171875,1033.5,190227
2026-07-24 04:07:00+00:00,1032.699951171875,1032.699951171875,1033.4000244140625,1031.0,1031.699951171875,140504
2026-07-24 04:08:00+00:00,1033.300048828125,1033.300048828125,1033.800048828125,1032.699951171875,1032.9000244140625,86007
2026-07-24 04:09:00+00:00,1029.699951171875,1029.699951171875,1033.5999755859375,1029.199951171875,1033.5,237482
2026-07-24 04:10:00+00:00,1027.0999755859375,1027.0999755859375,1029.699951171875,1026.699951171875,1029.5,168064
2026-07-24 04:11:00+00:00,1029.0999755859375,1029.0999755859375,1029.199951171875,1027.0,1027.300048828125,80917
2026-07-24 04:12:00+00:00,1029.300048828125,1029.300048828125,1029.800048828125,1028.0999755859375,1029.0999755859375,155347
2026-07-24 04:13:00+00:00,1029.699951171875,1029.699951171875,1030.9000244140625,1028.0999755859375,1028.9000244140625,71940
2026-07-24 04:14:00+00:00,1031.4000244140625,1031.4000244140625,1031.4000244140625,1029.800048828125,1029.800048828125,65650
2026-07-24 04:15:00+00:00,1034.5,1034.5,1035.800048828125,1031.199951171875,1031.5999755859375,198876
2026-07-24 04:16:00+00:00,1036.4000244140625,1036.4000244140625,1036.4000244140625,1034.0999755859375,1034.5999755859375,122343
2026-07-24 04:17:00+00:00,1038.9000244140625,1038.9000244140625,1039.0,1035.9000244140625,1036.0999755859375,155900
2026-07-24 04:18:00+00:00,1037.5,1037.5,1040.5999755859375,1037.5,1038.9000244140625,132493
2026-07-24 04:19:00+00:00,1040.4000244140625,1040.4000244140625,1040.5999755859375,1037.699951171875,1037.9000244140625,99363
2026-07-24 04:20:00+00:00,1037.5999755859375,1037.5999755859375,1040.5999755859375,1037.5999755859375,1040.5999755859375,62601
2026-07-24 04:21:00+00:00,1036.5999755859375,1036.5999755859375,1038.5999755859375,1036.0999755859375,1037.699951171875,67418
2026-07-24 04:22:00+00:00,1035.800048828125,1035.800048828125,1036.699951171875,1035.300048828125,1036.699951171875,64615
2026-07-24 04:23:00+00:00,1038.4000244140625,1038.4000244140625,1038.4000244140625,1035.699951171875,1035.9000244140625,69259
2026-07-24 04:24:00+00:00,1038.300048828125,1038.300048828125,1039.0999755859375,1038.0999755859375,1038.699951171875,51133
2026-07-24 04:25:00+00:00,1037.5999755859375,1037.5999755859375,1038.5,1037.0999755859375,1038.199951171875,36446
2026-07-24 04:26:00+00:00,1038.0999755859375,1038.0999755859375,1038.5,1037.0,1037.699951171875,97531
2026-07-24 04:27:00+00:00,1039.0,1039.0,1039.300048828125,1037.9000244140625,1038.0999755859375,46919
2026-07-24 04:28:00+00:00,1036.699951171875,1036.699951171875,1039.0999755859375,1036.300048828125,1039.0999755859375,101303
2026-07-24 04:29:00+00:00,1035.300048828125,1035.300048828125,1037.199951171875,1035.300048828125,1036.800048828125,38767
2026-07-24 04:30:00+00:00,1036.5,1036.5,1036.5,1034.300048828125,1035.0,70142
2026-07-24 04:31:00+00:00,1037.800048828125,1037.800048828125,1038.0,1036.0999755859375,1036.300048828125,39590
2026-07-24 04:32:00+00:00,1035.0999755859375,1035.0999755859375,1038.0,1034.699951171875,1038.0,47488
2026-07-24 04:33:00+00:00,1034.699951171875,1034.699951171875,1035.5,1034.0,1035.0999755859375,30945
2026-07-24 04:34:00+00:00,1036.0,1036.0,1036.300048828125,1034.4000244140625,1034.5,60017
2026-07-24 04:35:00+00:00,1034.800048828125,1034.800048828125,1036.199951171875,1034.300048828125,1035.800048828125,21220
2026-07-24 04:36:00+00:00,1033.0999755859375,1033.0999755859375,1034.800048828125,1033.0999755859375,1034.5,48026
2026-07-24 04:37:00+00:00,1032.699951171875,1032.699951171875,1033.300048828125,1032.5,1033.0999755859375,30677
2026-07-24 04:38:00+00:00,1033.199951171875,1033.199951171875,1033.4000244140625,1032.5999755859375,1033.4000244140625,43157
2026-07-24 04:39:00+00:00,1032.5,1032.5,1033.300048828125,1032.199951171875,1033.199951171875,45286
2026-07-24 04:40:00+00:00,1032.199951171875,1032.199951171875,1033.0,1031.5999755859375,1032.699951171875,49653
2026-07-24 04:41:00+00:00,1032.300048828125,1032.300048828125,1032.800048828125,1031.9000244140625,1032.5,24860
2026-07-24 04:42:00+00:00,1032.4000244140625,1032.4000244140625,1032.9000244140625,1031.5999755859375,1032.800048828125,86339
2026-07-24 04:43:00+00:00,1031.699951171875,1031.699951171875,1032.4000244140625,1031.5,1032.4000244140625,52815
2026-07-24 04:44:00+00:00,1031.800048828125,1031.800048828125,1032.0,1031.0,1031.5,41747
2026-07-24 04:45:00+00:00,1031.300048828125,1031.300048828125,1031.699951171875,1031.0,1031.5999755859375,28135
2026-07-24 04:46:00+00:00,1031.5,1031.5,1031.9000244140625,1031.0,1031.300048828125,81978
2026-07-24 04:47:00+00:00,1031.699951171875,1031.699951171875,1032.4000244140625,1031.300048828125,1031.5999755859375,30135
2026-07-24 04:48:00+00:00,1031.0,1031.0,1031.9000244140625,1030.5,1031.5999755859375,39871
2026-07-24 04:49:00+00:00,1032.0,1032.0,1032.0,1030.5999755859375,1031.0,32345
2026-07-24 04:50:00+00:00,1029.699951171875,1029.699951171875,1031.300048828125,1029.0999755859375,1031.0999755859375,81478
2026-07-24 04:51:00+00:00,1028.9000244140625,1028.9000244140625,1029.5999755859375,1028.5,1029.5999755859375,32692
2026-07-24 04:52:00+00:00,1025.300048828125,1025.300048828125,1028.9000244140625,1024.5999755859375,1028.699951171875,227057
2026-07-24 04:53:00+00:00,1025.9000244140625,1025.9000244140625,1026.5999755859375,1024.199951171875,1025.199951171875,81716
2026-07-24 04:54:00+00:00,1025.4000244140625,1025.4000244140625,1026.800048828125,1025.0,1025.9000244140625,62595
2026-07-24 04:55:00+00:00,1023.9000244140625,1023.9000244140625,1026.5999755859375,1023.2999877929688,1025.199951171875,126220
2026-07-24 04:56:00+00:00,1023.7000122070312,1023.7000122070312,1024.4000244140625,1023.2000122070312,1023.4000244140625,55512
2026-07-24 04:57:00+00:00,1024.300048828125,1024.300048828125,1025.199951171875,1024.0,1024.0,49817
2026-07-24 04:58:00+00:00,1024.0,1024.0,1024.5,1023.0,1024.5,55413
2026-07-24 04:59:00+00:00,1022.2000122070312,1022.2000122070312,1024.0,1021.7000122070312,1024.0,95360
2026-07-24 05:00:00+00:00,1021.2999877929688,1021.2999877929688,1022.5,1020.7000122070312,1022.5,84512
2026-07-24 05:01:00+00:00,1020.2999877929688,1020.2999877929688,1022.0999755859375,1020.2999877929688,1021.5,54680
2026-07-24 05:02:00+00:00,1021.9000244140625,1021.9000244140625,1022.4000244140625,1020.2000122070312,1020.5,78085
2026-07-24 05:03:00+00:00,1021.0,1021.0,1021.9000244140625,1019.4000244140625,1021.9000244140625,157892
2026-07-24 05:04:00+00:00,1020.2000122070312,1020.2000122070312,1020.5999755859375,1020.0,1020.5,37864
2026-07-24 05:05:00+00:00,1021.0,1021.0,1021.7000122070312,1020.0999755859375,1020.0999755859375,30443
2026-07-24 05:06:00+00:00,1020.5999755859375,1020.5999755859375,1021.7999877929688,1020.5,1021.2999877929688,21091
2026-07-24 05:07:00+00:00,1021.0,1021.0,1021.2000122070312,1020.5,1021.0,20183
2026-07-24 05:08:00+00:00,1023.0999755859375,1023.0999755859375,1023.4000244140625,1020.5999755859375,1020.7999877929688,67344
2026-07-24 05:09:00+00:00,1022.9000244140625,1022.9000244140625,1024.300048828125,1022.5999755859375,1023.0,63620
2026-07-24 05:10:00+00:00,1022.7000122070312,1022.7000122070312,1023.2999877929688,1022.5,1022.5999755859375,40287
2026-07-24 05:11:00+00:00,1022.9000244140625,1022.9000244140625,1023.0,1022.0999755859375,1022.7000122070312,38970
2026-07-24 05:12:00+00:00,1023.7999877929688,1023.7999877929688,1024.5,1023.0,1023.0,79315
2026-07-24 05:13:00+00:00,1022.9000244140625,1022.9000244140625,1024.4000244140625,1022.7999877929688,1023.7999877929688,50089
2026-07-24 05:14:00+00:00,1023.7000122070312,1023.7000122070312,1024.0999755859375,1022.9000244140625,1023.2999877929688,40165
2026-07-24 05:15:00+00:00,1021.5999755859375,1021.5999755859375,1024.0,1021.5,1024.0,35810
2026-07-24 05:16:00+00:00,1022.0999755859375,1022.0999755859375,1022.5999755859375,1021.5,1021.7999877929688,29881
2026-07-24 05:17:00+00:00,1022.4000244140625,1022.4000244140625,1023.4000244140625,1022.0,1022.2000122070312,18642
2026-07-24 05:18:00+00:00,1022.0,1022.0,1022.4000244140625,1021.5,1022.2000122070312,28216
2026-07-24 05:19:00+00:00,1023.5,1023.5,1023.5,1021.5999755859375,1021.9000244140625,30504
2026-07-24 05:20:00+00:00,1024.0999755859375,1024.0999755859375,1024.4000244140625,1023.2000122070312,1023.5,49438
2026-07-24 05:21:00+00:00,1021.4000244140625,1021.4000244140625,1024.5,1021.0999755859375,1024.0999755859375,45683
2026-07-24 05:22:00+00:00,1020.0999755859375,1020.0999755859375,1021.4000244140625,1020.0999755859375,1021.4000244140625,39439
2026-07-24 05:23:00+00:00,1020.2000122070312,1020.2000122070312,1020.9000244140625,1020.0,1020.0999755859375,77442
2026-07-24 05:24:00+00:00,1020.9000244140625,1020.9000244140625,1021.0,1020.0,1020.0999755859375,53263
2026-07-24 05:25:00+00:00,1022.0999755859375,1022.0999755859375,1023.0,1020.9000244140625,1021.0,2696167
2026-07-24 05:26:00+00:00,1021.7000122070312,1021.7000122070312,1022.5,1021.7000122070312,1022.0999755859375,25542
2026-07-24 05:27:00+00:00,1022.0999755859375,1022.0999755859375,1022.7000122070312,1021.7000122070312,1022.0,21447
2026-07-24 05:28:00+00:00,1022.5,1022.5,1023.0999755859375,1022.0999755859375,1022.2000122070312,28602
2026-07-24 05:29:00+00:00,1021.0,1021.0,1022.9000244140625,1021.0,1022.5,34061
2026-07-24 05:30:00+00:00,1020.5999755859375,1020.5999755859375,1021.2999877929688,1020.4000244140625,1021.0,15135
2026-07-24 05:31:00+00:00,1021.2000122070312,1021.2000122070312,1021.4000244140625,1020.5,1020.5999755859375,23253
2026-07-24 05:32:00+00:00,1020.9000244140625,1020.9000244140625,1021.5999755859375,1020.7000122070312,1021.2000122070312,21028
2026-07-24 05:33:00+00:00,1021.0,1021.0,1021.5,1020.5,1020.9000244140625,13767
2026-07-24 05:34:00+00:00,1020.4000244140625,1020.4000244140625,1021.0999755859375,1020.4000244140625,1020.7000122070312,35378
2026-07-24 05:35:00+00:00,1018.7999877929688,1018.7999877929688,1020.7999877929688,1018.7999877929688,1020.5999755859375,95789
2026-07-24 05:36:00+00:00,1018.7000122070312,1018.7000122070312,1019.2000122070312,1018.5999755859375,1018.7000122070312,48133
2026-07-24 05:37:00+00:00,1018.4000244140625,1018.4000244140625,1019.4000244140625,1018.2999877929688,1018.5999755859375,45097
2026-07-24 05:38:00+00:00,1019.7999877929688,1019.7999877929688,1019.7999877929688,1018.4000244140625,1018.5,16285
2026-07-24 05:39:00+00:00,1019.5999755859375,1019.5999755859375,1020.0,1019.0,1019.5,22651
2026-07-24 05:40:00+00:00,1019.0,1019.0,1020.4000244140625,1019.0,1019.7999877929688,35831
2026-07-24 05:41:00+00:00,1019.5,1019.5,1019.5999755859375,1018.5999755859375,1018.5999755859375,16292
2026-07-24 05:42:00+00:00,1019.0999755859375,1019.0999755859375,1019.7000122070312,1019.0999755859375,1019.5,18996
2026-07-24 05:43:00+00:00,1019.5999755859375,1019.5999755859375,1020.0,1019.0999755859375,1019.0999755859375,17796
2026-07-24 05:44:00+00:00,1019.4000244140625,1019.4000244140625,1020.2999877929688,1019.2000122070312,1019.5999755859375,17128
2026-07-24 05:45:00+00:00,1020.0,1020.0,1020.5,1018.7999877929688,1019.4000244140625,46558
2026-07-24 05:46:00+00:00,1019.2000122070312,1019.2000122070312,1019.7999877929688,1018.7000122070312,1019.7000122070312,18253
2026-07-24 05:47:00+00:00,1019.7999877929688,1019.7999877929688,1019.9000244140625,1019.0999755859375,1019.5999755859375,18454
2026-07-24 05:48:00+00:00,1020.0999755859375,1020.0999755859375,1020.5999755859375,1019.7000122070312,1019.7000122070312,26486
2026-07-24 05:49:00+00:00,1018.5,1018.5,1020.9000244140625,1018.5,1020.2000122070312,69513
2026-07-24 05:50:00+00:00,1019.2999877929688,1019.2999877929688,1019.4000244140625,1018.5,1018.5,25521
2026-07-24 05:51:00+00:00,1018.5999755859375,1018.5999755859375,1019.2999877929688,1018.5,1019.0,47830
2026-07-24 05:52:00+00:00,1018.5999755859375,1018.5999755859375,1018.9000244140625,1018.5,1018.5999755859375,27180
2026-07-24 05:53:00+00:00,1019.5,1019.5,1019.5,1018.5,1018.5999755859375,19506
2026-07-24 05:54:00+00:00,1018.0999755859375,1018.0999755859375,1019.9000244140625,1018.0999755859375,1019.2000122070312,87244
2026-07-24 05:55:00+00:00,1016.7999877929688,1016.7999877929688,1018.2000122070312,1016.5,1018.0999755859375,138055
2026-07-24 05:56:00+00:00,1018.5,1018.5,1018.9000244140625,1016.0999755859375,1016.9000244140625,90048
2026-07-24 05:57:00+00:00,1017.5999755859375,1017.5999755859375,1018.7999877929688,1017.2000122070312,1018.7999877929688,17927
2026-07-24 05:58:00+00:00,1017.4000244140625,1017.4000244140625,1018.0,1017.4000244140625,1017.7000122070312,24793
2026-07-24 05:59:00+00:00,1017.5999755859375,1017.5999755859375,1018.0,1017.5,1017.5999755859375,21878
2026-07-24 06:00:00+00:00,1015.2999877929688,1015.2999877929688,1017.9000244140625,1015.0999755859375,1017.7000122070312,101381
2026-07-24 06:01:00+00:00,1015.7000122070312,1015.7000122070312,1015.7999877929688,1014.2000122070312,1015.2000122070312,124788
2026-07-24 06:02:00+00:00,1015.4000244140625,1015.4000244140625,1016.2000122070312,1014.7000122070312,1015.4000244140625,53987
2026-07-24 06:03:00+00:00,1015.4000244140625,1015.4000244140625,1015.9000244140625,1014.7999877929688,1015.0,31071
2026-07-24 06:04:00+00:00,1015.0,1015.0,1015.4000244140625,1014.2000122070312,1015.4000244140625,41519
2026-07-24 06:05:00+00:00,1015.9000244140625,1015.9000244140625,1016.0,1015.0,1015.0,17383
2026-07-24 06:06:00+00:00,1016.4000244140625,1016.4000244140625,1016.4000244140625,1014.9000244140625,1015.7999877929688,94760
2026-07-24 06:07:00+00:00,1017.7000122070312,1017.7000122070312,1017.9000244140625,1015.2000122070312,1016.4000244140625,80308
2026-07-24 06:08:00+00:00,1016.7999877929688,1016.7999877929688,1017.9000244140625,1016.4000244140625,1017.9000244140625,36202
2026-07-24 06:09:00+00:00,1017.7000122070312,1017.7000122070312,1017.9000244140625,1016.2999877929688,1016.7999877929688,70214
2026-07-24 06:10:00+00:00,1018.5999755859375,1018.5999755859375,1018.7000122070312,1017.5,1017.7999877929688,61406
2026-07-24 06:11:00+00:00,1018.7999877929688,1018.7999877929688,1018.7999877929688,1018.0,1018.5,34721
2026-07-24 06:12:00+00:00,1020.7000122070312,1020.7000122070312,1020.7000122070312,1018.5,1018.7999877929688,51400
2026-07-24 06:13:00+00:00,1022.2999877929688,1022.2999877929688,1023.2999877929688,1020.5999755859375,1020.7999877929688,143541
2026-07-24 06:14:00+00:00,1021.5999755859375,1021.5999755859375,1023.0999755859375,1021.2000122070312,1022.5,60093
2026-07-24 06:15:00+00:00,1021.5999755859375,1021.5999755859375,1022.7000122070312,1021.5,1022.0,38974
2026-07-24 06:16:00+00:00,1022.2999877929688,1022.2999877929688,1022.2999877929688,1021.0,1021.5,29532
2026-07-24 06:17:00+00:00,1022.2000122070312,1022.2000122070312,1022.7999877929688,1021.7999877929688,1022.0,25118
2026-07-24 06:18:00+00:00,1021.2000122070312,1021.2000122070312,1022.2999877929688,1021.0999755859375,1022.2999877929688,50650
2026-07-24 06:19:00+00:00,1021.9000244140625,1021.9000244140625,1022.5,1021.0,1021.0,31829
2026-07-24 06:20:00+00:00,1022.7000122070312,1022.7000122070312,1022.9000244140625,1021.7000122070312,1022.0,27285
2026-07-24 06:21:00+00:00,1023.7000122070312,1023.7000122070312,1023.9000244140625,1022.7000122070312,1022.7000122070312,55734
2026-07-24 06:22:00+00:00,1023.7000122070312,1023.7000122070312,1023.7999877929688,1023.5999755859375,1023.7000122070312,31519
2026-07-24 06:23:00+00:00,1022.7999877929688,1022.7999877929688,1023.9000244140625,1022.0,1023.7999877929688,137245
2026-07-24 06:24:00+00:00,1022.0,1022.0,1022.7000122070312,1022.0,1022.4000244140625,25644
2026-07-24 06:25:00+00:00,1021.2000122070312,1021.2000122070312,1022.2999877929688,1020.7000122070312,1022.2999877929688,40465
2026-07-24 06:26:00+00:00,1020.2999877929688,1020.2999877929688,1021.2999877929688,1020.0999755859375,1021.2999877929688,15094
2026-07-24 06:27:00+00:00,1019.2999877929688,1019.2999877929688,1020.2000122070312,1018.5,1020.0,45618
2026-07-24 06:28:00+00:00,1019.7999877929688,1019.7999877929688,1020.2000122070312,1019.0,1019.5999755859375,32068
2026-07-24 06:29:00+00:00,1020.0,1020.0,1020.2999877929688,1019.5,1020.0999755859375,15506
2026-07-24 06:30:00+00:00,1019.2000122070312,1019.2000122070312,1019.9000244140625,1017.7999877929688,1019.9000244140625,71643
2026-07-24 06:31:00+00:00,1020.0,1020.0,1020.7999877929688,1019.2000122070312,1019.2000122070312,22038
2026-07-24 06:32:00+00:00,1020.4000244140625,1020.4000244140625,1020.9000244140625,1020.0,1020.0999755859375,15251
2026-07-24 06:33:00+00:00,1020.2000122070312,1020.2000122070312,1021.2999877929688,1020.0,1020.4000244140625,30268
2026-07-24 06:34:00+00:00,1021.0999755859375,1021.0999755859375,1021.0999755859375,1020.0,1020.2000122070312,11928
2026-07-24 06:35:00+00:00,1021.0,1021.0,1021.2000122070312,1020.5,1021.2000122070312,17646
2026-07-24 06:36:00+00:00,1021.4000244140625,1021.4000244140625,1021.7999877929688,1020.2999877929688,1021.2999877929688,34667
2026-07-24 06:37:00+00:00,1021.2999877929688,1021.2999877929688,1021.5,1020.9000244140625,1021.4000244140625,13953
2026-07-24 06:38:00+00:00,1020.2999877929688,1020.2999877929688,1021.2999877929688,1020.0,1021.2999877929688,11981
2026-07-24 06:39:00+00:00,1021.2000122070312,1021.2000122070312,1021.5,1020.0999755859375,1020.2999877929688,11348
2026-07-24 06:40:00+00:00,1021.0,1021.0,1021.5,1020.4000244140625,1021.5,15353
2026-07-24 06:41:00+00:00,1021.0,1021.0,1022.2000122070312,1020.5999755859375,1021.2000122070312,27983
2026-07-24 06:42:00+00:00,1021.0,1021.0,1021.5,1020.7000122070312,1021.0,14362
2026-07-24 06:43:00+00:00,1021.2999877929688,1021.2999877929688,1021.7000122070312,1021.0999755859375,1021.0999755859375,6563
2026-07-24 06:44:00+00:00,1021.2999877929688,1021.2999877929688,1022.0,1021.2000122070312,1021.2999877929688,18188
2026-07-24 06:45:00+00:00,1021.2999877929688,1021.2999877929688,1021.7000122070312,1021.0,1021.2999877929688,9712
2026-07-24 06:46:00+00:00,1021.9000244140625,1021.9000244140625,1022.0,1021.0999755859375,1021.4000244140625,13331
2026-07-24 06:47:00+00:00,1022.5999755859375,1022.5999755859375,1023.0,1022.0,1022.0,26257
2026-07-24 06:48:00+00:00,1022.9000244140625,1022.9000244140625,1023.0,1022.2000122070312,1022.5999755859375,28520
2026-07-24 06:49:00+00:00,1023.2000122070312,1023.2000122070312,1023.2000122070312,1022.7999877929688,1022.9000244140625,23270
2026-07-24 06:50:00+00:00,1024.0,1024.0,1024.4000244140625,1022.2999877929688,1023.2000122070312,125097
2026-07-24 06:51:00+00:00,1024.5,1024.5,1024.5,1023.7999877929688,1024.199951171875,34956
2026-07-24 06:52:00+00:00,1025.0,1025.0,1025.5,1024.0999755859375,1024.199951171875,57944
2026-07-24 06:53:00+00:00,1025.300048828125,1025.300048828125,1025.9000244140625,1025.0,1025.300048828125,17285
2026-07-24 06:54:00+00:00,1025.5,1025.5,1025.800048828125,1024.5,1025.300048828125,67368
2026-07-24 06:55:00+00:00,1025.199951171875,1025.199951171875,1025.5999755859375,1025.0,1025.5,13178
2026-07-24 06:56:00+00:00,1024.5999755859375,1024.5999755859375,1025.5,1024.4000244140625,1025.199951171875,28471
2026-07-24 06:57:00+00:00,1025.300048828125,1025.300048828125,1025.4000244140625,1024.5,1024.5999755859375,40352
2026-07-24 06:58:00+00:00,1026.5,1026.5,1026.699951171875,1025.300048828125,1025.4000244140625,57514
2026-07-24 06:59:00+00:00,1026.4000244140625,1026.4000244140625,1026.5999755859375,1026.0,1026.5,41653
2026-07-24 07:00:00+00:00,1027.300048828125,1027.300048828125,1027.300048828125,1026.4000244140625,1026.4000244140625,80543
2026-07-24 07:01:00+00:00,1029.5,1029.5,1029.9000244140625,1027.0999755859375,1027.199951171875,150282
2026-07-24 07:02:00+00:00,1029.4000244140625,1029.4000244140625,1029.800048828125,1028.800048828125,1029.5999755859375,53442
2026-07-24 07:03:00+00:00,1028.4000244140625,1028.4000244140625,1029.699951171875,1028.0999755859375,1029.4000244140625,49656
2026-07-24 07:04:00+00:00,1028.0,1028.0,1029.0999755859375,1027.300048828125,1028.300048828125,39331
2026-07-24 07:05:00+00:00,1028.5999755859375,1028.5999755859375,1028.9000244140625,1027.699951171875,1027.800048828125,26098
2026-07-24 07:06:00+00:00,1028.5,1028.5,1029.0,1028.300048828125,1028.699951171875,59076
2026-07-24 07:07:00+00:00,1027.9000244140625,1027.9000244140625,1028.5,1027.0999755859375,1028.300048828125,73408
2026-07-24 07:08:00+00:00,1027.300048828125,1027.300048828125,1028.0,1027.0,1027.9000244140625,40733
2026-07-24 07:09:00+00:00,1028.5,1028.5,1028.699951171875,1027.199951171875,1027.5,52575
2026-07-24 07:10:00+00:00,1028.5999755859375,1028.5999755859375,1029.0,1028.199951171875,1028.5999755859375,51897
2026-07-24 07:11:00+00:00,1029.0,1029.0,1029.199951171875,1028.5,1028.800048828125,21290
2026-07-24 07:12:00+00:00,1028.9000244140625,1028.9000244140625,1030.0999755859375,1028.5999755859375,1029.199951171875,132069
2026-07-24 07:13:00+00:00,1029.199951171875,1029.199951171875,1029.4000244140625,1028.5999755859375,1029.0,43801
2026-07-24 07:14:00+00:00,1029.800048828125,1029.800048828125,1029.800048828125,1028.9000244140625,1029.0999755859375,36814
2026-07-24 07:15:00+00:00,1030.0999755859375,1030.0999755859375,1030.4000244140625,1029.0999755859375,1030.199951171875,92500
2026-07-24 07:16:00+00:00,1029.5,1029.5,1030.5999755859375,1029.0,1029.800048828125,78803
2026-07-24 07:17:00+00:00,1029.5999755859375,1029.5999755859375,1029.800048828125,1029.0999755859375,1029.5,43708
2026-07-24 07:18:00+00:00,1029.800048828125,1029.800048828125,1029.9000244140625,1029.0,1029.800048828125,53776
2026-07-24 07:19:00+00:00,1028.9000244140625,1028.9000244140625,1029.9000244140625,1028.699951171875,1029.5999755859375,58961
2026-07-24 07:20:00+00:00,1028.9000244140625,1028.9000244140625,1029.0,1028.199951171875,1028.9000244140625,63571
2026-07-24 07:21:00+00:00,1027.9000244140625,1027.9000244140625,1028.9000244140625,1027.5,1028.9000244140625,65926
2026-07-24 07:22:00+00:00,1027.4000244140625,1027.4000244140625,1028.0,1027.300048828125,1027.699951171875,30867
2026-07-24 07:23:00+00:00,1027.199951171875,1027.199951171875,1027.800048828125,1026.9000244140625,1027.5,76214
2026-07-24 07:24:00+00:00,1027.800048828125,1027.800048828125,1027.9000244140625,1027.0999755859375,1027.5,54370
2026-07-24 07:25:00+00:00,1028.300048828125,1028.300048828125,1028.9000244140625,1027.9000244140625,1027.9000244140625,40425
2026-07-24 07:26:00+00:00,1029.0,1029.0,1029.5,1028.5,1028.5,30972
2026-07-24 07:27:00+00:00,1029.199951171875,1029.199951171875,1029.300048828125,1028.800048828125,1029.0,12748
2026-07-24 07:28:00+00:00,1029.800048828125,1029.800048828125,1029.800048828125,1028.800048828125,1029.0,27886
2026-07-24 07:29:00+00:00,1029.4000244140625,1029.4000244140625,1030.0,1029.0,1029.699951171875,27084
2026-07-24 07:30:00+00:00,1029.4000244140625,1029.4000244140625,1029.699951171875,1028.699951171875,1029.5,31031
2026-07-24 07:31:00+00:00,1027.800048828125,1027.800048828125,1029.699951171875,1027.800048828125,1029.300048828125,41426
2026-07-24 07:32:00+00:00,1028.5999755859375,1028.5999755859375,1028.699951171875,1027.800048828125,1028.0,42573
2026-07-24 07:33:00+00:00,1027.9000244140625,1027.9000244140625,1028.800048828125,1027.5,1028.5999755859375,56438
2026-07-24 07:34:00+00:00,1027.5999755859375,1027.5999755859375,1028.0,1027.4000244140625,1027.800048828125,17918
2026-07-24 07:35:00+00:00,1027.5999755859375,1027.5999755859375,1028.0,1027.4000244140625,1027.699951171875,16888
2026-07-24 07:36:00+00:00,1028.199951171875,1028.199951171875,1028.199951171875,1027.5999755859375,1027.5999755859375,42298
2026-07-24 07:37:00+00:00,1028.4000244140625,1028.4000244140625,1028.699951171875,1027.800048828125,1028.0,71736
2026-07-24 07:38:00+00:00,1027.5999755859375,1027.5999755859375,1028.0999755859375,1026.9000244140625,1028.0999755859375,45396
2026-07-24 07:39:00+00:00,1027.199951171875,1027.199951171875,1027.699951171875,1026.800048828125,1027.699951171875,32818
2026-07-24 07:40:00+00:00,1027.5999755859375,1027.5999755859375,1028.0,1027.0999755859375,1027.199951171875,27575
2026-07-24 07:41:00+00:00,1027.199951171875,1027.199951171875,1027.699951171875,1027.0999755859375,1027.5999755859375,17177
2026-07-24 07:42:00+00:00,1027.199951171875,1027.199951171875,1027.5,1027.0999755859375,1027.199951171875,23389
2026-07-24 07:43:00+00:00,1027.699951171875,1027.699951171875,1027.699951171875,1026.5999755859375,1027.4000244140625,28694
2026-07-24 07:44:00+00:00,1028.0,1028.0,1028.0,1027.300048828125,1027.699951171875,29953
2026-07-24 07:45:00+00:00,1028.5,1028.5,1028.699951171875,1027.9000244140625,1028.0,48076
2026-07-24 07:46:00+00:00,1028.4000244140625,1028.4000244140625,1028.800048828125,1027.9000244140625,1028.4000244140625,18077
2026-07-24 07:47:00+00:00,1028.800048828125,1028.800048828125,1028.800048828125,1028.0,1028.4000244140625,19623
2026-07-24 07:48:00+00:00,1028.800048828125,1028.800048828125,1029.0,1028.4000244140625,1028.699951171875,19894
2026-07-24 07:49:00+00:00,1029.5999755859375,1029.5999755859375,1029.9000244140625,1028.699951171875,1028.800048828125,32354
2026-07-24 07:50:00+00:00,1029.699951171875,1029.699951171875,1029.9000244140625,1029.0999755859375,1029.9000244140625,30902
2026-07-24 07:51:00+00:00,1029.5999755859375,1029.5999755859375,1029.9000244140625,1029.0,1029.699951171875,36370
2026-07-24 07:52:00+00:00,1028.9000244140625,1028.9000244140625,1029.800048828125,1028.9000244140625,1029.5999755859375,47833
2026-07-24 07:53:00+00:00,1029.4000244140625,1029.4000244140625,1029.5999755859375,1028.4000244140625,1029.0,33821
2026-07-24 07:54:00+00:00,1029.9000244140625,1029.9000244140625,1029.9000244140625,1029.4000244140625,1029.5999755859375,19666
2026-07-24 07:55:00+00:00,1029.9000244140625,1029.9000244140625,1030.0,1029.5999755859375,1029.699951171875,39204
2026-07-24 07:56:00+00:00,1030.0999755859375,1030.0999755859375,1030.300048828125,1029.800048828125,1030.0,26989
2026-07-24 07:57:00+00:00,1030.9000244140625,1030.9000244140625,1030.9000244140625,1029.699951171875,1030.300048828125,41127
2026-07-24 07:58:00+00:00,1030.5999755859375,1030.5999755859375,1031.5,1030.4000244140625,1031.0,40909
2026-07-24 07:59:00+00:00,1030.0999755859375,1030.0999755859375,1030.9000244140625,1029.5,1030.5999755859375,81806
2026-07-24 08:00:00+00:00,1029.5,1029.5,1030.0999755859375,1029.4000244140625,1030.0999755859375,39220
2026-07-24 08:01:00+00:00,1029.0999755859375,1029.0999755859375,1029.699951171875,1028.699951171875,1029.5999755859375,52429
2026-07-24 08:02:00+00:00,1029.5,1029.5,1029.699951171875,1028.9000244140625,1029.199951171875,25932
2026-07-24 08:03:00+00:00,1029.5,1029.5,1029.800048828125,1029.0,1029.800048828125,36311
2026-07-24 08:04:00+00:00,1028.0,1028.0,1029.699951171875,1027.4000244140625,1029.4000244140625,58925
2026-07-24 08:05:00+00:00,1026.5,1026.5,1028.0999755859375,1026.300048828125,1028.0999755859375,59657
2026-07-24 08:06:00+00:00,1027.0,1027.0,1027.5999755859375,1026.5,1026.5999755859375,35684
2026-07-24 08:07:00+00:00,1027.0999755859375,1027.0999755859375,1027.5,1026.699951171875,1027.0,45813
2026-07-24 08:08:00+00:00,1026.800048828125,1026.800048828125,1027.800048828125,1026.800048828125,1027.0999755859375,50973
2026-07-24 08:09:00+00:00,1027.199951171875,1027.199951171875,1027.800048828125,1026.9000244140625,1027.199951171875,31802
2026-07-24 08:10:00+00:00,1027.5,1027.5,1027.9000244140625,1027.0999755859375,1027.5999755859375,30860
2026-07-24 08:11:00+00:00,1026.300048828125,1026.300048828125,1027.699951171875,1026.199951171875,1027.5,70722
2026-07-24 08:12:00+00:00,1027.0,1027.0,1027.199951171875,1026.199951171875,1026.300048828125,49602
2026-07-24 08:13:00+00:00,1027.0,1027.0,1027.4000244140625,1026.4000244140625,1026.800048828125,80031
2026-07-24 08:14:00+00:00,1026.800048828125,1026.800048828125,1027.5,1026.4000244140625,1027.0,50880
2026-07-24 08:15:00+00:00,1026.9000244140625,1026.9000244140625,1027.199951171875,1026.300048828125,1026.800048828125,41727
2026-07-24 08:16:00+00:00,1026.5,1026.5,1027.0,1026.199951171875,1026.800048828125,34148
2026-07-24 08:17:00+00:00,1026.5,1026.5,1027.0,1026.199951171875,1027.0,23635
2026-07-24 08:18:00+00:00,1026.800048828125,1026.800048828125,1027.0,1026.4000244140625,1026.699951171875,36500
2026-07-24 08:19:00+00:00,1026.5999755859375,1026.5999755859375,1027.0,1026.5,1026.5999755859375,47289
2026-07-24 08:20:00+00:00,1026.300048828125,1026.300048828125,1026.9000244140625,1025.699951171875,1026.5,64149
2026-07-24 08:21:00+00:00,1026.9000244140625,1026.9000244140625,1026.9000244140625,1025.800048828125,1026.0,58080
2026-07-24 08:22:00+00:00,1027.0,1027.0,1027.0,1026.199951171875,1026.5999755859375,52751
2026-07-24 08:23:00+00:00,1026.4000244140625,1026.4000244140625,1027.0,1026.0,1027.0,36232
2026-07-24 08:24:00+00:00,1026.0,1026.0,1026.4000244140625,1025.5999755859375,1026.300048828125,39771
2026-07-24 08:25:00+00:00,1026.199951171875,1026.199951171875,1026.5999755859375,1025.5999755859375,1026.0,57597
2026-07-24 08:26:00+00:00,1026.9000244140625,1026.9000244140625,1026.9000244140625,1026.0999755859375,1026.0999755859375,54739
2026-07-24 08:27:00+00:00,1028.0,1028.0,1028.5,1026.800048828125,1026.800048828125,72646
2026-07-24 08:28:00+00:00,1027.0,1027.0,1028.699951171875,1026.800048828125,1028.300048828125,57361
2026-07-24 08:29:00+00:00,1026.699951171875,1026.699951171875,1027.5999755859375,1026.5,1027.199951171875,208395
2026-07-24 08:30:00+00:00,1026.5,1026.5,1027.0,1026.300048828125,1026.5,43281
2026-07-24 08:31:00+00:00,1027.9000244140625,1027.9000244140625,1027.9000244140625,1026.5,1026.800048828125,52929
2026-07-24 08:32:00+00:00,1028.5,1028.5,1028.800048828125,1027.5999755859375,1027.699951171875,52993
2026-07-24 08:33:00+00:00,1029.199951171875,1029.199951171875,1029.5,1028.4000244140625,1028.5999755859375,40452
2026-07-24 08:34:00+00:00,1030.199951171875,1030.199951171875,1030.699951171875,1028.9000244140625,1029.199951171875,55661
2026-07-24 08:35:00+00:00,1029.9000244140625,1029.9000244140625,1030.699951171875,1029.300048828125,1030.199951171875,56476
2026-07-24 08:36:00+00:00,1030.199951171875,1030.199951171875,1030.300048828125,1029.5,1029.9000244140625,47716
2026-07-24 08:37:00+00:00,1030.800048828125,1030.800048828125,1030.9000244140625,1030.0,1030.300048828125,62659
2026-07-24 08:38:00+00:00,1029.800048828125,1029.800048828125,1030.9000244140625,1029.199951171875,1030.9000244140625,61304
2026-07-24 08:39:00+00:00,1028.800048828125,1028.800048828125,1030.0,1028.5999755859375,1030.0,57652
2026-07-24 08:40:00+00:00,1029.5,1029.5,1029.5,1028.699951171875,1028.800048828125,33855
2026-07-24 08:41:00+00:00,1030.0,1030.0,1030.0,1028.9000244140625,1029.4000244140625,41203
2026-07-24 08:42:00+00:00,1029.699951171875,1029.699951171875,1030.0,1029.0999755859375,1029.5999755859375,45076
2026-07-24 08:43:00+00:00,1030.300048828125,1030.300048828125,1030.800048828125,1029.4000244140625,1029.9000244140625,59651
2026-07-24 08:44:00+00:00,1030.5999755859375,1030.5999755859375,1030.9000244140625,1029.9000244140625,1029.9000244140625,28435
2026-07-24 08:45:00+00:00,1030.800048828125,1030.800048828125,1030.9000244140625,1030.5,1030.800048828125,27028
2026-07-24 08:46:00+00:00,1030.0,1030.0,1031.0,1029.5999755859375,1031.0,31950
2026-07-24 08:47:00+00:00,1030.0999755859375,1030.0999755859375,1030.5999755859375,1030.0,1030.199951171875,26472
2026-07-24 08:48:00+00:00,1030.5999755859375,1030.5999755859375,1030.9000244140625,1030.199951171875,1030.4000244140625,26240
2026-07-24 08:49:00+00:00,1030.9000244140625,1030.9000244140625,1031.4000244140625,1030.300048828125,1030.699951171875,43512
2026-07-24 08:50:00+00:00,1030.0,1030.0,1031.0,1030.0,1031.0,52575
2026-07-24 08:51:00+00:00,1030.5,1030.5,1030.699951171875,1029.5,1030.300048828125,62789
2026-07-24 08:52:00+00:00,1030.5,1030.5,1030.699951171875,1030.0,1030.0999755859375,37813
2026-07-24 08:53:00+00:00,1030.5,1030.5,1030.800048828125,1030.0,1030.699951171875,31032
2026-07-24 08:54:00+00:00,1031.5,1031.5,1031.5,1030.4000244140625,1030.5,34881
2026-07-24 08:55:00+00:00,1031.800048828125,1031.800048828125,1031.800048828125,1030.699951171875,1031.5,52625
2026-07-24 08:56:00+00:00,1031.0999755859375,1031.0999755859375,1032.0,1031.0,1031.300048828125,52241
2026-07-24 08:57:00+00:00,1029.699951171875,1029.699951171875,1031.4000244140625,1029.699951171875,1031.0999755859375,65571
2026-07-24 08:58:00+00:00,1030.4000244140625,1030.4000244140625,1030.4000244140625,1029.5999755859375,1029.800048828125,42925
2026-07-24 08:59:00+00:00,1030.300048828125,1030.300048828125,1030.5,1029.4000244140625,1030.0999755859375,35072
2026-07-24 09:00:00+00:00,1030.0,1030.0,1030.4000244140625,1029.5,1030.0999755859375,49911
2026-07-24 09:01:00+00:00,1031.0,1031.0,1031.5999755859375,1029.9000244140625,1029.9000244140625,44730
2026-07-24 09:02:00+00:00,1031.5999755859375,1031.5999755859375,1031.5999755859375,1030.9000244140625,1031.4000244140625,23635
2026-07-24 09:03:00+00:00,1031.300048828125,1031.300048828125,1031.9000244140625,1030.9000244140625,1031.5,52314
2026-07-24 09:04:00+00:00,1030.699951171875,1030.699951171875,1031.800048828125,1030.5999755859375,1031.300048828125,52599
2026-07-24 09:05:00+00:00,1034.0,1034.0,1034.4000244140625,1030.5999755859375,1030.800048828125,150692
2026-07-24 09:06:00+00:00,1034.199951171875,1034.199951171875,1034.4000244140625,1033.300048828125,1034.0,79508
2026-07-24 09:07:00+00:00,1034.5999755859375,1034.5999755859375,1034.800048828125,1033.5,1034.199951171875,75298
2026-07-24 09:08:00+00:00,1034.0999755859375,1034.0999755859375,1034.800048828125,1033.5999755859375,1034.5999755859375,59527
2026-07-24 09:09:00+00:00,1034.300048828125,1034.300048828125,1034.5,1033.5999755859375,1034.0,63569
2026-07-24 09:10:00+00:00,1033.9000244140625,1033.9000244140625,1034.4000244140625,1033.5,1033.9000244140625,56622
2026-07-24 09:11:00+00:00,1034.0999755859375,1034.0999755859375,1034.5,1033.699951171875,1034.0999755859375,41410
2026-07-24 09:12:00+00:00,1034.5,1034.5,1034.5999755859375,1033.9000244140625,1034.0999755859375,67524
2026-07-24 09:13:00+00:00,1034.0,1034.0,1034.699951171875,1033.9000244140625,1034.5,44601
2026-07-24 09:14:00+00:00,1034.0,1034.0,1034.199951171875,1033.0999755859375,1033.9000244140625,49396
2026-07-24 09:15:00+00:00,1035.0,1035.0,1035.0,1033.4000244140625,1033.5999755859375,104743
2026-07-24 09:16:00+00:00,1036.199951171875,1036.199951171875,1036.300048828125,1034.300048828125,1034.9000244140625,111319
2026-07-24 09:17:00+00:00,1038.5999755859375,1038.5999755859375,1039.0,1036.5,1036.5,151326
2026-07-24 09:18:00+00:00,1039.5,1039.5,1039.5999755859375,1037.9000244140625,1038.0999755859375,116643
2026-07-24 09:19:00+00:00,1039.5999755859375,1039.5999755859375,1040.0,1038.699951171875,1039.5999755859375,87705
2026-07-24 09:20:00+00:00,1039.0,1039.0,1040.0,1038.5999755859375,1039.5999755859375,45223
2026-07-24 09:21:00+00:00,1037.800048828125,1037.800048828125,1039.0,1036.9000244140625,1038.5,79951
2026-07-24 09:22:00+00:00,1037.9000244140625,1037.9000244140625,1038.300048828125,1037.4000244140625,1037.5999755859375,50111
2026-07-24 09:23:00+00:00,1038.199951171875,1038.199951171875,1038.9000244140625,1037.800048828125,1037.9000244140625,70013
2026-07-24 09:24:00+00:00,1037.199951171875,1037.199951171875,1038.5,1036.800048828125,1038.199951171875,78077
2026-07-24 09:25:00+00:00,1037.4000244140625,1037.4000244140625,1037.699951171875,1036.4000244140625,1037.199951171875,124941
2026-07-24 09:26:00+00:00,1039.9000244140625,1039.9000244140625,1040.0,1037.0,1037.300048828125,80467
2026-07-24 09:27:00+00:00,1038.9000244140625,1038.9000244140625,1039.9000244140625,1038.5999755859375,1039.5,32507
2026-07-24 09:28:00+00:00,1038.300048828125,1038.300048828125,1039.5,1038.300048828125,1038.9000244140625,36177
2026-07-24 09:29:00+00:00,1038.5999755859375,1038.5999755859375,1039.0,1037.5,1038.699951171875,51038
2026-07-24 09:30:00+00:00,1037.199951171875,1037.199951171875,1038.699951171875,1037.0999755859375,1038.699951171875,88862
2026-07-24 09:31:00+00:00,1037.5999755859375,1037.5999755859375,1037.800048828125,1036.4000244140625,1037.0999755859375,90121
2026-07-24 09:32:00+00:00,1037.800048828125,1037.800048828125,1038.0,1036.800048828125,1037.5999755859375,67031
2026-07-24 09:33:00+00:00,1040.5999755859375,1040.5999755859375,1040.800048828125,1038.0,1038.0,109739
2026-07-24 09:34:00+00:00,1041.9000244140625,1041.9000244140625,1041.9000244140625,1040.5,1040.5999755859375,75633
2026-07-24 09:35:00+00:00,1041.9000244140625,1041.9000244140625,1042.0,1041.300048828125,1041.9000244140625,54796
2026-07-24 09:36:00+00:00,1041.800048828125,1041.800048828125,1042.0,1041.4000244140625,1041.9000244140625,72886
2026-07-24 09:37:00+00:00,1041.5,1041.5,1042.199951171875,1041.300048828125,1042.0,94647
2026-07-24 09:38:00+00:00,1041.300048828125,1041.300048828125,1041.9000244140625,1041.199951171875,1041.5,52991
2026-07-24 09:39:00+00:00,1041.199951171875,1041.199951171875,1041.5,1041.0,1041.5,52374
2026-07-24 09:40:00+00:00,1041.300048828125,1041.300048828125,1041.300048828125,1040.5999755859375,1041.300048828125,46803
2026-07-24 09:41:00+00:00,1041.0,1041.0,1041.4000244140625,1040.699951171875,1041.300048828125,128682
2026-07-24 09:42:00+00:00,1041.800048828125,1041.800048828125,1041.800048828125,1040.699951171875,1041.0,61301
2026-07-24 09:43:00+00:00,1040.4000244140625,1040.4000244140625,1041.800048828125,1040.0999755859375,1041.5999755859375,204332
2026-07-24 09:44:00+00:00,1042.300048828125,1042.300048828125,1042.699951171875,1040.5999755859375,1040.5999755859375,143209
2026-07-24 09:45:00+00:00,1042.9000244140625,1042.9000244140625,1043.0,1042.199951171875,1042.4000244140625,63250
2026-07-24 09:46:00+00:00,1042.4000244140625,1042.4000244140625,1042.9000244140625,1042.0,1042.9000244140625,75965
2026-07-24 09:47:00+00:00,1041.9000244140625,1041.9000244140625,1042.4000244140625,1041.5,1042.4000244140625,79738
2026-07-24 09:48:00+00:00,1042.5999755859375,1042.5999755859375,1042.5999755859375,1041.300048828125,1041.9000244140625,164506
2026-07-24 09:49:00+00:00,1042.5999755859375,1042.5999755859375,1043.0,1042.0,1042.5999755859375,271266
2026-07-24 09:50:00+00:00,1042.0,1042.0,1042.9000244140625,1041.0,1042.9000244140625,108518
2026-07-24 09:51:00+00:00,1041.5999755859375,1041.5999755859375,1042.199951171875,1041.0999755859375,1042.0,121467
2026-07-24 09:52:00+00:00,1040.300048828125,1040.300048828125,1041.800048828125,1040.0999755859375,1041.5999755859375,74003
2026-07-24 09:53:00+00:00,1039.5,1039.5,1040.9000244140625,1039.0,1040.5,181259
2026-07-24 09:54:00+00:00,1041.0999755859375,1041.0999755859375,1041.300048828125,1039.5,1039.9000244140625,93225
2026-07-24 09:55:00+00:00,1040.4000244140625,1040.4000244140625,1041.0999755859375,1040.199951171875,1041.0999755859375,61544
2026-07-24 09:56:00+00:00,1040.0999755859375,1040.0999755859375,1040.4000244140625,1039.800048828125,1040.4000244140625,65713
2026-07-24 09:57:00+00:00,1040.0,1040.0,1040.4000244140625,1039.5999755859375,1040.199951171875,141459
2026-07-24 09:58:00+00:00,1040.199951171875,1040.199951171875,1040.4000244140625,1039.5999755859375,1040.0999755859375,51821
2026-07-24 09:59:00+00:00,1039.800048828125,1039.800048828125,1040.0,1039.0,1039.4000244140625,36400
2026-07-27 03:45:00+00:00,1058.4000244140625,1058.4000244140625,1063.300048828125,1058.0,1059.0,0
2026-07-27 03:46:00+00:00,1063.300048828125,1063.300048828125,1063.5,1058.0999755859375,1058.199951171875,322589
2026-07-27 03:47:00+00:00,1064.0999755859375,1064.0999755859375,1064.300048828125,1062.300048828125,1063.4000244140625,126994
2026-07-27 03:48:00+00:00,1063.0,1063.0,1065.199951171875,1062.300048828125,1064.5,124905
2026-07-27 03:49:00+00:00,1060.800048828125,1060.800048828125,1062.699951171875,1060.800048828125,1062.5,179741
2026-07-27 03:50:00+00:00,1063.0,1063.0,1063.9000244140625,1060.800048828125,1061.199951171875,57869
2026-07-27 03:51:00+00:00,1062.9000244140625,1062.9000244140625,1063.0,1061.5,1063.0,34660
2026-07-27 03:52:00+00:00,1063.0,1063.0,1063.699951171875,1062.0999755859375,1062.9000244140625,39558
2026-07-27 03:53:00+00:00,1066.0,1066.0,1066.300048828125,1062.300048828125,1063.0999755859375,235196
2026-07-27 03:54:00+00:00,1066.199951171875,1066.199951171875,1066.4000244140625,1064.699951171875,1066.0,56865
2026-07-27 03:55:00+00:00,1067.0,1067.0,1067.4000244140625,1066.0,1066.0,101181
2026-07-27 03:56:00+00:00,1068.0999755859375,1068.0999755859375,1068.699951171875,1066.300048828125,1067.0,44752
2026-07-27 03:57:00+00:00,1068.5,1068.5,1069.0,1068.0,1068.0999755859375,32555
2026-07-27 03:58:00+00:00,1070.0,1070.0,1070.800048828125,1068.0999755859375,1068.5,90164
2026-07-27 03:59:00+00:00,1070.0999755859375,1070.0999755859375,1071.5,1070.0,1070.0,74231
2026-07-27 04:00:00+00:00,1070.300048828125,1070.300048828125,1070.9000244140625,1070.0,1070.300048828125,25441
2026-07-27 04:01:00+00:00,1070.0,1070.0,1070.9000244140625,1069.199951171875,1070.300048828125,127031
2026-07-27 04:02:00+00:00,1069.699951171875,1069.699951171875,1070.4000244140625,1069.0999755859375,1069.0999755859375,244821
2026-07-27 04:03:00+00:00,1075.5999755859375,1075.5999755859375,1076.5,1070.300048828125,1070.300048828125,186314
2026-07-27 04:04:00+00:00,1074.800048828125,1074.800048828125,1075.9000244140625,1074.0999755859375,1075.9000244140625,57749
2026-07-27 04:05:00+00:00,1076.5,1076.5,1077.5,1074.4000244140625,1074.5,60685
2026-07-27 04:06:00+00:00,1076.300048828125,1076.300048828125,1076.5999755859375,1075.4000244140625,1076.5999755859375,50829
2026-07-27 04:07:00+00:00,1075.0,1075.0,1076.5,1075.0,1075.800048828125,33961
2026-07-27 04:08:00+00:00,1074.699951171875,1074.699951171875,1075.9000244140625,1073.699951171875,1075.0,86561
2026-07-27 04:09:00+00:00,1073.5999755859375,1073.5999755859375,1074.9000244140625,1073.199951171875,1074.5,30987
2026-07-27 04:10:00+00:00,1073.4000244140625,1073.4000244140625,1074.5999755859375,1073.0999755859375,1073.5,93440
2026-07-27 04:11:00+00:00,1074.0999755859375,1074.0999755859375,1074.0999755859375,1072.699951171875,1073.800048828125,36284
2026-07-27 04:12:00+00:00,1074.300048828125,1074.300048828125,1074.800048828125,1073.5,1074.300048828125,28177
2026-07-27 04:13:00+00:00,1075.0999755859375,1075.0999755859375,1075.5999755859375,1074.5999755859375,1074.5999755859375,35308
2026-07-27 04:14:00+00:00,1075.0999755859375,1075.0999755859375,1076.0,1074.9000244140625,1075.0,33319
2026-07-27 04:15:00+00:00,1074.9000244140625,1074.9000244140625,1075.5,1073.800048828125,1075.5,25578
2026-07-27 04:16:00+00:00,1073.4000244140625,1073.4000244140625,1074.699951171875,1073.4000244140625,1074.699951171875,24798
2026-07-27 04:17:00+00:00,1071.0,1071.0,1073.300048828125,1070.5999755859375,1073.300048828125,62317
2026-07-27 04:18:00+00:00,1072.300048828125,1072.300048828125,1072.300048828125,1070.699951171875,1071.300048828125,143181
2026-07-27 04:19:00+00:00,1073.0999755859375,1073.0999755859375,1073.9000244140625,1072.0,1072.300048828125,34022
2026-07-27 04:20:00+00:00,1073.5999755859375,1073.5999755859375,1074.0,1073.0,1073.0,28289
2026-07-27 04:21:00+00:00,1072.0999755859375,1072.0999755859375,1073.800048828125,1072.0999755859375,1073.800048828125,23648
2026-07-27 04:22:00+00:00,1072.9000244140625,1072.9000244140625,1073.699951171875,1072.0999755859375,1072.5,28089
2026-07-27 04:23:00+00:00,1072.5,1072.5,1073.300048828125,1072.300048828125,1073.300048828125,17093
2026-07-27 04:24:00+00:00,1072.699951171875,1072.699951171875,1072.9000244140625,1072.0,1072.300048828125,25668
2026-07-27 04:25:00+00:00,1070.300048828125,1070.300048828125,1072.800048828125,1070.300048828125,1072.800048828125,33325
2026-07-27 04:26:00+00:00,1072.0,1072.0,1072.699951171875,1070.699951171875,1070.699951171875,125842
2026-07-27 04:27:00+00:00,1073.5,1073.5,1073.5,1071.5999755859375,1071.5999755859375,20549
2026-07-27 04:28:00+00:00,1075.0,1075.0,1075.300048828125,1074.0999755859375,1074.0999755859375,75684
2026-07-27 04:29:00+00:00,1073.4000244140625,1073.4000244140625,1075.300048828125,1072.0999755859375,1075.0999755859375,63983
2026-07-27 04:30:00+00:00,1073.199951171875,1073.199951171875,1073.699951171875,1072.300048828125,1073.0999755859375,23686
2026-07-27 04:31:00+00:00,1072.9000244140625,1072.9000244140625,1073.5,1072.199951171875,1073.5,14271
2026-07-27 04:32:00+00:00,1072.4000244140625,1072.4000244140625,1072.800048828125,1072.0,1072.5999755859375,11260
2026-07-27 04:33:00+00:00,1072.300048828125,1072.300048828125,1072.5,1072.0,1072.4000244140625,16206
2026-07-27 04:34:00+00:00,1071.9000244140625,1071.9000244140625,1072.300048828125,1071.5999755859375,1072.300048828125,20660
2026-07-27 04:35:00+00:00,1071.199951171875,1071.199951171875,1072.300048828125,1071.199951171875,1071.9000244140625,18796
2026-07-27 04:36:00+00:00,1071.9000244140625,1071.9000244140625,1071.9000244140625,1070.699951171875,1071.800048828125,75761
2026-07-27 04:37:00+00:00,1072.300048828125,1072.300048828125,1072.300048828125,1071.300048828125,1071.800048828125,15687
2026-07-27 04:38:00+00:00,1071.0999755859375,1071.0999755859375,1072.800048828125,1071.0999755859375,1072.300048828125,33127
2026-07-27 04:39:00+00:00,1071.0999755859375,1071.0999755859375,1071.5,1070.5,1071.5,28921
2026-07-27 04:40:00+00:00,1070.199951171875,1070.199951171875,1071.199951171875,1070.199951171875,1071.199951171875,99429
2026-07-27 04:41:00+00:00,1070.5999755859375,1070.5999755859375,1070.5999755859375,1069.699951171875,1070.5999755859375,68299
2026-07-27 04:42:00+00:00,1070.0999755859375,1070.0999755859375,1070.5999755859375,1069.5999755859375,1070.5999755859375,32276
2026-07-27 04:43:00+00:00,1071.0,1071.0,1071.0,1070.0,1070.199951171875,61432
2026-07-27 04:44:00+00:00,1071.5,1071.5,1072.0,1070.5999755859375,1070.699951171875,35024
2026-07-27 04:45:00+00:00,1073.800048828125,1073.800048828125,1074.199951171875,1072.300048828125,1072.300048828125,43295
2026-07-27 04:46:00+00:00,1073.199951171875,1073.199951171875,1074.0,1073.0,1074.0,13543
2026-07-27 04:47:00+00:00,1073.800048828125,1073.800048828125,1074.9000244140625,1073.0,1073.5,29192
2026-07-27 04:48:00+00:00,1074.0,1074.0,1074.4000244140625,1073.300048828125,1074.0,103994
2026-07-27 04:49:00+00:00,1074.199951171875,1074.199951171875,1074.4000244140625,1074.0,1074.300048828125,83957
2026-07-27 04:50:00+00:00,1074.199951171875,1074.199951171875,1074.199951171875,1074.0,1074.199951171875,14643
2026-07-27 04:51:00+00:00,1074.5,1074.5,1074.699951171875,1074.0,1074.0,29278
2026-07-27 04:52:00+00:00,1074.199951171875,1074.199951171875,1074.800048828125,1074.0,1074.800048828125,32933
2026-07-27 04:53:00+00:00,1074.300048828125,1074.300048828125,1074.800048828125,1074.0,1074.199951171875,31747
2026-07-27 04:54:00+00:00,1074.800048828125,1074.800048828125,1074.9000244140625,1074.0,1074.5999755859375,16160
2026-07-27 04:55:00+00:00,1074.0,1074.0,1074.5999755859375,1074.0,1074.5,55328
2026-07-27 04:56:00+00:00,1074.300048828125,1074.300048828125,1074.5,1074.0,1074.0999755859375,106299
2026-07-27 04:57:00+00:00,1074.0,1074.0,1074.5,1074.0,1074.4000244140625,16534
2026-07-27 04:58:00+00:00,1074.0,1074.0,1074.5,1074.0,1074.300048828125,22076
2026-07-27 04:59:00+00:00,1074.0,1074.0,1074.300048828125,1074.0,1074.0,134499
2026-07-27 05:00:00+00:00,1075.800048828125,1075.800048828125,1075.800048828125,1074.0,1074.0999755859375,76765
2026-07-27 05:01:00+00:00,1075.5999755859375,1075.5999755859375,1076.0999755859375,1075.300048828125,1075.5999755859375,56603
2026-07-27 05:02:00+00:00,1074.199951171875,1074.199951171875,1075.4000244140625,1074.0,1075.4000244140625,20276
2026-07-27 05:03:00+00:00,1074.300048828125,1074.300048828125,1074.5,1074.0,1074.0,105023
2026-07-27 05:04:00+00:00,1074.800048828125,1074.800048828125,1074.9000244140625,1074.0999755859375,1074.5,15568
2026-07-27 05:05:00+00:00,1074.0999755859375,1074.0999755859375,1074.699951171875,1074.0,1074.5,10600
2026-07-27 05:06:00+00:00,1074.0999755859375,1074.0999755859375,1074.199951171875,1073.9000244140625,1074.0999755859375,31543
2026-07-27 05:07:00+00:00,1074.0,1074.0,1074.0999755859375,1074.0,1074.0,171879
2026-07-27 05:08:00+00:00,1074.300048828125,1074.300048828125,1074.5999755859375,1074.0,1074.0,106802
2026-07-27 05:09:00+00:00,1074.0999755859375,1074.0999755859375,1074.5,1074.0,1074.0,42605
2026-07-27 05:10:00+00:00,1074.5999755859375,1074.5999755859375,1074.800048828125,1074.0,1074.300048828125,27114
2026-07-27 05:11:00+00:00,1074.5,1074.5,1074.9000244140625,1074.0999755859375,1074.9000244140625,17417
2026-07-27 05:12:00+00:00,1075.4000244140625,1075.4000244140625,1075.5999755859375,1074.199951171875,1074.300048828125,24802
2026-07-27 05:13:00+00:00,1074.9000244140625,1074.9000244140625,1075.5999755859375,1074.9000244140625,1075.300048828125,18353
2026-07-27 05:14:00+00:00,1075.5,1075.5,1075.9000244140625,1075.0999755859375,1075.5,12906
2026-07-27 05:15:00+00:00,1074.5,1074.5,1075.699951171875,1074.0,1075.4000244140625,16664
2026-07-27 05:16:00+00:00,1074.0,1074.0,1074.5,1074.0,1074.300048828125,19940
2026-07-27 05:17:00+00:00,1071.5999755859375,1071.5999755859375,1074.300048828125,1071.300048828125,1074.300048828125,116059
2026-07-27 05:18:00+00:00,1071.199951171875,1071.199951171875,1072.0,1071.199951171875,1071.5999755859375,30184
2026-07-27 05:19:00+00:00,1070.5,1070.5,1071.199951171875,1069.199951171875,1071.0,79570
2026-07-27 05:20:00+00:00,1071.199951171875,1071.199951171875,1071.199951171875,1070.199951171875,1070.5,27576
2026-07-27 05:21:00+00:00,1070.4000244140625,1070.4000244140625,1071.199951171875,1069.9000244140625,1071.0,25296
2026-07-27 05:22:00+00:00,1071.699951171875,1071.699951171875,1072.0,1070.300048828125,1070.800048828125,20067
2026-07-27 05:23:00+00:00,1073.0,1073.0,1073.5999755859375,1071.4000244140625,1071.800048828125,43432
2026-07-27 05:24:00+00:00,1073.0,1073.0,1073.0999755859375,1072.199951171875,1072.699951171875,13998
2026-07-27 05:25:00+00:00,1071.4000244140625,1071.4000244140625,1072.9000244140625,1071.0,1072.9000244140625,21268
2026-07-27 05:26:00+00:00,1071.5,1071.5,1071.9000244140625,1071.0,1071.5999755859375,15353
2026-07-27 05:27:00+00:00,1072.0,1072.0,1072.300048828125,1071.5,1071.9000244140625,10843
2026-07-27 05:28:00+00:00,1075.699951171875,1075.699951171875,1075.9000244140625,1072.0,1072.199951171875,62040
2026-07-27 05:29:00+00:00,1076.800048828125,1076.800048828125,1076.800048828125,1075.199951171875,1075.800048828125,62701
2026-07-27 05:30:00+00:00,1078.5,1078.5,1078.5999755859375,1076.800048828125,1077.0,92349
2026-07-27 05:31:00+00:00,1078.5,1078.5,1080.0,1077.9000244140625,1078.5,89470
2026-07-27 05:32:00+00:00,1079.0999755859375,1079.0999755859375,1079.300048828125,1078.4000244140625,1078.699951171875,34179
2026-07-27 05:33:00+00:00,1079.0,1079.0,1079.4000244140625,1079.0,1079.0999755859375,22766
2026-07-27 05:34:00+00:00,1079.300048828125,1079.300048828125,1079.699951171875,1078.800048828125,1079.0,37502
2026-07-27 05:35:00+00:00,1078.0999755859375,1078.0999755859375,1079.4000244140625,1078.0,1079.4000244140625,36428
2026-07-27 05:36:00+00:00,1077.4000244140625,1077.4000244140625,1078.4000244140625,1077.0,1078.199951171875,46812
2026-07-27 05:37:00+00:00,1076.5999755859375,1076.5999755859375,1077.0999755859375,1076.0999755859375,1077.0999755859375,20094
2026-07-27 05:38:00+00:00,1076.0,1076.0,1076.5999755859375,1075.699951171875,1076.5999755859375,37185
2026-07-27 05:39:00+00:00,1078.199951171875,1078.199951171875,1078.5,1076.199951171875,1076.4000244140625,34478
2026-07-27 05:40:00+00:00,1077.5999755859375,1077.5999755859375,1079.0999755859375,1077.4000244140625,1078.0999755859375,32881
2026-07-27 05:41:00+00:00,1076.699951171875,1076.699951171875,1077.5,1076.300048828125,1077.300048828125,21220
2026-07-27 05:42:00+00:00,1077.0,1077.0,1077.0,1076.199951171875,1077.0,16959
2026-07-27 05:43:00+00:00,1076.699951171875,1076.699951171875,1077.0,1076.199951171875,1077.0,21602
2026-07-27 05:44:00+00:00,1075.800048828125,1075.800048828125,1076.699951171875,1075.800048828125,1076.699951171875,24931
2026-07-27 05:45:00+00:00,1076.0,1076.0,1076.699951171875,1075.800048828125,1076.0999755859375,24793
2026-07-27 05:46:00+00:00,1076.5999755859375,1076.5999755859375,1077.0,1075.5999755859375,1076.0999755859375,28418
2026-07-27 05:47:00+00:00,1076.699951171875,1076.699951171875,1077.0,1076.0,1076.699951171875,29855
2026-07-27 05:48:00+00:00,1076.699951171875,1076.699951171875,1077.300048828125,1076.4000244140625,1076.699951171875,18276
2026-07-27 05:49:00+00:00,1076.5,1076.5,1076.699951171875,1075.5,1076.5,57747
2026-07-27 05:50:00+00:00,1075.5,1075.5,1076.4000244140625,1075.0999755859375,1076.4000244140625,27193
2026-07-27 05:51:00+00:00,1075.0,1075.0,1075.4000244140625,1074.5999755859375,1075.4000244140625,53426
2026-07-27 05:52:00+00:00,1074.5999755859375,1074.5999755859375,1075.300048828125,1074.199951171875,1074.9000244140625,20432
2026-07-27 05:53:00+00:00,1074.5,1074.5,1074.9000244140625,1074.0,1074.300048828125,23417
2026-07-27 05:54:00+00:00,1075.800048828125,1075.800048828125,1076.199951171875,1074.199951171875,1074.4000244140625,80544
2026-07-27 05:55:00+00:00,1078.5,1078.5,1078.5,1075.5,1075.699951171875,98643
2026-07-27 05:56:00+00:00,1079.0,1079.0,1079.199951171875,1077.699951171875,1078.199951171875,213886
2026-07-27 05:57:00+00:00,1078.699951171875,1078.699951171875,1079.5,1078.5999755859375,1079.0,23193
2026-07-27 05:58:00+00:00,1078.300048828125,1078.300048828125,1079.0999755859375,1078.0,1078.699951171875,25692
2026-07-27 05:59:00+00:00,1079.300048828125,1079.300048828125,1079.300048828125,1077.9000244140625,1078.0,30571
2026-07-27 06:00:00+00:00,1079.4000244140625,1079.4000244140625,1079.5999755859375,1079.0,1079.199951171875,21614
2026-07-27 06:01:00+00:00,1079.699951171875,1079.699951171875,1079.9000244140625,1079.199951171875,1079.199951171875,24073
2026-07-27 06:02:00+00:00,1079.0999755859375,1079.0999755859375,1079.9000244140625,1079.0,1079.9000244140625,17809
2026-07-27 06:03:00+00:00,1078.699951171875,1078.699951171875,1079.300048828125,1078.699951171875,1079.300048828125,20573
2026-07-27 06:04:00+00:00,1078.5999755859375,1078.5999755859375,1078.699951171875,1078.5,1078.699951171875,18426
2026-07-27 06:05:00+00:00,1078.5,1078.5,1078.699951171875,1078.4000244140625,1078.5999755859375,22956
2026-07-27 06:06:00+00:00,1079.5,1079.5,1079.800048828125,1078.300048828125,1078.300048828125,45945
2026-07-27 06:07:00+00:00,1079.4000244140625,1079.4000244140625,1079.800048828125,1079.199951171875,1079.699951171875,25323
2026-07-27 06:08:00+00:00,1078.9000244140625,1078.9000244140625,1079.800048828125,1078.800048828125,1079.300048828125,36854
2026-07-27 06:09:00+00:00,1079.4000244140625,1079.4000244140625,1079.5999755859375,1078.800048828125,1078.9000244140625,22833
2026-07-27 06:10:00+00:00,1079.5999755859375,1079.5999755859375,1079.9000244140625,1079.199951171875,1079.800048828125,27926
2026-07-27 06:11:00+00:00,1079.300048828125,1079.300048828125,1079.5999755859375,1078.800048828125,1079.5999755859375,20259
2026-07-27 06:12:00+00:00,1078.9000244140625,1078.9000244140625,1079.5,1078.4000244140625,1079.300048828125,60478
2026-07-27 06:13:00+00:00,1078.9000244140625,1078.9000244140625,1079.199951171875,1078.800048828125,1079.0,91013
2026-07-27 06:14:00+00:00,1079.0,1079.0,1079.0,1078.800048828125,1078.9000244140625,146494
2026-07-27 06:15:00+00:00,1077.800048828125,1077.800048828125,1078.699951171875,1077.199951171875,1078.5,31178
2026-07-27 06:16:00+00:00,1077.699951171875,1077.699951171875,1078.5999755859375,1077.4000244140625,1077.9000244140625,23448
2026-07-27 06:17:00+00:00,1077.300048828125,1077.300048828125,1078.0999755859375,1077.199951171875,1077.699951171875,24475
2026-07-27 06:18:00+00:00,1077.4000244140625,1077.4000244140625,1077.4000244140625,1076.9000244140625,1077.300048828125,28527
2026-07-27 06:19:00+00:00,1077.199951171875,1077.199951171875,1077.4000244140625,1076.9000244140625,1077.4000244140625,19694
2026-07-27 06:20:00+00:00,1078.0,1078.0,1078.0,1077.199951171875,1077.199951171875,29472
2026-07-27 06:21:00+00:00,1078.199951171875,1078.199951171875,1078.5,1077.800048828125,1078.0,15804
2026-07-27 06:22:00+00:00,1078.5,1078.5,1078.5,1078.0,1078.199951171875,29891
2026-07-27 06:23:00+00:00,1079.9000244140625,1079.9000244140625,1080.0,1078.5,1078.5,173968
2026-07-27 06:24:00+00:00,1079.9000244140625,1079.9000244140625,1080.199951171875,1079.5999755859375,1079.699951171875,24967
2026-07-27 06:25:00+00:00,1080.0,1080.0,1080.199951171875,1079.699951171875,1079.9000244140625,19991
2026-07-27 06:26:00+00:00,1080.0,1080.0,1080.0999755859375,1079.699951171875,1080.0999755859375,29858
2026-07-27 06:27:00+00:00,1079.800048828125,1079.800048828125,1080.0,1079.699951171875,1080.0,32405
2026-07-27 06:28:00+00:00,1080.0,1080.0,1080.199951171875,1080.0,1080.0,29736
2026-07-27 06:29:00+00:00,1080.0,1080.0,1080.0999755859375,1080.0,1080.0999755859375,25221
2026-07-27 06:30:00+00:00,1080.0,1080.0,1080.199951171875,1080.0,1080.0,30748
2026-07-27 06:31:00+00:00,1079.4000244140625,1079.4000244140625,1080.0,1079.300048828125,1079.800048828125,207986
2026-07-27 06:32:00+00:00,1080.0,1080.0,1080.0999755859375,1079.4000244140625,1080.0,64769
2026-07-27 06:33:00+00:00,1080.0,1080.0,1080.0999755859375,1079.5,1080.0,77319
2026-07-27 06:34:00+00:00,1080.0,1080.0,1080.0999755859375,1079.5,1080.0,72103
2026-07-27 06:35:00+00:00,1080.0999755859375,1080.0999755859375,1080.199951171875,1079.5999755859375,1080.0,64988
2026-07-27 06:36:00+00:00,1080.199951171875,1080.199951171875,1080.4000244140625,1079.5999755859375,1080.0,42863
2026-07-27 06:37:00+00:00,1080.0999755859375,1080.0999755859375,1080.199951171875,1080.0,1080.199951171875,26615
2026-07-27 06:38:00+00:00,1080.0999755859375,1080.0999755859375,1080.300048828125,1080.0,1080.0999755859375,24444
2026-07-27 06:39:00+00:00,1080.300048828125,1080.300048828125,1080.699951171875,1080.0999755859375,1080.0999755859375,27781
2026-07-27 06:40:00+00:00,1080.0,1080.0,1080.5,1080.0,1080.300048828125,21261
2026-07-27 06:41:00+00:00,1079.5,1079.5,1080.199951171875,1079.300048828125,1080.199951171875,36830
2026-07-27 06:42:00+00:00,1079.0,1079.0,1079.199951171875,1078.4000244140625,1079.0999755859375,102213
2026-07-27 06:43:00+00:00,1078.9000244140625,1078.9000244140625,1079.0,1078.5,1078.699951171875,30389
2026-07-27 06:44:00+00:00,1078.800048828125,1078.800048828125,1080.0,1078.5999755859375,1079.0999755859375,93094
2026-07-27 06:45:00+00:00,1079.199951171875,1079.199951171875,1079.4000244140625,1078.699951171875,1079.0,15241
2026-07-27 06:46:00+00:00,1078.699951171875,1078.699951171875,1079.5,1078.699951171875,1079.300048828125,69772
2026-07-27 06:47:00+00:00,1078.300048828125,1078.300048828125,1078.699951171875,1078.0,1078.699951171875,22213
2026-07-27 06:48:00+00:00,1078.0,1078.0,1078.5,1078.0,1078.4000244140625,24840
2026-07-27 06:49:00+00:00,1078.0,1078.0,1078.0,1077.699951171875,1077.9000244140625,43754
2026-07-27 06:50:00+00:00,1077.9000244140625,1077.9000244140625,1078.0999755859375,1077.800048828125,1078.0,15943
2026-07-27 06:51:00+00:00,1078.199951171875,1078.199951171875,1078.5,1078.0999755859375,1078.199951171875,23884
2026-07-27 06:52:00+00:00,1078.0,1078.0,1078.4000244140625,1078.0,1078.199951171875,16947
2026-07-27 06:53:00+00:00,1077.9000244140625,1077.9000244140625,1078.0,1077.800048828125,1077.9000244140625,15831
2026-07-27 06:54:00+00:00,1078.0,1078.0,1078.0,1077.800048828125,1078.0,19054
2026-07-27 06:55:00+00:00,1078.0999755859375,1078.0999755859375,1078.4000244140625,1077.800048828125,1078.0,75004
2026-07-27 06:56:00+00:00,1078.0,1078.0,1078.5,1078.0,1078.0999755859375,18763
2026-07-27 06:57:00+00:00,1078.300048828125,1078.300048828125,1078.4000244140625,1077.9000244140625,1078.0,18281
2026-07-27 06:58:00+00:00,1078.300048828125,1078.300048828125,1078.4000244140625,1078.0999755859375,1078.4000244140625,13790
2026-07-27 06:59:00+00:00,1078.0,1078.0,1078.199951171875,1077.9000244140625,1078.199951171875,20391
2026-07-27 07:00:00+00:00,1077.800048828125,1077.800048828125,1077.9000244140625,1077.5999755859375,1077.699951171875,17721
2026-07-27 07:01:00+00:00,1078.5,1078.5,1078.699951171875,1077.800048828125,1077.800048828125,22563
2026-07-27 07:02:00+00:00,1079.699951171875,1079.699951171875,1079.800048828125,1079.199951171875,1079.199951171875,22010
2026-07-27 07:03:00+00:00,1078.4000244140625,1078.4000244140625,1080.0,1078.4000244140625,1079.699951171875,26498
2026-07-27 07:04:00+00:00,1078.9000244140625,1078.9000244140625,1079.0999755859375,1078.4000244140625,1078.5,15316
2026-07-27 07:05:00+00:00,1078.5999755859375,1078.5999755859375,1078.9000244140625,1078.199951171875,1078.9000244140625,16604
2026-07-27 07:06:00+00:00,1078.4000244140625,1078.4000244140625,1078.800048828125,1078.300048828125,1078.800048828125,17462
2026-07-27 07:07:00+00:00,1078.699951171875,1078.699951171875,1078.699951171875,1078.300048828125,1078.699951171875,16563
2026-07-27 07:08:00+00:00,1078.300048828125,1078.300048828125,1079.0,1077.800048828125,1078.5999755859375,36665
2026-07-27 07:09:00+00:00,1078.9000244140625,1078.9000244140625,1079.0,1078.300048828125,1078.5,15096
2026-07-27 07:10:00+00:00,1079.4000244140625,1079.4000244140625,1079.4000244140625,1079.0,1079.0,24126
2026-07-27 07:11:00+00:00,1078.4000244140625,1078.4000244140625,1079.0,1078.300048828125,1079.0,18959
2026-07-27 07:12:00+00:00,1078.300048828125,1078.300048828125,1078.5999755859375,1078.0999755859375,1078.300048828125,18448
2026-07-27 07:13:00+00:00,1078.699951171875,1078.699951171875,1078.800048828125,1078.0999755859375,1078.300048828125,22184
2026-07-27 07:14:00+00:00,1078.9000244140625,1078.9000244140625,1078.9000244140625,1078.5999755859375,1078.699951171875,16042
2026-07-27 07:15:00+00:00,1078.9000244140625,1078.9000244140625,1079.0,1078.300048828125,1078.800048828125,18029
2026-07-27 07:16:00+00:00,1078.800048828125,1078.800048828125,1079.0999755859375,1078.5,1079.0999755859375,15140
2026-07-27 07:17:00+00:00,1079.199951171875,1079.199951171875,1079.5,1078.800048828125,1078.800048828125,16081
2026-07-27 07:18:00+00:00,1079.0999755859375,1079.0999755859375,1079.5,1078.9000244140625,1079.199951171875,16692
2026-07-27 07:19:00+00:00,1078.9000244140625,1078.9000244140625,1079.4000244140625,1078.9000244140625,1079.4000244140625,22033
2026-07-27 07:20:00+00:00,1078.5,1078.5,1079.300048828125,1078.4000244140625,1078.9000244140625,30316
2026-07-27 07:21:00+00:00,1078.699951171875,1078.699951171875,1079.0,1078.5,1078.5,16697
2026-07-27 07:22:00+00:00,1078.9000244140625,1078.9000244140625,1079.199951171875,1078.699951171875,1078.800048828125,13522
2026-07-27 07:23:00+00:00,1078.800048828125,1078.800048828125,1079.0999755859375,1078.699951171875,1079.0,18662
2026-07-27 07:24:00+00:00,1078.4000244140625,1078.4000244140625,1078.9000244140625,1078.0,1078.800048828125,32464
2026-07-27 07:25:00+00:00,1079.0,1079.0,1079.0,1078.0999755859375,1078.4000244140625,18798
2026-07-27 07:26:00+00:00,1077.699951171875,1077.699951171875,1079.0,1077.5999755859375,1078.800048828125,25524
2026-07-27 07:27:00+00:00,1077.9000244140625,1077.9000244140625,1078.300048828125,1077.699951171875,1077.699951171875,17420
2026-07-27 07:28:00+00:00,1078.4000244140625,1078.4000244140625,1078.800048828125,1077.699951171875,1077.9000244140625,72632
2026-07-27 07:29:00+00:00,1078.800048828125,1078.800048828125,1079.0,1078.300048828125,1078.4000244140625,17157
2026-07-27 07:30:00+00:00,1078.0,1078.0,1079.0,1078.0,1078.800048828125,23441
2026-07-27 07:31:00+00:00,1078.699951171875,1078.699951171875,1078.9000244140625,1077.9000244140625,1078.0999755859375,24752
2026-07-27 07:32:00+00:00,1078.699951171875,1078.699951171875,1079.0,1078.699951171875,1078.699951171875,19030
2026-07-27 07:33:00+00:00,1080.300048828125,1080.300048828125,1080.300048828125,1078.4000244140625,1078.5999755859375,312845
2026-07-27 07:34:00+00:00,1080.300048828125,1080.300048828125,1081.0,1080.0999755859375,1080.5,36586
2026-07-27 07:35:00+00:00,1080.0,1080.0,1081.0999755859375,1079.5,1080.199951171875,263819
2026-07-27 07:36:00+00:00,1080.5,1080.5,1080.699951171875,1080.0,1080.0,18226
2026-07-27 07:37:00+00:00,1080.800048828125,1080.800048828125,1081.0,1080.300048828125,1080.5,18348
2026-07-27 07:38:00+00:00,1080.0999755859375,1080.0999755859375,1080.800048828125,1080.0,1080.800048828125,22377
2026-07-27 07:39:00+00:00,1080.5,1080.5,1080.699951171875,1079.9000244140625,1080.4000244140625,23006
2026-07-27 07:40:00+00:00,1080.300048828125,1080.300048828125,1080.800048828125,1080.0,1080.5,20782
2026-07-27 07:41:00+00:00,1080.300048828125,1080.300048828125,1080.699951171875,1080.199951171875,1080.199951171875,17533
2026-07-27 07:42:00+00:00,1080.0999755859375,1080.0999755859375,1080.5999755859375,1080.0999755859375,1080.5,22139
2026-07-27 07:43:00+00:00,1080.5,1080.5,1080.5,1080.0999755859375,1080.0999755859375,19071
2026-07-27 07:44:00+00:00,1080.5,1080.5,1080.699951171875,1080.199951171875,1080.4000244140625,17837
2026-07-27 07:45:00+00:00,1080.5999755859375,1080.5999755859375,1080.5999755859375,1080.300048828125,1080.5,15138
2026-07-27 07:46:00+00:00,1080.699951171875,1080.699951171875,1081.0,1080.300048828125,1080.300048828125,14985
2026-07-27 07:47:00+00:00,1080.9000244140625,1080.9000244140625,1081.199951171875,1080.699951171875,1081.199951171875,25279
2026-07-27 07:48:00+00:00,1080.699951171875,1080.699951171875,1081.199951171875,1080.699951171875,1080.800048828125,18601
2026-07-27 07:49:00+00:00,1080.0,1080.0,1080.800048828125,1080.0,1080.699951171875,24166
2026-07-27 07:50:00+00:00,1080.300048828125,1080.300048828125,1080.5,1080.0999755859375,1080.0999755859375,25254
2026-07-27 07:51:00+00:00,1080.0999755859375,1080.0999755859375,1080.300048828125,1079.800048828125,1080.0,23629
2026-07-27 07:52:00+00:00,1080.199951171875,1080.199951171875,1080.5,1080.0999755859375,1080.199951171875,16477
2026-07-27 07:53:00+00:00,1080.0,1080.0,1080.300048828125,1079.800048828125,1080.199951171875,42234
2026-07-27 07:54:00+00:00,1080.0,1080.0,1080.0999755859375,1079.5,1080.0999755859375,78709
2026-07-27 07:55:00+00:00,1080.0,1080.0,1080.0999755859375,1080.0,1080.0,25977
2026-07-27 07:56:00+00:00,1080.0,1080.0,1080.0999755859375,1080.0,1080.0,36346
2026-07-27 07:57:00+00:00,1078.5,1078.5,1080.0999755859375,1078.5,1080.0,31153
2026-07-27 07:58:00+00:00,1078.5,1078.5,1078.800048828125,1078.300048828125,1078.5,26117
2026-07-27 07:59:00+00:00,1078.800048828125,1078.800048828125,1079.0,1078.5,1078.5,19186
2026-07-27 08:00:00+00:00,1078.699951171875,1078.699951171875,1079.0,1078.5999755859375,1078.9000244140625,17197
2026-07-27 08:01:00+00:00,1078.5999755859375,1078.5999755859375,1079.0,1078.5,1078.9000244140625,20715
2026-07-27 08:02:00+00:00,1078.300048828125,1078.300048828125,1078.800048828125,1078.300048828125,1078.5,29092
2026-07-27 08:03:00+00:00,1077.9000244140625,1077.9000244140625,1078.300048828125,1077.199951171875,1078.300048828125,37587
2026-07-27 08:04:00+00:00,1077.199951171875,1077.199951171875,1078.0,1076.9000244140625,1077.9000244140625,27159
2026-07-27 08:05:00+00:00,1077.5,1077.5,1077.800048828125,1077.0,1077.0999755859375,22276
2026-07-27 08:06:00+00:00,1078.5,1078.5,1078.800048828125,1077.4000244140625,1077.5,24881
2026-07-27 08:07:00+00:00,1078.800048828125,1078.800048828125,1079.199951171875,1078.300048828125,1078.5999755859375,17629
2026-07-27 08:08:00+00:00,1079.4000244140625,1079.4000244140625,1079.699951171875,1078.800048828125,1078.9000244140625,20191
2026-07-27 08:09:00+00:00,1079.5,1079.5,1080.0,1079.300048828125,1079.4000244140625,15164
2026-07-27 08:10:00+00:00,1079.699951171875,1079.699951171875,1080.0,1079.4000244140625,1079.5,20717
2026-07-27 08:11:00+00:00,1079.5,1079.5,1080.0,1079.5,1079.800048828125,15605
2026-07-27 08:12:00+00:00,1079.699951171875,1079.699951171875,1079.9000244140625,1079.5,1079.5999755859375,17476
2026-07-27 08:13:00+00:00,1079.300048828125,1079.300048828125,1079.699951171875,1079.0999755859375,1079.699951171875,16687
2026-07-27 08:14:00+00:00,1079.5,1079.5,1079.800048828125,1079.0,1079.4000244140625,16581
2026-07-27 08:15:00+00:00,1079.0,1079.0,1079.699951171875,1079.0,1079.5,22822
2026-07-27 08:16:00+00:00,1079.0,1079.0,1079.0999755859375,1078.300048828125,1079.0,32407
2026-07-27 08:17:00+00:00,1079.199951171875,1079.199951171875,1079.5,1078.5999755859375,1079.0999755859375,23185
2026-07-27 08:18:00+00:00,1078.699951171875,1078.699951171875,1079.5999755859375,1078.699951171875,1079.199951171875,27918
2026-07-27 08:19:00+00:00,1078.5,1078.5,1079.0,1078.300048828125,1078.699951171875,37534
2026-07-27 08:20:00+00:00,1077.800048828125,1077.800048828125,1078.9000244140625,1077.800048828125,1078.4000244140625,26063
2026-07-27 08:21:00+00:00,1078.0,1078.0,1078.300048828125,1077.800048828125,1078.199951171875,15731
2026-07-27 08:22:00+00:00,1078.0999755859375,1078.0999755859375,1078.9000244140625,1077.9000244140625,1077.9000244140625,18870
2026-07-27 08:23:00+00:00,1079.0,1079.0,1079.0,1078.0,1078.0999755859375,14562
2026-07-27 08:24:00+00:00,1078.9000244140625,1078.9000244140625,1079.199951171875,1078.5999755859375,1078.699951171875,19058
2026-07-27 08:25:00+00:00,1078.699951171875,1078.699951171875,1079.199951171875,1078.300048828125,1078.9000244140625,23495
2026-07-27 08:26:00+00:00,1078.5,1078.5,1079.0999755859375,1078.300048828125,1078.699951171875,16143
2026-07-27 08:27:00+00:00,1078.199951171875,1078.199951171875,1079.0,1078.199951171875,1078.5,17033
2026-07-27 08:28:00+00:00,1077.800048828125,1077.800048828125,1078.4000244140625,1077.699951171875,1078.199951171875,22609
2026-07-27 08:29:00+00:00,1078.300048828125,1078.300048828125,1078.5999755859375,1077.800048828125,1077.800048828125,23882
2026-07-27 08:30:00+00:00,1079.0,1079.0,1079.199951171875,1078.199951171875,1078.300048828125,19634
2026-07-27 08:31:00+00:00,1077.9000244140625,1077.9000244140625,1079.0,1077.9000244140625,1078.800048828125,19759
2026-07-27 08:32:00+00:00,1078.0,1078.0,1078.5999755859375,1077.699951171875,1077.9000244140625,16863
2026-07-27 08:33:00+00:00,1078.699951171875,1078.699951171875,1078.699951171875,1077.9000244140625,1078.0,33336
2026-07-27 08:34:00+00:00,1079.0,1079.0,1079.4000244140625,1078.300048828125,1078.699951171875,29312
2026-07-27 08:35:00+00:00,1078.5999755859375,1078.5999755859375,1079.300048828125,1078.4000244140625,1079.300048828125,22013
2026-07-27 08:36:00+00:00,1078.5,1078.5,1079.0999755859375,1078.4000244140625,1078.5999755859375,15493
2026-07-27 08:37:00+00:00,1078.4000244140625,1078.4000244140625,1078.5999755859375,1078.0,1078.5,18046
2026-07-27 08:38:00+00:00,1077.9000244140625,1077.9000244140625,1078.5,1077.699951171875,1078.4000244140625,24492
2026-07-27 08:39:00+00:00,1078.0999755859375,1078.0999755859375,1078.300048828125,1077.800048828125,1078.300048828125,16059
2026-07-27 08:40:00+00:00,1078.0999755859375,1078.0999755859375,1078.5,1077.9000244140625,1078.5,13126
2026-07-27 08:41:00+00:00,1078.199951171875,1078.199951171875,1078.5,1077.9000244140625,1078.199951171875,17781
2026-07-27 08:42:00+00:00,1078.5,1078.5,1079.0,1078.0999755859375,1078.199951171875,18512
2026-07-27 08:43:00+00:00,1078.800048828125,1078.800048828125,1079.199951171875,1078.4000244140625,1078.800048828125,17620
2026-07-27 08:44:00+00:00,1079.5,1079.5,1079.5,1078.4000244140625,1079.0,20231
2026-07-27 08:45:00+00:00,1079.5999755859375,1079.5999755859375,1080.0,1079.0,1079.0,32661
2026-07-27 08:46:00+00:00,1079.699951171875,1079.699951171875,1080.0,1079.5,1079.800048828125,14759
2026-07-27 08:47:00+00:00,1079.199951171875,1079.199951171875,1079.9000244140625,1079.0,1079.5999755859375,20943
2026-07-27 08:48:00+00:00,1080.0,1080.0,1080.0,1079.0999755859375,1079.199951171875,18463
2026-07-27 08:49:00+00:00,1079.9000244140625,1079.9000244140625,1080.0999755859375,1079.699951171875,1079.699951171875,23835
2026-07-27 08:50:00+00:00,1080.0,1080.0,1080.0999755859375,1079.699951171875,1080.0,15621
2026-07-27 08:51:00+00:00,1079.699951171875,1079.699951171875,1080.0,1079.5,1080.0,20531
2026-07-27 08:52:00+00:00,1079.9000244140625,1079.9000244140625,1080.0999755859375,1079.5999755859375,1079.699951171875,19130
2026-07-27 08:53:00+00:00,1080.199951171875,1080.199951171875,1080.9000244140625,1080.0,1080.300048828125,29759
2026-07-27 08:54:00+00:00,1080.4000244140625,1080.4000244140625,1080.800048828125,1080.0999755859375,1080.199951171875,19408
2026-07-27 08:55:00+00:00,1080.4000244140625,1080.4000244140625,1080.5999755859375,1080.199951171875,1080.5,23914
2026-07-27 08:56:00+00:00,1080.699951171875,1080.699951171875,1081.0,1080.4000244140625,1080.4000244140625,22337
2026-07-27 08:57:00+00:00,1080.0,1080.0,1080.800048828125,1079.9000244140625,1080.699951171875,36715
2026-07-27 08:58:00+00:00,1079.9000244140625,1079.9000244140625,1080.5,1079.9000244140625,1080.0,38099
2026-07-27 08:59:00+00:00,1080.199951171875,1080.199951171875,1080.199951171875,1079.699951171875,1079.9000244140625,57162
2026-07-27 09:00:00+00:00,1079.800048828125,1079.800048828125,1080.5,1079.5,1080.0999755859375,46838
2026-07-27 09:01:00+00:00,1080.199951171875,1080.199951171875,1080.5,1079.5999755859375,1079.5999755859375,23681
2026-07-27 09:02:00+00:00,1080.9000244140625,1080.9000244140625,1080.9000244140625,1080.0,1080.4000244140625,21582
2026-07-27 09:03:00+00:00,1079.699951171875,1079.699951171875,1080.9000244140625,1079.699951171875,1080.9000244140625,29887
2026-07-27 09:04:00+00:00,1079.199951171875,1079.199951171875,1079.699951171875,1079.0,1079.699951171875,22633
2026-07-27 09:05:00+00:00,1079.4000244140625,1079.4000244140625,1079.699951171875,1079.0,1079.199951171875,52686
2026-07-27 09:06:00+00:00,1080.4000244140625,1080.4000244140625,1080.4000244140625,1079.199951171875,1079.199951171875,19423
2026-07-27 09:07:00+00:00,1080.0,1080.0,1080.5,1079.9000244140625,1080.4000244140625,25206
2026-07-27 09:08:00+00:00,1080.0,1080.0,1080.4000244140625,1079.800048828125,1080.4000244140625,18945
2026-07-27 09:09:00+00:00,1080.0,1080.0,1080.699951171875,1079.699951171875,1080.0,34761
2026-07-27 09:10:00+00:00,1080.0999755859375,1080.0999755859375,1080.5,1079.699951171875,1080.0,18230
2026-07-27 09:11:00+00:00,1079.800048828125,1079.800048828125,1080.4000244140625,1079.699951171875,1080.0999755859375,17405
2026-07-27 09:12:00+00:00,1079.5999755859375,1079.5999755859375,1080.300048828125,1079.5999755859375,1079.699951171875,21637
2026-07-27 09:13:00+00:00,1079.4000244140625,1079.4000244140625,1080.0999755859375,1079.300048828125,1079.800048828125,43782
2026-07-27 09:14:00+00:00,1079.699951171875,1079.699951171875,1079.800048828125,1079.0,1079.300048828125,20326
2026-07-27 09:15:00+00:00,1079.0,1079.0,1079.800048828125,1079.0,1079.199951171875,12694
2026-07-27 09:16:00+00:00,1079.300048828125,1079.300048828125,1079.5,1079.0,1079.0,14305
2026-07-27 09:17:00+00:00,1077.5,1077.5,1079.0999755859375,1077.199951171875,1079.0999755859375,96680
2026-07-27 09:18:00+00:00,1077.9000244140625,1077.9000244140625,1078.5,1077.300048828125,1077.5,16460
2026-07-27 09:19:00+00:00,1078.0999755859375,1078.0999755859375,1078.699951171875,1077.9000244140625,1078.199951171875,25499
2026-07-27 09:20:00+00:00,1078.0,1078.0,1078.4000244140625,1077.800048828125,1078.0999755859375,16457
2026-07-27 09:21:00+00:00,1077.800048828125,1077.800048828125,1078.199951171875,1077.699951171875,1078.199951171875,19255
2026-07-27 09:22:00+00:00,1078.300048828125,1078.300048828125,1078.9000244140625,1077.800048828125,1077.800048828125,19269
2026-07-27 09:23:00+00:00,1078.0,1078.0,1078.699951171875,1077.800048828125,1078.5,13326
2026-07-27 09:24:00+00:00,1077.800048828125,1077.800048828125,1078.300048828125,1077.800048828125,1077.9000244140625,18051
2026-07-27 09:25:00+00:00,1078.0,1078.0,1078.300048828125,1077.800048828125,1078.0,16419
2026-07-27 09:26:00+00:00,1077.9000244140625,1077.9000244140625,1078.300048828125,1077.800048828125,1078.300048828125,13733
2026-07-27 09:27:00+00:00,1078.0,1078.0,1078.300048828125,1077.699951171875,1077.800048828125,21643
2026-07-27 09:28:00+00:00,1079.0,1079.0,1079.4000244140625,1078.0,1078.0999755859375,19902
2026-07-27 09:29:00+00:00,1078.9000244140625,1078.9000244140625,1079.4000244140625,1078.5999755859375,1079.4000244140625,16179
2026-07-27 09:30:00+00:00,1077.5,1077.5,1079.0,1077.5,1078.9000244140625,47387
2026-07-27 09:31:00+00:00,1077.699951171875,1077.699951171875,1077.9000244140625,1077.300048828125,1077.5999755859375,40648
2026-07-27 09:32:00+00:00,1077.800048828125,1077.800048828125,1077.9000244140625,1077.5,1077.800048828125,38064
2026-07-27 09:33:00+00:00,1077.9000244140625,1077.9000244140625,1077.9000244140625,1077.4000244140625,1077.800048828125,47459
2026-07-27 09:34:00+00:00,1077.699951171875,1077.699951171875,1077.9000244140625,1077.5999755859375,1077.9000244140625,43587
2026-07-27 09:35:00+00:00,1078.699951171875,1078.699951171875,1079.0999755859375,1077.5999755859375,1077.699951171875,90239
2026-07-27 09:36:00+00:00,1077.800048828125,1077.800048828125,1079.0,1077.699951171875,1079.0,42777
2026-07-27 09:37:00+00:00,1078.4000244140625,1078.4000244140625,1078.699951171875,1077.800048828125,1077.9000244140625,48820
2026-07-27 09:38:00+00:00,1078.0999755859375,1078.0999755859375,1078.699951171875,1077.699951171875,1078.699951171875,94437
2026-07-27 09:39:00+00:00,1078.199951171875,1078.199951171875,1078.5,1078.0999755859375,1078.0999755859375,49885
2026-07-27 09:40:00+00:00,1079.199951171875,1079.199951171875,1079.5,1078.199951171875,1078.199951171875,96892
2026-07-27 09:41:00+00:00,1079.699951171875,1079.699951171875,1079.9000244140625,1079.300048828125,1079.5,37767
2026-07-27 09:42:00+00:00,1080.5,1080.5,1080.699951171875,1079.699951171875,1079.699951171875,124592
2026-07-27 09:43:00+00:00,1080.0,1080.0,1080.699951171875,1079.699951171875,1080.4000244140625,68060
2026-07-27 09:44:00+00:00,1080.0999755859375,1080.0999755859375,1080.5999755859375,1079.800048828125,1080.0,66758
2026-07-27 09:45:00+00:00,1080.0999755859375,1080.0999755859375,1080.300048828125,1079.800048828125,1080.0999755859375,39636
2026-07-27 09:46:00+00:00,1080.5,1080.5,1080.5999755859375,1080.0,1080.0,50503
2026-07-27 09:47:00+00:00,1079.9000244140625,1079.9000244140625,1080.4000244140625,1079.800048828125,1080.4000244140625,36893
2026-07-27 09:48:00+00:00,1079.9000244140625,1079.9000244140625,1080.0,1079.699951171875,1079.9000244140625,62376
2026-07-27 09:49:00+00:00,1080.0,1080.0,1080.0,1079.699951171875,1080.0,45700
2026-07-27 09:50:00+00:00,1079.9000244140625,1079.9000244140625,1080.0,1079.5999755859375,1080.0,60408
2026-07-27 09:51:00+00:00,1079.5,1079.5,1079.9000244140625,1079.300048828125,1079.800048828125,36242
2026-07-27 09:52:00+00:00,1079.4000244140625,1079.4000244140625,1079.9000244140625,1079.4000244140625,1079.5,100300
2026-07-27 09:53:00+00:00,1079.9000244140625,1079.9000244140625,1080.0,1079.4000244140625,1079.5,31912
2026-07-27 09:54:00+00:00,1079.9000244140625,1079.9000244140625,1080.0,1079.5999755859375,1079.800048828125,48530
2026-07-27 09:55:00+00:00,1078.800048828125,1078.800048828125,1080.0,1078.5,1079.9000244140625,123477
2026-07-27 09:56:00+00:00,1078.9000244140625,1078.9000244140625,1079.0999755859375,1078.5999755859375,1078.5999755859375,20072
2026-07-27 09:57:00+00:00,1078.5999755859375,1078.5999755859375,1078.9000244140625,1078.5,1078.800048828125,40332
2026-07-27 09:58:00+00:00,1078.5999755859375,1078.5999755859375,1079.199951171875,1078.0,1078.5,28929
2026-07-27 09:59:00+00:00,1079.199951171875,1079.199951171875,1079.199951171875,1078.199951171875,1078.800048828125,31465
